ISO-10303-21;
HEADER;
/* Generated by software containing ST-Developer
 * from STEP Tools, Inc. (www.steptools.com) 
 */

FILE_DESCRIPTION(
/* description */ (''),
/* implementation_level */ '2;1');

FILE_NAME(
/* name */ 'CaseMainV2.1.step',
/* time_stamp */ '2026-10-06T08:50:52+02:00',
/* author */ (''),
/* organization */ (''),
/* preprocessor_version */ 'ST-DEVELOPER v20.2',
/* originating_system */ 'Autodesk Translation Framework v15.15.0.0',
/* authorisation */ '');

FILE_SCHEMA (('AUTOMOTIVE_DESIGN { 1 0 10303 214 3 1 1 }'));
ENDSEC;

DATA;
#10=MECHANICAL_DESIGN_GEOMETRIC_PRESENTATION_REPRESENTATION('',(#13),#4343);
#11=SHAPE_REPRESENTATION_RELATIONSHIP('SRR','None',#4350,#12);
#12=ADVANCED_BREP_SHAPE_REPRESENTATION('',(#14),#4342);
#13=STYLED_ITEM('',(#4360),#14);
#14=MANIFOLD_SOLID_BREP('LowerCaseV2',#2581);
#15=FACE_BOUND('',#361,.T.);
#16=FACE_BOUND('',#368,.T.);
#17=FACE_BOUND('',#375,.T.);
#18=FACE_BOUND('',#382,.T.);
#19=FACE_BOUND('',#439,.T.);
#20=FACE_BOUND('',#458,.T.);
#21=FACE_BOUND('',#459,.T.);
#22=FACE_BOUND('',#460,.T.);
#23=FACE_BOUND('',#461,.T.);
#24=FACE_BOUND('',#462,.T.);
#25=CONICAL_SURFACE('',#2643,4.25,0.60554466360497);
#26=CONICAL_SURFACE('',#2652,4.25,0.60554466360497);
#27=CONICAL_SURFACE('',#2659,4.24999999999999,0.60554466360497);
#28=CONICAL_SURFACE('',#2668,4.25000000000001,0.605544663604978);
#29=ELLIPSE('',#2642,1.5811388300842,0.900000000000007);
#30=ELLIPSE('',#2646,1.58113883008421,0.900000000000007);
#31=ELLIPSE('',#2651,1.58113883008424,0.900000000000027);
#32=ELLIPSE('',#2655,1.58113883008423,0.899999999999999);
#33=ELLIPSE('',#2657,1.40015144417401,0.900000000000649);
#34=ELLIPSE('',#2662,1.58113883008413,0.899999999999963);
#35=ELLIPSE('',#2664,1.58113883008412,0.899999999999963);
#36=ELLIPSE('',#2666,1.40015144417431,0.899999999999963);
#37=ELLIPSE('',#2671,1.5811388300841,0.899999999999945);
#38=ELLIPSE('',#2673,1.75682092231573,0.999999999999979);
#39=ELLIPSE('',#2675,1.40015144417429,0.899999999999945);
#40=ELLIPSE('',#2728,1.40015144417437,0.899999999999999);
#41=ELLIPSE('',#2735,1.40015144417438,0.900000000000008);
#42=ELLIPSE('',#2739,1.40015144417431,0.899999999999963);
#43=CIRCLE('',#2597,0.6);
#44=CIRCLE('',#2598,0.6);
#45=CIRCLE('',#2600,2.00000000000003);
#46=CIRCLE('',#2601,3.2500034114302);
#47=CIRCLE('',#2602,2.00000000000003);
#48=CIRCLE('',#2603,2.00000000000003);
#49=CIRCLE('',#2604,3.25000341143021);
#50=CIRCLE('',#2605,2.00000000000003);
#51=CIRCLE('',#2606,2.00000000000003);
#52=CIRCLE('',#2607,3.25000341143021);
#53=CIRCLE('',#2608,2.00000000000003);
#54=CIRCLE('',#2609,2.00000000000003);
#55=CIRCLE('',#2610,3.25000341143021);
#56=CIRCLE('',#2611,2.00000000000003);
#57=CIRCLE('',#2612,0.6);
#58=CIRCLE('',#2613,1.80000000000001);
#59=CIRCLE('',#2614,1.80000000000001);
#60=CIRCLE('',#2615,1.79999999999999);
#61=CIRCLE('',#2616,0.6);
#62=CIRCLE('',#2619,0.6);
#63=CIRCLE('',#2621,0.6);
#64=CIRCLE('',#2625,2.80000000000001);
#65=CIRCLE('',#2626,2.80000000000001);
#66=CIRCLE('',#2628,1.79999999999999);
#67=CIRCLE('',#2629,1.80000000000001);
#68=CIRCLE('',#2633,0.999999999999979);
#69=CIRCLE('',#2634,0.999999999999943);
#70=CIRCLE('',#2636,3.00000000000001);
#71=CIRCLE('',#2637,5.15);
#72=CIRCLE('',#2638,5.15);
#73=CIRCLE('',#2639,5.14999999999999);
#74=CIRCLE('',#2640,5.15000000000002);
#75=CIRCLE('',#2644,3.35);
#76=CIRCLE('',#2648,0.900000000000007);
#77=CIRCLE('',#2653,3.35);
#78=CIRCLE('',#2660,3.34999999999999);
#79=CIRCLE('',#2669,3.34999999999999);
#80=CIRCLE('',#2678,3.2500034114302);
#81=CIRCLE('',#2681,2.00000000000003);
#82=CIRCLE('',#2683,2.00000000000003);
#83=CIRCLE('',#2686,6.199999678834);
#84=CIRCLE('',#2687,1.7);
#85=CIRCLE('',#2689,2.00000000000003);
#86=CIRCLE('',#2692,3.25000341143021);
#87=CIRCLE('',#2695,2.00000000000003);
#88=CIRCLE('',#2697,6.19999967883402);
#89=CIRCLE('',#2698,1.7);
#90=CIRCLE('',#2700,3.25000341143021);
#91=CIRCLE('',#2703,2.00000000000003);
#92=CIRCLE('',#2705,2.00000000000003);
#93=CIRCLE('',#2708,6.19999967882999);
#94=CIRCLE('',#2709,1.7);
#95=CIRCLE('',#2712,2.00000000000003);
#96=CIRCLE('',#2714,2.00000000000003);
#97=CIRCLE('',#2717,3.25000341143021);
#98=CIRCLE('',#2719,6.1999996789);
#99=CIRCLE('',#2720,1.7);
#100=CIRCLE('',#2722,6.199999678834);
#101=CIRCLE('',#2724,6.19999967882999);
#102=CIRCLE('',#2726,6.1999996789);
#103=CIRCLE('',#2733,0.900000000000034);
#104=CIRCLE('',#2743,3.00000000000001);
#105=CIRCLE('',#2744,1.80000000000001);
#106=CIRCLE('',#2746,1.00000000000001);
#107=CIRCLE('',#2766,1.00000000000001);
#108=CIRCLE('',#2768,1.00000000000001);
#109=CIRCLE('',#2769,0.999999999999996);
#110=CIRCLE('',#2771,0.900000000000016);
#111=CIRCLE('',#2772,1.00000000000003);
#112=CIRCLE('',#2774,3.34999999999999);
#113=CIRCLE('',#2776,0.900000000000034);
#114=CIRCLE('',#2779,1.00000000000001);
#115=CIRCLE('',#2781,3.35);
#116=CIRCLE('',#2784,0.999999999999996);
#117=CIRCLE('',#2787,1.00000000000001);
#118=CIRCLE('',#2791,5.19999967883402);
#119=CIRCLE('',#2792,5.19999967883402);
#120=CIRCLE('',#2795,5.19999967890001);
#121=CIRCLE('',#2796,5.19999967890001);
#122=CIRCLE('',#2799,5.19999967883401);
#123=CIRCLE('',#2800,5.19999967883401);
#124=CIRCLE('',#2803,5.19999967882999);
#125=CIRCLE('',#2804,5.19999967882999);
#126=CIRCLE('',#2806,6.19999967883402);
#127=CIRCLE('',#2808,3.35);
#128=CIRCLE('',#2811,1.00000000000001);
#129=CIRCLE('',#2813,0.999999999999943);
#130=CIRCLE('',#2816,3.34999999999999);
#131=CIRCLE('',#2818,1.00000000000003);
#132=CIRCLE('',#2821,0.900000000000016);
#133=CIRCLE('',#2824,1.7);
#134=CIRCLE('',#2826,1.7);
#135=CIRCLE('',#2828,1.7);
#136=CIRCLE('',#2830,1.7);
#137=CYLINDRICAL_SURFACE('',#2596,0.6);
#138=CYLINDRICAL_SURFACE('',#2618,0.6);
#139=CYLINDRICAL_SURFACE('',#2620,0.6);
#140=CYLINDRICAL_SURFACE('',#2624,2.80000000000001);
#141=CYLINDRICAL_SURFACE('',#2647,0.900000000000007);
#142=CYLINDRICAL_SURFACE('',#2656,0.900000000000027);
#143=CYLINDRICAL_SURFACE('',#2665,0.899999999999963);
#144=CYLINDRICAL_SURFACE('',#2674,0.899999999999945);
#145=CYLINDRICAL_SURFACE('',#2677,3.2500034114302);
#146=CYLINDRICAL_SURFACE('',#2680,2.00000000000003);
#147=CYLINDRICAL_SURFACE('',#2682,2.00000000000003);
#148=CYLINDRICAL_SURFACE('',#2688,2.00000000000003);
#149=CYLINDRICAL_SURFACE('',#2691,3.25000341143021);
#150=CYLINDRICAL_SURFACE('',#2694,2.00000000000003);
#151=CYLINDRICAL_SURFACE('',#2699,3.25000341143021);
#152=CYLINDRICAL_SURFACE('',#2702,2.00000000000003);
#153=CYLINDRICAL_SURFACE('',#2704,2.00000000000003);
#154=CYLINDRICAL_SURFACE('',#2711,2.00000000000003);
#155=CYLINDRICAL_SURFACE('',#2713,2.00000000000003);
#156=CYLINDRICAL_SURFACE('',#2716,3.25000341143021);
#157=CYLINDRICAL_SURFACE('',#2721,6.199999678834);
#158=CYLINDRICAL_SURFACE('',#2723,6.19999967882999);
#159=CYLINDRICAL_SURFACE('',#2725,6.1999996789);
#160=CYLINDRICAL_SURFACE('',#2730,0.899999999999999);
#161=CYLINDRICAL_SURFACE('',#2737,0.900000000000007);
#162=CYLINDRICAL_SURFACE('',#2750,1.80000000000001);
#163=CYLINDRICAL_SURFACE('',#2752,1.79999999999999);
#164=CYLINDRICAL_SURFACE('',#2756,3.00000000000001);
#165=CYLINDRICAL_SURFACE('',#2760,1.80000000000001);
#166=CYLINDRICAL_SURFACE('',#2762,0.999999999999979);
#167=CYLINDRICAL_SURFACE('',#2763,0.899999999999963);
#168=CYLINDRICAL_SURFACE('',#2773,3.34999999999999);
#169=CYLINDRICAL_SURFACE('',#2775,0.900000000000034);
#170=CYLINDRICAL_SURFACE('',#2778,1.00000000000001);
#171=CYLINDRICAL_SURFACE('',#2780,3.35);
#172=CYLINDRICAL_SURFACE('',#2783,0.999999999999996);
#173=CYLINDRICAL_SURFACE('',#2786,1.00000000000001);
#174=CYLINDRICAL_SURFACE('',#2790,5.19999967883402);
#175=CYLINDRICAL_SURFACE('',#2794,5.19999967890001);
#176=CYLINDRICAL_SURFACE('',#2798,5.19999967883401);
#177=CYLINDRICAL_SURFACE('',#2802,5.19999967882999);
#178=CYLINDRICAL_SURFACE('',#2807,3.35);
#179=CYLINDRICAL_SURFACE('',#2810,1.00000000000001);
#180=CYLINDRICAL_SURFACE('',#2812,0.999999999999943);
#181=CYLINDRICAL_SURFACE('',#2815,3.34999999999999);
#182=CYLINDRICAL_SURFACE('',#2817,1.00000000000003);
#183=CYLINDRICAL_SURFACE('',#2820,0.900000000000016);
#184=CYLINDRICAL_SURFACE('',#2823,1.7);
#185=CYLINDRICAL_SURFACE('',#2825,1.7);
#186=CYLINDRICAL_SURFACE('',#2827,1.7);
#187=CYLINDRICAL_SURFACE('',#2829,1.7);
#188=CYLINDRICAL_SURFACE('',#2832,6.19999967883402);
#189=FACE_OUTER_BOUND('',#321,.T.);
#190=FACE_OUTER_BOUND('',#322,.T.);
#191=FACE_OUTER_BOUND('',#323,.T.);
#192=FACE_OUTER_BOUND('',#324,.T.);
#193=FACE_OUTER_BOUND('',#325,.T.);
#194=FACE_OUTER_BOUND('',#326,.T.);
#195=FACE_OUTER_BOUND('',#327,.T.);
#196=FACE_OUTER_BOUND('',#328,.T.);
#197=FACE_OUTER_BOUND('',#329,.T.);
#198=FACE_OUTER_BOUND('',#330,.T.);
#199=FACE_OUTER_BOUND('',#331,.T.);
#200=FACE_OUTER_BOUND('',#332,.T.);
#201=FACE_OUTER_BOUND('',#333,.T.);
#202=FACE_OUTER_BOUND('',#334,.T.);
#203=FACE_OUTER_BOUND('',#335,.T.);
#204=FACE_OUTER_BOUND('',#336,.T.);
#205=FACE_OUTER_BOUND('',#337,.T.);
#206=FACE_OUTER_BOUND('',#338,.T.);
#207=FACE_OUTER_BOUND('',#339,.T.);
#208=FACE_OUTER_BOUND('',#340,.T.);
#209=FACE_OUTER_BOUND('',#341,.T.);
#210=FACE_OUTER_BOUND('',#342,.T.);
#211=FACE_OUTER_BOUND('',#343,.T.);
#212=FACE_OUTER_BOUND('',#344,.T.);
#213=FACE_OUTER_BOUND('',#345,.T.);
#214=FACE_OUTER_BOUND('',#346,.T.);
#215=FACE_OUTER_BOUND('',#347,.T.);
#216=FACE_OUTER_BOUND('',#348,.T.);
#217=FACE_OUTER_BOUND('',#349,.T.);
#218=FACE_OUTER_BOUND('',#350,.T.);
#219=FACE_OUTER_BOUND('',#351,.T.);
#220=FACE_OUTER_BOUND('',#352,.T.);
#221=FACE_OUTER_BOUND('',#353,.T.);
#222=FACE_OUTER_BOUND('',#354,.T.);
#223=FACE_OUTER_BOUND('',#355,.T.);
#224=FACE_OUTER_BOUND('',#356,.T.);
#225=FACE_OUTER_BOUND('',#357,.T.);
#226=FACE_OUTER_BOUND('',#358,.T.);
#227=FACE_OUTER_BOUND('',#359,.T.);
#228=FACE_OUTER_BOUND('',#360,.T.);
#229=FACE_OUTER_BOUND('',#362,.T.);
#230=FACE_OUTER_BOUND('',#363,.T.);
#231=FACE_OUTER_BOUND('',#364,.T.);
#232=FACE_OUTER_BOUND('',#365,.T.);
#233=FACE_OUTER_BOUND('',#366,.T.);
#234=FACE_OUTER_BOUND('',#367,.T.);
#235=FACE_OUTER_BOUND('',#369,.T.);
#236=FACE_OUTER_BOUND('',#370,.T.);
#237=FACE_OUTER_BOUND('',#371,.T.);
#238=FACE_OUTER_BOUND('',#372,.T.);
#239=FACE_OUTER_BOUND('',#373,.T.);
#240=FACE_OUTER_BOUND('',#374,.T.);
#241=FACE_OUTER_BOUND('',#376,.T.);
#242=FACE_OUTER_BOUND('',#377,.T.);
#243=FACE_OUTER_BOUND('',#378,.T.);
#244=FACE_OUTER_BOUND('',#379,.T.);
#245=FACE_OUTER_BOUND('',#380,.T.);
#246=FACE_OUTER_BOUND('',#381,.T.);
#247=FACE_OUTER_BOUND('',#383,.T.);
#248=FACE_OUTER_BOUND('',#384,.T.);
#249=FACE_OUTER_BOUND('',#385,.T.);
#250=FACE_OUTER_BOUND('',#386,.T.);
#251=FACE_OUTER_BOUND('',#387,.T.);
#252=FACE_OUTER_BOUND('',#388,.T.);
#253=FACE_OUTER_BOUND('',#389,.T.);
#254=FACE_OUTER_BOUND('',#390,.T.);
#255=FACE_OUTER_BOUND('',#391,.T.);
#256=FACE_OUTER_BOUND('',#392,.T.);
#257=FACE_OUTER_BOUND('',#393,.T.);
#258=FACE_OUTER_BOUND('',#394,.T.);
#259=FACE_OUTER_BOUND('',#395,.T.);
#260=FACE_OUTER_BOUND('',#396,.T.);
#261=FACE_OUTER_BOUND('',#397,.T.);
#262=FACE_OUTER_BOUND('',#398,.T.);
#263=FACE_OUTER_BOUND('',#399,.T.);
#264=FACE_OUTER_BOUND('',#400,.T.);
#265=FACE_OUTER_BOUND('',#401,.T.);
#266=FACE_OUTER_BOUND('',#402,.T.);
#267=FACE_OUTER_BOUND('',#403,.T.);
#268=FACE_OUTER_BOUND('',#404,.T.);
#269=FACE_OUTER_BOUND('',#405,.T.);
#270=FACE_OUTER_BOUND('',#406,.T.);
#271=FACE_OUTER_BOUND('',#407,.T.);
#272=FACE_OUTER_BOUND('',#408,.T.);
#273=FACE_OUTER_BOUND('',#409,.T.);
#274=FACE_OUTER_BOUND('',#410,.T.);
#275=FACE_OUTER_BOUND('',#411,.T.);
#276=FACE_OUTER_BOUND('',#412,.T.);
#277=FACE_OUTER_BOUND('',#413,.T.);
#278=FACE_OUTER_BOUND('',#414,.T.);
#279=FACE_OUTER_BOUND('',#415,.T.);
#280=FACE_OUTER_BOUND('',#416,.T.);
#281=FACE_OUTER_BOUND('',#417,.T.);
#282=FACE_OUTER_BOUND('',#418,.T.);
#283=FACE_OUTER_BOUND('',#419,.T.);
#284=FACE_OUTER_BOUND('',#420,.T.);
#285=FACE_OUTER_BOUND('',#421,.T.);
#286=FACE_OUTER_BOUND('',#422,.T.);
#287=FACE_OUTER_BOUND('',#423,.T.);
#288=FACE_OUTER_BOUND('',#424,.T.);
#289=FACE_OUTER_BOUND('',#425,.T.);
#290=FACE_OUTER_BOUND('',#426,.T.);
#291=FACE_OUTER_BOUND('',#427,.T.);
#292=FACE_OUTER_BOUND('',#428,.T.);
#293=FACE_OUTER_BOUND('',#429,.T.);
#294=FACE_OUTER_BOUND('',#430,.T.);
#295=FACE_OUTER_BOUND('',#431,.T.);
#296=FACE_OUTER_BOUND('',#432,.T.);
#297=FACE_OUTER_BOUND('',#433,.T.);
#298=FACE_OUTER_BOUND('',#434,.T.);
#299=FACE_OUTER_BOUND('',#435,.T.);
#300=FACE_OUTER_BOUND('',#436,.T.);
#301=FACE_OUTER_BOUND('',#437,.T.);
#302=FACE_OUTER_BOUND('',#438,.T.);
#303=FACE_OUTER_BOUND('',#440,.T.);
#304=FACE_OUTER_BOUND('',#441,.T.);
#305=FACE_OUTER_BOUND('',#442,.T.);
#306=FACE_OUTER_BOUND('',#443,.T.);
#307=FACE_OUTER_BOUND('',#444,.T.);
#308=FACE_OUTER_BOUND('',#445,.T.);
#309=FACE_OUTER_BOUND('',#446,.T.);
#310=FACE_OUTER_BOUND('',#447,.T.);
#311=FACE_OUTER_BOUND('',#448,.T.);
#312=FACE_OUTER_BOUND('',#449,.T.);
#313=FACE_OUTER_BOUND('',#450,.T.);
#314=FACE_OUTER_BOUND('',#451,.T.);
#315=FACE_OUTER_BOUND('',#452,.T.);
#316=FACE_OUTER_BOUND('',#453,.T.);
#317=FACE_OUTER_BOUND('',#454,.T.);
#318=FACE_OUTER_BOUND('',#455,.T.);
#319=FACE_OUTER_BOUND('',#456,.T.);
#320=FACE_OUTER_BOUND('',#457,.T.);
#321=EDGE_LOOP('',(#1621,#1622,#1623,#1624,#1625,#1626,#1627,#1628));
#322=EDGE_LOOP('',(#1629,#1630,#1631,#1632));
#323=EDGE_LOOP('',(#1633,#1634,#1635,#1636,#1637,#1638,#1639,#1640,#1641,
#1642,#1643,#1644,#1645,#1646,#1647,#1648,#1649,#1650,#1651,#1652,#1653,
#1654,#1655,#1656,#1657,#1658,#1659,#1660,#1661,#1662,#1663,#1664,#1665,
#1666,#1667,#1668));
#324=EDGE_LOOP('',(#1669,#1670,#1671,#1672,#1673,#1674,#1675,#1676,#1677,
#1678,#1679,#1680));
#325=EDGE_LOOP('',(#1681,#1682,#1683,#1684));
#326=EDGE_LOOP('',(#1685,#1686,#1687,#1688));
#327=EDGE_LOOP('',(#1689,#1690,#1691,#1692));
#328=EDGE_LOOP('',(#1693,#1694,#1695,#1696));
#329=EDGE_LOOP('',(#1697,#1698,#1699,#1700));
#330=EDGE_LOOP('',(#1701,#1702,#1703,#1704,#1705,#1706,#1707,#1708,#1709,
#1710,#1711,#1712,#1713,#1714));
#331=EDGE_LOOP('',(#1715,#1716,#1717,#1718,#1719,#1720));
#332=EDGE_LOOP('',(#1721,#1722,#1723,#1724,#1725,#1726));
#333=EDGE_LOOP('',(#1727,#1728,#1729,#1730,#1731,#1732));
#334=EDGE_LOOP('',(#1733,#1734,#1735,#1736,#1737,#1738,#1739,#1740,#1741,
#1742,#1743,#1744,#1745,#1746,#1747,#1748,#1749,#1750,#1751,#1752,#1753,
#1754,#1755,#1756,#1757));
#335=EDGE_LOOP('',(#1758,#1759,#1760,#1761,#1762));
#336=EDGE_LOOP('',(#1763,#1764,#1765,#1766));
#337=EDGE_LOOP('',(#1767,#1768,#1769,#1770,#1771));
#338=EDGE_LOOP('',(#1772,#1773,#1774,#1775));
#339=EDGE_LOOP('',(#1776,#1777,#1778,#1779,#1780));
#340=EDGE_LOOP('',(#1781,#1782,#1783,#1784,#1785));
#341=EDGE_LOOP('',(#1786,#1787,#1788,#1789));
#342=EDGE_LOOP('',(#1790,#1791,#1792,#1793,#1794));
#343=EDGE_LOOP('',(#1795,#1796,#1797,#1798));
#344=EDGE_LOOP('',(#1799,#1800,#1801,#1802,#1803,#1804));
#345=EDGE_LOOP('',(#1805,#1806,#1807,#1808));
#346=EDGE_LOOP('',(#1809,#1810,#1811,#1812,#1813));
#347=EDGE_LOOP('',(#1814,#1815,#1816,#1817,#1818));
#348=EDGE_LOOP('',(#1819,#1820,#1821,#1822));
#349=EDGE_LOOP('',(#1823,#1824,#1825,#1826,#1827,#1828));
#350=EDGE_LOOP('',(#1829,#1830,#1831,#1832));
#351=EDGE_LOOP('',(#1833,#1834,#1835,#1836,#1837));
#352=EDGE_LOOP('',(#1838,#1839,#1840,#1841,#1842));
#353=EDGE_LOOP('',(#1843,#1844,#1845,#1846));
#354=EDGE_LOOP('',(#1847,#1848,#1849,#1850,#1851,#1852));
#355=EDGE_LOOP('',(#1853,#1854,#1855,#1856));
#356=EDGE_LOOP('',(#1857,#1858,#1859,#1860));
#357=EDGE_LOOP('',(#1861,#1862,#1863,#1864));
#358=EDGE_LOOP('',(#1865,#1866,#1867,#1868));
#359=EDGE_LOOP('',(#1869,#1870,#1871,#1872));
#360=EDGE_LOOP('',(#1873,#1874,#1875,#1876,#1877,#1878,#1879,#1880));
#361=EDGE_LOOP('',(#1881));
#362=EDGE_LOOP('',(#1882,#1883,#1884,#1885));
#363=EDGE_LOOP('',(#1886,#1887,#1888,#1889));
#364=EDGE_LOOP('',(#1890,#1891,#1892,#1893));
#365=EDGE_LOOP('',(#1894,#1895,#1896,#1897));
#366=EDGE_LOOP('',(#1898,#1899,#1900,#1901));
#367=EDGE_LOOP('',(#1902,#1903,#1904,#1905,#1906,#1907,#1908,#1909));
#368=EDGE_LOOP('',(#1910));
#369=EDGE_LOOP('',(#1911,#1912,#1913,#1914));
#370=EDGE_LOOP('',(#1915,#1916,#1917,#1918));
#371=EDGE_LOOP('',(#1919,#1920,#1921,#1922));
#372=EDGE_LOOP('',(#1923,#1924,#1925,#1926));
#373=EDGE_LOOP('',(#1927,#1928,#1929,#1930));
#374=EDGE_LOOP('',(#1931,#1932,#1933,#1934,#1935,#1936,#1937,#1938));
#375=EDGE_LOOP('',(#1939));
#376=EDGE_LOOP('',(#1940,#1941,#1942,#1943));
#377=EDGE_LOOP('',(#1944,#1945,#1946,#1947));
#378=EDGE_LOOP('',(#1948,#1949,#1950,#1951));
#379=EDGE_LOOP('',(#1952,#1953,#1954,#1955));
#380=EDGE_LOOP('',(#1956,#1957,#1958,#1959));
#381=EDGE_LOOP('',(#1960,#1961,#1962,#1963,#1964,#1965,#1966,#1967));
#382=EDGE_LOOP('',(#1968));
#383=EDGE_LOOP('',(#1969,#1970,#1971,#1972));
#384=EDGE_LOOP('',(#1973,#1974,#1975,#1976));
#385=EDGE_LOOP('',(#1977,#1978,#1979,#1980));
#386=EDGE_LOOP('',(#1981,#1982,#1983,#1984,#1985,#1986,#1987,#1988));
#387=EDGE_LOOP('',(#1989,#1990,#1991,#1992,#1993,#1994,#1995));
#388=EDGE_LOOP('',(#1996,#1997,#1998,#1999));
#389=EDGE_LOOP('',(#2000,#2001,#2002,#2003,#2004,#2005,#2006));
#390=EDGE_LOOP('',(#2007,#2008,#2009));
#391=EDGE_LOOP('',(#2010,#2011,#2012,#2013,#2014,#2015));
#392=EDGE_LOOP('',(#2016,#2017,#2018,#2019,#2020,#2021,#2022));
#393=EDGE_LOOP('',(#2023,#2024,#2025,#2026));
#394=EDGE_LOOP('',(#2027,#2028,#2029,#2030,#2031,#2032));
#395=EDGE_LOOP('',(#2033,#2034,#2035,#2036,#2037,#2038,#2039));
#396=EDGE_LOOP('',(#2040,#2041,#2042,#2043));
#397=EDGE_LOOP('',(#2044,#2045,#2046,#2047));
#398=EDGE_LOOP('',(#2048,#2049,#2050,#2051,#2052,#2053));
#399=EDGE_LOOP('',(#2054,#2055,#2056,#2057,#2058,#2059,#2060,#2061));
#400=EDGE_LOOP('',(#2062,#2063,#2064,#2065));
#401=EDGE_LOOP('',(#2066,#2067,#2068,#2069,#2070,#2071,#2072,#2073));
#402=EDGE_LOOP('',(#2074,#2075,#2076,#2077));
#403=EDGE_LOOP('',(#2078,#2079,#2080,#2081));
#404=EDGE_LOOP('',(#2082,#2083,#2084,#2085));
#405=EDGE_LOOP('',(#2086,#2087,#2088,#2089,#2090,#2091));
#406=EDGE_LOOP('',(#2092,#2093,#2094,#2095,#2096));
#407=EDGE_LOOP('',(#2097,#2098,#2099,#2100));
#408=EDGE_LOOP('',(#2101,#2102,#2103,#2104));
#409=EDGE_LOOP('',(#2105,#2106,#2107,#2108,#2109,#2110,#2111));
#410=EDGE_LOOP('',(#2112,#2113,#2114,#2115));
#411=EDGE_LOOP('',(#2116,#2117,#2118,#2119));
#412=EDGE_LOOP('',(#2120,#2121,#2122,#2123,#2124));
#413=EDGE_LOOP('',(#2125,#2126,#2127,#2128,#2129,#2130,#2131));
#414=EDGE_LOOP('',(#2132,#2133,#2134,#2135));
#415=EDGE_LOOP('',(#2136,#2137,#2138,#2139));
#416=EDGE_LOOP('',(#2140,#2141,#2142,#2143,#2144,#2145));
#417=EDGE_LOOP('',(#2146,#2147,#2148));
#418=EDGE_LOOP('',(#2149,#2150,#2151,#2152,#2153,#2154));
#419=EDGE_LOOP('',(#2155,#2156,#2157,#2158,#2159,#2160));
#420=EDGE_LOOP('',(#2161,#2162,#2163,#2164));
#421=EDGE_LOOP('',(#2165,#2166,#2167,#2168));
#422=EDGE_LOOP('',(#2169,#2170,#2171,#2172));
#423=EDGE_LOOP('',(#2173,#2174,#2175,#2176));
#424=EDGE_LOOP('',(#2177,#2178,#2179,#2180,#2181));
#425=EDGE_LOOP('',(#2182,#2183,#2184,#2185));
#426=EDGE_LOOP('',(#2186,#2187,#2188,#2189));
#427=EDGE_LOOP('',(#2190,#2191,#2192,#2193));
#428=EDGE_LOOP('',(#2194,#2195,#2196,#2197));
#429=EDGE_LOOP('',(#2198,#2199,#2200,#2201,#2202,#2203,#2204,#2205));
#430=EDGE_LOOP('',(#2206,#2207,#2208,#2209));
#431=EDGE_LOOP('',(#2210,#2211,#2212,#2213));
#432=EDGE_LOOP('',(#2214,#2215,#2216,#2217));
#433=EDGE_LOOP('',(#2218,#2219,#2220,#2221));
#434=EDGE_LOOP('',(#2222,#2223,#2224,#2225));
#435=EDGE_LOOP('',(#2226,#2227,#2228,#2229));
#436=EDGE_LOOP('',(#2230,#2231,#2232,#2233));
#437=EDGE_LOOP('',(#2234,#2235,#2236,#2237));
#438=EDGE_LOOP('',(#2238,#2239,#2240,#2241,#2242,#2243,#2244,#2245));
#439=EDGE_LOOP('',(#2246,#2247,#2248,#2249,#2250,#2251,#2252,#2253));
#440=EDGE_LOOP('',(#2254,#2255,#2256,#2257));
#441=EDGE_LOOP('',(#2258,#2259,#2260,#2261,#2262,#2263));
#442=EDGE_LOOP('',(#2264,#2265,#2266,#2267));
#443=EDGE_LOOP('',(#2268,#2269,#2270,#2271));
#444=EDGE_LOOP('',(#2272,#2273,#2274,#2275,#2276,#2277));
#445=EDGE_LOOP('',(#2278,#2279,#2280,#2281));
#446=EDGE_LOOP('',(#2282,#2283,#2284,#2285));
#447=EDGE_LOOP('',(#2286,#2287,#2288,#2289));
#448=EDGE_LOOP('',(#2290,#2291,#2292,#2293));
#449=EDGE_LOOP('',(#2294,#2295,#2296,#2297,#2298,#2299,#2300));
#450=EDGE_LOOP('',(#2301,#2302,#2303,#2304));
#451=EDGE_LOOP('',(#2305,#2306,#2307,#2308));
#452=EDGE_LOOP('',(#2309,#2310,#2311,#2312));
#453=EDGE_LOOP('',(#2313,#2314,#2315,#2316));
#454=EDGE_LOOP('',(#2317,#2318,#2319,#2320,#2321,#2322,#2323,#2324));
#455=EDGE_LOOP('',(#2325,#2326,#2327,#2328));
#456=EDGE_LOOP('',(#2329,#2330,#2331,#2332,#2333,#2334,#2335,#2336));
#457=EDGE_LOOP('',(#2337,#2338,#2339,#2340,#2341,#2342,#2343,#2344));
#458=EDGE_LOOP('',(#2345));
#459=EDGE_LOOP('',(#2346));
#460=EDGE_LOOP('',(#2347));
#461=EDGE_LOOP('',(#2348));
#462=EDGE_LOOP('',(#2349,#2350,#2351,#2352,#2353,#2354,#2355,#2356,#2357,
#2358,#2359,#2360,#2361,#2362,#2363,#2364,#2365,#2366,#2367,#2368,#2369,
#2370,#2371,#2372));
#463=LINE('',#3589,#731);
#464=LINE('',#3591,#732);
#465=LINE('',#3593,#733);
#466=LINE('',#3595,#734);
#467=LINE('',#3597,#735);
#468=LINE('',#3599,#736);
#469=LINE('',#3601,#737);
#470=LINE('',#3602,#738);
#471=LINE('',#3608,#739);
#472=LINE('',#3611,#740);
#473=LINE('',#3614,#741);
#474=LINE('',#3618,#742);
#475=LINE('',#3622,#743);
#476=LINE('',#3626,#744);
#477=LINE('',#3630,#745);
#478=LINE('',#3634,#746);
#479=LINE('',#3638,#747);
#480=LINE('',#3642,#748);
#481=LINE('',#3646,#749);
#482=LINE('',#3650,#750);
#483=LINE('',#3654,#751);
#484=LINE('',#3658,#752);
#485=LINE('',#3662,#753);
#486=LINE('',#3666,#754);
#487=LINE('',#3670,#755);
#488=LINE('',#3674,#756);
#489=LINE('',#3678,#757);
#490=LINE('',#3681,#758);
#491=LINE('',#3684,#759);
#492=LINE('',#3685,#760);
#493=LINE('',#3687,#761);
#494=LINE('',#3689,#762);
#495=LINE('',#3691,#763);
#496=LINE('',#3693,#764);
#497=LINE('',#3695,#765);
#498=LINE('',#3697,#766);
#499=LINE('',#3698,#767);
#500=LINE('',#3702,#768);
#501=LINE('',#3705,#769);
#502=LINE('',#3708,#770);
#503=LINE('',#3710,#771);
#504=LINE('',#3714,#772);
#505=LINE('',#3716,#773);
#506=LINE('',#3718,#774);
#507=LINE('',#3719,#775);
#508=LINE('',#3725,#776);
#509=LINE('',#3728,#777);
#510=LINE('',#3730,#778);
#511=LINE('',#3732,#779);
#512=LINE('',#3734,#780);
#513=LINE('',#3735,#781);
#514=LINE('',#3737,#782);
#515=LINE('',#3741,#783);
#516=LINE('',#3745,#784);
#517=LINE('',#3747,#785);
#518=LINE('',#3748,#786);
#519=LINE('',#3751,#787);
#520=LINE('',#3753,#788);
#521=LINE('',#3754,#789);
#522=LINE('',#3757,#790);
#523=LINE('',#3759,#791);
#524=LINE('',#3761,#792);
#525=LINE('',#3762,#793);
#526=LINE('',#3765,#794);
#527=LINE('',#3769,#795);
#528=LINE('',#3773,#796);
#529=LINE('',#3775,#797);
#530=LINE('',#3777,#798);
#531=LINE('',#3781,#799);
#532=LINE('',#3783,#800);
#533=LINE('',#3785,#801);
#534=LINE('',#3789,#802);
#535=LINE('',#3791,#803);
#536=LINE('',#3793,#804);
#537=LINE('',#3797,#805);
#538=LINE('',#3799,#806);
#539=LINE('',#3801,#807);
#540=LINE('',#3805,#808);
#541=LINE('',#3807,#809);
#542=LINE('',#3809,#810);
#543=LINE('',#3813,#811);
#544=LINE('',#3814,#812);
#545=LINE('',#3820,#813);
#546=LINE('',#3821,#814);
#547=LINE('',#3822,#815);
#548=LINE('',#3825,#816);
#549=LINE('',#3829,#817);
#550=LINE('',#3831,#818);
#551=LINE('',#3835,#819);
#552=LINE('',#3838,#820);
#553=LINE('',#3841,#821);
#554=LINE('',#3842,#822);
#555=LINE('',#3848,#823);
#556=LINE('',#3849,#824);
#557=LINE('',#3850,#825);
#558=LINE('',#3853,#826);
#559=LINE('',#3857,#827);
#560=LINE('',#3859,#828);
#561=LINE('',#3863,#829);
#562=LINE('',#3866,#830);
#563=LINE('',#3869,#831);
#564=LINE('',#3870,#832);
#565=LINE('',#3873,#833);
#566=LINE('',#3875,#834);
#567=LINE('',#3881,#835);
#568=LINE('',#3882,#836);
#569=LINE('',#3885,#837);
#570=LINE('',#3887,#838);
#571=LINE('',#3891,#839);
#572=LINE('',#3894,#840);
#573=LINE('',#3897,#841);
#574=LINE('',#3898,#842);
#575=LINE('',#3901,#843);
#576=LINE('',#3903,#844);
#577=LINE('',#3909,#845);
#578=LINE('',#3910,#846);
#579=LINE('',#3913,#847);
#580=LINE('',#3915,#848);
#581=LINE('',#3919,#849);
#582=LINE('',#3922,#850);
#583=LINE('',#3925,#851);
#584=LINE('',#3926,#852);
#585=LINE('',#3929,#853);
#586=LINE('',#3932,#854);
#587=LINE('',#3935,#855);
#588=LINE('',#3936,#856);
#589=LINE('',#3941,#857);
#590=LINE('',#3944,#858);
#591=LINE('',#3946,#859);
#592=LINE('',#3950,#860);
#593=LINE('',#3955,#861);
#594=LINE('',#3958,#862);
#595=LINE('',#3961,#863);
#596=LINE('',#3962,#864);
#597=LINE('',#3965,#865);
#598=LINE('',#3969,#866);
#599=LINE('',#3970,#867);
#600=LINE('',#3973,#868);
#601=LINE('',#3979,#869);
#602=LINE('',#3980,#870);
#603=LINE('',#3985,#871);
#604=LINE('',#3988,#872);
#605=LINE('',#3991,#873);
#606=LINE('',#3992,#874);
#607=LINE('',#3995,#875);
#608=LINE('',#3999,#876);
#609=LINE('',#4002,#877);
#610=LINE('',#4005,#878);
#611=LINE('',#4011,#879);
#612=LINE('',#4013,#880);
#613=LINE('',#4014,#881);
#614=LINE('',#4017,#882);
#615=LINE('',#4021,#883);
#616=LINE('',#4024,#884);
#617=LINE('',#4027,#885);
#618=LINE('',#4028,#886);
#619=LINE('',#4033,#887);
#620=LINE('',#4036,#888);
#621=LINE('',#4042,#889);
#622=LINE('',#4045,#890);
#623=LINE('',#4049,#891);
#624=LINE('',#4052,#892);
#625=LINE('',#4056,#893);
#626=LINE('',#4058,#894);
#627=LINE('',#4060,#895);
#628=LINE('',#4062,#896);
#629=LINE('',#4063,#897);
#630=LINE('',#4067,#898);
#631=LINE('',#4069,#899);
#632=LINE('',#4071,#900);
#633=LINE('',#4072,#901);
#634=LINE('',#4073,#902);
#635=LINE('',#4077,#903);
#636=LINE('',#4079,#904);
#637=LINE('',#4081,#905);
#638=LINE('',#4082,#906);
#639=LINE('',#4088,#907);
#640=LINE('',#4090,#908);
#641=LINE('',#4091,#909);
#642=LINE('',#4095,#910);
#643=LINE('',#4097,#911);
#644=LINE('',#4099,#912);
#645=LINE('',#4100,#913);
#646=LINE('',#4101,#914);
#647=LINE('',#4107,#915);
#648=LINE('',#4109,#916);
#649=LINE('',#4110,#917);
#650=LINE('',#4113,#918);
#651=LINE('',#4115,#919);
#652=LINE('',#4117,#920);
#653=LINE('',#4118,#921);
#654=LINE('',#4122,#922);
#655=LINE('',#4123,#923);
#656=LINE('',#4124,#924);
#657=LINE('',#4129,#925);
#658=LINE('',#4132,#926);
#659=LINE('',#4135,#927);
#660=LINE('',#4137,#928);
#661=LINE('',#4138,#929);
#662=LINE('',#4141,#930);
#663=LINE('',#4142,#931);
#664=LINE('',#4144,#932);
#665=LINE('',#4145,#933);
#666=LINE('',#4147,#934);
#667=LINE('',#4148,#935);
#668=LINE('',#4150,#936);
#669=LINE('',#4152,#937);
#670=LINE('',#4154,#938);
#671=LINE('',#4157,#939);
#672=LINE('',#4159,#940);
#673=LINE('',#4160,#941);
#674=LINE('',#4162,#942);
#675=LINE('',#4165,#943);
#676=LINE('',#4168,#944);
#677=LINE('',#4171,#945);
#678=LINE('',#4173,#946);
#679=LINE('',#4176,#947);
#680=LINE('',#4178,#948);
#681=LINE('',#4179,#949);
#682=LINE('',#4186,#950);
#683=LINE('',#4190,#951);
#684=LINE('',#4194,#952);
#685=LINE('',#4199,#953);
#686=LINE('',#4202,#954);
#687=LINE('',#4206,#955);
#688=LINE('',#4207,#956);
#689=LINE('',#4212,#957);
#690=LINE('',#4216,#958);
#691=LINE('',#4217,#959);
#692=LINE('',#4220,#960);
#693=LINE('',#4224,#961);
#694=LINE('',#4225,#962);
#695=LINE('',#4229,#963);
#696=LINE('',#4233,#964);
#697=LINE('',#4235,#965);
#698=LINE('',#4237,#966);
#699=LINE('',#4238,#967);
#700=LINE('',#4244,#968);
#701=LINE('',#4247,#969);
#702=LINE('',#4249,#970);
#703=LINE('',#4250,#971);
#704=LINE('',#4256,#972);
#705=LINE('',#4259,#973);
#706=LINE('',#4261,#974);
#707=LINE('',#4262,#975);
#708=LINE('',#4268,#976);
#709=LINE('',#4271,#977);
#710=LINE('',#4273,#978);
#711=LINE('',#4274,#979);
#712=LINE('',#4280,#980);
#713=LINE('',#4283,#981);
#714=LINE('',#4286,#982);
#715=LINE('',#4290,#983);
#716=LINE('',#4291,#984);
#717=LINE('',#4296,#985);
#718=LINE('',#4300,#986);
#719=LINE('',#4301,#987);
#720=LINE('',#4306,#988);
#721=LINE('',#4310,#989);
#722=LINE('',#4311,#990);
#723=LINE('',#4314,#991);
#724=LINE('',#4317,#992);
#725=LINE('',#4320,#993);
#726=LINE('',#4324,#994);
#727=LINE('',#4328,#995);
#728=LINE('',#4332,#996);
#729=LINE('',#4335,#997);
#730=LINE('',#4337,#998);
#731=VECTOR('',#2839,10.);
#732=VECTOR('',#2840,10.);
#733=VECTOR('',#2841,10.);
#734=VECTOR('',#2842,10.);
#735=VECTOR('',#2843,10.);
#736=VECTOR('',#2844,10.);
#737=VECTOR('',#2845,10.);
#738=VECTOR('',#2846,10.);
#739=VECTOR('',#2851,10.);
#740=VECTOR('',#2854,10.);
#741=VECTOR('',#2857,10.);
#742=VECTOR('',#2860,10.);
#743=VECTOR('',#2863,10.);
#744=VECTOR('',#2866,10.);
#745=VECTOR('',#2869,10.);
#746=VECTOR('',#2872,10.);
#747=VECTOR('',#2875,10.);
#748=VECTOR('',#2878,10.);
#749=VECTOR('',#2881,10.);
#750=VECTOR('',#2884,10.);
#751=VECTOR('',#2887,10.);
#752=VECTOR('',#2890,10.);
#753=VECTOR('',#2893,10.);
#754=VECTOR('',#2896,10.);
#755=VECTOR('',#2899,10.);
#756=VECTOR('',#2902,10.);
#757=VECTOR('',#2905,10.);
#758=VECTOR('',#2908,10.);
#759=VECTOR('',#2911,10.);
#760=VECTOR('',#2912,10.);
#761=VECTOR('',#2913,10.);
#762=VECTOR('',#2914,10.);
#763=VECTOR('',#2915,10.);
#764=VECTOR('',#2916,10.);
#765=VECTOR('',#2917,10.);
#766=VECTOR('',#2918,10.);
#767=VECTOR('',#2919,10.);
#768=VECTOR('',#2924,10.);
#769=VECTOR('',#2927,10.);
#770=VECTOR('',#2930,10.);
#771=VECTOR('',#2933,10.);
#772=VECTOR('',#2936,10.);
#773=VECTOR('',#2937,10.);
#774=VECTOR('',#2938,10.);
#775=VECTOR('',#2939,10.);
#776=VECTOR('',#2944,10.);
#777=VECTOR('',#2947,10.);
#778=VECTOR('',#2950,10.);
#779=VECTOR('',#2951,10.);
#780=VECTOR('',#2952,10.);
#781=VECTOR('',#2953,10.);
#782=VECTOR('',#2954,10.);
#783=VECTOR('',#2957,10.);
#784=VECTOR('',#2960,10.);
#785=VECTOR('',#2961,10.);
#786=VECTOR('',#2962,10.);
#787=VECTOR('',#2965,10.);
#788=VECTOR('',#2966,10.);
#789=VECTOR('',#2967,10.);
#790=VECTOR('',#2970,10.);
#791=VECTOR('',#2971,10.);
#792=VECTOR('',#2972,10.);
#793=VECTOR('',#2973,10.);
#794=VECTOR('',#2976,10.);
#795=VECTOR('',#2979,10.);
#796=VECTOR('',#2984,10.);
#797=VECTOR('',#2985,10.);
#798=VECTOR('',#2986,10.);
#799=VECTOR('',#2989,10.);
#800=VECTOR('',#2990,10.);
#801=VECTOR('',#2991,10.);
#802=VECTOR('',#2994,10.);
#803=VECTOR('',#2995,10.);
#804=VECTOR('',#2996,10.);
#805=VECTOR('',#2999,10.);
#806=VECTOR('',#3000,10.);
#807=VECTOR('',#3001,10.);
#808=VECTOR('',#3004,10.);
#809=VECTOR('',#3005,10.);
#810=VECTOR('',#3006,10.);
#811=VECTOR('',#3009,10.);
#812=VECTOR('',#3010,10.);
#813=VECTOR('',#3015,10.);
#814=VECTOR('',#3016,10.);
#815=VECTOR('',#3017,10.);
#816=VECTOR('',#3020,10.);
#817=VECTOR('',#3025,10.);
#818=VECTOR('',#3026,10.);
#819=VECTOR('',#3031,10.);
#820=VECTOR('',#3034,10.);
#821=VECTOR('',#3037,10.);
#822=VECTOR('',#3038,10.);
#823=VECTOR('',#3043,10.);
#824=VECTOR('',#3044,10.);
#825=VECTOR('',#3045,10.);
#826=VECTOR('',#3048,10.);
#827=VECTOR('',#3053,10.);
#828=VECTOR('',#3054,10.);
#829=VECTOR('',#3059,10.);
#830=VECTOR('',#3062,10.);
#831=VECTOR('',#3065,10.);
#832=VECTOR('',#3066,10.);
#833=VECTOR('',#3069,10.);
#834=VECTOR('',#3070,10.);
#835=VECTOR('',#3077,10.);
#836=VECTOR('',#3078,10.);
#837=VECTOR('',#3081,10.);
#838=VECTOR('',#3082,10.);
#839=VECTOR('',#3087,10.);
#840=VECTOR('',#3090,10.);
#841=VECTOR('',#3093,10.);
#842=VECTOR('',#3094,10.);
#843=VECTOR('',#3097,10.);
#844=VECTOR('',#3098,10.);
#845=VECTOR('',#3105,10.);
#846=VECTOR('',#3106,10.);
#847=VECTOR('',#3109,10.);
#848=VECTOR('',#3110,10.);
#849=VECTOR('',#3115,10.);
#850=VECTOR('',#3118,10.);
#851=VECTOR('',#3121,10.);
#852=VECTOR('',#3122,10.);
#853=VECTOR('',#3125,10.);
#854=VECTOR('',#3128,10.);
#855=VECTOR('',#3131,10.);
#856=VECTOR('',#3132,10.);
#857=VECTOR('',#3139,10.);
#858=VECTOR('',#3142,10.);
#859=VECTOR('',#3145,10.);
#860=VECTOR('',#3150,10.);
#861=VECTOR('',#3155,10.);
#862=VECTOR('',#3158,10.);
#863=VECTOR('',#3161,10.);
#864=VECTOR('',#3162,10.);
#865=VECTOR('',#3165,10.);
#866=VECTOR('',#3170,10.);
#867=VECTOR('',#3171,10.);
#868=VECTOR('',#3174,10.);
#869=VECTOR('',#3181,10.);
#870=VECTOR('',#3182,10.);
#871=VECTOR('',#3187,10.);
#872=VECTOR('',#3190,10.);
#873=VECTOR('',#3193,10.);
#874=VECTOR('',#3194,10.);
#875=VECTOR('',#3197,10.);
#876=VECTOR('',#3202,10.);
#877=VECTOR('',#3207,10.);
#878=VECTOR('',#3210,10.);
#879=VECTOR('',#3217,10.);
#880=VECTOR('',#3218,10.);
#881=VECTOR('',#3219,10.);
#882=VECTOR('',#3222,10.);
#883=VECTOR('',#3227,10.);
#884=VECTOR('',#3230,10.);
#885=VECTOR('',#3233,10.);
#886=VECTOR('',#3234,10.);
#887=VECTOR('',#3241,10.);
#888=VECTOR('',#3244,10.);
#889=VECTOR('',#3251,10.);
#890=VECTOR('',#3254,10.);
#891=VECTOR('',#3259,10.);
#892=VECTOR('',#3262,10.);
#893=VECTOR('',#3265,10.);
#894=VECTOR('',#3266,10.);
#895=VECTOR('',#3267,10.);
#896=VECTOR('',#3268,10.);
#897=VECTOR('',#3269,10.);
#898=VECTOR('',#3274,10.);
#899=VECTOR('',#3275,10.);
#900=VECTOR('',#3276,10.);
#901=VECTOR('',#3277,10.);
#902=VECTOR('',#3278,10.);
#903=VECTOR('',#3283,10.);
#904=VECTOR('',#3284,10.);
#905=VECTOR('',#3285,10.);
#906=VECTOR('',#3286,10.);
#907=VECTOR('',#3293,10.);
#908=VECTOR('',#3294,10.);
#909=VECTOR('',#3295,10.);
#910=VECTOR('',#3300,10.);
#911=VECTOR('',#3301,10.);
#912=VECTOR('',#3302,10.);
#913=VECTOR('',#3303,10.);
#914=VECTOR('',#3304,10.);
#915=VECTOR('',#3311,10.);
#916=VECTOR('',#3312,10.);
#917=VECTOR('',#3313,10.);
#918=VECTOR('',#3316,10.);
#919=VECTOR('',#3317,10.);
#920=VECTOR('',#3318,10.);
#921=VECTOR('',#3319,10.);
#922=VECTOR('',#3322,10.);
#923=VECTOR('',#3323,10.);
#924=VECTOR('',#3324,10.);
#925=VECTOR('',#3329,10.);
#926=VECTOR('',#3334,10.);
#927=VECTOR('',#3337,10.);
#928=VECTOR('',#3340,10.);
#929=VECTOR('',#3341,10.);
#930=VECTOR('',#3344,10.);
#931=VECTOR('',#3345,10.);
#932=VECTOR('',#3348,10.);
#933=VECTOR('',#3349,10.);
#934=VECTOR('',#3350,10.);
#935=VECTOR('',#3351,10.);
#936=VECTOR('',#3354,10.);
#937=VECTOR('',#3357,10.);
#938=VECTOR('',#3360,10.);
#939=VECTOR('',#3365,10.);
#940=VECTOR('',#3368,10.);
#941=VECTOR('',#3369,10.);
#942=VECTOR('',#3372,10.);
#943=VECTOR('',#3377,10.);
#944=VECTOR('',#3382,10.);
#945=VECTOR('',#3387,10.);
#946=VECTOR('',#3390,10.);
#947=VECTOR('',#3393,10.);
#948=VECTOR('',#3394,10.);
#949=VECTOR('',#3395,10.);
#950=VECTOR('',#3404,10.);
#951=VECTOR('',#3409,10.);
#952=VECTOR('',#3412,10.);
#953=VECTOR('',#3419,10.);
#954=VECTOR('',#3422,10.);
#955=VECTOR('',#3427,10.);
#956=VECTOR('',#3428,10.);
#957=VECTOR('',#3435,10.);
#958=VECTOR('',#3440,10.);
#959=VECTOR('',#3441,10.);
#960=VECTOR('',#3444,10.);
#961=VECTOR('',#3449,10.);
#962=VECTOR('',#3450,10.);
#963=VECTOR('',#3457,10.);
#964=VECTOR('',#3460,10.);
#965=VECTOR('',#3461,10.);
#966=VECTOR('',#3462,10.);
#967=VECTOR('',#3463,10.);
#968=VECTOR('',#3470,10.);
#969=VECTOR('',#3473,10.);
#970=VECTOR('',#3474,10.);
#971=VECTOR('',#3475,10.);
#972=VECTOR('',#3482,10.);
#973=VECTOR('',#3485,10.);
#974=VECTOR('',#3486,10.);
#975=VECTOR('',#3487,10.);
#976=VECTOR('',#3494,10.);
#977=VECTOR('',#3497,10.);
#978=VECTOR('',#3498,10.);
#979=VECTOR('',#3499,10.);
#980=VECTOR('',#3508,10.);
#981=VECTOR('',#3511,10.);
#982=VECTOR('',#3514,10.);
#983=VECTOR('',#3519,10.);
#984=VECTOR('',#3520,10.);
#985=VECTOR('',#3527,10.);
#986=VECTOR('',#3532,10.);
#987=VECTOR('',#3533,10.);
#988=VECTOR('',#3540,10.);
#989=VECTOR('',#3545,10.);
#990=VECTOR('',#3546,10.);
#991=VECTOR('',#3549,10.);
#992=VECTOR('',#3554,10.);
#993=VECTOR('',#3557,1.7);
#994=VECTOR('',#3562,1.7);
#995=VECTOR('',#3567,1.7);
#996=VECTOR('',#3572,1.7);
#997=VECTOR('',#3577,10.);
#998=VECTOR('',#3580,10.);
#999=VERTEX_POINT('',#3587);
#1000=VERTEX_POINT('',#3588);
#1001=VERTEX_POINT('',#3590);
#1002=VERTEX_POINT('',#3592);
#1003=VERTEX_POINT('',#3594);
#1004=VERTEX_POINT('',#3596);
#1005=VERTEX_POINT('',#3598);
#1006=VERTEX_POINT('',#3600);
#1007=VERTEX_POINT('',#3604);
#1008=VERTEX_POINT('',#3605);
#1009=VERTEX_POINT('',#3607);
#1010=VERTEX_POINT('',#3609);
#1011=VERTEX_POINT('',#3613);
#1012=VERTEX_POINT('',#3615);
#1013=VERTEX_POINT('',#3617);
#1014=VERTEX_POINT('',#3619);
#1015=VERTEX_POINT('',#3621);
#1016=VERTEX_POINT('',#3623);
#1017=VERTEX_POINT('',#3625);
#1018=VERTEX_POINT('',#3627);
#1019=VERTEX_POINT('',#3629);
#1020=VERTEX_POINT('',#3631);
#1021=VERTEX_POINT('',#3633);
#1022=VERTEX_POINT('',#3635);
#1023=VERTEX_POINT('',#3637);
#1024=VERTEX_POINT('',#3639);
#1025=VERTEX_POINT('',#3641);
#1026=VERTEX_POINT('',#3643);
#1027=VERTEX_POINT('',#3645);
#1028=VERTEX_POINT('',#3647);
#1029=VERTEX_POINT('',#3649);
#1030=VERTEX_POINT('',#3651);
#1031=VERTEX_POINT('',#3653);
#1032=VERTEX_POINT('',#3655);
#1033=VERTEX_POINT('',#3657);
#1034=VERTEX_POINT('',#3659);
#1035=VERTEX_POINT('',#3661);
#1036=VERTEX_POINT('',#3663);
#1037=VERTEX_POINT('',#3665);
#1038=VERTEX_POINT('',#3667);
#1039=VERTEX_POINT('',#3669);
#1040=VERTEX_POINT('',#3671);
#1041=VERTEX_POINT('',#3673);
#1042=VERTEX_POINT('',#3675);
#1043=VERTEX_POINT('',#3677);
#1044=VERTEX_POINT('',#3679);
#1045=VERTEX_POINT('',#3683);
#1046=VERTEX_POINT('',#3686);
#1047=VERTEX_POINT('',#3688);
#1048=VERTEX_POINT('',#3690);
#1049=VERTEX_POINT('',#3692);
#1050=VERTEX_POINT('',#3694);
#1051=VERTEX_POINT('',#3696);
#1052=VERTEX_POINT('',#3700);
#1053=VERTEX_POINT('',#3704);
#1054=VERTEX_POINT('',#3706);
#1055=VERTEX_POINT('',#3712);
#1056=VERTEX_POINT('',#3713);
#1057=VERTEX_POINT('',#3715);
#1058=VERTEX_POINT('',#3717);
#1059=VERTEX_POINT('',#3721);
#1060=VERTEX_POINT('',#3722);
#1061=VERTEX_POINT('',#3724);
#1062=VERTEX_POINT('',#3726);
#1063=VERTEX_POINT('',#3731);
#1064=VERTEX_POINT('',#3733);
#1065=VERTEX_POINT('',#3736);
#1066=VERTEX_POINT('',#3738);
#1067=VERTEX_POINT('',#3740);
#1068=VERTEX_POINT('',#3742);
#1069=VERTEX_POINT('',#3744);
#1070=VERTEX_POINT('',#3746);
#1071=VERTEX_POINT('',#3750);
#1072=VERTEX_POINT('',#3752);
#1073=VERTEX_POINT('',#3756);
#1074=VERTEX_POINT('',#3758);
#1075=VERTEX_POINT('',#3760);
#1076=VERTEX_POINT('',#3764);
#1077=VERTEX_POINT('',#3766);
#1078=VERTEX_POINT('',#3768);
#1079=VERTEX_POINT('',#3772);
#1080=VERTEX_POINT('',#3774);
#1081=VERTEX_POINT('',#3776);
#1082=VERTEX_POINT('',#3778);
#1083=VERTEX_POINT('',#3780);
#1084=VERTEX_POINT('',#3782);
#1085=VERTEX_POINT('',#3784);
#1086=VERTEX_POINT('',#3786);
#1087=VERTEX_POINT('',#3788);
#1088=VERTEX_POINT('',#3790);
#1089=VERTEX_POINT('',#3792);
#1090=VERTEX_POINT('',#3794);
#1091=VERTEX_POINT('',#3796);
#1092=VERTEX_POINT('',#3798);
#1093=VERTEX_POINT('',#3800);
#1094=VERTEX_POINT('',#3802);
#1095=VERTEX_POINT('',#3804);
#1096=VERTEX_POINT('',#3806);
#1097=VERTEX_POINT('',#3808);
#1098=VERTEX_POINT('',#3810);
#1099=VERTEX_POINT('',#3812);
#1100=VERTEX_POINT('',#3816);
#1101=VERTEX_POINT('',#3817);
#1102=VERTEX_POINT('',#3819);
#1103=VERTEX_POINT('',#3824);
#1104=VERTEX_POINT('',#3828);
#1105=VERTEX_POINT('',#3830);
#1106=VERTEX_POINT('',#3834);
#1107=VERTEX_POINT('',#3836);
#1108=VERTEX_POINT('',#3840);
#1109=VERTEX_POINT('',#3844);
#1110=VERTEX_POINT('',#3845);
#1111=VERTEX_POINT('',#3847);
#1112=VERTEX_POINT('',#3852);
#1113=VERTEX_POINT('',#3856);
#1114=VERTEX_POINT('',#3858);
#1115=VERTEX_POINT('',#3862);
#1116=VERTEX_POINT('',#3864);
#1117=VERTEX_POINT('',#3868);
#1118=VERTEX_POINT('',#3872);
#1119=VERTEX_POINT('',#3874);
#1120=VERTEX_POINT('',#3878);
#1121=VERTEX_POINT('',#3879);
#1122=VERTEX_POINT('',#3884);
#1123=VERTEX_POINT('',#3886);
#1124=VERTEX_POINT('',#3890);
#1125=VERTEX_POINT('',#3892);
#1126=VERTEX_POINT('',#3896);
#1127=VERTEX_POINT('',#3900);
#1128=VERTEX_POINT('',#3902);
#1129=VERTEX_POINT('',#3906);
#1130=VERTEX_POINT('',#3907);
#1131=VERTEX_POINT('',#3912);
#1132=VERTEX_POINT('',#3914);
#1133=VERTEX_POINT('',#3918);
#1134=VERTEX_POINT('',#3920);
#1135=VERTEX_POINT('',#3924);
#1136=VERTEX_POINT('',#3928);
#1137=VERTEX_POINT('',#3930);
#1138=VERTEX_POINT('',#3934);
#1139=VERTEX_POINT('',#3940);
#1140=VERTEX_POINT('',#3942);
#1141=VERTEX_POINT('',#3948);
#1142=VERTEX_POINT('',#3951);
#1143=VERTEX_POINT('',#3954);
#1144=VERTEX_POINT('',#3956);
#1145=VERTEX_POINT('',#3960);
#1146=VERTEX_POINT('',#3964);
#1147=VERTEX_POINT('',#3968);
#1148=VERTEX_POINT('',#3972);
#1149=VERTEX_POINT('',#3976);
#1150=VERTEX_POINT('',#3977);
#1151=VERTEX_POINT('',#3981);
#1152=VERTEX_POINT('',#3984);
#1153=VERTEX_POINT('',#3986);
#1154=VERTEX_POINT('',#3990);
#1155=VERTEX_POINT('',#3994);
#1156=VERTEX_POINT('',#3998);
#1157=VERTEX_POINT('',#4004);
#1158=VERTEX_POINT('',#4007);
#1159=VERTEX_POINT('',#4010);
#1160=VERTEX_POINT('',#4012);
#1161=VERTEX_POINT('',#4016);
#1162=VERTEX_POINT('',#4020);
#1163=VERTEX_POINT('',#4022);
#1164=VERTEX_POINT('',#4026);
#1165=VERTEX_POINT('',#4032);
#1166=VERTEX_POINT('',#4034);
#1167=VERTEX_POINT('',#4037);
#1168=VERTEX_POINT('',#4040);
#1169=VERTEX_POINT('',#4044);
#1170=VERTEX_POINT('',#4048);
#1171=VERTEX_POINT('',#4050);
#1172=VERTEX_POINT('',#4054);
#1173=VERTEX_POINT('',#4055);
#1174=VERTEX_POINT('',#4057);
#1175=VERTEX_POINT('',#4059);
#1176=VERTEX_POINT('',#4061);
#1177=VERTEX_POINT('',#4066);
#1178=VERTEX_POINT('',#4068);
#1179=VERTEX_POINT('',#4070);
#1180=VERTEX_POINT('',#4076);
#1181=VERTEX_POINT('',#4078);
#1182=VERTEX_POINT('',#4080);
#1183=VERTEX_POINT('',#4086);
#1184=VERTEX_POINT('',#4087);
#1185=VERTEX_POINT('',#4089);
#1186=VERTEX_POINT('',#4094);
#1187=VERTEX_POINT('',#4096);
#1188=VERTEX_POINT('',#4098);
#1189=VERTEX_POINT('',#4104);
#1190=VERTEX_POINT('',#4106);
#1191=VERTEX_POINT('',#4108);
#1192=VERTEX_POINT('',#4112);
#1193=VERTEX_POINT('',#4114);
#1194=VERTEX_POINT('',#4116);
#1195=VERTEX_POINT('',#4120);
#1196=VERTEX_POINT('',#4121);
#1197=VERTEX_POINT('',#4126);
#1198=VERTEX_POINT('',#4128);
#1199=VERTEX_POINT('',#4133);
#1200=VERTEX_POINT('',#4140);
#1201=VERTEX_POINT('',#4146);
#1202=VERTEX_POINT('',#4175);
#1203=VERTEX_POINT('',#4177);
#1204=VERTEX_POINT('',#4183);
#1205=VERTEX_POINT('',#4185);
#1206=VERTEX_POINT('',#4189);
#1207=VERTEX_POINT('',#4191);
#1208=VERTEX_POINT('',#4193);
#1209=VERTEX_POINT('',#4197);
#1210=VERTEX_POINT('',#4201);
#1211=VERTEX_POINT('',#4205);
#1212=VERTEX_POINT('',#4211);
#1213=VERTEX_POINT('',#4215);
#1214=VERTEX_POINT('',#4219);
#1215=VERTEX_POINT('',#4223);
#1216=VERTEX_POINT('',#4231);
#1217=VERTEX_POINT('',#4232);
#1218=VERTEX_POINT('',#4234);
#1219=VERTEX_POINT('',#4236);
#1220=VERTEX_POINT('',#4240);
#1221=VERTEX_POINT('',#4242);
#1222=VERTEX_POINT('',#4246);
#1223=VERTEX_POINT('',#4248);
#1224=VERTEX_POINT('',#4252);
#1225=VERTEX_POINT('',#4254);
#1226=VERTEX_POINT('',#4258);
#1227=VERTEX_POINT('',#4260);
#1228=VERTEX_POINT('',#4264);
#1229=VERTEX_POINT('',#4266);
#1230=VERTEX_POINT('',#4270);
#1231=VERTEX_POINT('',#4272);
#1232=VERTEX_POINT('',#4279);
#1233=VERTEX_POINT('',#4281);
#1234=VERTEX_POINT('',#4285);
#1235=VERTEX_POINT('',#4289);
#1236=VERTEX_POINT('',#4295);
#1237=VERTEX_POINT('',#4299);
#1238=VERTEX_POINT('',#4305);
#1239=VERTEX_POINT('',#4309);
#1240=VERTEX_POINT('',#4313);
#1241=VERTEX_POINT('',#4319);
#1242=VERTEX_POINT('',#4323);
#1243=VERTEX_POINT('',#4327);
#1244=VERTEX_POINT('',#4331);
#1245=EDGE_CURVE('',#999,#1000,#463,.T.);
#1246=EDGE_CURVE('',#1000,#1001,#464,.T.);
#1247=EDGE_CURVE('',#1002,#1001,#465,.T.);
#1248=EDGE_CURVE('',#1003,#1002,#466,.T.);
#1249=EDGE_CURVE('',#1004,#1003,#467,.T.);
#1250=EDGE_CURVE('',#1004,#1005,#468,.T.);
#1251=EDGE_CURVE('',#1005,#1006,#469,.T.);
#1252=EDGE_CURVE('',#1006,#999,#470,.T.);
#1253=EDGE_CURVE('',#1007,#1008,#43,.T.);
#1254=EDGE_CURVE('',#1008,#1009,#471,.T.);
#1255=EDGE_CURVE('',#1009,#1010,#44,.F.);
#1256=EDGE_CURVE('',#1010,#1007,#472,.T.);
#1257=EDGE_CURVE('',#1007,#1011,#473,.F.);
#1258=EDGE_CURVE('',#1011,#1012,#45,.T.);
#1259=EDGE_CURVE('',#1012,#1013,#474,.T.);
#1260=EDGE_CURVE('',#1013,#1014,#46,.T.);
#1261=EDGE_CURVE('',#1014,#1015,#475,.T.);
#1262=EDGE_CURVE('',#1015,#1016,#47,.T.);
#1263=EDGE_CURVE('',#1016,#1017,#476,.F.);
#1264=EDGE_CURVE('',#1017,#1018,#48,.T.);
#1265=EDGE_CURVE('',#1018,#1019,#477,.T.);
#1266=EDGE_CURVE('',#1019,#1020,#49,.T.);
#1267=EDGE_CURVE('',#1020,#1021,#478,.T.);
#1268=EDGE_CURVE('',#1021,#1022,#50,.T.);
#1269=EDGE_CURVE('',#1022,#1023,#479,.F.);
#1270=EDGE_CURVE('',#1023,#1024,#51,.T.);
#1271=EDGE_CURVE('',#1024,#1025,#480,.T.);
#1272=EDGE_CURVE('',#1025,#1026,#52,.T.);
#1273=EDGE_CURVE('',#1026,#1027,#481,.T.);
#1274=EDGE_CURVE('',#1027,#1028,#53,.T.);
#1275=EDGE_CURVE('',#1028,#1029,#482,.F.);
#1276=EDGE_CURVE('',#1029,#1030,#54,.T.);
#1277=EDGE_CURVE('',#1030,#1031,#483,.T.);
#1278=EDGE_CURVE('',#1031,#1032,#55,.T.);
#1279=EDGE_CURVE('',#1032,#1033,#484,.T.);
#1280=EDGE_CURVE('',#1033,#1034,#56,.T.);
#1281=EDGE_CURVE('',#1034,#1035,#485,.F.);
#1282=EDGE_CURVE('',#1036,#1035,#57,.T.);
#1283=EDGE_CURVE('',#1036,#1037,#486,.T.);
#1284=EDGE_CURVE('',#1037,#1038,#58,.T.);
#1285=EDGE_CURVE('',#1038,#1039,#487,.T.);
#1286=EDGE_CURVE('',#1039,#1040,#59,.T.);
#1287=EDGE_CURVE('',#1040,#1041,#488,.T.);
#1288=EDGE_CURVE('',#1041,#1042,#60,.T.);
#1289=EDGE_CURVE('',#1042,#1043,#489,.T.);
#1290=EDGE_CURVE('',#1044,#1043,#61,.T.);
#1291=EDGE_CURVE('',#1044,#1008,#490,.T.);
#1292=EDGE_CURVE('',#1010,#1045,#491,.T.);
#1293=EDGE_CURVE('',#1035,#1045,#492,.T.);
#1294=EDGE_CURVE('',#1046,#1034,#493,.T.);
#1295=EDGE_CURVE('',#1046,#1047,#494,.T.);
#1296=EDGE_CURVE('',#1048,#1047,#495,.T.);
#1297=EDGE_CURVE('',#1049,#1048,#496,.F.);
#1298=EDGE_CURVE('',#1050,#1049,#497,.T.);
#1299=EDGE_CURVE('',#1050,#1051,#498,.T.);
#1300=EDGE_CURVE('',#1051,#1011,#499,.T.);
#1301=EDGE_CURVE('',#1045,#1052,#62,.F.);
#1302=EDGE_CURVE('',#1052,#1036,#500,.T.);
#1303=EDGE_CURVE('',#1043,#1053,#501,.T.);
#1304=EDGE_CURVE('',#1053,#1054,#63,.F.);
#1305=EDGE_CURVE('',#1054,#1044,#502,.T.);
#1306=EDGE_CURVE('',#1009,#1054,#503,.T.);
#1307=EDGE_CURVE('',#1055,#1056,#504,.T.);
#1308=EDGE_CURVE('',#1055,#1057,#505,.T.);
#1309=EDGE_CURVE('',#1058,#1057,#506,.T.);
#1310=EDGE_CURVE('',#1056,#1058,#507,.T.);
#1311=EDGE_CURVE('',#1059,#1060,#64,.T.);
#1312=EDGE_CURVE('',#1060,#1061,#508,.T.);
#1313=EDGE_CURVE('',#1061,#1062,#65,.F.);
#1314=EDGE_CURVE('',#1062,#1059,#509,.T.);
#1315=EDGE_CURVE('',#1059,#1000,#510,.T.);
#1316=EDGE_CURVE('',#999,#1063,#511,.F.);
#1317=EDGE_CURVE('',#1063,#1064,#512,.T.);
#1318=EDGE_CURVE('',#1064,#1057,#513,.T.);
#1319=EDGE_CURVE('',#1055,#1065,#514,.T.);
#1320=EDGE_CURVE('',#1065,#1066,#66,.T.);
#1321=EDGE_CURVE('',#1066,#1067,#515,.T.);
#1322=EDGE_CURVE('',#1067,#1068,#67,.T.);
#1323=EDGE_CURVE('',#1068,#1069,#516,.T.);
#1324=EDGE_CURVE('',#1069,#1070,#517,.T.);
#1325=EDGE_CURVE('',#1070,#1060,#518,.F.);
#1326=EDGE_CURVE('',#1071,#1062,#519,.F.);
#1327=EDGE_CURVE('',#1072,#1071,#520,.T.);
#1328=EDGE_CURVE('',#1001,#1072,#521,.T.);
#1329=EDGE_CURVE('',#1073,#1070,#522,.F.);
#1330=EDGE_CURVE('',#1074,#1073,#523,.F.);
#1331=EDGE_CURVE('',#1075,#1074,#524,.F.);
#1332=EDGE_CURVE('',#1061,#1075,#525,.F.);
#1333=EDGE_CURVE('',#1072,#1076,#526,.T.);
#1334=EDGE_CURVE('',#1076,#1077,#68,.T.);
#1335=EDGE_CURVE('',#1077,#1078,#527,.T.);
#1336=EDGE_CURVE('',#1002,#1078,#69,.T.);
#1337=EDGE_CURVE('',#1075,#1079,#528,.T.);
#1338=EDGE_CURVE('',#1080,#1079,#529,.T.);
#1339=EDGE_CURVE('',#1080,#1081,#530,.T.);
#1340=EDGE_CURVE('',#1081,#1082,#70,.F.);
#1341=EDGE_CURVE('',#1082,#1083,#531,.F.);
#1342=EDGE_CURVE('',#1083,#1084,#532,.T.);
#1343=EDGE_CURVE('',#1085,#1084,#533,.T.);
#1344=EDGE_CURVE('',#1086,#1085,#71,.T.);
#1345=EDGE_CURVE('',#1087,#1086,#534,.T.);
#1346=EDGE_CURVE('',#1087,#1088,#535,.T.);
#1347=EDGE_CURVE('',#1089,#1088,#536,.T.);
#1348=EDGE_CURVE('',#1090,#1089,#72,.T.);
#1349=EDGE_CURVE('',#1091,#1090,#537,.T.);
#1350=EDGE_CURVE('',#1091,#1092,#538,.T.);
#1351=EDGE_CURVE('',#1093,#1092,#539,.T.);
#1352=EDGE_CURVE('',#1094,#1093,#73,.T.);
#1353=EDGE_CURVE('',#1095,#1094,#540,.T.);
#1354=EDGE_CURVE('',#1095,#1096,#541,.T.);
#1355=EDGE_CURVE('',#1097,#1096,#542,.T.);
#1356=EDGE_CURVE('',#1098,#1097,#74,.T.);
#1357=EDGE_CURVE('',#1099,#1098,#543,.T.);
#1358=EDGE_CURVE('',#1099,#1071,#544,.T.);
#1359=EDGE_CURVE('',#1100,#1101,#29,.T.);
#1360=EDGE_CURVE('',#1100,#1102,#545,.T.);
#1361=EDGE_CURVE('',#1102,#1085,#546,.T.);
#1362=EDGE_CURVE('',#1101,#1084,#547,.T.);
#1363=EDGE_CURVE('',#1103,#1086,#548,.T.);
#1364=EDGE_CURVE('',#1102,#1103,#75,.T.);
#1365=EDGE_CURVE('',#1087,#1104,#549,.T.);
#1366=EDGE_CURVE('',#1103,#1105,#550,.T.);
#1367=EDGE_CURVE('',#1104,#1105,#30,.T.);
#1368=EDGE_CURVE('',#1106,#1101,#551,.T.);
#1369=EDGE_CURVE('',#1107,#1106,#76,.T.);
#1370=EDGE_CURVE('',#1107,#1100,#552,.T.);
#1371=EDGE_CURVE('',#1083,#1108,#553,.T.);
#1372=EDGE_CURVE('',#1106,#1108,#554,.T.);
#1373=EDGE_CURVE('',#1109,#1110,#31,.T.);
#1374=EDGE_CURVE('',#1109,#1111,#555,.T.);
#1375=EDGE_CURVE('',#1111,#1089,#556,.T.);
#1376=EDGE_CURVE('',#1110,#1088,#557,.T.);
#1377=EDGE_CURVE('',#1112,#1090,#558,.T.);
#1378=EDGE_CURVE('',#1111,#1112,#77,.T.);
#1379=EDGE_CURVE('',#1091,#1113,#559,.T.);
#1380=EDGE_CURVE('',#1112,#1114,#560,.T.);
#1381=EDGE_CURVE('',#1113,#1114,#32,.T.);
#1382=EDGE_CURVE('',#1115,#1110,#561,.T.);
#1383=EDGE_CURVE('',#1115,#1116,#33,.T.);
#1384=EDGE_CURVE('',#1116,#1109,#562,.T.);
#1385=EDGE_CURVE('',#1117,#1104,#563,.T.);
#1386=EDGE_CURVE('',#1117,#1115,#564,.T.);
#1387=EDGE_CURVE('',#1118,#1094,#565,.T.);
#1388=EDGE_CURVE('',#1093,#1119,#566,.T.);
#1389=EDGE_CURVE('',#1119,#1118,#78,.T.);
#1390=EDGE_CURVE('',#1120,#1121,#34,.T.);
#1391=EDGE_CURVE('',#1120,#1119,#567,.T.);
#1392=EDGE_CURVE('',#1121,#1092,#568,.T.);
#1393=EDGE_CURVE('',#1095,#1122,#569,.T.);
#1394=EDGE_CURVE('',#1118,#1123,#570,.T.);
#1395=EDGE_CURVE('',#1122,#1123,#35,.T.);
#1396=EDGE_CURVE('',#1124,#1121,#571,.T.);
#1397=EDGE_CURVE('',#1124,#1125,#36,.T.);
#1398=EDGE_CURVE('',#1125,#1120,#572,.T.);
#1399=EDGE_CURVE('',#1126,#1113,#573,.T.);
#1400=EDGE_CURVE('',#1126,#1124,#574,.T.);
#1401=EDGE_CURVE('',#1127,#1098,#575,.T.);
#1402=EDGE_CURVE('',#1097,#1128,#576,.T.);
#1403=EDGE_CURVE('',#1128,#1127,#79,.T.);
#1404=EDGE_CURVE('',#1129,#1130,#37,.T.);
#1405=EDGE_CURVE('',#1129,#1128,#577,.T.);
#1406=EDGE_CURVE('',#1130,#1096,#578,.T.);
#1407=EDGE_CURVE('',#1099,#1131,#579,.T.);
#1408=EDGE_CURVE('',#1127,#1132,#580,.T.);
#1409=EDGE_CURVE('',#1131,#1132,#38,.T.);
#1410=EDGE_CURVE('',#1133,#1130,#581,.T.);
#1411=EDGE_CURVE('',#1133,#1134,#39,.T.);
#1412=EDGE_CURVE('',#1134,#1129,#582,.T.);
#1413=EDGE_CURVE('',#1135,#1122,#583,.T.);
#1414=EDGE_CURVE('',#1135,#1133,#584,.T.);
#1415=EDGE_CURVE('',#1013,#1136,#585,.T.);
#1416=EDGE_CURVE('',#1136,#1137,#80,.T.);
#1417=EDGE_CURVE('',#1014,#1137,#586,.T.);
#1418=EDGE_CURVE('',#1012,#1138,#587,.T.);
#1419=EDGE_CURVE('',#1138,#1136,#588,.T.);
#1420=EDGE_CURVE('',#1051,#1138,#81,.T.);
#1421=EDGE_CURVE('',#1015,#1139,#589,.T.);
#1422=EDGE_CURVE('',#1139,#1140,#82,.T.);
#1423=EDGE_CURVE('',#1140,#1016,#590,.T.);
#1424=EDGE_CURVE('',#1137,#1139,#591,.T.);
#1425=EDGE_CURVE('',#1141,#1050,#83,.T.);
#1426=EDGE_CURVE('',#1140,#1141,#592,.T.);
#1427=EDGE_CURVE('',#1142,#1142,#84,.T.);
#1428=EDGE_CURVE('',#1027,#1143,#593,.T.);
#1429=EDGE_CURVE('',#1143,#1144,#85,.T.);
#1430=EDGE_CURVE('',#1144,#1028,#594,.T.);
#1431=EDGE_CURVE('',#1026,#1145,#595,.T.);
#1432=EDGE_CURVE('',#1145,#1143,#596,.T.);
#1433=EDGE_CURVE('',#1025,#1146,#597,.T.);
#1434=EDGE_CURVE('',#1146,#1145,#86,.T.);
#1435=EDGE_CURVE('',#1024,#1147,#598,.T.);
#1436=EDGE_CURVE('',#1147,#1146,#599,.T.);
#1437=EDGE_CURVE('',#1148,#1023,#600,.T.);
#1438=EDGE_CURVE('',#1148,#1147,#87,.T.);
#1439=EDGE_CURVE('',#1149,#1150,#88,.T.);
#1440=EDGE_CURVE('',#1144,#1149,#601,.T.);
#1441=EDGE_CURVE('',#1150,#1148,#602,.T.);
#1442=EDGE_CURVE('',#1151,#1151,#89,.T.);
#1443=EDGE_CURVE('',#1031,#1152,#603,.T.);
#1444=EDGE_CURVE('',#1152,#1153,#90,.T.);
#1445=EDGE_CURVE('',#1032,#1153,#604,.T.);
#1446=EDGE_CURVE('',#1030,#1154,#605,.T.);
#1447=EDGE_CURVE('',#1154,#1152,#606,.T.);
#1448=EDGE_CURVE('',#1155,#1029,#607,.T.);
#1449=EDGE_CURVE('',#1155,#1154,#91,.T.);
#1450=EDGE_CURVE('',#1033,#1156,#608,.T.);
#1451=EDGE_CURVE('',#1156,#1046,#92,.T.);
#1452=EDGE_CURVE('',#1153,#1156,#609,.T.);
#1453=EDGE_CURVE('',#1157,#1155,#610,.T.);
#1454=EDGE_CURVE('',#1047,#1157,#93,.T.);
#1455=EDGE_CURVE('',#1158,#1158,#94,.T.);
#1456=EDGE_CURVE('',#1018,#1159,#611,.T.);
#1457=EDGE_CURVE('',#1159,#1160,#612,.T.);
#1458=EDGE_CURVE('',#1019,#1160,#613,.T.);
#1459=EDGE_CURVE('',#1161,#1017,#614,.T.);
#1460=EDGE_CURVE('',#1161,#1159,#95,.T.);
#1461=EDGE_CURVE('',#1021,#1162,#615,.T.);
#1462=EDGE_CURVE('',#1162,#1163,#96,.T.);
#1463=EDGE_CURVE('',#1163,#1022,#616,.T.);
#1464=EDGE_CURVE('',#1020,#1164,#617,.T.);
#1465=EDGE_CURVE('',#1164,#1162,#618,.T.);
#1466=EDGE_CURVE('',#1160,#1164,#97,.T.);
#1467=EDGE_CURVE('',#1165,#1161,#619,.T.);
#1468=EDGE_CURVE('',#1166,#1165,#98,.T.);
#1469=EDGE_CURVE('',#1163,#1166,#620,.T.);
#1470=EDGE_CURVE('',#1167,#1167,#99,.T.);
#1471=EDGE_CURVE('',#1168,#1049,#100,.F.);
#1472=EDGE_CURVE('',#1141,#1168,#621,.T.);
#1473=EDGE_CURVE('',#1157,#1169,#622,.T.);
#1474=EDGE_CURVE('',#1048,#1169,#101,.F.);
#1475=EDGE_CURVE('',#1165,#1170,#623,.T.);
#1476=EDGE_CURVE('',#1171,#1170,#102,.F.);
#1477=EDGE_CURVE('',#1166,#1171,#624,.T.);
#1478=EDGE_CURVE('',#1172,#1173,#625,.T.);
#1479=EDGE_CURVE('',#1174,#1172,#626,.T.);
#1480=EDGE_CURVE('',#1175,#1174,#627,.T.);
#1481=EDGE_CURVE('',#1176,#1175,#628,.T.);
#1482=EDGE_CURVE('',#1125,#1176,#629,.T.);
#1483=EDGE_CURVE('',#1173,#1126,#40,.T.);
#1484=EDGE_CURVE('',#1177,#1112,#630,.T.);
#1485=EDGE_CURVE('',#1178,#1177,#631,.T.);
#1486=EDGE_CURVE('',#1178,#1179,#632,.T.);
#1487=EDGE_CURVE('',#1172,#1179,#633,.T.);
#1488=EDGE_CURVE('',#1173,#1114,#634,.T.);
#1489=EDGE_CURVE('',#1180,#1176,#635,.T.);
#1490=EDGE_CURVE('',#1181,#1180,#636,.T.);
#1491=EDGE_CURVE('',#1182,#1181,#637,.T.);
#1492=EDGE_CURVE('',#1182,#1119,#638,.T.);
#1493=EDGE_CURVE('',#1180,#1175,#103,.T.);
#1494=EDGE_CURVE('',#1183,#1184,#639,.T.);
#1495=EDGE_CURVE('',#1185,#1183,#640,.T.);
#1496=EDGE_CURVE('',#1116,#1185,#641,.T.);
#1497=EDGE_CURVE('',#1184,#1117,#41,.T.);
#1498=EDGE_CURVE('',#1186,#1103,#642,.T.);
#1499=EDGE_CURVE('',#1187,#1186,#643,.T.);
#1500=EDGE_CURVE('',#1187,#1188,#644,.T.);
#1501=EDGE_CURVE('',#1183,#1188,#645,.T.);
#1502=EDGE_CURVE('',#1184,#1105,#646,.T.);
#1503=EDGE_CURVE('',#1189,#1135,#42,.T.);
#1504=EDGE_CURVE('',#1190,#1189,#647,.T.);
#1505=EDGE_CURVE('',#1191,#1190,#648,.T.);
#1506=EDGE_CURVE('',#1134,#1191,#649,.T.);
#1507=EDGE_CURVE('',#1192,#1191,#650,.T.);
#1508=EDGE_CURVE('',#1193,#1192,#651,.T.);
#1509=EDGE_CURVE('',#1194,#1193,#652,.T.);
#1510=EDGE_CURVE('',#1194,#1128,#653,.T.);
#1511=EDGE_CURVE('',#1195,#1196,#654,.T.);
#1512=EDGE_CURVE('',#1195,#1064,#655,.T.);
#1513=EDGE_CURVE('',#1196,#1063,#656,.T.);
#1514=EDGE_CURVE('',#1196,#1197,#104,.F.);
#1515=EDGE_CURVE('',#1197,#1198,#657,.T.);
#1516=EDGE_CURVE('',#1198,#1195,#105,.T.);
#1517=EDGE_CURVE('',#1108,#1006,#658,.F.);
#1518=EDGE_CURVE('',#1199,#1005,#106,.T.);
#1519=EDGE_CURVE('',#1199,#1107,#659,.T.);
#1520=EDGE_CURVE('',#1053,#1056,#660,.T.);
#1521=EDGE_CURVE('',#1052,#1058,#661,.T.);
#1522=EDGE_CURVE('',#1073,#1200,#662,.T.);
#1523=EDGE_CURVE('',#1200,#1069,#663,.T.);
#1524=EDGE_CURVE('',#1068,#1039,#664,.T.);
#1525=EDGE_CURVE('',#1080,#1038,#665,.T.);
#1526=EDGE_CURVE('',#1079,#1201,#666,.T.);
#1527=EDGE_CURVE('',#1200,#1201,#667,.T.);
#1528=EDGE_CURVE('',#1067,#1040,#668,.T.);
#1529=EDGE_CURVE('',#1066,#1041,#669,.T.);
#1530=EDGE_CURVE('',#1065,#1042,#670,.T.);
#1531=EDGE_CURVE('',#1076,#1131,#671,.T.);
#1532=EDGE_CURVE('',#1080,#1198,#672,.T.);
#1533=EDGE_CURVE('',#1081,#1197,#673,.T.);
#1534=EDGE_CURVE('',#1082,#1196,#674,.T.);
#1535=EDGE_CURVE('',#1201,#1074,#675,.T.);
#1536=EDGE_CURVE('',#1195,#1037,#676,.T.);
#1537=EDGE_CURVE('',#1077,#1132,#677,.T.);
#1538=EDGE_CURVE('',#1189,#1123,#678,.T.);
#1539=EDGE_CURVE('',#1202,#1185,#679,.T.);
#1540=EDGE_CURVE('',#1203,#1202,#680,.T.);
#1541=EDGE_CURVE('',#1203,#1111,#681,.T.);
#1542=EDGE_CURVE('',#1174,#1179,#107,.T.);
#1543=EDGE_CURVE('',#1204,#1188,#108,.T.);
#1544=EDGE_CURVE('',#1205,#1204,#682,.T.);
#1545=EDGE_CURVE('',#1202,#1205,#109,.T.);
#1546=EDGE_CURVE('',#1190,#1206,#683,.T.);
#1547=EDGE_CURVE('',#1207,#1206,#110,.T.);
#1548=EDGE_CURVE('',#1208,#1207,#684,.T.);
#1549=EDGE_CURVE('',#1192,#1208,#111,.T.);
#1550=EDGE_CURVE('',#1209,#1182,#112,.T.);
#1551=EDGE_CURVE('',#1209,#1118,#685,.T.);
#1552=EDGE_CURVE('',#1210,#1175,#686,.T.);
#1553=EDGE_CURVE('',#1181,#1210,#113,.T.);
#1554=EDGE_CURVE('',#1211,#1174,#687,.T.);
#1555=EDGE_CURVE('',#1210,#1211,#688,.T.);
#1556=EDGE_CURVE('',#1211,#1178,#114,.T.);
#1557=EDGE_CURVE('',#1212,#1203,#689,.T.);
#1558=EDGE_CURVE('',#1177,#1212,#115,.T.);
#1559=EDGE_CURVE('',#1213,#1202,#690,.T.);
#1560=EDGE_CURVE('',#1212,#1213,#691,.T.);
#1561=EDGE_CURVE('',#1214,#1205,#692,.T.);
#1562=EDGE_CURVE('',#1213,#1214,#116,.T.);
#1563=EDGE_CURVE('',#1215,#1204,#693,.T.);
#1564=EDGE_CURVE('',#1214,#1215,#694,.T.);
#1565=EDGE_CURVE('',#1215,#1187,#117,.T.);
#1566=EDGE_CURVE('',#1170,#1168,#695,.F.);
#1567=EDGE_CURVE('',#1216,#1217,#696,.T.);
#1568=EDGE_CURVE('',#1216,#1218,#697,.T.);
#1569=EDGE_CURVE('',#1219,#1218,#698,.T.);
#1570=EDGE_CURVE('',#1217,#1219,#699,.T.);
#1571=EDGE_CURVE('',#1217,#1220,#118,.T.);
#1572=EDGE_CURVE('',#1221,#1219,#119,.T.);
#1573=EDGE_CURVE('',#1220,#1221,#700,.T.);
#1574=EDGE_CURVE('',#1220,#1222,#701,.T.);
#1575=EDGE_CURVE('',#1223,#1221,#702,.T.);
#1576=EDGE_CURVE('',#1222,#1223,#703,.T.);
#1577=EDGE_CURVE('',#1222,#1224,#120,.T.);
#1578=EDGE_CURVE('',#1225,#1223,#121,.T.);
#1579=EDGE_CURVE('',#1224,#1225,#704,.T.);
#1580=EDGE_CURVE('',#1224,#1226,#705,.T.);
#1581=EDGE_CURVE('',#1227,#1225,#706,.T.);
#1582=EDGE_CURVE('',#1226,#1227,#707,.T.);
#1583=EDGE_CURVE('',#1226,#1228,#122,.T.);
#1584=EDGE_CURVE('',#1229,#1227,#123,.T.);
#1585=EDGE_CURVE('',#1228,#1229,#708,.T.);
#1586=EDGE_CURVE('',#1228,#1230,#709,.T.);
#1587=EDGE_CURVE('',#1231,#1229,#710,.T.);
#1588=EDGE_CURVE('',#1230,#1231,#711,.T.);
#1589=EDGE_CURVE('',#1230,#1216,#124,.T.);
#1590=EDGE_CURVE('',#1218,#1231,#125,.T.);
#1591=EDGE_CURVE('',#1169,#1232,#712,.F.);
#1592=EDGE_CURVE('',#1232,#1233,#126,.F.);
#1593=EDGE_CURVE('',#1233,#1171,#713,.F.);
#1594=EDGE_CURVE('',#1234,#1102,#714,.T.);
#1595=EDGE_CURVE('',#1186,#1234,#127,.T.);
#1596=EDGE_CURVE('',#1235,#1199,#715,.T.);
#1597=EDGE_CURVE('',#1234,#1235,#716,.T.);
#1598=EDGE_CURVE('',#1235,#1004,#128,.T.);
#1599=EDGE_CURVE('',#1236,#1078,#717,.T.);
#1600=EDGE_CURVE('',#1003,#1236,#129,.T.);
#1601=EDGE_CURVE('',#1237,#1127,#718,.T.);
#1602=EDGE_CURVE('',#1236,#1237,#719,.T.);
#1603=EDGE_CURVE('',#1237,#1194,#130,.T.);
#1604=EDGE_CURVE('',#1238,#1208,#720,.T.);
#1605=EDGE_CURVE('',#1193,#1238,#131,.T.);
#1606=EDGE_CURVE('',#1239,#1207,#721,.T.);
#1607=EDGE_CURVE('',#1238,#1239,#722,.T.);
#1608=EDGE_CURVE('',#1240,#1206,#723,.T.);
#1609=EDGE_CURVE('',#1239,#1240,#132,.T.);
#1610=EDGE_CURVE('',#1240,#1209,#724,.T.);
#1611=EDGE_CURVE('',#1151,#1241,#725,.T.);
#1612=EDGE_CURVE('',#1241,#1241,#133,.T.);
#1613=EDGE_CURVE('',#1158,#1242,#726,.T.);
#1614=EDGE_CURVE('',#1242,#1242,#134,.T.);
#1615=EDGE_CURVE('',#1167,#1243,#727,.T.);
#1616=EDGE_CURVE('',#1243,#1243,#135,.T.);
#1617=EDGE_CURVE('',#1142,#1244,#728,.T.);
#1618=EDGE_CURVE('',#1244,#1244,#136,.T.);
#1619=EDGE_CURVE('',#1149,#1232,#729,.T.);
#1620=EDGE_CURVE('',#1150,#1233,#730,.T.);
#1621=ORIENTED_EDGE('',*,*,#1245,.T.);
#1622=ORIENTED_EDGE('',*,*,#1246,.T.);
#1623=ORIENTED_EDGE('',*,*,#1247,.F.);
#1624=ORIENTED_EDGE('',*,*,#1248,.F.);
#1625=ORIENTED_EDGE('',*,*,#1249,.F.);
#1626=ORIENTED_EDGE('',*,*,#1250,.T.);
#1627=ORIENTED_EDGE('',*,*,#1251,.T.);
#1628=ORIENTED_EDGE('',*,*,#1252,.T.);
#1629=ORIENTED_EDGE('',*,*,#1253,.T.);
#1630=ORIENTED_EDGE('',*,*,#1254,.T.);
#1631=ORIENTED_EDGE('',*,*,#1255,.T.);
#1632=ORIENTED_EDGE('',*,*,#1256,.T.);
#1633=ORIENTED_EDGE('',*,*,#1253,.F.);
#1634=ORIENTED_EDGE('',*,*,#1257,.T.);
#1635=ORIENTED_EDGE('',*,*,#1258,.T.);
#1636=ORIENTED_EDGE('',*,*,#1259,.T.);
#1637=ORIENTED_EDGE('',*,*,#1260,.T.);
#1638=ORIENTED_EDGE('',*,*,#1261,.T.);
#1639=ORIENTED_EDGE('',*,*,#1262,.T.);
#1640=ORIENTED_EDGE('',*,*,#1263,.T.);
#1641=ORIENTED_EDGE('',*,*,#1264,.T.);
#1642=ORIENTED_EDGE('',*,*,#1265,.T.);
#1643=ORIENTED_EDGE('',*,*,#1266,.T.);
#1644=ORIENTED_EDGE('',*,*,#1267,.T.);
#1645=ORIENTED_EDGE('',*,*,#1268,.T.);
#1646=ORIENTED_EDGE('',*,*,#1269,.T.);
#1647=ORIENTED_EDGE('',*,*,#1270,.T.);
#1648=ORIENTED_EDGE('',*,*,#1271,.T.);
#1649=ORIENTED_EDGE('',*,*,#1272,.T.);
#1650=ORIENTED_EDGE('',*,*,#1273,.T.);
#1651=ORIENTED_EDGE('',*,*,#1274,.T.);
#1652=ORIENTED_EDGE('',*,*,#1275,.T.);
#1653=ORIENTED_EDGE('',*,*,#1276,.T.);
#1654=ORIENTED_EDGE('',*,*,#1277,.T.);
#1655=ORIENTED_EDGE('',*,*,#1278,.T.);
#1656=ORIENTED_EDGE('',*,*,#1279,.T.);
#1657=ORIENTED_EDGE('',*,*,#1280,.T.);
#1658=ORIENTED_EDGE('',*,*,#1281,.T.);
#1659=ORIENTED_EDGE('',*,*,#1282,.F.);
#1660=ORIENTED_EDGE('',*,*,#1283,.T.);
#1661=ORIENTED_EDGE('',*,*,#1284,.T.);
#1662=ORIENTED_EDGE('',*,*,#1285,.T.);
#1663=ORIENTED_EDGE('',*,*,#1286,.T.);
#1664=ORIENTED_EDGE('',*,*,#1287,.T.);
#1665=ORIENTED_EDGE('',*,*,#1288,.T.);
#1666=ORIENTED_EDGE('',*,*,#1289,.T.);
#1667=ORIENTED_EDGE('',*,*,#1290,.F.);
#1668=ORIENTED_EDGE('',*,*,#1291,.T.);
#1669=ORIENTED_EDGE('',*,*,#1256,.F.);
#1670=ORIENTED_EDGE('',*,*,#1292,.T.);
#1671=ORIENTED_EDGE('',*,*,#1293,.F.);
#1672=ORIENTED_EDGE('',*,*,#1281,.F.);
#1673=ORIENTED_EDGE('',*,*,#1294,.F.);
#1674=ORIENTED_EDGE('',*,*,#1295,.T.);
#1675=ORIENTED_EDGE('',*,*,#1296,.F.);
#1676=ORIENTED_EDGE('',*,*,#1297,.F.);
#1677=ORIENTED_EDGE('',*,*,#1298,.F.);
#1678=ORIENTED_EDGE('',*,*,#1299,.T.);
#1679=ORIENTED_EDGE('',*,*,#1300,.T.);
#1680=ORIENTED_EDGE('',*,*,#1257,.F.);
#1681=ORIENTED_EDGE('',*,*,#1282,.T.);
#1682=ORIENTED_EDGE('',*,*,#1293,.T.);
#1683=ORIENTED_EDGE('',*,*,#1301,.T.);
#1684=ORIENTED_EDGE('',*,*,#1302,.T.);
#1685=ORIENTED_EDGE('',*,*,#1290,.T.);
#1686=ORIENTED_EDGE('',*,*,#1303,.T.);
#1687=ORIENTED_EDGE('',*,*,#1304,.T.);
#1688=ORIENTED_EDGE('',*,*,#1305,.T.);
#1689=ORIENTED_EDGE('',*,*,#1254,.F.);
#1690=ORIENTED_EDGE('',*,*,#1291,.F.);
#1691=ORIENTED_EDGE('',*,*,#1305,.F.);
#1692=ORIENTED_EDGE('',*,*,#1306,.F.);
#1693=ORIENTED_EDGE('',*,*,#1307,.F.);
#1694=ORIENTED_EDGE('',*,*,#1308,.T.);
#1695=ORIENTED_EDGE('',*,*,#1309,.F.);
#1696=ORIENTED_EDGE('',*,*,#1310,.F.);
#1697=ORIENTED_EDGE('',*,*,#1311,.T.);
#1698=ORIENTED_EDGE('',*,*,#1312,.T.);
#1699=ORIENTED_EDGE('',*,*,#1313,.T.);
#1700=ORIENTED_EDGE('',*,*,#1314,.T.);
#1701=ORIENTED_EDGE('',*,*,#1311,.F.);
#1702=ORIENTED_EDGE('',*,*,#1315,.T.);
#1703=ORIENTED_EDGE('',*,*,#1245,.F.);
#1704=ORIENTED_EDGE('',*,*,#1316,.T.);
#1705=ORIENTED_EDGE('',*,*,#1317,.T.);
#1706=ORIENTED_EDGE('',*,*,#1318,.T.);
#1707=ORIENTED_EDGE('',*,*,#1308,.F.);
#1708=ORIENTED_EDGE('',*,*,#1319,.T.);
#1709=ORIENTED_EDGE('',*,*,#1320,.T.);
#1710=ORIENTED_EDGE('',*,*,#1321,.T.);
#1711=ORIENTED_EDGE('',*,*,#1322,.T.);
#1712=ORIENTED_EDGE('',*,*,#1323,.T.);
#1713=ORIENTED_EDGE('',*,*,#1324,.T.);
#1714=ORIENTED_EDGE('',*,*,#1325,.T.);
#1715=ORIENTED_EDGE('',*,*,#1314,.F.);
#1716=ORIENTED_EDGE('',*,*,#1326,.F.);
#1717=ORIENTED_EDGE('',*,*,#1327,.F.);
#1718=ORIENTED_EDGE('',*,*,#1328,.F.);
#1719=ORIENTED_EDGE('',*,*,#1246,.F.);
#1720=ORIENTED_EDGE('',*,*,#1315,.F.);
#1721=ORIENTED_EDGE('',*,*,#1312,.F.);
#1722=ORIENTED_EDGE('',*,*,#1325,.F.);
#1723=ORIENTED_EDGE('',*,*,#1329,.F.);
#1724=ORIENTED_EDGE('',*,*,#1330,.F.);
#1725=ORIENTED_EDGE('',*,*,#1331,.F.);
#1726=ORIENTED_EDGE('',*,*,#1332,.F.);
#1727=ORIENTED_EDGE('',*,*,#1328,.T.);
#1728=ORIENTED_EDGE('',*,*,#1333,.T.);
#1729=ORIENTED_EDGE('',*,*,#1334,.T.);
#1730=ORIENTED_EDGE('',*,*,#1335,.T.);
#1731=ORIENTED_EDGE('',*,*,#1336,.F.);
#1732=ORIENTED_EDGE('',*,*,#1247,.T.);
#1733=ORIENTED_EDGE('',*,*,#1326,.T.);
#1734=ORIENTED_EDGE('',*,*,#1313,.F.);
#1735=ORIENTED_EDGE('',*,*,#1332,.T.);
#1736=ORIENTED_EDGE('',*,*,#1337,.T.);
#1737=ORIENTED_EDGE('',*,*,#1338,.F.);
#1738=ORIENTED_EDGE('',*,*,#1339,.T.);
#1739=ORIENTED_EDGE('',*,*,#1340,.T.);
#1740=ORIENTED_EDGE('',*,*,#1341,.T.);
#1741=ORIENTED_EDGE('',*,*,#1342,.T.);
#1742=ORIENTED_EDGE('',*,*,#1343,.F.);
#1743=ORIENTED_EDGE('',*,*,#1344,.F.);
#1744=ORIENTED_EDGE('',*,*,#1345,.F.);
#1745=ORIENTED_EDGE('',*,*,#1346,.T.);
#1746=ORIENTED_EDGE('',*,*,#1347,.F.);
#1747=ORIENTED_EDGE('',*,*,#1348,.F.);
#1748=ORIENTED_EDGE('',*,*,#1349,.F.);
#1749=ORIENTED_EDGE('',*,*,#1350,.T.);
#1750=ORIENTED_EDGE('',*,*,#1351,.F.);
#1751=ORIENTED_EDGE('',*,*,#1352,.F.);
#1752=ORIENTED_EDGE('',*,*,#1353,.F.);
#1753=ORIENTED_EDGE('',*,*,#1354,.T.);
#1754=ORIENTED_EDGE('',*,*,#1355,.F.);
#1755=ORIENTED_EDGE('',*,*,#1356,.F.);
#1756=ORIENTED_EDGE('',*,*,#1357,.F.);
#1757=ORIENTED_EDGE('',*,*,#1358,.T.);
#1758=ORIENTED_EDGE('',*,*,#1359,.F.);
#1759=ORIENTED_EDGE('',*,*,#1360,.T.);
#1760=ORIENTED_EDGE('',*,*,#1361,.T.);
#1761=ORIENTED_EDGE('',*,*,#1343,.T.);
#1762=ORIENTED_EDGE('',*,*,#1362,.F.);
#1763=ORIENTED_EDGE('',*,*,#1363,.T.);
#1764=ORIENTED_EDGE('',*,*,#1344,.T.);
#1765=ORIENTED_EDGE('',*,*,#1361,.F.);
#1766=ORIENTED_EDGE('',*,*,#1364,.T.);
#1767=ORIENTED_EDGE('',*,*,#1365,.F.);
#1768=ORIENTED_EDGE('',*,*,#1345,.T.);
#1769=ORIENTED_EDGE('',*,*,#1363,.F.);
#1770=ORIENTED_EDGE('',*,*,#1366,.T.);
#1771=ORIENTED_EDGE('',*,*,#1367,.F.);
#1772=ORIENTED_EDGE('',*,*,#1359,.T.);
#1773=ORIENTED_EDGE('',*,*,#1368,.F.);
#1774=ORIENTED_EDGE('',*,*,#1369,.F.);
#1775=ORIENTED_EDGE('',*,*,#1370,.T.);
#1776=ORIENTED_EDGE('',*,*,#1362,.T.);
#1777=ORIENTED_EDGE('',*,*,#1342,.F.);
#1778=ORIENTED_EDGE('',*,*,#1371,.T.);
#1779=ORIENTED_EDGE('',*,*,#1372,.F.);
#1780=ORIENTED_EDGE('',*,*,#1368,.T.);
#1781=ORIENTED_EDGE('',*,*,#1373,.F.);
#1782=ORIENTED_EDGE('',*,*,#1374,.T.);
#1783=ORIENTED_EDGE('',*,*,#1375,.T.);
#1784=ORIENTED_EDGE('',*,*,#1347,.T.);
#1785=ORIENTED_EDGE('',*,*,#1376,.F.);
#1786=ORIENTED_EDGE('',*,*,#1377,.T.);
#1787=ORIENTED_EDGE('',*,*,#1348,.T.);
#1788=ORIENTED_EDGE('',*,*,#1375,.F.);
#1789=ORIENTED_EDGE('',*,*,#1378,.T.);
#1790=ORIENTED_EDGE('',*,*,#1379,.F.);
#1791=ORIENTED_EDGE('',*,*,#1349,.T.);
#1792=ORIENTED_EDGE('',*,*,#1377,.F.);
#1793=ORIENTED_EDGE('',*,*,#1380,.T.);
#1794=ORIENTED_EDGE('',*,*,#1381,.F.);
#1795=ORIENTED_EDGE('',*,*,#1373,.T.);
#1796=ORIENTED_EDGE('',*,*,#1382,.F.);
#1797=ORIENTED_EDGE('',*,*,#1383,.T.);
#1798=ORIENTED_EDGE('',*,*,#1384,.T.);
#1799=ORIENTED_EDGE('',*,*,#1365,.T.);
#1800=ORIENTED_EDGE('',*,*,#1385,.F.);
#1801=ORIENTED_EDGE('',*,*,#1386,.T.);
#1802=ORIENTED_EDGE('',*,*,#1382,.T.);
#1803=ORIENTED_EDGE('',*,*,#1376,.T.);
#1804=ORIENTED_EDGE('',*,*,#1346,.F.);
#1805=ORIENTED_EDGE('',*,*,#1387,.T.);
#1806=ORIENTED_EDGE('',*,*,#1352,.T.);
#1807=ORIENTED_EDGE('',*,*,#1388,.T.);
#1808=ORIENTED_EDGE('',*,*,#1389,.T.);
#1809=ORIENTED_EDGE('',*,*,#1390,.F.);
#1810=ORIENTED_EDGE('',*,*,#1391,.T.);
#1811=ORIENTED_EDGE('',*,*,#1388,.F.);
#1812=ORIENTED_EDGE('',*,*,#1351,.T.);
#1813=ORIENTED_EDGE('',*,*,#1392,.F.);
#1814=ORIENTED_EDGE('',*,*,#1393,.F.);
#1815=ORIENTED_EDGE('',*,*,#1353,.T.);
#1816=ORIENTED_EDGE('',*,*,#1387,.F.);
#1817=ORIENTED_EDGE('',*,*,#1394,.T.);
#1818=ORIENTED_EDGE('',*,*,#1395,.F.);
#1819=ORIENTED_EDGE('',*,*,#1390,.T.);
#1820=ORIENTED_EDGE('',*,*,#1396,.F.);
#1821=ORIENTED_EDGE('',*,*,#1397,.T.);
#1822=ORIENTED_EDGE('',*,*,#1398,.T.);
#1823=ORIENTED_EDGE('',*,*,#1379,.T.);
#1824=ORIENTED_EDGE('',*,*,#1399,.F.);
#1825=ORIENTED_EDGE('',*,*,#1400,.T.);
#1826=ORIENTED_EDGE('',*,*,#1396,.T.);
#1827=ORIENTED_EDGE('',*,*,#1392,.T.);
#1828=ORIENTED_EDGE('',*,*,#1350,.F.);
#1829=ORIENTED_EDGE('',*,*,#1401,.T.);
#1830=ORIENTED_EDGE('',*,*,#1356,.T.);
#1831=ORIENTED_EDGE('',*,*,#1402,.T.);
#1832=ORIENTED_EDGE('',*,*,#1403,.T.);
#1833=ORIENTED_EDGE('',*,*,#1404,.F.);
#1834=ORIENTED_EDGE('',*,*,#1405,.T.);
#1835=ORIENTED_EDGE('',*,*,#1402,.F.);
#1836=ORIENTED_EDGE('',*,*,#1355,.T.);
#1837=ORIENTED_EDGE('',*,*,#1406,.F.);
#1838=ORIENTED_EDGE('',*,*,#1407,.F.);
#1839=ORIENTED_EDGE('',*,*,#1357,.T.);
#1840=ORIENTED_EDGE('',*,*,#1401,.F.);
#1841=ORIENTED_EDGE('',*,*,#1408,.T.);
#1842=ORIENTED_EDGE('',*,*,#1409,.F.);
#1843=ORIENTED_EDGE('',*,*,#1404,.T.);
#1844=ORIENTED_EDGE('',*,*,#1410,.F.);
#1845=ORIENTED_EDGE('',*,*,#1411,.T.);
#1846=ORIENTED_EDGE('',*,*,#1412,.T.);
#1847=ORIENTED_EDGE('',*,*,#1393,.T.);
#1848=ORIENTED_EDGE('',*,*,#1413,.F.);
#1849=ORIENTED_EDGE('',*,*,#1414,.T.);
#1850=ORIENTED_EDGE('',*,*,#1410,.T.);
#1851=ORIENTED_EDGE('',*,*,#1406,.T.);
#1852=ORIENTED_EDGE('',*,*,#1354,.F.);
#1853=ORIENTED_EDGE('',*,*,#1260,.F.);
#1854=ORIENTED_EDGE('',*,*,#1415,.T.);
#1855=ORIENTED_EDGE('',*,*,#1416,.T.);
#1856=ORIENTED_EDGE('',*,*,#1417,.F.);
#1857=ORIENTED_EDGE('',*,*,#1259,.F.);
#1858=ORIENTED_EDGE('',*,*,#1418,.T.);
#1859=ORIENTED_EDGE('',*,*,#1419,.T.);
#1860=ORIENTED_EDGE('',*,*,#1415,.F.);
#1861=ORIENTED_EDGE('',*,*,#1258,.F.);
#1862=ORIENTED_EDGE('',*,*,#1300,.F.);
#1863=ORIENTED_EDGE('',*,*,#1420,.T.);
#1864=ORIENTED_EDGE('',*,*,#1418,.F.);
#1865=ORIENTED_EDGE('',*,*,#1262,.F.);
#1866=ORIENTED_EDGE('',*,*,#1421,.T.);
#1867=ORIENTED_EDGE('',*,*,#1422,.T.);
#1868=ORIENTED_EDGE('',*,*,#1423,.T.);
#1869=ORIENTED_EDGE('',*,*,#1261,.F.);
#1870=ORIENTED_EDGE('',*,*,#1417,.T.);
#1871=ORIENTED_EDGE('',*,*,#1424,.T.);
#1872=ORIENTED_EDGE('',*,*,#1421,.F.);
#1873=ORIENTED_EDGE('',*,*,#1424,.F.);
#1874=ORIENTED_EDGE('',*,*,#1416,.F.);
#1875=ORIENTED_EDGE('',*,*,#1419,.F.);
#1876=ORIENTED_EDGE('',*,*,#1420,.F.);
#1877=ORIENTED_EDGE('',*,*,#1299,.F.);
#1878=ORIENTED_EDGE('',*,*,#1425,.F.);
#1879=ORIENTED_EDGE('',*,*,#1426,.F.);
#1880=ORIENTED_EDGE('',*,*,#1422,.F.);
#1881=ORIENTED_EDGE('',*,*,#1427,.F.);
#1882=ORIENTED_EDGE('',*,*,#1274,.F.);
#1883=ORIENTED_EDGE('',*,*,#1428,.T.);
#1884=ORIENTED_EDGE('',*,*,#1429,.T.);
#1885=ORIENTED_EDGE('',*,*,#1430,.T.);
#1886=ORIENTED_EDGE('',*,*,#1273,.F.);
#1887=ORIENTED_EDGE('',*,*,#1431,.T.);
#1888=ORIENTED_EDGE('',*,*,#1432,.T.);
#1889=ORIENTED_EDGE('',*,*,#1428,.F.);
#1890=ORIENTED_EDGE('',*,*,#1272,.F.);
#1891=ORIENTED_EDGE('',*,*,#1433,.T.);
#1892=ORIENTED_EDGE('',*,*,#1434,.T.);
#1893=ORIENTED_EDGE('',*,*,#1431,.F.);
#1894=ORIENTED_EDGE('',*,*,#1271,.F.);
#1895=ORIENTED_EDGE('',*,*,#1435,.T.);
#1896=ORIENTED_EDGE('',*,*,#1436,.T.);
#1897=ORIENTED_EDGE('',*,*,#1433,.F.);
#1898=ORIENTED_EDGE('',*,*,#1270,.F.);
#1899=ORIENTED_EDGE('',*,*,#1437,.F.);
#1900=ORIENTED_EDGE('',*,*,#1438,.T.);
#1901=ORIENTED_EDGE('',*,*,#1435,.F.);
#1902=ORIENTED_EDGE('',*,*,#1439,.F.);
#1903=ORIENTED_EDGE('',*,*,#1440,.F.);
#1904=ORIENTED_EDGE('',*,*,#1429,.F.);
#1905=ORIENTED_EDGE('',*,*,#1432,.F.);
#1906=ORIENTED_EDGE('',*,*,#1434,.F.);
#1907=ORIENTED_EDGE('',*,*,#1436,.F.);
#1908=ORIENTED_EDGE('',*,*,#1438,.F.);
#1909=ORIENTED_EDGE('',*,*,#1441,.F.);
#1910=ORIENTED_EDGE('',*,*,#1442,.F.);
#1911=ORIENTED_EDGE('',*,*,#1278,.F.);
#1912=ORIENTED_EDGE('',*,*,#1443,.T.);
#1913=ORIENTED_EDGE('',*,*,#1444,.T.);
#1914=ORIENTED_EDGE('',*,*,#1445,.F.);
#1915=ORIENTED_EDGE('',*,*,#1277,.F.);
#1916=ORIENTED_EDGE('',*,*,#1446,.T.);
#1917=ORIENTED_EDGE('',*,*,#1447,.T.);
#1918=ORIENTED_EDGE('',*,*,#1443,.F.);
#1919=ORIENTED_EDGE('',*,*,#1276,.F.);
#1920=ORIENTED_EDGE('',*,*,#1448,.F.);
#1921=ORIENTED_EDGE('',*,*,#1449,.T.);
#1922=ORIENTED_EDGE('',*,*,#1446,.F.);
#1923=ORIENTED_EDGE('',*,*,#1280,.F.);
#1924=ORIENTED_EDGE('',*,*,#1450,.T.);
#1925=ORIENTED_EDGE('',*,*,#1451,.T.);
#1926=ORIENTED_EDGE('',*,*,#1294,.T.);
#1927=ORIENTED_EDGE('',*,*,#1279,.F.);
#1928=ORIENTED_EDGE('',*,*,#1445,.T.);
#1929=ORIENTED_EDGE('',*,*,#1452,.T.);
#1930=ORIENTED_EDGE('',*,*,#1450,.F.);
#1931=ORIENTED_EDGE('',*,*,#1452,.F.);
#1932=ORIENTED_EDGE('',*,*,#1444,.F.);
#1933=ORIENTED_EDGE('',*,*,#1447,.F.);
#1934=ORIENTED_EDGE('',*,*,#1449,.F.);
#1935=ORIENTED_EDGE('',*,*,#1453,.F.);
#1936=ORIENTED_EDGE('',*,*,#1454,.F.);
#1937=ORIENTED_EDGE('',*,*,#1295,.F.);
#1938=ORIENTED_EDGE('',*,*,#1451,.F.);
#1939=ORIENTED_EDGE('',*,*,#1455,.F.);
#1940=ORIENTED_EDGE('',*,*,#1265,.F.);
#1941=ORIENTED_EDGE('',*,*,#1456,.T.);
#1942=ORIENTED_EDGE('',*,*,#1457,.T.);
#1943=ORIENTED_EDGE('',*,*,#1458,.F.);
#1944=ORIENTED_EDGE('',*,*,#1264,.F.);
#1945=ORIENTED_EDGE('',*,*,#1459,.F.);
#1946=ORIENTED_EDGE('',*,*,#1460,.T.);
#1947=ORIENTED_EDGE('',*,*,#1456,.F.);
#1948=ORIENTED_EDGE('',*,*,#1268,.F.);
#1949=ORIENTED_EDGE('',*,*,#1461,.T.);
#1950=ORIENTED_EDGE('',*,*,#1462,.T.);
#1951=ORIENTED_EDGE('',*,*,#1463,.T.);
#1952=ORIENTED_EDGE('',*,*,#1267,.F.);
#1953=ORIENTED_EDGE('',*,*,#1464,.T.);
#1954=ORIENTED_EDGE('',*,*,#1465,.T.);
#1955=ORIENTED_EDGE('',*,*,#1461,.F.);
#1956=ORIENTED_EDGE('',*,*,#1266,.F.);
#1957=ORIENTED_EDGE('',*,*,#1458,.T.);
#1958=ORIENTED_EDGE('',*,*,#1466,.T.);
#1959=ORIENTED_EDGE('',*,*,#1464,.F.);
#1960=ORIENTED_EDGE('',*,*,#1466,.F.);
#1961=ORIENTED_EDGE('',*,*,#1457,.F.);
#1962=ORIENTED_EDGE('',*,*,#1460,.F.);
#1963=ORIENTED_EDGE('',*,*,#1467,.F.);
#1964=ORIENTED_EDGE('',*,*,#1468,.F.);
#1965=ORIENTED_EDGE('',*,*,#1469,.F.);
#1966=ORIENTED_EDGE('',*,*,#1462,.F.);
#1967=ORIENTED_EDGE('',*,*,#1465,.F.);
#1968=ORIENTED_EDGE('',*,*,#1470,.F.);
#1969=ORIENTED_EDGE('',*,*,#1425,.T.);
#1970=ORIENTED_EDGE('',*,*,#1298,.T.);
#1971=ORIENTED_EDGE('',*,*,#1471,.F.);
#1972=ORIENTED_EDGE('',*,*,#1472,.F.);
#1973=ORIENTED_EDGE('',*,*,#1454,.T.);
#1974=ORIENTED_EDGE('',*,*,#1473,.T.);
#1975=ORIENTED_EDGE('',*,*,#1474,.F.);
#1976=ORIENTED_EDGE('',*,*,#1296,.T.);
#1977=ORIENTED_EDGE('',*,*,#1468,.T.);
#1978=ORIENTED_EDGE('',*,*,#1475,.T.);
#1979=ORIENTED_EDGE('',*,*,#1476,.F.);
#1980=ORIENTED_EDGE('',*,*,#1477,.F.);
#1981=ORIENTED_EDGE('',*,*,#1478,.F.);
#1982=ORIENTED_EDGE('',*,*,#1479,.F.);
#1983=ORIENTED_EDGE('',*,*,#1480,.F.);
#1984=ORIENTED_EDGE('',*,*,#1481,.F.);
#1985=ORIENTED_EDGE('',*,*,#1482,.F.);
#1986=ORIENTED_EDGE('',*,*,#1397,.F.);
#1987=ORIENTED_EDGE('',*,*,#1400,.F.);
#1988=ORIENTED_EDGE('',*,*,#1483,.F.);
#1989=ORIENTED_EDGE('',*,*,#1380,.F.);
#1990=ORIENTED_EDGE('',*,*,#1484,.F.);
#1991=ORIENTED_EDGE('',*,*,#1485,.F.);
#1992=ORIENTED_EDGE('',*,*,#1486,.T.);
#1993=ORIENTED_EDGE('',*,*,#1487,.F.);
#1994=ORIENTED_EDGE('',*,*,#1478,.T.);
#1995=ORIENTED_EDGE('',*,*,#1488,.T.);
#1996=ORIENTED_EDGE('',*,*,#1381,.T.);
#1997=ORIENTED_EDGE('',*,*,#1488,.F.);
#1998=ORIENTED_EDGE('',*,*,#1483,.T.);
#1999=ORIENTED_EDGE('',*,*,#1399,.T.);
#2000=ORIENTED_EDGE('',*,*,#1391,.F.);
#2001=ORIENTED_EDGE('',*,*,#1398,.F.);
#2002=ORIENTED_EDGE('',*,*,#1482,.T.);
#2003=ORIENTED_EDGE('',*,*,#1489,.F.);
#2004=ORIENTED_EDGE('',*,*,#1490,.F.);
#2005=ORIENTED_EDGE('',*,*,#1491,.F.);
#2006=ORIENTED_EDGE('',*,*,#1492,.T.);
#2007=ORIENTED_EDGE('',*,*,#1481,.T.);
#2008=ORIENTED_EDGE('',*,*,#1493,.F.);
#2009=ORIENTED_EDGE('',*,*,#1489,.T.);
#2010=ORIENTED_EDGE('',*,*,#1494,.F.);
#2011=ORIENTED_EDGE('',*,*,#1495,.F.);
#2012=ORIENTED_EDGE('',*,*,#1496,.F.);
#2013=ORIENTED_EDGE('',*,*,#1383,.F.);
#2014=ORIENTED_EDGE('',*,*,#1386,.F.);
#2015=ORIENTED_EDGE('',*,*,#1497,.F.);
#2016=ORIENTED_EDGE('',*,*,#1366,.F.);
#2017=ORIENTED_EDGE('',*,*,#1498,.F.);
#2018=ORIENTED_EDGE('',*,*,#1499,.F.);
#2019=ORIENTED_EDGE('',*,*,#1500,.T.);
#2020=ORIENTED_EDGE('',*,*,#1501,.F.);
#2021=ORIENTED_EDGE('',*,*,#1494,.T.);
#2022=ORIENTED_EDGE('',*,*,#1502,.T.);
#2023=ORIENTED_EDGE('',*,*,#1367,.T.);
#2024=ORIENTED_EDGE('',*,*,#1502,.F.);
#2025=ORIENTED_EDGE('',*,*,#1497,.T.);
#2026=ORIENTED_EDGE('',*,*,#1385,.T.);
#2027=ORIENTED_EDGE('',*,*,#1503,.F.);
#2028=ORIENTED_EDGE('',*,*,#1504,.F.);
#2029=ORIENTED_EDGE('',*,*,#1505,.F.);
#2030=ORIENTED_EDGE('',*,*,#1506,.F.);
#2031=ORIENTED_EDGE('',*,*,#1411,.F.);
#2032=ORIENTED_EDGE('',*,*,#1414,.F.);
#2033=ORIENTED_EDGE('',*,*,#1405,.F.);
#2034=ORIENTED_EDGE('',*,*,#1412,.F.);
#2035=ORIENTED_EDGE('',*,*,#1506,.T.);
#2036=ORIENTED_EDGE('',*,*,#1507,.F.);
#2037=ORIENTED_EDGE('',*,*,#1508,.F.);
#2038=ORIENTED_EDGE('',*,*,#1509,.F.);
#2039=ORIENTED_EDGE('',*,*,#1510,.T.);
#2040=ORIENTED_EDGE('',*,*,#1511,.F.);
#2041=ORIENTED_EDGE('',*,*,#1512,.T.);
#2042=ORIENTED_EDGE('',*,*,#1317,.F.);
#2043=ORIENTED_EDGE('',*,*,#1513,.F.);
#2044=ORIENTED_EDGE('',*,*,#1511,.T.);
#2045=ORIENTED_EDGE('',*,*,#1514,.T.);
#2046=ORIENTED_EDGE('',*,*,#1515,.T.);
#2047=ORIENTED_EDGE('',*,*,#1516,.T.);
#2048=ORIENTED_EDGE('',*,*,#1517,.T.);
#2049=ORIENTED_EDGE('',*,*,#1251,.F.);
#2050=ORIENTED_EDGE('',*,*,#1518,.F.);
#2051=ORIENTED_EDGE('',*,*,#1519,.T.);
#2052=ORIENTED_EDGE('',*,*,#1369,.T.);
#2053=ORIENTED_EDGE('',*,*,#1372,.T.);
#2054=ORIENTED_EDGE('',*,*,#1292,.F.);
#2055=ORIENTED_EDGE('',*,*,#1255,.F.);
#2056=ORIENTED_EDGE('',*,*,#1306,.T.);
#2057=ORIENTED_EDGE('',*,*,#1304,.F.);
#2058=ORIENTED_EDGE('',*,*,#1520,.T.);
#2059=ORIENTED_EDGE('',*,*,#1310,.T.);
#2060=ORIENTED_EDGE('',*,*,#1521,.F.);
#2061=ORIENTED_EDGE('',*,*,#1301,.F.);
#2062=ORIENTED_EDGE('',*,*,#1522,.F.);
#2063=ORIENTED_EDGE('',*,*,#1329,.T.);
#2064=ORIENTED_EDGE('',*,*,#1324,.F.);
#2065=ORIENTED_EDGE('',*,*,#1523,.F.);
#2066=ORIENTED_EDGE('',*,*,#1524,.T.);
#2067=ORIENTED_EDGE('',*,*,#1285,.F.);
#2068=ORIENTED_EDGE('',*,*,#1525,.F.);
#2069=ORIENTED_EDGE('',*,*,#1338,.T.);
#2070=ORIENTED_EDGE('',*,*,#1526,.T.);
#2071=ORIENTED_EDGE('',*,*,#1527,.F.);
#2072=ORIENTED_EDGE('',*,*,#1523,.T.);
#2073=ORIENTED_EDGE('',*,*,#1323,.F.);
#2074=ORIENTED_EDGE('',*,*,#1528,.T.);
#2075=ORIENTED_EDGE('',*,*,#1286,.F.);
#2076=ORIENTED_EDGE('',*,*,#1524,.F.);
#2077=ORIENTED_EDGE('',*,*,#1322,.F.);
#2078=ORIENTED_EDGE('',*,*,#1529,.T.);
#2079=ORIENTED_EDGE('',*,*,#1287,.F.);
#2080=ORIENTED_EDGE('',*,*,#1528,.F.);
#2081=ORIENTED_EDGE('',*,*,#1321,.F.);
#2082=ORIENTED_EDGE('',*,*,#1530,.T.);
#2083=ORIENTED_EDGE('',*,*,#1288,.F.);
#2084=ORIENTED_EDGE('',*,*,#1529,.F.);
#2085=ORIENTED_EDGE('',*,*,#1320,.F.);
#2086=ORIENTED_EDGE('',*,*,#1303,.F.);
#2087=ORIENTED_EDGE('',*,*,#1289,.F.);
#2088=ORIENTED_EDGE('',*,*,#1530,.F.);
#2089=ORIENTED_EDGE('',*,*,#1319,.F.);
#2090=ORIENTED_EDGE('',*,*,#1307,.T.);
#2091=ORIENTED_EDGE('',*,*,#1520,.F.);
#2092=ORIENTED_EDGE('',*,*,#1327,.T.);
#2093=ORIENTED_EDGE('',*,*,#1358,.F.);
#2094=ORIENTED_EDGE('',*,*,#1407,.T.);
#2095=ORIENTED_EDGE('',*,*,#1531,.F.);
#2096=ORIENTED_EDGE('',*,*,#1333,.F.);
#2097=ORIENTED_EDGE('',*,*,#1339,.F.);
#2098=ORIENTED_EDGE('',*,*,#1532,.T.);
#2099=ORIENTED_EDGE('',*,*,#1515,.F.);
#2100=ORIENTED_EDGE('',*,*,#1533,.F.);
#2101=ORIENTED_EDGE('',*,*,#1340,.F.);
#2102=ORIENTED_EDGE('',*,*,#1533,.T.);
#2103=ORIENTED_EDGE('',*,*,#1514,.F.);
#2104=ORIENTED_EDGE('',*,*,#1534,.F.);
#2105=ORIENTED_EDGE('',*,*,#1341,.F.);
#2106=ORIENTED_EDGE('',*,*,#1534,.T.);
#2107=ORIENTED_EDGE('',*,*,#1513,.T.);
#2108=ORIENTED_EDGE('',*,*,#1316,.F.);
#2109=ORIENTED_EDGE('',*,*,#1252,.F.);
#2110=ORIENTED_EDGE('',*,*,#1517,.F.);
#2111=ORIENTED_EDGE('',*,*,#1371,.F.);
#2112=ORIENTED_EDGE('',*,*,#1337,.F.);
#2113=ORIENTED_EDGE('',*,*,#1331,.T.);
#2114=ORIENTED_EDGE('',*,*,#1535,.F.);
#2115=ORIENTED_EDGE('',*,*,#1526,.F.);
#2116=ORIENTED_EDGE('',*,*,#1522,.T.);
#2117=ORIENTED_EDGE('',*,*,#1527,.T.);
#2118=ORIENTED_EDGE('',*,*,#1535,.T.);
#2119=ORIENTED_EDGE('',*,*,#1330,.T.);
#2120=ORIENTED_EDGE('',*,*,#1525,.T.);
#2121=ORIENTED_EDGE('',*,*,#1284,.F.);
#2122=ORIENTED_EDGE('',*,*,#1536,.F.);
#2123=ORIENTED_EDGE('',*,*,#1516,.F.);
#2124=ORIENTED_EDGE('',*,*,#1532,.F.);
#2125=ORIENTED_EDGE('',*,*,#1302,.F.);
#2126=ORIENTED_EDGE('',*,*,#1521,.T.);
#2127=ORIENTED_EDGE('',*,*,#1309,.T.);
#2128=ORIENTED_EDGE('',*,*,#1318,.F.);
#2129=ORIENTED_EDGE('',*,*,#1512,.F.);
#2130=ORIENTED_EDGE('',*,*,#1536,.T.);
#2131=ORIENTED_EDGE('',*,*,#1283,.F.);
#2132=ORIENTED_EDGE('',*,*,#1409,.T.);
#2133=ORIENTED_EDGE('',*,*,#1537,.F.);
#2134=ORIENTED_EDGE('',*,*,#1334,.F.);
#2135=ORIENTED_EDGE('',*,*,#1531,.T.);
#2136=ORIENTED_EDGE('',*,*,#1395,.T.);
#2137=ORIENTED_EDGE('',*,*,#1538,.F.);
#2138=ORIENTED_EDGE('',*,*,#1503,.T.);
#2139=ORIENTED_EDGE('',*,*,#1413,.T.);
#2140=ORIENTED_EDGE('',*,*,#1374,.F.);
#2141=ORIENTED_EDGE('',*,*,#1384,.F.);
#2142=ORIENTED_EDGE('',*,*,#1496,.T.);
#2143=ORIENTED_EDGE('',*,*,#1539,.F.);
#2144=ORIENTED_EDGE('',*,*,#1540,.F.);
#2145=ORIENTED_EDGE('',*,*,#1541,.T.);
#2146=ORIENTED_EDGE('',*,*,#1479,.T.);
#2147=ORIENTED_EDGE('',*,*,#1487,.T.);
#2148=ORIENTED_EDGE('',*,*,#1542,.F.);
#2149=ORIENTED_EDGE('',*,*,#1495,.T.);
#2150=ORIENTED_EDGE('',*,*,#1501,.T.);
#2151=ORIENTED_EDGE('',*,*,#1543,.F.);
#2152=ORIENTED_EDGE('',*,*,#1544,.F.);
#2153=ORIENTED_EDGE('',*,*,#1545,.F.);
#2154=ORIENTED_EDGE('',*,*,#1539,.T.);
#2155=ORIENTED_EDGE('',*,*,#1505,.T.);
#2156=ORIENTED_EDGE('',*,*,#1546,.T.);
#2157=ORIENTED_EDGE('',*,*,#1547,.F.);
#2158=ORIENTED_EDGE('',*,*,#1548,.F.);
#2159=ORIENTED_EDGE('',*,*,#1549,.F.);
#2160=ORIENTED_EDGE('',*,*,#1507,.T.);
#2161=ORIENTED_EDGE('',*,*,#1389,.F.);
#2162=ORIENTED_EDGE('',*,*,#1492,.F.);
#2163=ORIENTED_EDGE('',*,*,#1550,.F.);
#2164=ORIENTED_EDGE('',*,*,#1551,.T.);
#2165=ORIENTED_EDGE('',*,*,#1493,.T.);
#2166=ORIENTED_EDGE('',*,*,#1552,.F.);
#2167=ORIENTED_EDGE('',*,*,#1553,.F.);
#2168=ORIENTED_EDGE('',*,*,#1490,.T.);
#2169=ORIENTED_EDGE('',*,*,#1480,.T.);
#2170=ORIENTED_EDGE('',*,*,#1554,.F.);
#2171=ORIENTED_EDGE('',*,*,#1555,.F.);
#2172=ORIENTED_EDGE('',*,*,#1552,.T.);
#2173=ORIENTED_EDGE('',*,*,#1542,.T.);
#2174=ORIENTED_EDGE('',*,*,#1486,.F.);
#2175=ORIENTED_EDGE('',*,*,#1556,.F.);
#2176=ORIENTED_EDGE('',*,*,#1554,.T.);
#2177=ORIENTED_EDGE('',*,*,#1378,.F.);
#2178=ORIENTED_EDGE('',*,*,#1541,.F.);
#2179=ORIENTED_EDGE('',*,*,#1557,.F.);
#2180=ORIENTED_EDGE('',*,*,#1558,.F.);
#2181=ORIENTED_EDGE('',*,*,#1484,.T.);
#2182=ORIENTED_EDGE('',*,*,#1540,.T.);
#2183=ORIENTED_EDGE('',*,*,#1559,.F.);
#2184=ORIENTED_EDGE('',*,*,#1560,.F.);
#2185=ORIENTED_EDGE('',*,*,#1557,.T.);
#2186=ORIENTED_EDGE('',*,*,#1545,.T.);
#2187=ORIENTED_EDGE('',*,*,#1561,.F.);
#2188=ORIENTED_EDGE('',*,*,#1562,.F.);
#2189=ORIENTED_EDGE('',*,*,#1559,.T.);
#2190=ORIENTED_EDGE('',*,*,#1544,.T.);
#2191=ORIENTED_EDGE('',*,*,#1563,.F.);
#2192=ORIENTED_EDGE('',*,*,#1564,.F.);
#2193=ORIENTED_EDGE('',*,*,#1561,.T.);
#2194=ORIENTED_EDGE('',*,*,#1543,.T.);
#2195=ORIENTED_EDGE('',*,*,#1500,.F.);
#2196=ORIENTED_EDGE('',*,*,#1565,.F.);
#2197=ORIENTED_EDGE('',*,*,#1563,.T.);
#2198=ORIENTED_EDGE('',*,*,#1426,.T.);
#2199=ORIENTED_EDGE('',*,*,#1472,.T.);
#2200=ORIENTED_EDGE('',*,*,#1566,.F.);
#2201=ORIENTED_EDGE('',*,*,#1475,.F.);
#2202=ORIENTED_EDGE('',*,*,#1467,.T.);
#2203=ORIENTED_EDGE('',*,*,#1459,.T.);
#2204=ORIENTED_EDGE('',*,*,#1263,.F.);
#2205=ORIENTED_EDGE('',*,*,#1423,.F.);
#2206=ORIENTED_EDGE('',*,*,#1567,.F.);
#2207=ORIENTED_EDGE('',*,*,#1568,.T.);
#2208=ORIENTED_EDGE('',*,*,#1569,.F.);
#2209=ORIENTED_EDGE('',*,*,#1570,.F.);
#2210=ORIENTED_EDGE('',*,*,#1571,.F.);
#2211=ORIENTED_EDGE('',*,*,#1570,.T.);
#2212=ORIENTED_EDGE('',*,*,#1572,.F.);
#2213=ORIENTED_EDGE('',*,*,#1573,.F.);
#2214=ORIENTED_EDGE('',*,*,#1574,.F.);
#2215=ORIENTED_EDGE('',*,*,#1573,.T.);
#2216=ORIENTED_EDGE('',*,*,#1575,.F.);
#2217=ORIENTED_EDGE('',*,*,#1576,.F.);
#2218=ORIENTED_EDGE('',*,*,#1577,.F.);
#2219=ORIENTED_EDGE('',*,*,#1576,.T.);
#2220=ORIENTED_EDGE('',*,*,#1578,.F.);
#2221=ORIENTED_EDGE('',*,*,#1579,.F.);
#2222=ORIENTED_EDGE('',*,*,#1580,.F.);
#2223=ORIENTED_EDGE('',*,*,#1579,.T.);
#2224=ORIENTED_EDGE('',*,*,#1581,.F.);
#2225=ORIENTED_EDGE('',*,*,#1582,.F.);
#2226=ORIENTED_EDGE('',*,*,#1583,.F.);
#2227=ORIENTED_EDGE('',*,*,#1582,.T.);
#2228=ORIENTED_EDGE('',*,*,#1584,.F.);
#2229=ORIENTED_EDGE('',*,*,#1585,.F.);
#2230=ORIENTED_EDGE('',*,*,#1586,.F.);
#2231=ORIENTED_EDGE('',*,*,#1585,.T.);
#2232=ORIENTED_EDGE('',*,*,#1587,.F.);
#2233=ORIENTED_EDGE('',*,*,#1588,.F.);
#2234=ORIENTED_EDGE('',*,*,#1589,.F.);
#2235=ORIENTED_EDGE('',*,*,#1588,.T.);
#2236=ORIENTED_EDGE('',*,*,#1590,.F.);
#2237=ORIENTED_EDGE('',*,*,#1568,.F.);
#2238=ORIENTED_EDGE('',*,*,#1474,.T.);
#2239=ORIENTED_EDGE('',*,*,#1591,.T.);
#2240=ORIENTED_EDGE('',*,*,#1592,.T.);
#2241=ORIENTED_EDGE('',*,*,#1593,.T.);
#2242=ORIENTED_EDGE('',*,*,#1476,.T.);
#2243=ORIENTED_EDGE('',*,*,#1566,.T.);
#2244=ORIENTED_EDGE('',*,*,#1471,.T.);
#2245=ORIENTED_EDGE('',*,*,#1297,.T.);
#2246=ORIENTED_EDGE('',*,*,#1590,.T.);
#2247=ORIENTED_EDGE('',*,*,#1587,.T.);
#2248=ORIENTED_EDGE('',*,*,#1584,.T.);
#2249=ORIENTED_EDGE('',*,*,#1581,.T.);
#2250=ORIENTED_EDGE('',*,*,#1578,.T.);
#2251=ORIENTED_EDGE('',*,*,#1575,.T.);
#2252=ORIENTED_EDGE('',*,*,#1572,.T.);
#2253=ORIENTED_EDGE('',*,*,#1569,.T.);
#2254=ORIENTED_EDGE('',*,*,#1364,.F.);
#2255=ORIENTED_EDGE('',*,*,#1594,.F.);
#2256=ORIENTED_EDGE('',*,*,#1595,.F.);
#2257=ORIENTED_EDGE('',*,*,#1498,.T.);
#2258=ORIENTED_EDGE('',*,*,#1360,.F.);
#2259=ORIENTED_EDGE('',*,*,#1370,.F.);
#2260=ORIENTED_EDGE('',*,*,#1519,.F.);
#2261=ORIENTED_EDGE('',*,*,#1596,.F.);
#2262=ORIENTED_EDGE('',*,*,#1597,.F.);
#2263=ORIENTED_EDGE('',*,*,#1594,.T.);
#2264=ORIENTED_EDGE('',*,*,#1518,.T.);
#2265=ORIENTED_EDGE('',*,*,#1250,.F.);
#2266=ORIENTED_EDGE('',*,*,#1598,.F.);
#2267=ORIENTED_EDGE('',*,*,#1596,.T.);
#2268=ORIENTED_EDGE('',*,*,#1336,.T.);
#2269=ORIENTED_EDGE('',*,*,#1599,.F.);
#2270=ORIENTED_EDGE('',*,*,#1600,.F.);
#2271=ORIENTED_EDGE('',*,*,#1248,.T.);
#2272=ORIENTED_EDGE('',*,*,#1408,.F.);
#2273=ORIENTED_EDGE('',*,*,#1601,.F.);
#2274=ORIENTED_EDGE('',*,*,#1602,.F.);
#2275=ORIENTED_EDGE('',*,*,#1599,.T.);
#2276=ORIENTED_EDGE('',*,*,#1335,.F.);
#2277=ORIENTED_EDGE('',*,*,#1537,.T.);
#2278=ORIENTED_EDGE('',*,*,#1403,.F.);
#2279=ORIENTED_EDGE('',*,*,#1510,.F.);
#2280=ORIENTED_EDGE('',*,*,#1603,.F.);
#2281=ORIENTED_EDGE('',*,*,#1601,.T.);
#2282=ORIENTED_EDGE('',*,*,#1549,.T.);
#2283=ORIENTED_EDGE('',*,*,#1604,.F.);
#2284=ORIENTED_EDGE('',*,*,#1605,.F.);
#2285=ORIENTED_EDGE('',*,*,#1508,.T.);
#2286=ORIENTED_EDGE('',*,*,#1548,.T.);
#2287=ORIENTED_EDGE('',*,*,#1606,.F.);
#2288=ORIENTED_EDGE('',*,*,#1607,.F.);
#2289=ORIENTED_EDGE('',*,*,#1604,.T.);
#2290=ORIENTED_EDGE('',*,*,#1547,.T.);
#2291=ORIENTED_EDGE('',*,*,#1608,.F.);
#2292=ORIENTED_EDGE('',*,*,#1609,.F.);
#2293=ORIENTED_EDGE('',*,*,#1606,.T.);
#2294=ORIENTED_EDGE('',*,*,#1394,.F.);
#2295=ORIENTED_EDGE('',*,*,#1551,.F.);
#2296=ORIENTED_EDGE('',*,*,#1610,.F.);
#2297=ORIENTED_EDGE('',*,*,#1608,.T.);
#2298=ORIENTED_EDGE('',*,*,#1546,.F.);
#2299=ORIENTED_EDGE('',*,*,#1504,.T.);
#2300=ORIENTED_EDGE('',*,*,#1538,.T.);
#2301=ORIENTED_EDGE('',*,*,#1442,.T.);
#2302=ORIENTED_EDGE('',*,*,#1611,.T.);
#2303=ORIENTED_EDGE('',*,*,#1612,.F.);
#2304=ORIENTED_EDGE('',*,*,#1611,.F.);
#2305=ORIENTED_EDGE('',*,*,#1455,.T.);
#2306=ORIENTED_EDGE('',*,*,#1613,.T.);
#2307=ORIENTED_EDGE('',*,*,#1614,.F.);
#2308=ORIENTED_EDGE('',*,*,#1613,.F.);
#2309=ORIENTED_EDGE('',*,*,#1470,.T.);
#2310=ORIENTED_EDGE('',*,*,#1615,.T.);
#2311=ORIENTED_EDGE('',*,*,#1616,.F.);
#2312=ORIENTED_EDGE('',*,*,#1615,.F.);
#2313=ORIENTED_EDGE('',*,*,#1427,.T.);
#2314=ORIENTED_EDGE('',*,*,#1617,.T.);
#2315=ORIENTED_EDGE('',*,*,#1618,.F.);
#2316=ORIENTED_EDGE('',*,*,#1617,.F.);
#2317=ORIENTED_EDGE('',*,*,#1440,.T.);
#2318=ORIENTED_EDGE('',*,*,#1619,.T.);
#2319=ORIENTED_EDGE('',*,*,#1591,.F.);
#2320=ORIENTED_EDGE('',*,*,#1473,.F.);
#2321=ORIENTED_EDGE('',*,*,#1453,.T.);
#2322=ORIENTED_EDGE('',*,*,#1448,.T.);
#2323=ORIENTED_EDGE('',*,*,#1275,.F.);
#2324=ORIENTED_EDGE('',*,*,#1430,.F.);
#2325=ORIENTED_EDGE('',*,*,#1439,.T.);
#2326=ORIENTED_EDGE('',*,*,#1620,.T.);
#2327=ORIENTED_EDGE('',*,*,#1592,.F.);
#2328=ORIENTED_EDGE('',*,*,#1619,.F.);
#2329=ORIENTED_EDGE('',*,*,#1437,.T.);
#2330=ORIENTED_EDGE('',*,*,#1269,.F.);
#2331=ORIENTED_EDGE('',*,*,#1463,.F.);
#2332=ORIENTED_EDGE('',*,*,#1469,.T.);
#2333=ORIENTED_EDGE('',*,*,#1477,.T.);
#2334=ORIENTED_EDGE('',*,*,#1593,.F.);
#2335=ORIENTED_EDGE('',*,*,#1620,.F.);
#2336=ORIENTED_EDGE('',*,*,#1441,.T.);
#2337=ORIENTED_EDGE('',*,*,#1567,.T.);
#2338=ORIENTED_EDGE('',*,*,#1571,.T.);
#2339=ORIENTED_EDGE('',*,*,#1574,.T.);
#2340=ORIENTED_EDGE('',*,*,#1577,.T.);
#2341=ORIENTED_EDGE('',*,*,#1580,.T.);
#2342=ORIENTED_EDGE('',*,*,#1583,.T.);
#2343=ORIENTED_EDGE('',*,*,#1586,.T.);
#2344=ORIENTED_EDGE('',*,*,#1589,.T.);
#2345=ORIENTED_EDGE('',*,*,#1618,.T.);
#2346=ORIENTED_EDGE('',*,*,#1616,.T.);
#2347=ORIENTED_EDGE('',*,*,#1614,.T.);
#2348=ORIENTED_EDGE('',*,*,#1612,.T.);
#2349=ORIENTED_EDGE('',*,*,#1499,.T.);
#2350=ORIENTED_EDGE('',*,*,#1595,.T.);
#2351=ORIENTED_EDGE('',*,*,#1597,.T.);
#2352=ORIENTED_EDGE('',*,*,#1598,.T.);
#2353=ORIENTED_EDGE('',*,*,#1249,.T.);
#2354=ORIENTED_EDGE('',*,*,#1600,.T.);
#2355=ORIENTED_EDGE('',*,*,#1602,.T.);
#2356=ORIENTED_EDGE('',*,*,#1603,.T.);
#2357=ORIENTED_EDGE('',*,*,#1509,.T.);
#2358=ORIENTED_EDGE('',*,*,#1605,.T.);
#2359=ORIENTED_EDGE('',*,*,#1607,.T.);
#2360=ORIENTED_EDGE('',*,*,#1609,.T.);
#2361=ORIENTED_EDGE('',*,*,#1610,.T.);
#2362=ORIENTED_EDGE('',*,*,#1550,.T.);
#2363=ORIENTED_EDGE('',*,*,#1491,.T.);
#2364=ORIENTED_EDGE('',*,*,#1553,.T.);
#2365=ORIENTED_EDGE('',*,*,#1555,.T.);
#2366=ORIENTED_EDGE('',*,*,#1556,.T.);
#2367=ORIENTED_EDGE('',*,*,#1485,.T.);
#2368=ORIENTED_EDGE('',*,*,#1558,.T.);
#2369=ORIENTED_EDGE('',*,*,#1560,.T.);
#2370=ORIENTED_EDGE('',*,*,#1562,.T.);
#2371=ORIENTED_EDGE('',*,*,#1564,.T.);
#2372=ORIENTED_EDGE('',*,*,#1565,.T.);
#2373=PLANE('',#2595);
#2374=PLANE('',#2599);
#2375=PLANE('',#2617);
#2376=PLANE('',#2622);
#2377=PLANE('',#2623);
#2378=PLANE('',#2627);
#2379=PLANE('',#2630);
#2380=PLANE('',#2631);
#2381=PLANE('',#2632);
#2382=PLANE('',#2635);
#2383=PLANE('',#2641);
#2384=PLANE('',#2645);
#2385=PLANE('',#2649);
#2386=PLANE('',#2650);
#2387=PLANE('',#2654);
#2388=PLANE('',#2658);
#2389=PLANE('',#2661);
#2390=PLANE('',#2663);
#2391=PLANE('',#2667);
#2392=PLANE('',#2670);
#2393=PLANE('',#2672);
#2394=PLANE('',#2676);
#2395=PLANE('',#2679);
#2396=PLANE('',#2684);
#2397=PLANE('',#2685);
#2398=PLANE('',#2690);
#2399=PLANE('',#2693);
#2400=PLANE('',#2696);
#2401=PLANE('',#2701);
#2402=PLANE('',#2706);
#2403=PLANE('',#2707);
#2404=PLANE('',#2710);
#2405=PLANE('',#2715);
#2406=PLANE('',#2718);
#2407=PLANE('',#2727);
#2408=PLANE('',#2729);
#2409=PLANE('',#2731);
#2410=PLANE('',#2732);
#2411=PLANE('',#2734);
#2412=PLANE('',#2736);
#2413=PLANE('',#2738);
#2414=PLANE('',#2740);
#2415=PLANE('',#2741);
#2416=PLANE('',#2742);
#2417=PLANE('',#2745);
#2418=PLANE('',#2747);
#2419=PLANE('',#2748);
#2420=PLANE('',#2749);
#2421=PLANE('',#2751);
#2422=PLANE('',#2753);
#2423=PLANE('',#2754);
#2424=PLANE('',#2755);
#2425=PLANE('',#2757);
#2426=PLANE('',#2758);
#2427=PLANE('',#2759);
#2428=PLANE('',#2761);
#2429=PLANE('',#2764);
#2430=PLANE('',#2765);
#2431=PLANE('',#2767);
#2432=PLANE('',#2770);
#2433=PLANE('',#2777);
#2434=PLANE('',#2782);
#2435=PLANE('',#2785);
#2436=PLANE('',#2788);
#2437=PLANE('',#2789);
#2438=PLANE('',#2793);
#2439=PLANE('',#2797);
#2440=PLANE('',#2801);
#2441=PLANE('',#2805);
#2442=PLANE('',#2809);
#2443=PLANE('',#2814);
#2444=PLANE('',#2819);
#2445=PLANE('',#2822);
#2446=PLANE('',#2831);
#2447=PLANE('',#2833);
#2448=PLANE('',#2834);
#2449=ADVANCED_FACE('',(#189),#2373,.T.);
#2450=ADVANCED_FACE('',(#190),#137,.T.);
#2451=ADVANCED_FACE('',(#191),#2374,.T.);
#2452=ADVANCED_FACE('',(#192),#2375,.T.);
#2453=ADVANCED_FACE('',(#193),#138,.T.);
#2454=ADVANCED_FACE('',(#194),#139,.T.);
#2455=ADVANCED_FACE('',(#195),#2376,.T.);
#2456=ADVANCED_FACE('',(#196),#2377,.T.);
#2457=ADVANCED_FACE('',(#197),#140,.T.);
#2458=ADVANCED_FACE('',(#198),#2378,.T.);
#2459=ADVANCED_FACE('',(#199),#2379,.T.);
#2460=ADVANCED_FACE('',(#200),#2380,.T.);
#2461=ADVANCED_FACE('',(#201),#2381,.F.);
#2462=ADVANCED_FACE('',(#202),#2382,.F.);
#2463=ADVANCED_FACE('',(#203),#2383,.T.);
#2464=ADVANCED_FACE('',(#204),#25,.T.);
#2465=ADVANCED_FACE('',(#205),#2384,.T.);
#2466=ADVANCED_FACE('',(#206),#141,.F.);
#2467=ADVANCED_FACE('',(#207),#2385,.T.);
#2468=ADVANCED_FACE('',(#208),#2386,.T.);
#2469=ADVANCED_FACE('',(#209),#26,.T.);
#2470=ADVANCED_FACE('',(#210),#2387,.T.);
#2471=ADVANCED_FACE('',(#211),#142,.F.);
#2472=ADVANCED_FACE('',(#212),#2388,.T.);
#2473=ADVANCED_FACE('',(#213),#27,.T.);
#2474=ADVANCED_FACE('',(#214),#2389,.T.);
#2475=ADVANCED_FACE('',(#215),#2390,.T.);
#2476=ADVANCED_FACE('',(#216),#143,.F.);
#2477=ADVANCED_FACE('',(#217),#2391,.T.);
#2478=ADVANCED_FACE('',(#218),#28,.T.);
#2479=ADVANCED_FACE('',(#219),#2392,.T.);
#2480=ADVANCED_FACE('',(#220),#2393,.T.);
#2481=ADVANCED_FACE('',(#221),#144,.F.);
#2482=ADVANCED_FACE('',(#222),#2394,.T.);
#2483=ADVANCED_FACE('',(#223),#145,.F.);
#2484=ADVANCED_FACE('',(#224),#2395,.F.);
#2485=ADVANCED_FACE('',(#225),#146,.T.);
#2486=ADVANCED_FACE('',(#226),#147,.T.);
#2487=ADVANCED_FACE('',(#227),#2396,.F.);
#2488=ADVANCED_FACE('',(#228,#15),#2397,.T.);
#2489=ADVANCED_FACE('',(#229),#148,.T.);
#2490=ADVANCED_FACE('',(#230),#2398,.F.);
#2491=ADVANCED_FACE('',(#231),#149,.F.);
#2492=ADVANCED_FACE('',(#232),#2399,.F.);
#2493=ADVANCED_FACE('',(#233),#150,.T.);
#2494=ADVANCED_FACE('',(#234,#16),#2400,.T.);
#2495=ADVANCED_FACE('',(#235),#151,.F.);
#2496=ADVANCED_FACE('',(#236),#2401,.F.);
#2497=ADVANCED_FACE('',(#237),#152,.T.);
#2498=ADVANCED_FACE('',(#238),#153,.T.);
#2499=ADVANCED_FACE('',(#239),#2402,.F.);
#2500=ADVANCED_FACE('',(#240,#17),#2403,.T.);
#2501=ADVANCED_FACE('',(#241),#2404,.F.);
#2502=ADVANCED_FACE('',(#242),#154,.T.);
#2503=ADVANCED_FACE('',(#243),#155,.T.);
#2504=ADVANCED_FACE('',(#244),#2405,.F.);
#2505=ADVANCED_FACE('',(#245),#156,.F.);
#2506=ADVANCED_FACE('',(#246,#18),#2406,.T.);
#2507=ADVANCED_FACE('',(#247),#157,.T.);
#2508=ADVANCED_FACE('',(#248),#158,.T.);
#2509=ADVANCED_FACE('',(#249),#159,.T.);
#2510=ADVANCED_FACE('',(#250),#2407,.T.);
#2511=ADVANCED_FACE('',(#251),#2408,.T.);
#2512=ADVANCED_FACE('',(#252),#160,.F.);
#2513=ADVANCED_FACE('',(#253),#2409,.T.);
#2514=ADVANCED_FACE('',(#254),#2410,.F.);
#2515=ADVANCED_FACE('',(#255),#2411,.F.);
#2516=ADVANCED_FACE('',(#256),#2412,.T.);
#2517=ADVANCED_FACE('',(#257),#161,.F.);
#2518=ADVANCED_FACE('',(#258),#2413,.T.);
#2519=ADVANCED_FACE('',(#259),#2414,.T.);
#2520=ADVANCED_FACE('',(#260),#2415,.T.);
#2521=ADVANCED_FACE('',(#261),#2416,.T.);
#2522=ADVANCED_FACE('',(#262),#2417,.F.);
#2523=ADVANCED_FACE('',(#263),#2418,.F.);
#2524=ADVANCED_FACE('',(#264),#2419,.T.);
#2525=ADVANCED_FACE('',(#265),#2420,.T.);
#2526=ADVANCED_FACE('',(#266),#162,.F.);
#2527=ADVANCED_FACE('',(#267),#2421,.T.);
#2528=ADVANCED_FACE('',(#268),#163,.F.);
#2529=ADVANCED_FACE('',(#269),#2422,.T.);
#2530=ADVANCED_FACE('',(#270),#2423,.T.);
#2531=ADVANCED_FACE('',(#271),#2424,.T.);
#2532=ADVANCED_FACE('',(#272),#164,.T.);
#2533=ADVANCED_FACE('',(#273),#2425,.T.);
#2534=ADVANCED_FACE('',(#274),#2426,.T.);
#2535=ADVANCED_FACE('',(#275),#2427,.T.);
#2536=ADVANCED_FACE('',(#276),#165,.F.);
#2537=ADVANCED_FACE('',(#277),#2428,.T.);
#2538=ADVANCED_FACE('',(#278),#166,.F.);
#2539=ADVANCED_FACE('',(#279),#167,.F.);
#2540=ADVANCED_FACE('',(#280),#2429,.T.);
#2541=ADVANCED_FACE('',(#281),#2430,.F.);
#2542=ADVANCED_FACE('',(#282),#2431,.F.);
#2543=ADVANCED_FACE('',(#283),#2432,.F.);
#2544=ADVANCED_FACE('',(#284),#168,.T.);
#2545=ADVANCED_FACE('',(#285),#169,.F.);
#2546=ADVANCED_FACE('',(#286),#2433,.T.);
#2547=ADVANCED_FACE('',(#287),#170,.F.);
#2548=ADVANCED_FACE('',(#288),#171,.T.);
#2549=ADVANCED_FACE('',(#289),#2434,.T.);
#2550=ADVANCED_FACE('',(#290),#172,.F.);
#2551=ADVANCED_FACE('',(#291),#2435,.T.);
#2552=ADVANCED_FACE('',(#292),#173,.F.);
#2553=ADVANCED_FACE('',(#293),#2436,.T.);
#2554=ADVANCED_FACE('',(#294),#2437,.T.);
#2555=ADVANCED_FACE('',(#295),#174,.F.);
#2556=ADVANCED_FACE('',(#296),#2438,.T.);
#2557=ADVANCED_FACE('',(#297),#175,.F.);
#2558=ADVANCED_FACE('',(#298),#2439,.T.);
#2559=ADVANCED_FACE('',(#299),#176,.F.);
#2560=ADVANCED_FACE('',(#300),#2440,.T.);
#2561=ADVANCED_FACE('',(#301),#177,.F.);
#2562=ADVANCED_FACE('',(#302,#19),#2441,.T.);
#2563=ADVANCED_FACE('',(#303),#178,.T.);
#2564=ADVANCED_FACE('',(#304),#2442,.T.);
#2565=ADVANCED_FACE('',(#305),#179,.F.);
#2566=ADVANCED_FACE('',(#306),#180,.F.);
#2567=ADVANCED_FACE('',(#307),#2443,.T.);
#2568=ADVANCED_FACE('',(#308),#181,.T.);
#2569=ADVANCED_FACE('',(#309),#182,.F.);
#2570=ADVANCED_FACE('',(#310),#2444,.T.);
#2571=ADVANCED_FACE('',(#311),#183,.F.);
#2572=ADVANCED_FACE('',(#312),#2445,.T.);
#2573=ADVANCED_FACE('',(#313),#184,.F.);
#2574=ADVANCED_FACE('',(#314),#185,.F.);
#2575=ADVANCED_FACE('',(#315),#186,.F.);
#2576=ADVANCED_FACE('',(#316),#187,.F.);
#2577=ADVANCED_FACE('',(#317),#2446,.T.);
#2578=ADVANCED_FACE('',(#318),#188,.T.);
#2579=ADVANCED_FACE('',(#319),#2447,.T.);
#2580=ADVANCED_FACE('',(#320,#20,#21,#22,#23,#24),#2448,.T.);
#2581=CLOSED_SHELL('',(#2449,#2450,#2451,#2452,#2453,#2454,#2455,#2456,
#2457,#2458,#2459,#2460,#2461,#2462,#2463,#2464,#2465,#2466,#2467,#2468,
#2469,#2470,#2471,#2472,#2473,#2474,#2475,#2476,#2477,#2478,#2479,#2480,
#2481,#2482,#2483,#2484,#2485,#2486,#2487,#2488,#2489,#2490,#2491,#2492,
#2493,#2494,#2495,#2496,#2497,#2498,#2499,#2500,#2501,#2502,#2503,#2504,
#2505,#2506,#2507,#2508,#2509,#2510,#2511,#2512,#2513,#2514,#2515,#2516,
#2517,#2518,#2519,#2520,#2521,#2522,#2523,#2524,#2525,#2526,#2527,#2528,
#2529,#2530,#2531,#2532,#2533,#2534,#2535,#2536,#2537,#2538,#2539,#2540,
#2541,#2542,#2543,#2544,#2545,#2546,#2547,#2548,#2549,#2550,#2551,#2552,
#2553,#2554,#2555,#2556,#2557,#2558,#2559,#2560,#2561,#2562,#2563,#2564,
#2565,#2566,#2567,#2568,#2569,#2570,#2571,#2572,#2573,#2574,#2575,#2576,
#2577,#2578,#2579,#2580));
#2582=DERIVED_UNIT_ELEMENT(#2584,1.);
#2583=DERIVED_UNIT_ELEMENT(#4345,-3.);
#2584=(
MASS_UNIT()
NAMED_UNIT(*)
SI_UNIT(.KILO.,.GRAM.)
);
#2585=DERIVED_UNIT((#2582,#2583));
#2586=MEASURE_REPRESENTATION_ITEM('density measure',
POSITIVE_RATIO_MEASURE(7850.),#2585);
#2587=PROPERTY_DEFINITION_REPRESENTATION(#2592,#2589);
#2588=PROPERTY_DEFINITION_REPRESENTATION(#2593,#2590);
#2589=REPRESENTATION('material name',(#2591),#4342);
#2590=REPRESENTATION('density',(#2586),#4342);
#2591=DESCRIPTIVE_REPRESENTATION_ITEM('Steel','Steel');
#2592=PROPERTY_DEFINITION('material property','material name',#4352);
#2593=PROPERTY_DEFINITION('material property','density of part',#4352);
#2594=AXIS2_PLACEMENT_3D('',#3585,#2835,#2836);
#2595=AXIS2_PLACEMENT_3D('',#3586,#2837,#2838);
#2596=AXIS2_PLACEMENT_3D('',#3603,#2847,#2848);
#2597=AXIS2_PLACEMENT_3D('',#3606,#2849,#2850);
#2598=AXIS2_PLACEMENT_3D('',#3610,#2852,#2853);
#2599=AXIS2_PLACEMENT_3D('',#3612,#2855,#2856);
#2600=AXIS2_PLACEMENT_3D('',#3616,#2858,#2859);
#2601=AXIS2_PLACEMENT_3D('',#3620,#2861,#2862);
#2602=AXIS2_PLACEMENT_3D('',#3624,#2864,#2865);
#2603=AXIS2_PLACEMENT_3D('',#3628,#2867,#2868);
#2604=AXIS2_PLACEMENT_3D('',#3632,#2870,#2871);
#2605=AXIS2_PLACEMENT_3D('',#3636,#2873,#2874);
#2606=AXIS2_PLACEMENT_3D('',#3640,#2876,#2877);
#2607=AXIS2_PLACEMENT_3D('',#3644,#2879,#2880);
#2608=AXIS2_PLACEMENT_3D('',#3648,#2882,#2883);
#2609=AXIS2_PLACEMENT_3D('',#3652,#2885,#2886);
#2610=AXIS2_PLACEMENT_3D('',#3656,#2888,#2889);
#2611=AXIS2_PLACEMENT_3D('',#3660,#2891,#2892);
#2612=AXIS2_PLACEMENT_3D('',#3664,#2894,#2895);
#2613=AXIS2_PLACEMENT_3D('',#3668,#2897,#2898);
#2614=AXIS2_PLACEMENT_3D('',#3672,#2900,#2901);
#2615=AXIS2_PLACEMENT_3D('',#3676,#2903,#2904);
#2616=AXIS2_PLACEMENT_3D('',#3680,#2906,#2907);
#2617=AXIS2_PLACEMENT_3D('',#3682,#2909,#2910);
#2618=AXIS2_PLACEMENT_3D('',#3699,#2920,#2921);
#2619=AXIS2_PLACEMENT_3D('',#3701,#2922,#2923);
#2620=AXIS2_PLACEMENT_3D('',#3703,#2925,#2926);
#2621=AXIS2_PLACEMENT_3D('',#3707,#2928,#2929);
#2622=AXIS2_PLACEMENT_3D('',#3709,#2931,#2932);
#2623=AXIS2_PLACEMENT_3D('',#3711,#2934,#2935);
#2624=AXIS2_PLACEMENT_3D('',#3720,#2940,#2941);
#2625=AXIS2_PLACEMENT_3D('',#3723,#2942,#2943);
#2626=AXIS2_PLACEMENT_3D('',#3727,#2945,#2946);
#2627=AXIS2_PLACEMENT_3D('',#3729,#2948,#2949);
#2628=AXIS2_PLACEMENT_3D('',#3739,#2955,#2956);
#2629=AXIS2_PLACEMENT_3D('',#3743,#2958,#2959);
#2630=AXIS2_PLACEMENT_3D('',#3749,#2963,#2964);
#2631=AXIS2_PLACEMENT_3D('',#3755,#2968,#2969);
#2632=AXIS2_PLACEMENT_3D('',#3763,#2974,#2975);
#2633=AXIS2_PLACEMENT_3D('',#3767,#2977,#2978);
#2634=AXIS2_PLACEMENT_3D('',#3770,#2980,#2981);
#2635=AXIS2_PLACEMENT_3D('',#3771,#2982,#2983);
#2636=AXIS2_PLACEMENT_3D('',#3779,#2987,#2988);
#2637=AXIS2_PLACEMENT_3D('',#3787,#2992,#2993);
#2638=AXIS2_PLACEMENT_3D('',#3795,#2997,#2998);
#2639=AXIS2_PLACEMENT_3D('',#3803,#3002,#3003);
#2640=AXIS2_PLACEMENT_3D('',#3811,#3007,#3008);
#2641=AXIS2_PLACEMENT_3D('',#3815,#3011,#3012);
#2642=AXIS2_PLACEMENT_3D('',#3818,#3013,#3014);
#2643=AXIS2_PLACEMENT_3D('',#3823,#3018,#3019);
#2644=AXIS2_PLACEMENT_3D('',#3826,#3021,#3022);
#2645=AXIS2_PLACEMENT_3D('',#3827,#3023,#3024);
#2646=AXIS2_PLACEMENT_3D('',#3832,#3027,#3028);
#2647=AXIS2_PLACEMENT_3D('',#3833,#3029,#3030);
#2648=AXIS2_PLACEMENT_3D('',#3837,#3032,#3033);
#2649=AXIS2_PLACEMENT_3D('',#3839,#3035,#3036);
#2650=AXIS2_PLACEMENT_3D('',#3843,#3039,#3040);
#2651=AXIS2_PLACEMENT_3D('',#3846,#3041,#3042);
#2652=AXIS2_PLACEMENT_3D('',#3851,#3046,#3047);
#2653=AXIS2_PLACEMENT_3D('',#3854,#3049,#3050);
#2654=AXIS2_PLACEMENT_3D('',#3855,#3051,#3052);
#2655=AXIS2_PLACEMENT_3D('',#3860,#3055,#3056);
#2656=AXIS2_PLACEMENT_3D('',#3861,#3057,#3058);
#2657=AXIS2_PLACEMENT_3D('',#3865,#3060,#3061);
#2658=AXIS2_PLACEMENT_3D('',#3867,#3063,#3064);
#2659=AXIS2_PLACEMENT_3D('',#3871,#3067,#3068);
#2660=AXIS2_PLACEMENT_3D('',#3876,#3071,#3072);
#2661=AXIS2_PLACEMENT_3D('',#3877,#3073,#3074);
#2662=AXIS2_PLACEMENT_3D('',#3880,#3075,#3076);
#2663=AXIS2_PLACEMENT_3D('',#3883,#3079,#3080);
#2664=AXIS2_PLACEMENT_3D('',#3888,#3083,#3084);
#2665=AXIS2_PLACEMENT_3D('',#3889,#3085,#3086);
#2666=AXIS2_PLACEMENT_3D('',#3893,#3088,#3089);
#2667=AXIS2_PLACEMENT_3D('',#3895,#3091,#3092);
#2668=AXIS2_PLACEMENT_3D('',#3899,#3095,#3096);
#2669=AXIS2_PLACEMENT_3D('',#3904,#3099,#3100);
#2670=AXIS2_PLACEMENT_3D('',#3905,#3101,#3102);
#2671=AXIS2_PLACEMENT_3D('',#3908,#3103,#3104);
#2672=AXIS2_PLACEMENT_3D('',#3911,#3107,#3108);
#2673=AXIS2_PLACEMENT_3D('',#3916,#3111,#3112);
#2674=AXIS2_PLACEMENT_3D('',#3917,#3113,#3114);
#2675=AXIS2_PLACEMENT_3D('',#3921,#3116,#3117);
#2676=AXIS2_PLACEMENT_3D('',#3923,#3119,#3120);
#2677=AXIS2_PLACEMENT_3D('',#3927,#3123,#3124);
#2678=AXIS2_PLACEMENT_3D('',#3931,#3126,#3127);
#2679=AXIS2_PLACEMENT_3D('',#3933,#3129,#3130);
#2680=AXIS2_PLACEMENT_3D('',#3937,#3133,#3134);
#2681=AXIS2_PLACEMENT_3D('',#3938,#3135,#3136);
#2682=AXIS2_PLACEMENT_3D('',#3939,#3137,#3138);
#2683=AXIS2_PLACEMENT_3D('',#3943,#3140,#3141);
#2684=AXIS2_PLACEMENT_3D('',#3945,#3143,#3144);
#2685=AXIS2_PLACEMENT_3D('',#3947,#3146,#3147);
#2686=AXIS2_PLACEMENT_3D('',#3949,#3148,#3149);
#2687=AXIS2_PLACEMENT_3D('',#3952,#3151,#3152);
#2688=AXIS2_PLACEMENT_3D('',#3953,#3153,#3154);
#2689=AXIS2_PLACEMENT_3D('',#3957,#3156,#3157);
#2690=AXIS2_PLACEMENT_3D('',#3959,#3159,#3160);
#2691=AXIS2_PLACEMENT_3D('',#3963,#3163,#3164);
#2692=AXIS2_PLACEMENT_3D('',#3966,#3166,#3167);
#2693=AXIS2_PLACEMENT_3D('',#3967,#3168,#3169);
#2694=AXIS2_PLACEMENT_3D('',#3971,#3172,#3173);
#2695=AXIS2_PLACEMENT_3D('',#3974,#3175,#3176);
#2696=AXIS2_PLACEMENT_3D('',#3975,#3177,#3178);
#2697=AXIS2_PLACEMENT_3D('',#3978,#3179,#3180);
#2698=AXIS2_PLACEMENT_3D('',#3982,#3183,#3184);
#2699=AXIS2_PLACEMENT_3D('',#3983,#3185,#3186);
#2700=AXIS2_PLACEMENT_3D('',#3987,#3188,#3189);
#2701=AXIS2_PLACEMENT_3D('',#3989,#3191,#3192);
#2702=AXIS2_PLACEMENT_3D('',#3993,#3195,#3196);
#2703=AXIS2_PLACEMENT_3D('',#3996,#3198,#3199);
#2704=AXIS2_PLACEMENT_3D('',#3997,#3200,#3201);
#2705=AXIS2_PLACEMENT_3D('',#4000,#3203,#3204);
#2706=AXIS2_PLACEMENT_3D('',#4001,#3205,#3206);
#2707=AXIS2_PLACEMENT_3D('',#4003,#3208,#3209);
#2708=AXIS2_PLACEMENT_3D('',#4006,#3211,#3212);
#2709=AXIS2_PLACEMENT_3D('',#4008,#3213,#3214);
#2710=AXIS2_PLACEMENT_3D('',#4009,#3215,#3216);
#2711=AXIS2_PLACEMENT_3D('',#4015,#3220,#3221);
#2712=AXIS2_PLACEMENT_3D('',#4018,#3223,#3224);
#2713=AXIS2_PLACEMENT_3D('',#4019,#3225,#3226);
#2714=AXIS2_PLACEMENT_3D('',#4023,#3228,#3229);
#2715=AXIS2_PLACEMENT_3D('',#4025,#3231,#3232);
#2716=AXIS2_PLACEMENT_3D('',#4029,#3235,#3236);
#2717=AXIS2_PLACEMENT_3D('',#4030,#3237,#3238);
#2718=AXIS2_PLACEMENT_3D('',#4031,#3239,#3240);
#2719=AXIS2_PLACEMENT_3D('',#4035,#3242,#3243);
#2720=AXIS2_PLACEMENT_3D('',#4038,#3245,#3246);
#2721=AXIS2_PLACEMENT_3D('',#4039,#3247,#3248);
#2722=AXIS2_PLACEMENT_3D('',#4041,#3249,#3250);
#2723=AXIS2_PLACEMENT_3D('',#4043,#3252,#3253);
#2724=AXIS2_PLACEMENT_3D('',#4046,#3255,#3256);
#2725=AXIS2_PLACEMENT_3D('',#4047,#3257,#3258);
#2726=AXIS2_PLACEMENT_3D('',#4051,#3260,#3261);
#2727=AXIS2_PLACEMENT_3D('',#4053,#3263,#3264);
#2728=AXIS2_PLACEMENT_3D('',#4064,#3270,#3271);
#2729=AXIS2_PLACEMENT_3D('',#4065,#3272,#3273);
#2730=AXIS2_PLACEMENT_3D('',#4074,#3279,#3280);
#2731=AXIS2_PLACEMENT_3D('',#4075,#3281,#3282);
#2732=AXIS2_PLACEMENT_3D('',#4083,#3287,#3288);
#2733=AXIS2_PLACEMENT_3D('',#4084,#3289,#3290);
#2734=AXIS2_PLACEMENT_3D('',#4085,#3291,#3292);
#2735=AXIS2_PLACEMENT_3D('',#4092,#3296,#3297);
#2736=AXIS2_PLACEMENT_3D('',#4093,#3298,#3299);
#2737=AXIS2_PLACEMENT_3D('',#4102,#3305,#3306);
#2738=AXIS2_PLACEMENT_3D('',#4103,#3307,#3308);
#2739=AXIS2_PLACEMENT_3D('',#4105,#3309,#3310);
#2740=AXIS2_PLACEMENT_3D('',#4111,#3314,#3315);
#2741=AXIS2_PLACEMENT_3D('',#4119,#3320,#3321);
#2742=AXIS2_PLACEMENT_3D('',#4125,#3325,#3326);
#2743=AXIS2_PLACEMENT_3D('',#4127,#3327,#3328);
#2744=AXIS2_PLACEMENT_3D('',#4130,#3330,#3331);
#2745=AXIS2_PLACEMENT_3D('',#4131,#3332,#3333);
#2746=AXIS2_PLACEMENT_3D('',#4134,#3335,#3336);
#2747=AXIS2_PLACEMENT_3D('',#4136,#3338,#3339);
#2748=AXIS2_PLACEMENT_3D('',#4139,#3342,#3343);
#2749=AXIS2_PLACEMENT_3D('',#4143,#3346,#3347);
#2750=AXIS2_PLACEMENT_3D('',#4149,#3352,#3353);
#2751=AXIS2_PLACEMENT_3D('',#4151,#3355,#3356);
#2752=AXIS2_PLACEMENT_3D('',#4153,#3358,#3359);
#2753=AXIS2_PLACEMENT_3D('',#4155,#3361,#3362);
#2754=AXIS2_PLACEMENT_3D('',#4156,#3363,#3364);
#2755=AXIS2_PLACEMENT_3D('',#4158,#3366,#3367);
#2756=AXIS2_PLACEMENT_3D('',#4161,#3370,#3371);
#2757=AXIS2_PLACEMENT_3D('',#4163,#3373,#3374);
#2758=AXIS2_PLACEMENT_3D('',#4164,#3375,#3376);
#2759=AXIS2_PLACEMENT_3D('',#4166,#3378,#3379);
#2760=AXIS2_PLACEMENT_3D('',#4167,#3380,#3381);
#2761=AXIS2_PLACEMENT_3D('',#4169,#3383,#3384);
#2762=AXIS2_PLACEMENT_3D('',#4170,#3385,#3386);
#2763=AXIS2_PLACEMENT_3D('',#4172,#3388,#3389);
#2764=AXIS2_PLACEMENT_3D('',#4174,#3391,#3392);
#2765=AXIS2_PLACEMENT_3D('',#4180,#3396,#3397);
#2766=AXIS2_PLACEMENT_3D('',#4181,#3398,#3399);
#2767=AXIS2_PLACEMENT_3D('',#4182,#3400,#3401);
#2768=AXIS2_PLACEMENT_3D('',#4184,#3402,#3403);
#2769=AXIS2_PLACEMENT_3D('',#4187,#3405,#3406);
#2770=AXIS2_PLACEMENT_3D('',#4188,#3407,#3408);
#2771=AXIS2_PLACEMENT_3D('',#4192,#3410,#3411);
#2772=AXIS2_PLACEMENT_3D('',#4195,#3413,#3414);
#2773=AXIS2_PLACEMENT_3D('',#4196,#3415,#3416);
#2774=AXIS2_PLACEMENT_3D('',#4198,#3417,#3418);
#2775=AXIS2_PLACEMENT_3D('',#4200,#3420,#3421);
#2776=AXIS2_PLACEMENT_3D('',#4203,#3423,#3424);
#2777=AXIS2_PLACEMENT_3D('',#4204,#3425,#3426);
#2778=AXIS2_PLACEMENT_3D('',#4208,#3429,#3430);
#2779=AXIS2_PLACEMENT_3D('',#4209,#3431,#3432);
#2780=AXIS2_PLACEMENT_3D('',#4210,#3433,#3434);
#2781=AXIS2_PLACEMENT_3D('',#4213,#3436,#3437);
#2782=AXIS2_PLACEMENT_3D('',#4214,#3438,#3439);
#2783=AXIS2_PLACEMENT_3D('',#4218,#3442,#3443);
#2784=AXIS2_PLACEMENT_3D('',#4221,#3445,#3446);
#2785=AXIS2_PLACEMENT_3D('',#4222,#3447,#3448);
#2786=AXIS2_PLACEMENT_3D('',#4226,#3451,#3452);
#2787=AXIS2_PLACEMENT_3D('',#4227,#3453,#3454);
#2788=AXIS2_PLACEMENT_3D('',#4228,#3455,#3456);
#2789=AXIS2_PLACEMENT_3D('',#4230,#3458,#3459);
#2790=AXIS2_PLACEMENT_3D('',#4239,#3464,#3465);
#2791=AXIS2_PLACEMENT_3D('',#4241,#3466,#3467);
#2792=AXIS2_PLACEMENT_3D('',#4243,#3468,#3469);
#2793=AXIS2_PLACEMENT_3D('',#4245,#3471,#3472);
#2794=AXIS2_PLACEMENT_3D('',#4251,#3476,#3477);
#2795=AXIS2_PLACEMENT_3D('',#4253,#3478,#3479);
#2796=AXIS2_PLACEMENT_3D('',#4255,#3480,#3481);
#2797=AXIS2_PLACEMENT_3D('',#4257,#3483,#3484);
#2798=AXIS2_PLACEMENT_3D('',#4263,#3488,#3489);
#2799=AXIS2_PLACEMENT_3D('',#4265,#3490,#3491);
#2800=AXIS2_PLACEMENT_3D('',#4267,#3492,#3493);
#2801=AXIS2_PLACEMENT_3D('',#4269,#3495,#3496);
#2802=AXIS2_PLACEMENT_3D('',#4275,#3500,#3501);
#2803=AXIS2_PLACEMENT_3D('',#4276,#3502,#3503);
#2804=AXIS2_PLACEMENT_3D('',#4277,#3504,#3505);
#2805=AXIS2_PLACEMENT_3D('',#4278,#3506,#3507);
#2806=AXIS2_PLACEMENT_3D('',#4282,#3509,#3510);
#2807=AXIS2_PLACEMENT_3D('',#4284,#3512,#3513);
#2808=AXIS2_PLACEMENT_3D('',#4287,#3515,#3516);
#2809=AXIS2_PLACEMENT_3D('',#4288,#3517,#3518);
#2810=AXIS2_PLACEMENT_3D('',#4292,#3521,#3522);
#2811=AXIS2_PLACEMENT_3D('',#4293,#3523,#3524);
#2812=AXIS2_PLACEMENT_3D('',#4294,#3525,#3526);
#2813=AXIS2_PLACEMENT_3D('',#4297,#3528,#3529);
#2814=AXIS2_PLACEMENT_3D('',#4298,#3530,#3531);
#2815=AXIS2_PLACEMENT_3D('',#4302,#3534,#3535);
#2816=AXIS2_PLACEMENT_3D('',#4303,#3536,#3537);
#2817=AXIS2_PLACEMENT_3D('',#4304,#3538,#3539);
#2818=AXIS2_PLACEMENT_3D('',#4307,#3541,#3542);
#2819=AXIS2_PLACEMENT_3D('',#4308,#3543,#3544);
#2820=AXIS2_PLACEMENT_3D('',#4312,#3547,#3548);
#2821=AXIS2_PLACEMENT_3D('',#4315,#3550,#3551);
#2822=AXIS2_PLACEMENT_3D('',#4316,#3552,#3553);
#2823=AXIS2_PLACEMENT_3D('',#4318,#3555,#3556);
#2824=AXIS2_PLACEMENT_3D('',#4321,#3558,#3559);
#2825=AXIS2_PLACEMENT_3D('',#4322,#3560,#3561);
#2826=AXIS2_PLACEMENT_3D('',#4325,#3563,#3564);
#2827=AXIS2_PLACEMENT_3D('',#4326,#3565,#3566);
#2828=AXIS2_PLACEMENT_3D('',#4329,#3568,#3569);
#2829=AXIS2_PLACEMENT_3D('',#4330,#3570,#3571);
#2830=AXIS2_PLACEMENT_3D('',#4333,#3573,#3574);
#2831=AXIS2_PLACEMENT_3D('',#4334,#3575,#3576);
#2832=AXIS2_PLACEMENT_3D('',#4336,#3578,#3579);
#2833=AXIS2_PLACEMENT_3D('',#4338,#3581,#3582);
#2834=AXIS2_PLACEMENT_3D('',#4339,#3583,#3584);
#2835=DIRECTION('axis',(0.,0.,1.));
#2836=DIRECTION('refdir',(1.,0.,0.));
#2837=DIRECTION('center_axis',(6.73733861347525E-14,-1.,0.));
#2838=DIRECTION('ref_axis',(-1.,-6.73733861347525E-14,0.));
#2839=DIRECTION('',(1.,6.73733861347525E-14,0.));
#2840=DIRECTION('',(0.,0.,-1.));
#2841=DIRECTION('',(-1.,-6.73733861347525E-14,0.));
#2842=DIRECTION('',(0.,0.,-1.));
#2843=DIRECTION('',(1.,6.73733861347525E-14,0.));
#2844=DIRECTION('',(0.,0.,-1.));
#2845=DIRECTION('',(1.,6.73733861347525E-14,0.));
#2846=DIRECTION('',(0.,0.,1.));
#2847=DIRECTION('center_axis',(0.,0.,1.));
#2848=DIRECTION('ref_axis',(-0.7071067811866,0.707106781186495,0.));
#2849=DIRECTION('center_axis',(0.,0.,1.));
#2850=DIRECTION('ref_axis',(-0.7071067811866,0.707106781186495,0.));
#2851=DIRECTION('',(0.,0.,1.));
#2852=DIRECTION('center_axis',(0.,0.,1.));
#2853=DIRECTION('ref_axis',(-0.7071067811866,0.707106781186495,0.));
#2854=DIRECTION('',(0.,0.,-1.));
#2855=DIRECTION('center_axis',(0.,0.,-1.));
#2856=DIRECTION('ref_axis',(1.,0.,0.));
#2857=DIRECTION('',(-1.,-6.71567818784089E-14,0.));
#2858=DIRECTION('center_axis',(0.,0.,-1.));
#2859=DIRECTION('ref_axis',(-2.51102250103937E-9,1.,0.));
#2860=DIRECTION('',(2.51104354711355E-9,-1.,0.));
#2861=DIRECTION('center_axis',(0.,0.,1.));
#2862=DIRECTION('ref_axis',(2.50910960048372E-9,-1.,0.));
#2863=DIRECTION('',(1.,2.50912943104164E-9,0.));
#2864=DIRECTION('center_axis',(0.,0.,-1.));
#2865=DIRECTION('ref_axis',(-2.50910403565282E-9,1.,0.));
#2866=DIRECTION('',(-8.32702292221894E-13,1.,0.));
#2867=DIRECTION('center_axis',(0.,0.,-1.));
#2868=DIRECTION('ref_axis',(1.,8.08242361927102E-13,0.));
#2869=DIRECTION('',(-1.,-7.97547974705937E-13,0.));
#2870=DIRECTION('center_axis',(0.,0.,1.));
#2871=DIRECTION('ref_axis',(-1.,1.12047006103542E-12,0.));
#2872=DIRECTION('',(-1.11656716500299E-12,-1.,0.));
#2873=DIRECTION('center_axis',(0.,0.,-1.));
#2874=DIRECTION('ref_axis',(1.,-1.11910480882214E-12,0.));
#2875=DIRECTION('',(1.,-1.11348342810901E-12,0.));
#2876=DIRECTION('center_axis',(0.,0.,-1.));
#2877=DIRECTION('ref_axis',(1.22568621918616E-12,-1.,0.));
#2878=DIRECTION('',(-1.26157588773065E-12,1.,0.));
#2879=DIRECTION('center_axis',(0.,0.,1.));
#2880=DIRECTION('ref_axis',(6.77747744236056E-13,1.,0.));
#2881=DIRECTION('',(-1.,6.67040124299511E-13,0.));
#2882=DIRECTION('center_axis',(0.,0.,-1.));
#2883=DIRECTION('ref_axis',(-6.92779167366088E-13,-1.,0.));
#2884=DIRECTION('',(-5.07130265451555E-14,-1.,0.));
#2885=DIRECTION('center_axis',(0.,0.,-1.));
#2886=DIRECTION('ref_axis',(-1.,-2.51059173450582E-9,0.));
#2887=DIRECTION('',(1.,2.51059401914065E-9,0.));
#2888=DIRECTION('center_axis',(0.,0.,1.));
#2889=DIRECTION('ref_axis',(1.,2.50866687816692E-9,0.));
#2890=DIRECTION('',(-2.50866540406081E-9,1.,0.));
#2891=DIRECTION('center_axis',(0.,0.,-1.));
#2892=DIRECTION('ref_axis',(-1.,-2.50867771001136E-9,0.));
#2893=DIRECTION('',(-1.,-6.71567818784089E-14,0.));
#2894=DIRECTION('center_axis',(0.,0.,1.));
#2895=DIRECTION('ref_axis',(0.707106781186506,0.707106781186589,0.));
#2896=DIRECTION('',(6.66133772956507E-14,-1.,0.));
#2897=DIRECTION('center_axis',(0.,0.,1.));
#2898=DIRECTION('ref_axis',(0.,-1.,0.));
#2899=DIRECTION('',(1.,0.,0.));
#2900=DIRECTION('center_axis',(0.,0.,1.));
#2901=DIRECTION('ref_axis',(1.,5.92118946466745E-14,0.));
#2902=DIRECTION('',(-6.66133802669992E-14,1.,0.));
#2903=DIRECTION('center_axis',(0.,0.,1.));
#2904=DIRECTION('ref_axis',(-8.38835174161235E-14,1.,0.));
#2905=DIRECTION('',(-1.,-6.58477104260438E-14,0.));
#2906=DIRECTION('center_axis',(0.,0.,1.));
#2907=DIRECTION('ref_axis',(-0.707106781186495,-0.7071067811866,0.));
#2908=DIRECTION('',(-6.79195050777349E-14,1.,0.));
#2909=DIRECTION('center_axis',(-6.71567818784089E-14,1.,0.));
#2910=DIRECTION('ref_axis',(1.,6.71567818784089E-14,0.));
#2911=DIRECTION('',(-1.,-6.71567818784089E-14,0.));
#2912=DIRECTION('',(0.,0.,1.));
#2913=DIRECTION('',(0.,0.,-1.));
#2914=DIRECTION('',(-1.,-6.71567818784089E-14,0.));
#2915=DIRECTION('',(0.,0.,-1.));
#2916=DIRECTION('',(1.,6.71567818784089E-14,0.));
#2917=DIRECTION('',(0.,0.,1.));
#2918=DIRECTION('',(-1.,-6.71567818784089E-14,0.));
#2919=DIRECTION('',(0.,0.,-1.));
#2920=DIRECTION('center_axis',(0.,0.,-1.));
#2921=DIRECTION('ref_axis',(0.707106781186506,0.707106781186589,0.));
#2922=DIRECTION('center_axis',(0.,0.,1.));
#2923=DIRECTION('ref_axis',(0.707106781186506,0.707106781186589,0.));
#2924=DIRECTION('',(0.,0.,-1.));
#2925=DIRECTION('center_axis',(0.,0.,-1.));
#2926=DIRECTION('ref_axis',(-0.707106781186495,-0.7071067811866,0.));
#2927=DIRECTION('',(0.,0.,1.));
#2928=DIRECTION('center_axis',(0.,0.,1.));
#2929=DIRECTION('ref_axis',(-0.707106781186495,-0.7071067811866,0.));
#2930=DIRECTION('',(0.,0.,-1.));
#2931=DIRECTION('center_axis',(-1.,-6.79195050777349E-14,0.));
#2932=DIRECTION('ref_axis',(-6.79195050777349E-14,1.,0.));
#2933=DIRECTION('',(6.79195050777349E-14,-1.,0.));
#2934=DIRECTION('center_axis',(0.,-0.999999999996502,-2.64518288161282E-6));
#2935=DIRECTION('ref_axis',(0.,-2.64518288161282E-6,0.999999999996501));
#2936=DIRECTION('',(0.,0.,-1.));
#2937=DIRECTION('',(-1.,0.,0.));
#2938=DIRECTION('',(1.76204565308871E-19,-2.64518288161282E-6,0.999999999996501));
#2939=DIRECTION('',(-1.,0.,0.));
#2940=DIRECTION('center_axis',(0.,0.,-1.));
#2941=DIRECTION('ref_axis',(0.70710678118657,-0.707106781186525,0.));
#2942=DIRECTION('center_axis',(0.,0.,-1.));
#2943=DIRECTION('ref_axis',(0.70710678118657,-0.707106781186525,0.));
#2944=DIRECTION('',(0.,0.,-1.));
#2945=DIRECTION('center_axis',(0.,0.,-1.));
#2946=DIRECTION('ref_axis',(0.70710678118657,-0.707106781186525,0.));
#2947=DIRECTION('',(0.,0.,1.));
#2948=DIRECTION('center_axis',(0.,0.,1.));
#2949=DIRECTION('ref_axis',(-1.,0.,0.));
#2950=DIRECTION('',(-6.43929183965934E-14,1.,0.));
#2951=DIRECTION('',(-6.66133772956508E-14,1.,0.));
#2952=DIRECTION('',(1.,5.32907051820077E-14,0.));
#2953=DIRECTION('',(-6.66133772956507E-14,1.,0.));
#2954=DIRECTION('',(1.,6.58477104260438E-14,0.));
#2955=DIRECTION('center_axis',(0.,0.,-1.));
#2956=DIRECTION('ref_axis',(1.,6.90805437544546E-14,0.));
#2957=DIRECTION('',(6.66133802669992E-14,-1.,0.));
#2958=DIRECTION('center_axis',(0.,0.,-1.));
#2959=DIRECTION('ref_axis',(4.93432455388954E-15,-1.,0.));
#2960=DIRECTION('',(-1.,0.,0.));
#2961=DIRECTION('',(0.,-1.,0.));
#2962=DIRECTION('',(-1.,0.,0.));
#2963=DIRECTION('center_axis',(1.,6.66133802669992E-14,0.));
#2964=DIRECTION('ref_axis',(-6.66133802669992E-14,1.,0.));
#2965=DIRECTION('',(-6.66133802669992E-14,1.,0.));
#2966=DIRECTION('',(0.,0.,-1.));
#2967=DIRECTION('',(-6.43929183965934E-14,1.,0.));
#2968=DIRECTION('center_axis',(0.,-1.,0.));
#2969=DIRECTION('ref_axis',(1.,0.,0.));
#2970=DIRECTION('',(0.,0.,-1.));
#2971=DIRECTION('',(-1.,0.,0.));
#2972=DIRECTION('',(0.,0.,-1.));
#2973=DIRECTION('',(1.,0.,0.));
#2974=DIRECTION('center_axis',(0.,0.,1.));
#2975=DIRECTION('ref_axis',(1.,0.,0.));
#2976=DIRECTION('',(1.,6.70849443494044E-14,0.));
#2977=DIRECTION('center_axis',(0.,0.,-1.));
#2978=DIRECTION('ref_axis',(-8.88178419700144E-14,1.,0.));
#2979=DIRECTION('',(9.91932170845943E-10,-1.,0.));
#2980=DIRECTION('center_axis',(0.,0.,-1.));
#2981=DIRECTION('ref_axis',(1.,9.91882131984369E-10,0.));
#2982=DIRECTION('center_axis',(0.,0.,-1.));
#2983=DIRECTION('ref_axis',(1.,0.,0.));
#2984=DIRECTION('',(-8.88178419700128E-15,1.,0.));
#2985=DIRECTION('',(1.,0.,0.));
#2986=DIRECTION('',(0.,-1.,0.));
#2987=DIRECTION('center_axis',(0.,0.,1.));
#2988=DIRECTION('ref_axis',(-1.,-6.97854472621524E-14,0.));
#2989=DIRECTION('',(6.66133772956508E-14,-1.,0.));
#2990=DIRECTION('',(-1.,-6.70849443494044E-14,0.));
#2991=DIRECTION('',(-7.89491879854653E-14,1.,0.));
#2992=DIRECTION('center_axis',(0.,0.,1.));
#2993=DIRECTION('ref_axis',(-4.90486589983651E-14,-1.,0.));
#2994=DIRECTION('',(1.,-5.92118928497277E-14,0.));
#2995=DIRECTION('',(-5.0659067127241E-14,-1.,0.));
#2996=DIRECTION('',(-0.999999999999514,9.85859446218321E-7,0.));
#2997=DIRECTION('center_axis',(0.,0.,1.));
#2998=DIRECTION('ref_axis',(1.,3.68782284974951E-10,0.));
#2999=DIRECTION('',(-3.68791416344941E-10,1.,0.));
#3000=DIRECTION('',(1.,-1.11362020474154E-12,0.));
#3001=DIRECTION('',(-6.23081352976617E-10,-1.,0.));
#3002=DIRECTION('center_axis',(0.,0.,1.));
#3003=DIRECTION('ref_axis',(6.23193702281176E-10,1.,0.));
#3004=DIRECTION('',(-1.,6.23210575707642E-10,0.));
#3005=DIRECTION('',(-8.32315884136397E-13,1.,0.));
#3006=DIRECTION('',(1.,9.92055955622248E-10,0.));
#3007=DIRECTION('center_axis',(0.,0.,1.));
#3008=DIRECTION('ref_axis',(-1.,-9.91930915515427E-10,0.));
#3009=DIRECTION('',(9.91917656935028E-10,-1.,0.));
#3010=DIRECTION('',(-1.,-6.70849443494044E-14,0.));
#3011=DIRECTION('center_axis',(0.822192191643779,6.49114058982664E-14,0.569209978830308));
#3012=DIRECTION('ref_axis',(0.569209978830308,0.,-0.822192191643779));
#3013=DIRECTION('center_axis',(-0.822192191643779,-6.49114058982664E-14,
-0.569209978830308));
#3014=DIRECTION('ref_axis',(-0.569209978830308,-3.3704001298336E-14,0.822192191643779));
#3015=DIRECTION('',(7.89491879854653E-14,-1.,0.));
#3016=DIRECTION('',(0.569209978830315,4.49386683977815E-14,-0.822192191643774));
#3017=DIRECTION('',(0.569209978830308,3.81854197529569E-14,-0.822192191643779));
#3018=DIRECTION('center_axis',(0.,0.,-1.));
#3019=DIRECTION('ref_axis',(-4.90486589983651E-14,-1.,0.));
#3020=DIRECTION('',(-3.37040012983363E-14,-0.569209978830308,-0.822192191643779));
#3021=DIRECTION('center_axis',(0.,0.,-1.));
#3022=DIRECTION('ref_axis',(-4.90486589983651E-14,-1.,0.));
#3023=DIRECTION('center_axis',(-4.86835559534943E-14,-0.82219219164378,
0.569209978830306));
#3024=DIRECTION('ref_axis',(1.,0.,8.55282896718295E-14));
#3025=DIRECTION('',(2.88356465270599E-14,0.569209978830306,0.82219219164378));
#3026=DIRECTION('',(-1.,5.92118928497277E-14,0.));
#3027=DIRECTION('center_axis',(4.86835559534943E-14,0.82219219164378,-0.569209978830306));
#3028=DIRECTION('ref_axis',(2.80866677486133E-14,0.569209978830306,0.82219219164378));
#3029=DIRECTION('center_axis',(0.,0.,-1.));
#3030=DIRECTION('ref_axis',(-1.,-5.92118946466745E-14,0.));
#3031=DIRECTION('',(0.,0.,-1.));
#3032=DIRECTION('center_axis',(0.,0.,-1.));
#3033=DIRECTION('ref_axis',(-1.,-5.92118946466745E-14,0.));
#3034=DIRECTION('',(0.,0.,-1.));
#3035=DIRECTION('center_axis',(6.70849443494044E-14,-1.,0.));
#3036=DIRECTION('ref_axis',(-1.,-6.70849443494044E-14,0.));
#3037=DIRECTION('',(0.,0.,1.));
#3038=DIRECTION('',(1.,6.70849443494044E-14,0.));
#3039=DIRECTION('center_axis',(8.10565938738963E-7,0.822192191643379,0.569209978830309));
#3040=DIRECTION('ref_axis',(0.999999999998986,0.,-1.42401920009169E-6));
#3041=DIRECTION('center_axis',(-8.10565938738963E-7,-0.822192191643379,
-0.569209978830309));
#3042=DIRECTION('ref_axis',(-5.61161058221543E-7,-0.569209978830032,0.822192191643778));
#3043=DIRECTION('',(0.999999999999514,-9.85859446218321E-7,0.));
#3044=DIRECTION('',(5.61161038560894E-7,0.569209978830028,-0.822192191643781));
#3045=DIRECTION('',(2.88356465270695E-14,0.569209978830496,-0.822192191643649));
#3046=DIRECTION('center_axis',(0.,0.,-1.));
#3047=DIRECTION('ref_axis',(1.,3.68782284974951E-10,0.));
#3048=DIRECTION('',(0.569209978830308,2.09914137419588E-10,-0.822192191643779));
#3049=DIRECTION('center_axis',(0.,0.,-1.));
#3050=DIRECTION('ref_axis',(1.,3.68782284974951E-10,0.));
#3051=DIRECTION('center_axis',(0.82219219164379,3.03217422864064E-10,0.569209978830292));
#3052=DIRECTION('ref_axis',(0.569209978830292,0.,-0.82219219164379));
#3053=DIRECTION('',(-0.569209978830292,6.3388373316592E-13,0.82219219164379));
#3054=DIRECTION('',(3.68791416344941E-10,-1.,0.));
#3055=DIRECTION('center_axis',(-0.82219219164379,-3.03217422864064E-10,
-0.569209978830292));
#3056=DIRECTION('ref_axis',(-0.569209978830292,6.45993358218096E-13,0.82219219164379));
#3057=DIRECTION('center_axis',(0.,0.,-1.));
#3058=DIRECTION('ref_axis',(-9.85859487872462E-7,-0.999999999999514,0.));
#3059=DIRECTION('',(0.,0.,-1.));
#3060=DIRECTION('center_axis',(-0.766044443118978,-1.27293159161298E-12,
0.642787609686539));
#3061=DIRECTION('ref_axis',(-0.64278760968641,6.33698263696517E-7,-0.766044443118824));
#3062=DIRECTION('',(0.,0.,-1.));
#3063=DIRECTION('center_axis',(1.,-5.0659067127241E-14,0.));
#3064=DIRECTION('ref_axis',(-5.0659067127241E-14,-1.,0.));
#3065=DIRECTION('',(0.,0.,-1.));
#3066=DIRECTION('',(-5.0659067127241E-14,-1.,-2.04070313228202E-12));
#3067=DIRECTION('center_axis',(0.,0.,-1.));
#3068=DIRECTION('ref_axis',(6.23193702281176E-10,1.,0.));
#3069=DIRECTION('',(3.5473461366499E-10,0.569209978830308,-0.822192191643779));
#3070=DIRECTION('',(0.569209978830308,-3.54661588328844E-10,0.822192191643779));
#3071=DIRECTION('center_axis',(0.,0.,-1.));
#3072=DIRECTION('ref_axis',(6.23193702281176E-10,1.,0.));
#3073=DIRECTION('center_axis',(-0.822192191643779,5.12292623176216E-10,
0.569209978830308));
#3074=DIRECTION('ref_axis',(0.569209978830308,0.,0.822192191643779));
#3075=DIRECTION('center_axis',(0.822192191643779,-5.12292623176216E-10,
-0.569209978830308));
#3076=DIRECTION('ref_axis',(0.569209978830308,-3.54644736328208E-10,0.822192191643779));
#3077=DIRECTION('',(6.23081352976617E-10,1.,0.));
#3078=DIRECTION('',(-0.569209978830308,6.33883733165937E-13,-0.822192191643779));
#3079=DIRECTION('center_axis',(5.12398869096646E-10,0.822192191643776,0.569209978830311));
#3080=DIRECTION('ref_axis',(1.,0.,-9.0019305379992E-10));
#3081=DIRECTION('',(4.73762506789411E-13,-0.569209978830311,0.822192191643776));
#3082=DIRECTION('',(1.,-6.23210575707642E-10,0.));
#3083=DIRECTION('center_axis',(-5.12398869096646E-10,-0.822192191643776,
-0.569209978830311));
#3084=DIRECTION('ref_axis',(4.94325352375623E-13,-0.569209978830312,0.822192191643776));
#3085=DIRECTION('center_axis',(0.,0.,-1.));
#3086=DIRECTION('ref_axis',(1.,-6.23047292770555E-10,0.));
#3087=DIRECTION('',(0.,0.,-1.));
#3088=DIRECTION('center_axis',(0.,-0.766044443118978,0.642787609686539));
#3089=DIRECTION('ref_axis',(-4.00487080041655E-10,-0.642787609686539,-0.766044443118978));
#3090=DIRECTION('',(0.,0.,-1.));
#3091=DIRECTION('center_axis',(1.11362020474154E-12,1.,0.));
#3092=DIRECTION('ref_axis',(1.,-1.11362020474154E-12,0.));
#3093=DIRECTION('',(0.,0.,-1.));
#3094=DIRECTION('',(1.,-1.11362020474154E-12,-1.32716087978623E-12));
#3095=DIRECTION('center_axis',(0.,0.,-1.));
#3096=DIRECTION('ref_axis',(-1.,-9.91930915515427E-10,0.));
#3097=DIRECTION('',(-0.569209978830308,-5.64617855750055E-10,-0.822192191643779));
#3098=DIRECTION('',(-5.64688072419424E-10,0.569209978830313,0.822192191643775));
#3099=DIRECTION('center_axis',(0.,0.,-1.));
#3100=DIRECTION('ref_axis',(-1.,-9.91930915515427E-10,0.));
#3101=DIRECTION('center_axis',(8.15660660386321E-10,-0.82219219164378,0.569209978830306));
#3102=DIRECTION('ref_axis',(1.,0.,-1.43296971367659E-9));
#3103=DIRECTION('center_axis',(-8.15660660386321E-10,0.82219219164378,-0.569209978830306));
#3104=DIRECTION('ref_axis',(-5.64688072419458E-10,0.569209978830306,0.82219219164378));
#3105=DIRECTION('',(-1.,-9.92055955622248E-10,0.));
#3106=DIRECTION('',(4.73762506789406E-13,-0.569209978830306,-0.82219219164378));
#3107=DIRECTION('center_axis',(-0.822192191643779,-8.15546952285572E-10,
0.569209978830308));
#3108=DIRECTION('ref_axis',(0.569209978830308,0.,0.822192191643779));
#3109=DIRECTION('',(0.569209978830308,3.81854197529569E-14,0.822192191643779));
#3110=DIRECTION('',(-9.91917656935028E-10,1.,0.));
#3111=DIRECTION('center_axis',(0.822192191643779,8.15546952285572E-10,-0.569209978830308));
#3112=DIRECTION('ref_axis',(0.569209978830308,5.05560019475055E-14,0.822192191643779));
#3113=DIRECTION('center_axis',(0.,0.,-1.));
#3114=DIRECTION('ref_axis',(-9.92055820208669E-10,1.,0.));
#3115=DIRECTION('',(0.,0.,-1.));
#3116=DIRECTION('center_axis',(0.766044443118978,2.84233584505264E-15,0.642787609686539));
#3117=DIRECTION('ref_axis',(0.642787609686539,6.3768118934755E-10,-0.766044443118978));
#3118=DIRECTION('',(0.,0.,-1.));
#3119=DIRECTION('center_axis',(-1.,-8.32315884136397E-13,0.));
#3120=DIRECTION('ref_axis',(-8.32315884136397E-13,1.,0.));
#3121=DIRECTION('',(0.,0.,-1.));
#3122=DIRECTION('',(-8.32315884136397E-13,1.,9.87493555494689E-13));
#3123=DIRECTION('center_axis',(0.,0.,1.));
#3124=DIRECTION('ref_axis',(2.50910960048372E-9,-1.,0.));
#3125=DIRECTION('',(0.,0.,1.));
#3126=DIRECTION('center_axis',(0.,0.,1.));
#3127=DIRECTION('ref_axis',(2.50910960048372E-9,-1.,0.));
#3128=DIRECTION('',(0.,0.,1.));
#3129=DIRECTION('center_axis',(-1.,-2.51104354711355E-9,0.));
#3130=DIRECTION('ref_axis',(2.51104354711355E-9,-1.,0.));
#3131=DIRECTION('',(0.,0.,1.));
#3132=DIRECTION('',(2.51104354711355E-9,-1.,0.));
#3133=DIRECTION('center_axis',(0.,0.,1.));
#3134=DIRECTION('ref_axis',(-2.51102250103937E-9,1.,0.));
#3135=DIRECTION('center_axis',(0.,0.,-1.));
#3136=DIRECTION('ref_axis',(-2.51102250103937E-9,1.,0.));
#3137=DIRECTION('center_axis',(0.,0.,1.));
#3138=DIRECTION('ref_axis',(-2.50910403565282E-9,1.,0.));
#3139=DIRECTION('',(0.,0.,1.));
#3140=DIRECTION('center_axis',(0.,0.,-1.));
#3141=DIRECTION('ref_axis',(-2.50910403565282E-9,1.,0.));
#3142=DIRECTION('',(0.,0.,-1.));
#3143=DIRECTION('center_axis',(2.50912943104164E-9,-1.,0.));
#3144=DIRECTION('ref_axis',(1.,2.50912943104164E-9,0.));
#3145=DIRECTION('',(1.,2.50912943104164E-9,0.));
#3146=DIRECTION('center_axis',(0.,0.,-1.));
#3147=DIRECTION('ref_axis',(1.,0.,0.));
#3148=DIRECTION('center_axis',(0.,0.,1.));
#3149=DIRECTION('ref_axis',(0.999999999999999,-5.0182656383969E-8,0.));
#3150=DIRECTION('',(-8.32702292221894E-13,1.,0.));
#3151=DIRECTION('center_axis',(0.,0.,-1.));
#3152=DIRECTION('ref_axis',(1.,0.,0.));
#3153=DIRECTION('center_axis',(0.,0.,1.));
#3154=DIRECTION('ref_axis',(-6.92779167366088E-13,-1.,0.));
#3155=DIRECTION('',(0.,0.,1.));
#3156=DIRECTION('center_axis',(0.,0.,-1.));
#3157=DIRECTION('ref_axis',(-6.92779167366088E-13,-1.,0.));
#3158=DIRECTION('',(0.,0.,-1.));
#3159=DIRECTION('center_axis',(6.67040124299511E-13,1.,0.));
#3160=DIRECTION('ref_axis',(-1.,6.67040124299511E-13,0.));
#3161=DIRECTION('',(0.,0.,1.));
#3162=DIRECTION('',(-1.,6.67040124299511E-13,0.));
#3163=DIRECTION('center_axis',(0.,0.,1.));
#3164=DIRECTION('ref_axis',(6.77747744236056E-13,1.,0.));
#3165=DIRECTION('',(0.,0.,1.));
#3166=DIRECTION('center_axis',(0.,0.,1.));
#3167=DIRECTION('ref_axis',(6.77747744236056E-13,1.,0.));
#3168=DIRECTION('center_axis',(1.,1.26157588773065E-12,0.));
#3169=DIRECTION('ref_axis',(-1.26157588773065E-12,1.,0.));
#3170=DIRECTION('',(0.,0.,1.));
#3171=DIRECTION('',(-1.26157588773065E-12,1.,0.));
#3172=DIRECTION('center_axis',(0.,0.,1.));
#3173=DIRECTION('ref_axis',(1.22568621918616E-12,-1.,0.));
#3174=DIRECTION('',(0.,0.,-1.));
#3175=DIRECTION('center_axis',(0.,0.,-1.));
#3176=DIRECTION('ref_axis',(1.22568621918616E-12,-1.,0.));
#3177=DIRECTION('center_axis',(0.,0.,-1.));
#3178=DIRECTION('ref_axis',(1.,0.,0.));
#3179=DIRECTION('center_axis',(0.,0.,1.));
#3180=DIRECTION('ref_axis',(-0.999999999999999,5.01718858323107E-8,0.));
#3181=DIRECTION('',(-5.07130265451555E-14,-1.,0.));
#3182=DIRECTION('',(1.,-1.11348342810901E-12,0.));
#3183=DIRECTION('center_axis',(0.,0.,-1.));
#3184=DIRECTION('ref_axis',(1.,0.,0.));
#3185=DIRECTION('center_axis',(0.,0.,1.));
#3186=DIRECTION('ref_axis',(1.,2.50866687816692E-9,0.));
#3187=DIRECTION('',(0.,0.,1.));
#3188=DIRECTION('center_axis',(0.,0.,1.));
#3189=DIRECTION('ref_axis',(1.,2.50866687816692E-9,0.));
#3190=DIRECTION('',(0.,0.,1.));
#3191=DIRECTION('center_axis',(2.51059401914065E-9,-1.,0.));
#3192=DIRECTION('ref_axis',(1.,2.51059401914065E-9,0.));
#3193=DIRECTION('',(0.,0.,1.));
#3194=DIRECTION('',(1.,2.51059401914065E-9,0.));
#3195=DIRECTION('center_axis',(0.,0.,1.));
#3196=DIRECTION('ref_axis',(-1.,-2.51059173450582E-9,0.));
#3197=DIRECTION('',(0.,0.,-1.));
#3198=DIRECTION('center_axis',(0.,0.,-1.));
#3199=DIRECTION('ref_axis',(-1.,-2.51059173450582E-9,0.));
#3200=DIRECTION('center_axis',(0.,0.,1.));
#3201=DIRECTION('ref_axis',(-1.,-2.50867771001136E-9,0.));
#3202=DIRECTION('',(0.,0.,1.));
#3203=DIRECTION('center_axis',(0.,0.,-1.));
#3204=DIRECTION('ref_axis',(-1.,-2.50867771001136E-9,0.));
#3205=DIRECTION('center_axis',(1.,2.50866540406081E-9,0.));
#3206=DIRECTION('ref_axis',(-2.50866540406081E-9,1.,0.));
#3207=DIRECTION('',(-2.50866540406081E-9,1.,0.));
#3208=DIRECTION('center_axis',(0.,0.,-1.));
#3209=DIRECTION('ref_axis',(1.,0.,0.));
#3210=DIRECTION('',(-5.07130265451555E-14,-1.,0.));
#3211=DIRECTION('center_axis',(0.,0.,1.));
#3212=DIRECTION('ref_axis',(5.01821741308499E-8,0.999999999999999,0.));
#3213=DIRECTION('center_axis',(0.,0.,-1.));
#3214=DIRECTION('ref_axis',(1.,0.,0.));
#3215=DIRECTION('center_axis',(-7.97547974705937E-13,1.,0.));
#3216=DIRECTION('ref_axis',(-1.,-7.97547974705937E-13,0.));
#3217=DIRECTION('',(0.,0.,1.));
#3218=DIRECTION('',(-1.,-7.97547974705937E-13,0.));
#3219=DIRECTION('',(0.,0.,1.));
#3220=DIRECTION('center_axis',(0.,0.,1.));
#3221=DIRECTION('ref_axis',(1.,8.08242361927102E-13,0.));
#3222=DIRECTION('',(0.,0.,-1.));
#3223=DIRECTION('center_axis',(0.,0.,-1.));
#3224=DIRECTION('ref_axis',(1.,8.08242361927102E-13,0.));
#3225=DIRECTION('center_axis',(0.,0.,1.));
#3226=DIRECTION('ref_axis',(1.,-1.11910480882214E-12,0.));
#3227=DIRECTION('',(0.,0.,1.));
#3228=DIRECTION('center_axis',(0.,0.,-1.));
#3229=DIRECTION('ref_axis',(1.,-1.11910480882214E-12,0.));
#3230=DIRECTION('',(0.,0.,-1.));
#3231=DIRECTION('center_axis',(-1.,1.11656716500299E-12,0.));
#3232=DIRECTION('ref_axis',(-1.11656716500299E-12,-1.,0.));
#3233=DIRECTION('',(0.,0.,1.));
#3234=DIRECTION('',(-1.11656716500299E-12,-1.,0.));
#3235=DIRECTION('center_axis',(0.,0.,1.));
#3236=DIRECTION('ref_axis',(-1.,1.12047006103542E-12,0.));
#3237=DIRECTION('center_axis',(0.,0.,1.));
#3238=DIRECTION('ref_axis',(-1.,1.12047006103542E-12,0.));
#3239=DIRECTION('center_axis',(0.,0.,-1.));
#3240=DIRECTION('ref_axis',(1.,0.,0.));
#3241=DIRECTION('',(-8.32702292221894E-13,1.,0.));
#3242=DIRECTION('center_axis',(0.,0.,1.));
#3243=DIRECTION('ref_axis',(-5.01824273999412E-8,-0.999999999999999,0.));
#3244=DIRECTION('',(1.,-1.11348342810901E-12,0.));
#3245=DIRECTION('center_axis',(0.,0.,-1.));
#3246=DIRECTION('ref_axis',(1.,0.,0.));
#3247=DIRECTION('center_axis',(0.,0.,-1.));
#3248=DIRECTION('ref_axis',(0.999999999999999,-5.0182656383969E-8,0.));
#3249=DIRECTION('center_axis',(0.,0.,-1.));
#3250=DIRECTION('ref_axis',(0.999999999999999,-5.0182656383969E-8,0.));
#3251=DIRECTION('',(0.,0.,1.));
#3252=DIRECTION('center_axis',(0.,0.,-1.));
#3253=DIRECTION('ref_axis',(5.01821741308499E-8,0.999999999999999,0.));
#3254=DIRECTION('',(0.,0.,1.));
#3255=DIRECTION('center_axis',(0.,0.,-1.));
#3256=DIRECTION('ref_axis',(5.01821741308499E-8,0.999999999999999,0.));
#3257=DIRECTION('center_axis',(0.,0.,-1.));
#3258=DIRECTION('ref_axis',(-5.01824273999412E-8,-0.999999999999999,0.));
#3259=DIRECTION('',(0.,0.,1.));
#3260=DIRECTION('center_axis',(0.,0.,-1.));
#3261=DIRECTION('ref_axis',(-5.01824273999412E-8,-0.999999999999999,0.));
#3262=DIRECTION('',(0.,0.,1.));
#3263=DIRECTION('center_axis',(0.,0.766044443118978,-0.642787609686539));
#3264=DIRECTION('ref_axis',(0.,-0.642787609686539,-0.766044443118978));
#3265=DIRECTION('',(2.37054552985278E-10,-0.642787609686539,-0.766044443118978));
#3266=DIRECTION('',(-1.,0.,0.));
#3267=DIRECTION('',(-1.,6.23084307006967E-10,0.));
#3268=DIRECTION('',(-1.,0.,0.));
#3269=DIRECTION('',(4.00508973520095E-10,0.642787609686539,0.766044443118978));
#3270=DIRECTION('center_axis',(0.,-0.766044443118978,0.642787609686539));
#3271=DIRECTION('ref_axis',(-7.29496217644827E-13,-0.642787609686539,-0.766044443118978));
#3272=DIRECTION('center_axis',(1.,3.68791416344941E-10,0.));
#3273=DIRECTION('ref_axis',(3.68791416344941E-10,-1.,0.));
#3274=DIRECTION('',(0.,0.,-1.));
#3275=DIRECTION('',(-3.68791416344941E-10,1.,0.));
#3276=DIRECTION('',(0.,0.,-1.));
#3277=DIRECTION('',(-3.68785613526362E-10,1.,0.));
#3278=DIRECTION('',(0.,0.,-1.));
#3279=DIRECTION('center_axis',(0.,0.,-1.));
#3280=DIRECTION('ref_axis',(-1.13489464739461E-12,-1.,0.));
#3281=DIRECTION('center_axis',(-1.,6.23081352976617E-10,0.));
#3282=DIRECTION('ref_axis',(6.23081352976617E-10,1.,0.));
#3283=DIRECTION('',(-6.2306935623498E-10,-1.,0.));
#3284=DIRECTION('',(0.,0.,-1.));
#3285=DIRECTION('',(-6.23081352976617E-10,-1.,0.));
#3286=DIRECTION('',(0.,0.,-1.));
#3287=DIRECTION('center_axis',(0.,0.,1.));
#3288=DIRECTION('ref_axis',(1.,0.,0.));
#3289=DIRECTION('center_axis',(0.,0.,-1.));
#3290=DIRECTION('ref_axis',(-6.23067030068722E-10,-1.,0.));
#3291=DIRECTION('center_axis',(-0.766044443118978,-1.27293159161298E-12,
0.642787609686539));
#3292=DIRECTION('ref_axis',(0.642787609686539,1.07165048987899E-12,0.766044443118978));
#3293=DIRECTION('',(-0.642787609686539,3.8060671069892E-14,-0.766044443118978));
#3294=DIRECTION('',(-1.66169417851293E-12,1.,0.));
#3295=DIRECTION('',(0.64278760968641,-6.33698236921751E-7,0.766044443118824));
#3296=DIRECTION('center_axis',(-0.766044443118978,-1.27293159161298E-12,
0.642787609686539));
#3297=DIRECTION('ref_axis',(-0.642787609686539,3.17172268541226E-14,-0.766044443118978));
#3298=DIRECTION('center_axis',(-5.92118928497277E-14,-1.,0.));
#3299=DIRECTION('ref_axis',(-1.,5.92118928497277E-14,0.));
#3300=DIRECTION('',(0.,0.,-1.));
#3301=DIRECTION('',(1.,-5.92118928497277E-14,0.));
#3302=DIRECTION('',(0.,0.,-1.));
#3303=DIRECTION('',(1.,-5.22457893942089E-14,0.));
#3304=DIRECTION('',(0.,0.,-1.));
#3305=DIRECTION('center_axis',(0.,0.,-1.));
#3306=DIRECTION('ref_axis',(-1.,4.93432455388954E-14,0.));
#3307=DIRECTION('center_axis',(-0.766044443118978,-2.84233584505264E-15,
-0.642787609686539));
#3308=DIRECTION('ref_axis',(-0.642787609686539,1.14905788336366E-15,0.766044443118978));
#3309=DIRECTION('center_axis',(0.766044443118978,2.84233584505264E-15,0.642787609686539));
#3310=DIRECTION('ref_axis',(0.642787609686539,5.58223192632585E-13,-0.766044443118978));
#3311=DIRECTION('',(0.642787609686539,-4.00592036290487E-10,-0.766044443118978));
#3312=DIRECTION('',(3.71040593086214E-15,-1.,0.));
#3313=DIRECTION('',(-0.642787609686539,-6.3768127638972E-10,0.766044443118978));
#3314=DIRECTION('center_axis',(9.92055955622248E-10,-1.,0.));
#3315=DIRECTION('ref_axis',(-1.,-9.92055955622248E-10,0.));
#3316=DIRECTION('',(1.,9.92056984119896E-10,0.));
#3317=DIRECTION('',(0.,0.,-1.));
#3318=DIRECTION('',(1.,9.92055955622248E-10,0.));
#3319=DIRECTION('',(0.,0.,-1.));
#3320=DIRECTION('center_axis',(5.32907051820077E-14,-1.,0.));
#3321=DIRECTION('ref_axis',(1.,5.32907051820077E-14,0.));
#3322=DIRECTION('',(-1.,-5.32907051820077E-14,0.));
#3323=DIRECTION('',(0.,0.,1.));
#3324=DIRECTION('',(0.,0.,1.));
#3325=DIRECTION('center_axis',(0.,0.,1.));
#3326=DIRECTION('ref_axis',(-1.,0.,0.));
#3327=DIRECTION('center_axis',(0.,0.,-1.));
#3328=DIRECTION('ref_axis',(-1.,-6.97854472621524E-14,0.));
#3329=DIRECTION('',(0.,1.,0.));
#3330=DIRECTION('center_axis',(0.,0.,-1.));
#3331=DIRECTION('ref_axis',(-1.,-7.89491928622327E-14,0.));
#3332=DIRECTION('center_axis',(0.,0.,1.));
#3333=DIRECTION('ref_axis',(1.,0.,0.));
#3334=DIRECTION('',(-6.66133772956508E-14,1.,0.));
#3335=DIRECTION('center_axis',(0.,0.,-1.));
#3336=DIRECTION('ref_axis',(-6.21724893790084E-14,1.,0.));
#3337=DIRECTION('',(-7.31441051517789E-14,1.,0.));
#3338=DIRECTION('center_axis',(0.,0.,1.));
#3339=DIRECTION('ref_axis',(1.,0.,0.));
#3340=DIRECTION('',(-1.,-6.58477104260438E-14,0.));
#3341=DIRECTION('',(6.66133772956507E-14,-1.,0.));
#3342=DIRECTION('center_axis',(-1.,0.,0.));
#3343=DIRECTION('ref_axis',(0.,-1.,0.));
#3344=DIRECTION('',(0.,1.,0.));
#3345=DIRECTION('',(0.,0.,1.));
#3346=DIRECTION('center_axis',(0.,1.,0.));
#3347=DIRECTION('ref_axis',(1.,0.,0.));
#3348=DIRECTION('',(0.,0.,-1.));
#3349=DIRECTION('',(0.,0.,-1.));
#3350=DIRECTION('',(0.,0.,1.));
#3351=DIRECTION('',(-1.,0.,0.));
#3352=DIRECTION('center_axis',(0.,0.,-1.));
#3353=DIRECTION('ref_axis',(1.,5.92118946466745E-14,0.));
#3354=DIRECTION('',(0.,0.,-1.));
#3355=DIRECTION('center_axis',(-1.,-6.66133802669992E-14,0.));
#3356=DIRECTION('ref_axis',(-6.66133802669992E-14,1.,0.));
#3357=DIRECTION('',(0.,0.,-1.));
#3358=DIRECTION('center_axis',(0.,0.,-1.));
#3359=DIRECTION('ref_axis',(-8.38835174161235E-14,1.,0.));
#3360=DIRECTION('',(0.,0.,-1.));
#3361=DIRECTION('center_axis',(6.58477104260438E-14,-1.,0.));
#3362=DIRECTION('ref_axis',(-1.,-6.58477104260438E-14,0.));
#3363=DIRECTION('center_axis',(6.70849443494044E-14,-1.,0.));
#3364=DIRECTION('ref_axis',(-1.,-6.70849443494044E-14,0.));
#3365=DIRECTION('',(0.,0.,-1.));
#3366=DIRECTION('center_axis',(1.,0.,0.));
#3367=DIRECTION('ref_axis',(0.,1.,0.));
#3368=DIRECTION('',(0.,0.,1.));
#3369=DIRECTION('',(0.,0.,1.));
#3370=DIRECTION('center_axis',(0.,0.,1.));
#3371=DIRECTION('ref_axis',(-1.,-6.97854472621524E-14,0.));
#3372=DIRECTION('',(0.,0.,1.));
#3373=DIRECTION('center_axis',(-1.,-6.66133772956508E-14,0.));
#3374=DIRECTION('ref_axis',(6.66133772956508E-14,-1.,0.));
#3375=DIRECTION('center_axis',(-1.,-8.88178419700128E-15,0.));
#3376=DIRECTION('ref_axis',(8.88178419700128E-15,-1.,0.));
#3377=DIRECTION('',(8.88178419700128E-15,-1.,0.));
#3378=DIRECTION('center_axis',(0.,0.,1.));
#3379=DIRECTION('ref_axis',(-1.,0.,0.));
#3380=DIRECTION('center_axis',(0.,0.,-1.));
#3381=DIRECTION('ref_axis',(0.,-1.,0.));
#3382=DIRECTION('',(0.,0.,-1.));
#3383=DIRECTION('center_axis',(1.,6.66133772956507E-14,0.));
#3384=DIRECTION('ref_axis',(6.66133772956507E-14,-1.,0.));
#3385=DIRECTION('center_axis',(0.,0.,-1.));
#3386=DIRECTION('ref_axis',(-8.88178419700144E-14,1.,0.));
#3387=DIRECTION('',(0.,0.,-1.));
#3388=DIRECTION('center_axis',(0.,0.,-1.));
#3389=DIRECTION('ref_axis',(1.,8.68441121484603E-13,0.));
#3390=DIRECTION('',(0.,0.,-1.));
#3391=DIRECTION('center_axis',(9.85859446218322E-7,0.999999999999514,0.));
#3392=DIRECTION('ref_axis',(0.999999999999514,-9.85859446218321E-7,0.));
#3393=DIRECTION('',(-0.999999999999514,9.85859446218321E-7,0.));
#3394=DIRECTION('',(-1.,-3.68890103652142E-10,0.));
#3395=DIRECTION('',(0.,0.,-1.));
#3396=DIRECTION('center_axis',(0.,0.,1.));
#3397=DIRECTION('ref_axis',(1.,0.,0.));
#3398=DIRECTION('center_axis',(0.,0.,-1.));
#3399=DIRECTION('ref_axis',(-1.,-3.68789443427884E-10,0.));
#3400=DIRECTION('center_axis',(0.,0.,1.));
#3401=DIRECTION('ref_axis',(1.,0.,0.));
#3402=DIRECTION('center_axis',(0.,0.,-1.));
#3403=DIRECTION('ref_axis',(3.99680288865051E-14,1.,0.));
#3404=DIRECTION('',(-3.68905416321998E-10,1.,0.));
#3405=DIRECTION('center_axis',(0.,0.,-1.));
#3406=DIRECTION('ref_axis',(-1.,-3.68896024838251E-10,0.));
#3407=DIRECTION('center_axis',(0.,0.,1.));
#3408=DIRECTION('ref_axis',(1.,0.,0.));
#3409=DIRECTION('',(-1.,6.23194747147693E-10,0.));
#3410=DIRECTION('center_axis',(0.,0.,-1.));
#3411=DIRECTION('ref_axis',(-6.23185453858028E-10,-1.,0.));
#3412=DIRECTION('',(9.92053969562919E-10,-1.,0.));
#3413=DIRECTION('center_axis',(0.,0.,-1.));
#3414=DIRECTION('ref_axis',(1.,9.92077531236614E-10,0.));
#3415=DIRECTION('center_axis',(0.,0.,-1.));
#3416=DIRECTION('ref_axis',(6.23193702281176E-10,1.,0.));
#3417=DIRECTION('center_axis',(0.,0.,1.));
#3418=DIRECTION('ref_axis',(6.23193702281176E-10,1.,0.));
#3419=DIRECTION('',(0.,0.,-1.));
#3420=DIRECTION('center_axis',(0.,0.,-1.));
#3421=DIRECTION('ref_axis',(-6.23067030068722E-10,-1.,0.));
#3422=DIRECTION('',(0.,0.,-1.));
#3423=DIRECTION('center_axis',(0.,0.,-1.));
#3424=DIRECTION('ref_axis',(-6.23067030068722E-10,-1.,0.));
#3425=DIRECTION('center_axis',(6.23084307006967E-10,1.,0.));
#3426=DIRECTION('ref_axis',(1.,-6.23084307006967E-10,0.));
#3427=DIRECTION('',(0.,0.,-1.));
#3428=DIRECTION('',(-1.,6.23084307006967E-10,0.));
#3429=DIRECTION('center_axis',(0.,0.,-1.));
#3430=DIRECTION('ref_axis',(-1.,-3.68789443427884E-10,0.));
#3431=DIRECTION('center_axis',(0.,0.,-1.));
#3432=DIRECTION('ref_axis',(-1.,-3.68789443427884E-10,0.));
#3433=DIRECTION('center_axis',(0.,0.,-1.));
#3434=DIRECTION('ref_axis',(1.,3.68782284974951E-10,0.));
#3435=DIRECTION('',(0.,0.,-1.));
#3436=DIRECTION('center_axis',(0.,0.,1.));
#3437=DIRECTION('ref_axis',(1.,3.68782284974951E-10,0.));
#3438=DIRECTION('center_axis',(-3.68890103652142E-10,1.,0.));
#3439=DIRECTION('ref_axis',(1.,3.68890103652142E-10,0.));
#3440=DIRECTION('',(0.,0.,-1.));
#3441=DIRECTION('',(-1.,-3.68890103652142E-10,0.));
#3442=DIRECTION('center_axis',(0.,0.,-1.));
#3443=DIRECTION('ref_axis',(-1.,-3.68896024838251E-10,0.));
#3444=DIRECTION('',(0.,0.,-1.));
#3445=DIRECTION('center_axis',(0.,0.,-1.));
#3446=DIRECTION('ref_axis',(-1.,-3.68896024838251E-10,0.));
#3447=DIRECTION('center_axis',(1.,3.68905416321998E-10,0.));
#3448=DIRECTION('ref_axis',(3.68905416321998E-10,-1.,0.));
#3449=DIRECTION('',(0.,0.,-1.));
#3450=DIRECTION('',(-3.68905416321998E-10,1.,0.));
#3451=DIRECTION('center_axis',(0.,0.,-1.));
#3452=DIRECTION('ref_axis',(3.99680288865051E-14,1.,0.));
#3453=DIRECTION('center_axis',(0.,0.,-1.));
#3454=DIRECTION('ref_axis',(3.99680288865051E-14,1.,0.));
#3455=DIRECTION('center_axis',(1.,8.32702292221894E-13,0.));
#3456=DIRECTION('ref_axis',(8.32702292221894E-13,-1.,0.));
#3457=DIRECTION('',(8.32702292221894E-13,-1.,0.));
#3458=DIRECTION('center_axis',(1.,-5.06009535090994E-14,0.));
#3459=DIRECTION('ref_axis',(5.06009535090994E-14,1.,0.));
#3460=DIRECTION('',(-5.06009535090994E-14,-1.,0.));
#3461=DIRECTION('',(0.,0.,1.));
#3462=DIRECTION('',(5.06009535090994E-14,1.,0.));
#3463=DIRECTION('',(0.,0.,1.));
#3464=DIRECTION('center_axis',(0.,0.,1.));
#3465=DIRECTION('ref_axis',(-0.999999999999998,6.17500037989578E-8,0.));
#3466=DIRECTION('center_axis',(0.,0.,1.));
#3467=DIRECTION('ref_axis',(-0.999999999999998,6.17500037989578E-8,0.));
#3468=DIRECTION('center_axis',(0.,0.,-1.));
#3469=DIRECTION('ref_axis',(-0.999999999999998,6.17500037989578E-8,0.));
#3470=DIRECTION('',(0.,0.,1.));
#3471=DIRECTION('center_axis',(1.11378323372199E-12,1.,0.));
#3472=DIRECTION('ref_axis',(-1.,1.11378323372199E-12,0.));
#3473=DIRECTION('',(1.,-1.11378323372199E-12,0.));
#3474=DIRECTION('',(-1.,1.11378323372199E-12,0.));
#3475=DIRECTION('',(0.,0.,1.));
#3476=DIRECTION('center_axis',(0.,0.,1.));
#3477=DIRECTION('ref_axis',(-6.17627320789288E-8,-0.999999999999998,0.));
#3478=DIRECTION('center_axis',(0.,0.,1.));
#3479=DIRECTION('ref_axis',(-6.17627320789288E-8,-0.999999999999998,0.));
#3480=DIRECTION('center_axis',(0.,0.,-1.));
#3481=DIRECTION('ref_axis',(-6.17627320789288E-8,-0.999999999999998,0.));
#3482=DIRECTION('',(0.,0.,1.));
#3483=DIRECTION('center_axis',(-1.,-8.3270229141217E-13,0.));
#3484=DIRECTION('ref_axis',(8.3270229141217E-13,-1.,0.));
#3485=DIRECTION('',(-8.3270229141217E-13,1.,0.));
#3486=DIRECTION('',(8.3270229141217E-13,-1.,0.));
#3487=DIRECTION('',(0.,0.,1.));
#3488=DIRECTION('center_axis',(0.,0.,1.));
#3489=DIRECTION('ref_axis',(0.999999999999998,-6.1763461410883E-8,0.));
#3490=DIRECTION('center_axis',(0.,0.,1.));
#3491=DIRECTION('ref_axis',(0.999999999999998,-6.1763461410883E-8,0.));
#3492=DIRECTION('center_axis',(0.,0.,-1.));
#3493=DIRECTION('ref_axis',(0.999999999999998,-6.1763461410883E-8,0.));
#3494=DIRECTION('',(0.,0.,1.));
#3495=DIRECTION('center_axis',(6.74565888526102E-14,-1.,0.));
#3496=DIRECTION('ref_axis',(1.,6.74565888526102E-14,0.));
#3497=DIRECTION('',(-1.,-6.74565888526102E-14,0.));
#3498=DIRECTION('',(1.,6.74565888526102E-14,0.));
#3499=DIRECTION('',(0.,0.,1.));
#3500=DIRECTION('center_axis',(0.,0.,1.));
#3501=DIRECTION('ref_axis',(6.1762693648961E-8,0.999999999999998,0.));
#3502=DIRECTION('center_axis',(0.,0.,1.));
#3503=DIRECTION('ref_axis',(6.1762693648961E-8,0.999999999999998,0.));
#3504=DIRECTION('center_axis',(0.,0.,-1.));
#3505=DIRECTION('ref_axis',(6.1762693648961E-8,0.999999999999998,0.));
#3506=DIRECTION('center_axis',(0.,0.,1.));
#3507=DIRECTION('ref_axis',(1.,0.,0.));
#3508=DIRECTION('',(5.07130265451555E-14,1.,0.));
#3509=DIRECTION('center_axis',(0.,0.,-1.));
#3510=DIRECTION('ref_axis',(-0.999999999999999,5.01718858323107E-8,0.));
#3511=DIRECTION('',(-1.,1.11348342810901E-12,0.));
#3512=DIRECTION('center_axis',(0.,0.,-1.));
#3513=DIRECTION('ref_axis',(-4.90486589983651E-14,-1.,0.));
#3514=DIRECTION('',(0.,0.,-1.));
#3515=DIRECTION('center_axis',(0.,0.,1.));
#3516=DIRECTION('ref_axis',(-4.90486589983651E-14,-1.,0.));
#3517=DIRECTION('center_axis',(1.,7.89491879854653E-14,0.));
#3518=DIRECTION('ref_axis',(7.89491879854653E-14,-1.,0.));
#3519=DIRECTION('',(0.,0.,-1.));
#3520=DIRECTION('',(-7.89491879854653E-14,1.,0.));
#3521=DIRECTION('center_axis',(0.,0.,-1.));
#3522=DIRECTION('ref_axis',(-6.21724893790084E-14,1.,0.));
#3523=DIRECTION('center_axis',(0.,0.,-1.));
#3524=DIRECTION('ref_axis',(-6.21724893790084E-14,1.,0.));
#3525=DIRECTION('center_axis',(0.,0.,-1.));
#3526=DIRECTION('ref_axis',(1.,9.91882131984369E-10,0.));
#3527=DIRECTION('',(0.,0.,-1.));
#3528=DIRECTION('center_axis',(0.,0.,-1.));
#3529=DIRECTION('ref_axis',(1.,9.91882131984369E-10,0.));
#3530=DIRECTION('center_axis',(-1.,-9.91917656935028E-10,0.));
#3531=DIRECTION('ref_axis',(-9.91917656935028E-10,1.,0.));
#3532=DIRECTION('',(0.,0.,-1.));
#3533=DIRECTION('',(9.91917656935028E-10,-1.,0.));
#3534=DIRECTION('center_axis',(0.,0.,-1.));
#3535=DIRECTION('ref_axis',(-1.,-9.91930915515427E-10,0.));
#3536=DIRECTION('center_axis',(0.,0.,1.));
#3537=DIRECTION('ref_axis',(-1.,-9.91930915515427E-10,0.));
#3538=DIRECTION('center_axis',(0.,0.,-1.));
#3539=DIRECTION('ref_axis',(1.,9.92077531236614E-10,0.));
#3540=DIRECTION('',(0.,0.,-1.));
#3541=DIRECTION('center_axis',(0.,0.,-1.));
#3542=DIRECTION('ref_axis',(1.,9.92077531236614E-10,0.));
#3543=DIRECTION('center_axis',(-1.,-9.92053969562919E-10,0.));
#3544=DIRECTION('ref_axis',(-9.92053969562919E-10,1.,0.));
#3545=DIRECTION('',(0.,0.,-1.));
#3546=DIRECTION('',(9.92053969562919E-10,-1.,0.));
#3547=DIRECTION('center_axis',(0.,0.,-1.));
#3548=DIRECTION('ref_axis',(-6.23185453858028E-10,-1.,0.));
#3549=DIRECTION('',(0.,0.,-1.));
#3550=DIRECTION('center_axis',(0.,0.,-1.));
#3551=DIRECTION('ref_axis',(-6.23185453858028E-10,-1.,0.));
#3552=DIRECTION('center_axis',(6.23210575707642E-10,1.,0.));
#3553=DIRECTION('ref_axis',(1.,-6.23210575707642E-10,0.));
#3554=DIRECTION('',(-1.,6.23210575707642E-10,0.));
#3555=DIRECTION('center_axis',(0.,0.,-1.));
#3556=DIRECTION('ref_axis',(1.,0.,0.));
#3557=DIRECTION('',(0.,0.,1.));
#3558=DIRECTION('center_axis',(0.,0.,-1.));
#3559=DIRECTION('ref_axis',(1.,0.,0.));
#3560=DIRECTION('center_axis',(0.,0.,-1.));
#3561=DIRECTION('ref_axis',(1.,0.,0.));
#3562=DIRECTION('',(0.,0.,1.));
#3563=DIRECTION('center_axis',(0.,0.,-1.));
#3564=DIRECTION('ref_axis',(1.,0.,0.));
#3565=DIRECTION('center_axis',(0.,0.,-1.));
#3566=DIRECTION('ref_axis',(1.,0.,0.));
#3567=DIRECTION('',(0.,0.,1.));
#3568=DIRECTION('center_axis',(0.,0.,-1.));
#3569=DIRECTION('ref_axis',(1.,0.,0.));
#3570=DIRECTION('center_axis',(0.,0.,-1.));
#3571=DIRECTION('ref_axis',(1.,0.,0.));
#3572=DIRECTION('',(0.,0.,1.));
#3573=DIRECTION('center_axis',(0.,0.,-1.));
#3574=DIRECTION('ref_axis',(1.,0.,0.));
#3575=DIRECTION('center_axis',(-1.,5.07130265451555E-14,0.));
#3576=DIRECTION('ref_axis',(5.07130265451555E-14,1.,0.));
#3577=DIRECTION('',(0.,0.,1.));
#3578=DIRECTION('center_axis',(0.,0.,-1.));
#3579=DIRECTION('ref_axis',(-0.999999999999999,5.01718858323107E-8,0.));
#3580=DIRECTION('',(0.,0.,1.));
#3581=DIRECTION('center_axis',(-1.11348342810901E-12,-1.,0.));
#3582=DIRECTION('ref_axis',(-1.,1.11348342810901E-12,0.));
#3583=DIRECTION('center_axis',(0.,0.,1.));
#3584=DIRECTION('ref_axis',(1.,0.,0.));
#3585=CARTESIAN_POINT('',(0.,0.,0.));
#3586=CARTESIAN_POINT('Origin',(96.6500000027776,-70.7999999724218,-0.15));
#3587=CARTESIAN_POINT('',(43.8000006705509,-70.7999999724254,-0.649999999999999));
#3588=CARTESIAN_POINT('',(70.2000006705509,-70.7999999724236,-0.649999999999999));
#3589=CARTESIAN_POINT('',(81.4750003366642,-70.7999999724229,-0.649999999999999));
#3590=CARTESIAN_POINT('',(70.2000006705509,-70.7999999724236,-1.65));
#3591=CARTESIAN_POINT('',(70.2000006705509,-70.7999999724236,-3.4));
#3592=CARTESIAN_POINT('',(96.6500000027776,-70.7999999724218,-1.65));
#3593=CARTESIAN_POINT('',(83.1375000014039,-70.7999999724227,-1.65));
#3594=CARTESIAN_POINT('',(96.6500000027776,-70.7999999724218,-0.15));
#3595=CARTESIAN_POINT('',(96.6500000027776,-70.7999999724218,-0.15));
#3596=CARTESIAN_POINT('',(42.5999999999999,-70.7999999724255,-0.15));
#3597=CARTESIAN_POINT('',(96.6500000027776,-70.7999999724218,-0.15));
#3598=CARTESIAN_POINT('',(42.5999999999999,-70.7999999724255,-1.65));
#3599=CARTESIAN_POINT('',(42.5999999999999,-70.7999999724255,-0.15));
#3600=CARTESIAN_POINT('',(43.8000006705509,-70.7999999724254,-1.65));
#3601=CARTESIAN_POINT('',(83.1375000014039,-70.7999999724227,-1.65));
#3602=CARTESIAN_POINT('',(43.8000006705509,-70.7999999724254,-3.4));
#3603=CARTESIAN_POINT('Origin',(62.0000006705507,-68.4000000002212,-3.4));
#3604=CARTESIAN_POINT('',(62.0000006705507,-67.8000000002212,-7.65));
#3605=CARTESIAN_POINT('',(61.4000006705508,-68.4000000002213,-7.65));
#3606=CARTESIAN_POINT('Origin',(62.0000006705507,-68.4000000002212,-7.65));
#3607=CARTESIAN_POINT('',(61.4000006705507,-68.4000000002213,-1.65));
#3608=CARTESIAN_POINT('',(61.4000006705507,-68.4000000002213,-3.4));
#3609=CARTESIAN_POINT('',(62.0000006705507,-67.8000000002212,-1.65));
#3610=CARTESIAN_POINT('Origin',(62.0000006705507,-68.4000000002212,-1.65));
#3611=CARTESIAN_POINT('',(62.0000006705507,-67.8000000002212,-3.4));
#3612=CARTESIAN_POINT('Origin',(69.625000000033,-113.625000000221,-7.65));
#3613=CARTESIAN_POINT('',(95.7499964920328,-67.7999999346643,-7.65));
#3614=CARTESIAN_POINT('',(54.8125000000149,-67.8000000002217,-7.65));
#3615=CARTESIAN_POINT('',(97.7499964970549,-69.7999999296422,-7.65));
#3616=CARTESIAN_POINT('Origin',(95.7499964970549,-69.7999999346643,-7.65));
#3617=CARTESIAN_POINT('',(97.749996503207,-72.2499999103143,-7.65));
#3618=CARTESIAN_POINT('',(97.7499965520782,-91.7124999296199,-7.65));
#3619=CARTESIAN_POINT('',(100.999999922792,-75.5000033135836,-7.65));
#3620=CARTESIAN_POINT('Origin',(100.999999914637,-72.2499999021534,-7.65));
#3621=CARTESIAN_POINT('',(103.449999904374,-75.5000033074362,-7.65));
#3622=CARTESIAN_POINT('',(85.3124999135821,-75.5000033529455,-7.65));
#3623=CARTESIAN_POINT('',(105.449999909392,-77.500003302418,-7.65));
#3624=CARTESIAN_POINT('Origin',(103.449999909392,-77.5000033074362,-7.65));
#3625=CARTESIAN_POINT('',(105.450000000063,-149.749996608119,-7.65));
#3626=CARTESIAN_POINT('',(105.450000000017,-93.8125000002064,-7.65));
#3627=CARTESIAN_POINT('',(103.450000000065,-151.74999660812,-7.65));
#3628=CARTESIAN_POINT('Origin',(103.450000000063,-149.74999660812,-7.65));
#3629=CARTESIAN_POINT('',(101.000000018483,-151.749996608122,-7.65));
#3630=CARTESIAN_POINT('',(86.537500000064,-151.749996608134,-7.65));
#3631=CARTESIAN_POINT('',(97.7499966070552,-155.000000019549,-7.65));
#3632=CARTESIAN_POINT('Origin',(101.000000018485,-155.000000019553,-7.65));
#3633=CARTESIAN_POINT('',(97.7499966070525,-157.450000000221,-7.65));
#3634=CARTESIAN_POINT('',(97.7499966070783,-134.312500009901,-7.65));
#3635=CARTESIAN_POINT('',(95.7499966070502,-159.450000000219,-7.65));
#3636=CARTESIAN_POINT('Origin',(95.7499966070524,-157.450000000219,-7.65));
#3637=CARTESIAN_POINT('',(43.5000034828752,-159.450000000222,-7.65));
#3638=CARTESIAN_POINT('',(84.4374999999903,-159.450000000206,-7.65));
#3639=CARTESIAN_POINT('',(41.5000034828727,-157.450000000225,-7.65));
#3640=CARTESIAN_POINT('Origin',(43.5000034828727,-157.450000000222,-7.65));
#3641=CARTESIAN_POINT('',(41.5000034828696,-155.000000019553,-7.65));
#3642=CARTESIAN_POINT('',(41.5000034828451,-135.53750000024,-7.65));
#3643=CARTESIAN_POINT('',(38.2500000714416,-151.749996608127,-7.65));
#3644=CARTESIAN_POINT('Origin',(38.2500000714394,-155.000000019557,-7.65));
#3645=CARTESIAN_POINT('',(35.8000000898597,-151.749996608125,-7.65));
#3646=CARTESIAN_POINT('',(53.9375000357246,-151.749996608137,-7.65));
#3647=CARTESIAN_POINT('',(33.800000089861,-149.749996608124,-7.65));
#3648=CARTESIAN_POINT('Origin',(35.800000089861,-149.749996608125,-7.65));
#3649=CARTESIAN_POINT('',(33.7999999991899,-77.5000034822494,-7.65));
#3650=CARTESIAN_POINT('',(33.800000000001,-133.437500000221,-7.65));
#3651=CARTESIAN_POINT('',(35.7999999941687,-75.5000034772282,-7.65));
#3652=CARTESIAN_POINT('Origin',(35.79999999919,-77.5000034772282,-7.65));
#3653=CARTESIAN_POINT('',(38.2499999757507,-75.5000034710772,-7.65));
#3654=CARTESIAN_POINT('',(52.7124999492426,-75.5000034347678,-7.65));
#3655=CARTESIAN_POINT('',(41.5000033790214,-72.2500000514938,-7.65));
#3656=CARTESIAN_POINT('Origin',(38.2499999675912,-72.250000059647,-7.65));
#3657=CARTESIAN_POINT('',(41.5000033728752,-69.8000000708218,-7.65));
#3658=CARTESIAN_POINT('',(41.5000034309194,-92.9375000611354,-7.65));
#3659=CARTESIAN_POINT('',(43.5000033678578,-67.8000000658044,-7.65));
#3660=CARTESIAN_POINT('Origin',(43.5000033728752,-69.8000000658044,-7.65));
#3661=CARTESIAN_POINT('',(44.4000006705507,-67.8000000002224,-7.65));
#3662=CARTESIAN_POINT('',(54.8125000000149,-67.8000000002217,-7.65));
#3663=CARTESIAN_POINT('',(45.0000006705507,-68.4000000002224,-7.65));
#3664=CARTESIAN_POINT('Origin',(44.4000006705507,-68.4000000002224,-7.65));
#3665=CARTESIAN_POINT('',(45.0000006705521,-89.2000013562285,-7.65));
#3666=CARTESIAN_POINT('',(45.0000006705521,-89.2000013562285,-7.65));
#3667=CARTESIAN_POINT('',(46.8000006705521,-91.0000013562284,-7.65));
#3668=CARTESIAN_POINT('Origin',(46.8000006705521,-89.2000013562284,-7.65));
#3669=CARTESIAN_POINT('',(67.2000006705521,-91.0000013562284,-7.65));
#3670=CARTESIAN_POINT('',(46.8000006705521,-91.0000013562284,-7.65));
#3671=CARTESIAN_POINT('',(69.0000006705522,-89.2000013562283,-7.65));
#3672=CARTESIAN_POINT('Origin',(67.2000006705521,-89.2000013562284,-7.65));
#3673=CARTESIAN_POINT('',(69.000000670551,-72.8000010582045,-7.65));
#3674=CARTESIAN_POINT('',(69.0000006705522,-89.2000013562283,-7.65));
#3675=CARTESIAN_POINT('',(67.2000006705509,-71.0000010582047,-7.65));
#3676=CARTESIAN_POINT('Origin',(67.200000670551,-72.8000010582046,-7.65));
#3677=CARTESIAN_POINT('',(62.0000006705509,-71.000001058205,-7.65));
#3678=CARTESIAN_POINT('',(61.4000006705509,-71.000001058205,-7.65));
#3679=CARTESIAN_POINT('',(61.4000006705509,-70.400001058205,-7.65));
#3680=CARTESIAN_POINT('Origin',(62.0000006705509,-70.400001058205,-7.65));
#3681=CARTESIAN_POINT('',(61.4000006705507,-67.6000000002213,-7.65));
#3682=CARTESIAN_POINT('Origin',(39.9999999999999,-67.8000000002227,-0.15));
#3683=CARTESIAN_POINT('',(44.4000006705507,-67.8000000002224,-1.65));
#3684=CARTESIAN_POINT('',(54.8125000000149,-67.8000000002217,-1.65));
#3685=CARTESIAN_POINT('',(44.4000006705507,-67.8000000002224,-3.4));
#3686=CARTESIAN_POINT('',(43.5000033678578,-67.8000000658044,-5.45));
#3687=CARTESIAN_POINT('',(43.5000033728751,-67.8000000002225,-7.65));
#3688=CARTESIAN_POINT('',(39.9999999999999,-67.8000000002227,-5.45));
#3689=CARTESIAN_POINT('',(39.3250008417617,-67.8000000002228,-5.45));
#3690=CARTESIAN_POINT('',(39.9999999999999,-67.8000000002227,1.65));
#3691=CARTESIAN_POINT('',(39.9999999999999,-67.8000000002227,-1.65));
#3692=CARTESIAN_POINT('',(99.2499999100735,-67.8000000002187,1.65));
#3693=CARTESIAN_POINT('',(54.8125000000149,-67.8000000002217,1.65));
#3694=CARTESIAN_POINT('',(99.2499999100735,-67.8000000002187,-5.45));
#3695=CARTESIAN_POINT('',(99.2499999100735,-67.8000000002187,-0.15));
#3696=CARTESIAN_POINT('',(95.7499964920328,-67.7999999346643,-5.45));
#3697=CARTESIAN_POINT('',(70.2999991230087,-67.8000000002207,-5.45));
#3698=CARTESIAN_POINT('',(95.7499964970548,-67.800000000219,-7.65));
#3699=CARTESIAN_POINT('Origin',(44.4000006705507,-68.4000000002224,-3.4));
#3700=CARTESIAN_POINT('',(45.0000006705507,-68.4000000002224,-1.65));
#3701=CARTESIAN_POINT('Origin',(44.4000006705507,-68.4000000002224,-1.65));
#3702=CARTESIAN_POINT('',(45.0000006705507,-68.4000000002224,-3.4));
#3703=CARTESIAN_POINT('Origin',(62.0000006705509,-70.400001058205,-6.65));
#3704=CARTESIAN_POINT('',(62.0000006705509,-71.000001058205,-1.65));
#3705=CARTESIAN_POINT('',(62.0000006705509,-71.000001058205,-6.65));
#3706=CARTESIAN_POINT('',(61.4000006705508,-70.400001058205,-1.65));
#3707=CARTESIAN_POINT('Origin',(62.0000006705509,-70.400001058205,-1.65));
#3708=CARTESIAN_POINT('',(61.4000006705509,-70.400001058205,-6.65));
#3709=CARTESIAN_POINT('Origin',(61.4000006705509,-71.000001058205,-6.65));
#3710=CARTESIAN_POINT('',(61.4000006705523,-91.2125000002213,-1.65));
#3711=CARTESIAN_POINT('Origin',(61.4000006705508,-70.9999984130263,-1.65));
#3712=CARTESIAN_POINT('',(61.4000006705509,-71.000001058205,-0.649999999999999));
#3713=CARTESIAN_POINT('',(61.4000006705508,-70.9999984130263,-1.65));
#3714=CARTESIAN_POINT('',(61.4000006705509,-71.000001058205,-6.65));
#3715=CARTESIAN_POINT('',(45.0000006705508,-71.0000010582092,-0.649999999999999));
#3716=CARTESIAN_POINT('',(61.4000006705508,-71.0000010582092,-0.649999999999999));
#3717=CARTESIAN_POINT('',(45.0000006705508,-70.9999984130263,-1.65));
#3718=CARTESIAN_POINT('',(45.0000006705509,-70.9999918000572,-4.15000449679131));
#3719=CARTESIAN_POINT('',(61.4000006705508,-70.9999984130263,-1.65));
#3720=CARTESIAN_POINT('Origin',(67.4000006705521,-89.4000013562284,-6.65));
#3721=CARTESIAN_POINT('',(70.2000006705521,-89.4000013562282,-0.649999999999999));
#3722=CARTESIAN_POINT('',(67.4000006705521,-92.2000013562284,-0.649999999999999));
#3723=CARTESIAN_POINT('Origin',(67.4000006705521,-89.4000013562284,-0.649999999999999));
#3724=CARTESIAN_POINT('',(67.4000006705521,-92.2000013562284,-6.65));
#3725=CARTESIAN_POINT('',(67.4000006705521,-92.2000013562284,-6.65));
#3726=CARTESIAN_POINT('',(70.2000006705521,-89.4000013562282,-6.65));
#3727=CARTESIAN_POINT('Origin',(67.4000006705521,-89.4000013562284,-6.65));
#3728=CARTESIAN_POINT('',(70.2000006705521,-89.4000013562282,-6.65));
#3729=CARTESIAN_POINT('Origin',(65.7000006705515,-80.4000006856754,-0.649999999999999));
#3730=CARTESIAN_POINT('',(70.200000670551,-72.8000010582045,-0.649999999999999));
#3731=CARTESIAN_POINT('',(43.8000006705521,-89.2000013562286,-0.649999999999999));
#3732=CARTESIAN_POINT('',(43.8000006705511,-73.900000339224,-0.649999999999999));
#3733=CARTESIAN_POINT('',(45.0000006705521,-89.2000013562285,-0.649999999999999));
#3734=CARTESIAN_POINT('',(45.0000006705521,-89.2000013562285,-0.649999999999999));
#3735=CARTESIAN_POINT('',(45.0000006705507,-67.6000000002224,-0.649999999999999));
#3736=CARTESIAN_POINT('',(67.2000006705509,-71.0000010582047,-0.649999999999999));
#3737=CARTESIAN_POINT('',(67.2000006705509,-71.0000010582047,-0.649999999999999));
#3738=CARTESIAN_POINT('',(69.000000670551,-72.8000010582045,-0.649999999999999));
#3739=CARTESIAN_POINT('Origin',(67.200000670551,-72.8000010582046,-0.649999999999999));
#3740=CARTESIAN_POINT('',(69.0000006705522,-89.2000013562283,-0.649999999999999));
#3741=CARTESIAN_POINT('',(69.0000006705522,-89.2000013562283,-0.649999999999999));
#3742=CARTESIAN_POINT('',(67.2000006705521,-91.0000013562284,-0.649999999999999));
#3743=CARTESIAN_POINT('Origin',(67.2000006705521,-89.2000013562284,-0.649999999999999));
#3744=CARTESIAN_POINT('',(64.0000009536743,-91.0000013562284,-0.649999999999999));
#3745=CARTESIAN_POINT('',(67.2000006705521,-91.0000013562284,-0.649999999999999));
#3746=CARTESIAN_POINT('',(64.0000009536743,-92.2000013562284,-0.649999999999999));
#3747=CARTESIAN_POINT('',(64.0000009536743,-92.0000013711295,-0.649999999999999));
#3748=CARTESIAN_POINT('',(62.4500006705518,-92.2000013562284,-0.649999999999999));
#3749=CARTESIAN_POINT('Origin',(70.2000006705521,-89.2000013562281,-6.65));
#3750=CARTESIAN_POINT('',(70.2000006705508,-68.8000000002207,-6.65));
#3751=CARTESIAN_POINT('',(70.2000006705529,-101.412500678224,-6.65));
#3752=CARTESIAN_POINT('',(70.2000006705508,-68.8000000002207,-1.65));
#3753=CARTESIAN_POINT('',(70.2000006705508,-68.8000000002207,-4.15));
#3754=CARTESIAN_POINT('',(70.2000006705523,-93.2125005292126,-1.65));
#3755=CARTESIAN_POINT('Origin',(59.2000006705521,-92.2000013562284,-6.65));
#3756=CARTESIAN_POINT('',(64.0000009536743,-92.2000013562284,-3.25));
#3757=CARTESIAN_POINT('',(64.0000009536743,-92.2000013562284,-6.65));
#3758=CARTESIAN_POINT('',(59.2000006705521,-92.2000013562284,-3.25));
#3759=CARTESIAN_POINT('',(61.9000006705521,-92.2000013562284,-3.25));
#3760=CARTESIAN_POINT('',(59.2000006705522,-92.2000013562284,-6.65));
#3761=CARTESIAN_POINT('',(59.2000006705521,-92.2000013562284,-6.65));
#3762=CARTESIAN_POINT('',(64.4125003352925,-92.2000013562284,-6.65));
#3763=CARTESIAN_POINT('Origin',(69.625000000033,-113.625000000221,-1.65));
#3764=CARTESIAN_POINT('',(96.6500000007937,-68.8000000002189,-1.65));
#3765=CARTESIAN_POINT('',(83.1375000004118,-68.8000000002198,-1.65));
#3766=CARTESIAN_POINT('',(97.6500000007938,-69.799999999227,-1.65));
#3767=CARTESIAN_POINT('Origin',(96.6500000007938,-69.8000000002189,-1.65));
#3768=CARTESIAN_POINT('',(97.6500000027777,-71.7999999714299,-1.65));
#3769=CARTESIAN_POINT('',(97.6500000237446,-92.9374999724217,-1.65));
#3770=CARTESIAN_POINT('Origin',(96.6500000027777,-71.7999999724218,-1.65));
#3771=CARTESIAN_POINT('Origin',(69.625000000033,-113.625000000221,-6.65));
#3772=CARTESIAN_POINT('',(59.2000006705521,-91.0000013562284,-6.65));
#3773=CARTESIAN_POINT('',(59.2000006705523,-102.312500678225,-6.65));
#3774=CARTESIAN_POINT('',(46.8000006705521,-91.0000013562284,-6.65));
#3775=CARTESIAN_POINT('',(46.8000006705521,-91.0000013562284,-6.65));
#3776=CARTESIAN_POINT('',(46.8000006705521,-92.2000013562284,-6.65));
#3777=CARTESIAN_POINT('',(46.8000006705521,-102.812500678225,-6.65));
#3778=CARTESIAN_POINT('',(43.8000006705521,-89.2000013562286,-6.65));
#3779=CARTESIAN_POINT('Origin',(46.8000006705521,-89.2000013562284,-6.65));
#3780=CARTESIAN_POINT('',(43.8000006705508,-68.8000000002225,-6.65));
#3781=CARTESIAN_POINT('',(43.8000006705522,-91.2125000002224,-6.65));
#3782=CARTESIAN_POINT('',(43.3999999999997,-68.8000000002225,-6.65));
#3783=CARTESIAN_POINT('',(42.4999999999997,-68.8000000002225,-6.65));
#3784=CARTESIAN_POINT('',(43.4,-72.2500000002223,-6.65));
#3785=CARTESIAN_POINT('',(43.4000000000016,-92.7124999863241,-6.65));
#3786=CARTESIAN_POINT('',(38.2499999999997,-77.4000000002227,-6.65));
#3787=CARTESIAN_POINT('Origin',(38.25,-72.2500000002227,-6.65));
#3788=CARTESIAN_POINT('',(34.8000000000038,-77.4000000002225,-6.65));
#3789=CARTESIAN_POINT('',(53.9375000000174,-77.4000000002236,-6.65));
#3790=CARTESIAN_POINT('',(34.8000000000001,-149.849996610581,-6.65));
#3791=CARTESIAN_POINT('',(34.8000000000001,-150.749997497855,-6.65));
#3792=CARTESIAN_POINT('',(38.2500017885726,-149.850000011798,-6.65));
#3793=CARTESIAN_POINT('',(52.6624825872588,-149.850014220478,-6.65));
#3794=CARTESIAN_POINT('',(43.4000000152614,-155.000000009898,-6.65));
#3795=CARTESIAN_POINT('Origin',(38.2500000152614,-155.000000011797,-6.65));
#3796=CARTESIAN_POINT('',(43.4000000165337,-158.450000000161,-6.65));
#3797=CARTESIAN_POINT('',(43.400000007632,-134.312500009895,-6.65));
#3798=CARTESIAN_POINT('',(95.8500000163358,-158.450000000219,-6.65));
#3799=CARTESIAN_POINT('',(96.7500000168955,-158.45000000022,-6.65));
#3800=CARTESIAN_POINT('',(95.8500000184854,-155.000000016566,-6.65));
#3801=CARTESIAN_POINT('',(95.8500000312041,-134.587500030462,-6.65));
#3802=CARTESIAN_POINT('',(101.000000021695,-149.850000019775,-6.65));
#3803=CARTESIAN_POINT('Origin',(101.000000018485,-155.000000019775,-6.65));
#3804=CARTESIAN_POINT('',(104.450000000063,-149.850000021925,-6.65));
#3805=CARTESIAN_POINT('',(85.312499999576,-149.850000009999,-6.65));
#3806=CARTESIAN_POINT('',(104.450000000003,-77.3999999656761,-6.65));
#3807=CARTESIAN_POINT('',(104.450000000002,-76.4999999665682,-6.65));
#3808=CARTESIAN_POINT('',(101.000000008333,-77.3999999690987,-6.65));
#3809=CARTESIAN_POINT('',(85.5374999555023,-77.3999999844383,-6.65));
#3810=CARTESIAN_POINT('',(95.850000003224,-72.2499999742071,-6.65));
#3811=CARTESIAN_POINT('Origin',(101.000000003224,-72.2499999690987,-6.65));
#3812=CARTESIAN_POINT('',(95.8499999998019,-68.800000000219,-6.65));
#3813=CARTESIAN_POINT('',(95.8500000237443,-92.9374999742074,-6.65));
#3814=CARTESIAN_POINT('',(42.4999999999997,-68.8000000002225,-6.65));
#3815=CARTESIAN_POINT('Origin',(42.5000000000016,-92.7124999863242,-5.35));
#3816=CARTESIAN_POINT('',(41.5999999999998,-69.7000000002226,-4.05));
#3817=CARTESIAN_POINT('',(42.4999999999997,-68.8000000002225,-5.35000000000001));
#3818=CARTESIAN_POINT('Origin',(42.4999999999999,-69.7000000002225,-5.35000000000011));
#3819=CARTESIAN_POINT('',(41.6,-72.2500000002225,-4.05));
#3820=CARTESIAN_POINT('',(41.6000000000016,-92.7124999863242,-4.05));
#3821=CARTESIAN_POINT('',(41.6,-72.2500000002225,-4.05));
#3822=CARTESIAN_POINT('',(50.4065000001284,-68.800000000222,-16.7705000001859));
#3823=CARTESIAN_POINT('Origin',(38.25,-72.2500000002227,-5.35));
#3824=CARTESIAN_POINT('',(38.2499999999998,-75.6000000002227,-4.05));
#3825=CARTESIAN_POINT('',(38.2499999999998,-75.6000000002227,-4.05));
#3826=CARTESIAN_POINT('Origin',(38.25,-72.2500000002227,-4.05));
#3827=CARTESIAN_POINT('Origin',(53.9375000000175,-76.5000000002236,-5.35));
#3828=CARTESIAN_POINT('',(34.8000000000039,-76.5000000002225,-5.35000000000006));
#3829=CARTESIAN_POINT('',(34.8000000000039,-75.6342000002225,-4.09940000000004));
#3830=CARTESIAN_POINT('',(35.7000000000039,-75.6000000002226,-4.05));
#3831=CARTESIAN_POINT('',(53.9375000000175,-75.6000000002236,-4.05));
#3832=CARTESIAN_POINT('Origin',(35.7000000000039,-76.5000000002226,-5.35000000000005));
#3833=CARTESIAN_POINT('Origin',(42.4999999999999,-69.7000000002225,-1.65));
#3834=CARTESIAN_POINT('',(42.4999999999997,-68.8000000002225,-1.65));
#3835=CARTESIAN_POINT('',(42.4999999999997,-68.8000000002225,-1.65));
#3836=CARTESIAN_POINT('',(41.5999999999998,-69.7000000002226,-1.65));
#3837=CARTESIAN_POINT('Origin',(42.4999999999999,-69.7000000002225,-1.65));
#3838=CARTESIAN_POINT('',(41.5999999999998,-69.7000000002226,-1.65));
#3839=CARTESIAN_POINT('Origin',(96.6500000007937,-68.8000000002189,-1.65));
#3840=CARTESIAN_POINT('',(43.8000006705508,-68.8000000002225,-1.65));
#3841=CARTESIAN_POINT('',(43.8000006705508,-68.8000000002225,-4.15));
#3842=CARTESIAN_POINT('',(83.1375000004118,-68.8000000002198,-1.65));
#3843=CARTESIAN_POINT('Origin',(52.6624816999853,-150.750014220478,-5.35));
#3844=CARTESIAN_POINT('',(35.6999991127266,-151.649997497854,-4.05));
#3845=CARTESIAN_POINT('',(34.8000000000001,-150.749997497855,-5.34999871838284));
#3846=CARTESIAN_POINT('Origin',(35.7000000000001,-150.749997497855,-5.35000000000006));
#3847=CARTESIAN_POINT('',(38.2500000140256,-151.650000011797,-4.05));
#3848=CARTESIAN_POINT('',(52.6624808127118,-151.650014220477,-4.05));
#3849=CARTESIAN_POINT('',(38.2500000140256,-151.650000011797,-4.05));
#3850=CARTESIAN_POINT('',(34.8000000000007,-139.587300012499,-21.4738950861118));
#3851=CARTESIAN_POINT('Origin',(38.2500000152614,-155.000000011797,-5.35));
#3852=CARTESIAN_POINT('',(41.6000000152614,-155.000000010562,-4.05));
#3853=CARTESIAN_POINT('',(41.6000000152614,-155.000000010562,-4.05));
#3854=CARTESIAN_POINT('Origin',(38.2500000152614,-155.000000011797,-4.05));
#3855=CARTESIAN_POINT('Origin',(42.500000007632,-134.312500010227,-5.35));
#3856=CARTESIAN_POINT('',(42.5000000162008,-158.450000000159,-5.34999999951913));
#3857=CARTESIAN_POINT('',(41.6342000150334,-158.450000000159,-4.09939999783278));
#3858=CARTESIAN_POINT('',(41.6000000162018,-157.550000000491,-4.05));
#3859=CARTESIAN_POINT('',(41.600000007632,-134.312500010559,-4.05));
#3860=CARTESIAN_POINT('Origin',(42.5000000162018,-157.55000000016,-5.34999999999999));
#3861=CARTESIAN_POINT('Origin',(35.7000000000001,-150.749997497855,-1.65));
#3862=CARTESIAN_POINT('',(34.8000000000921,-150.749997497856,-4.0334844827694));
#3863=CARTESIAN_POINT('',(34.8000000000001,-150.749997497855,-1.65));
#3864=CARTESIAN_POINT('',(35.6999991127266,-151.649997497854,-2.96090730695746));
#3865=CARTESIAN_POINT('Origin',(35.7000000000001,-150.749997497855,-2.96090624954425));
#3866=CARTESIAN_POINT('',(35.6999991127266,-151.649997497854,-1.65));
#3867=CARTESIAN_POINT('Origin',(34.8000000000039,-76.5000000002225,-1.65));
#3868=CARTESIAN_POINT('',(34.8000000000039,-76.5000000002225,-4.03348448272755));
#3869=CARTESIAN_POINT('',(34.8000000000039,-76.5000000002225,-1.65));
#3870=CARTESIAN_POINT('',(34.800000000003,-95.0625000002529,-4.0334844827654));
#3871=CARTESIAN_POINT('Origin',(101.000000018485,-155.000000019775,-5.35));
#3872=CARTESIAN_POINT('',(101.000000020573,-151.650000019775,-4.05));
#3873=CARTESIAN_POINT('',(101.000000020573,-151.650000019775,-4.05));
#3874=CARTESIAN_POINT('',(97.6500000184854,-155.000000017688,-4.05));
#3875=CARTESIAN_POINT('',(95.8500000184854,-155.000000016566,-6.65));
#3876=CARTESIAN_POINT('Origin',(101.000000018485,-155.000000019775,-4.05));
#3877=CARTESIAN_POINT('Origin',(96.7500000312041,-134.587500031023,-5.35));
#3878=CARTESIAN_POINT('',(97.6500000168966,-157.550000000781,-4.05));
#3879=CARTESIAN_POINT('',(96.7500000168955,-158.45000000022,-5.34999999919146));
#3880=CARTESIAN_POINT('Origin',(96.7500000168966,-157.55000000022,-5.34999999999992));
#3881=CARTESIAN_POINT('',(97.6500000312041,-134.587500031584,-4.05));
#3882=CARTESIAN_POINT('',(88.8273000187183,-158.450000000211,-16.7938999965586));
#3883=CARTESIAN_POINT('Origin',(85.3124999990151,-150.750000009999,-5.35));
#3884=CARTESIAN_POINT('',(104.450000000064,-150.750000021364,-5.35000000081127));
#3885=CARTESIAN_POINT('',(104.450000000065,-151.6158000199,-4.09940000292601));
#3886=CARTESIAN_POINT('',(103.549999999503,-151.650000021364,-4.05));
#3887=CARTESIAN_POINT('',(85.3124999984543,-151.650000009999,-4.05));
#3888=CARTESIAN_POINT('Origin',(103.550000000064,-150.750000021365,-5.34999999999997));
#3889=CARTESIAN_POINT('Origin',(96.7500000168966,-157.55000000022,-1.65));
#3890=CARTESIAN_POINT('',(96.7500000168966,-158.450000000137,-4.03350717204925));
#3891=CARTESIAN_POINT('',(96.7500000168955,-158.45000000022,-1.65));
#3892=CARTESIAN_POINT('',(97.6500000168966,-157.550000000781,-2.9609289394817));
#3893=CARTESIAN_POINT('Origin',(96.7500000168966,-157.55000000022,-2.96092893881343));
#3894=CARTESIAN_POINT('',(97.6500000168966,-157.550000000781,-1.65));
#3895=CARTESIAN_POINT('Origin',(42.5000000162008,-158.450000000159,-1.65));
#3896=CARTESIAN_POINT('',(42.5000000162008,-158.450000000159,-4.03350717207618));
#3897=CARTESIAN_POINT('',(42.5000000162008,-158.450000000159,-1.65));
#3898=CARTESIAN_POINT('',(56.0625000080576,-158.450000000175,-4.03350717209417));
#3899=CARTESIAN_POINT('Origin',(101.000000003224,-72.2499999690987,-5.35));
#3900=CARTESIAN_POINT('',(97.650000003224,-72.2499999724216,-4.05));
#3901=CARTESIAN_POINT('',(97.650000003224,-72.2499999724216,-4.05));
#3902=CARTESIAN_POINT('',(101.000000006547,-75.5999999690987,-4.05));
#3903=CARTESIAN_POINT('',(101.000000008333,-77.3999999690987,-6.65));
#3904=CARTESIAN_POINT('Origin',(101.000000003224,-72.2499999690987,-4.05));
#3905=CARTESIAN_POINT('Origin',(85.5374999546095,-76.4999999844383,-5.35));
#3906=CARTESIAN_POINT('',(103.549999999109,-75.5999999665689,-4.05));
#3907=CARTESIAN_POINT('',(104.450000000002,-76.4999999665682,-5.35000000128858));
#3908=CARTESIAN_POINT('Origin',(103.550000000002,-76.4999999665689,-5.34999999999992));
#3909=CARTESIAN_POINT('',(85.5374999537166,-75.5999999844383,-4.05));
#3910=CARTESIAN_POINT('',(104.450000000011,-87.6626999777343,-21.4739000174176));
#3911=CARTESIAN_POINT('Origin',(96.7500000237443,-92.9374999733147,-5.35));
#3912=CARTESIAN_POINT('',(96.6500000007937,-68.8000000002189,-5.4944444430118));
#3913=CARTESIAN_POINT('',(97.599600003841,-68.8000000002188,-4.12279999416577));
#3914=CARTESIAN_POINT('',(97.6500000007938,-69.799999999227,-4.05));
#3915=CARTESIAN_POINT('',(97.6500000237443,-92.9374999724219,-4.05));
#3916=CARTESIAN_POINT('Origin',(96.6500000007938,-69.8000000002189,-5.49444444444447));
#3917=CARTESIAN_POINT('Origin',(103.550000000002,-76.4999999665689,-1.65));
#3918=CARTESIAN_POINT('',(104.450000000004,-76.4999999665689,-4.0334844827694));
#3919=CARTESIAN_POINT('',(104.450000000002,-76.4999999665682,-1.65));
#3920=CARTESIAN_POINT('',(103.549999999109,-75.5999999665689,-2.96090624836787));
#3921=CARTESIAN_POINT('Origin',(103.550000000002,-76.4999999665689,-2.96090624943186));
#3922=CARTESIAN_POINT('',(103.549999999109,-75.5999999665689,-1.65));
#3923=CARTESIAN_POINT('Origin',(104.450000000064,-150.750000021364,-1.65));
#3924=CARTESIAN_POINT('',(104.450000000064,-150.750000021364,-4.03348448283994));
#3925=CARTESIAN_POINT('',(104.450000000064,-150.750000021364,-1.65));
#3926=CARTESIAN_POINT('',(104.450000000048,-132.187500010796,-4.03348448282167));
#3927=CARTESIAN_POINT('Origin',(100.999999914637,-72.2499999021534,-7.65));
#3928=CARTESIAN_POINT('',(97.749996503207,-72.2499999103143,-5.45));
#3929=CARTESIAN_POINT('',(97.749996503207,-72.2499999103143,-7.65));
#3930=CARTESIAN_POINT('',(100.999999922792,-75.5000033135836,-5.45));
#3931=CARTESIAN_POINT('Origin',(100.999999914637,-72.2499999021534,-5.45));
#3932=CARTESIAN_POINT('',(100.999999922792,-75.5000033135836,-7.65));
#3933=CARTESIAN_POINT('Origin',(97.7499964970549,-69.7999999296422,-7.65));
#3934=CARTESIAN_POINT('',(97.7499964970549,-69.7999999296422,-5.45));
#3935=CARTESIAN_POINT('',(97.7499964970549,-69.7999999296422,-7.65));
#3936=CARTESIAN_POINT('',(97.749996503207,-72.2499999103143,-5.45));
#3937=CARTESIAN_POINT('Origin',(95.7499964970549,-69.7999999346643,-7.65));
#3938=CARTESIAN_POINT('Origin',(95.7499964970549,-69.7999999346643,-5.45));
#3939=CARTESIAN_POINT('Origin',(103.449999909392,-77.5000033074362,-7.65));
#3940=CARTESIAN_POINT('',(103.449999904374,-75.5000033074362,-5.45));
#3941=CARTESIAN_POINT('',(103.449999904374,-75.5000033074362,-7.65));
#3942=CARTESIAN_POINT('',(105.449999909392,-77.500003302418,-5.45));
#3943=CARTESIAN_POINT('Origin',(103.449999909392,-77.5000033074362,-5.45));
#3944=CARTESIAN_POINT('',(105.450000000003,-77.5000033074346,-7.65));
#3945=CARTESIAN_POINT('Origin',(100.999999922792,-75.5000033135836,-7.65));
#3946=CARTESIAN_POINT('',(100.999999922792,-75.5000033135836,-5.45));
#3947=CARTESIAN_POINT('Origin',(100.599998246018,-72.6500016185411,-5.45));
#3948=CARTESIAN_POINT('',(105.45,-74.0000000002219,-5.45));
#3949=CARTESIAN_POINT('Origin',(99.250000321166,-73.9999996790527,-5.45));
#3950=CARTESIAN_POINT('',(105.449999999999,-73.3250008093795,-5.45));
#3951=CARTESIAN_POINT('',(99.300000003224,-72.2499999690987,-5.45));
#3952=CARTESIAN_POINT('Origin',(101.000000003224,-72.2499999690987,-5.45));
#3953=CARTESIAN_POINT('Origin',(35.800000089861,-149.749996608125,-7.65));
#3954=CARTESIAN_POINT('',(35.8000000898597,-151.749996608125,-5.45));
#3955=CARTESIAN_POINT('',(35.8000000898597,-151.749996608125,-7.65));
#3956=CARTESIAN_POINT('',(33.800000089861,-149.749996608124,-5.45));
#3957=CARTESIAN_POINT('Origin',(35.800000089861,-149.749996608125,-5.45));
#3958=CARTESIAN_POINT('',(33.8000000000002,-149.749996608125,-7.65));
#3959=CARTESIAN_POINT('Origin',(38.2500000714416,-151.749996608127,-7.65));
#3960=CARTESIAN_POINT('',(38.2500000714416,-151.749996608127,-5.45));
#3961=CARTESIAN_POINT('',(38.2500000714416,-151.749996608127,-7.65));
#3962=CARTESIAN_POINT('',(38.2500000714416,-151.749996608127,-5.45));
#3963=CARTESIAN_POINT('Origin',(38.2500000714394,-155.000000019557,-7.65));
#3964=CARTESIAN_POINT('',(41.5000034828696,-155.000000019553,-5.45));
#3965=CARTESIAN_POINT('',(41.5000034828696,-155.000000019553,-7.65));
#3966=CARTESIAN_POINT('Origin',(38.2500000714394,-155.000000019557,-5.45));
#3967=CARTESIAN_POINT('Origin',(41.5000034828727,-157.450000000225,-7.65));
#3968=CARTESIAN_POINT('',(41.5000034828727,-157.450000000225,-5.45));
#3969=CARTESIAN_POINT('',(41.5000034828727,-157.450000000225,-7.65));
#3970=CARTESIAN_POINT('',(41.5000034828696,-155.000000019553,-5.45));
#3971=CARTESIAN_POINT('Origin',(43.5000034828727,-157.450000000222,-7.65));
#3972=CARTESIAN_POINT('',(43.5000034828752,-159.450000000222,-5.45));
#3973=CARTESIAN_POINT('',(43.5000034828705,-159.450000000161,-7.65));
#3974=CARTESIAN_POINT('Origin',(43.5000034828727,-157.450000000222,-5.45));
#3975=CARTESIAN_POINT('Origin',(38.6500017414376,-154.599998304173,-5.45));
#3976=CARTESIAN_POINT('',(33.8,-153.250000000223,-5.45));
#3977=CARTESIAN_POINT('',(40.0000000899267,-159.450000000157,-5.45));
#3978=CARTESIAN_POINT('Origin',(39.999999678834,-153.250000321323,-5.45));
#3979=CARTESIAN_POINT('',(33.8,-153.924999152198,-5.45));
#3980=CARTESIAN_POINT('',(68.9500008707154,-159.450000000189,-5.45));
#3981=CARTESIAN_POINT('',(36.5500000152614,-155.000000011797,-5.45));
#3982=CARTESIAN_POINT('Origin',(38.2500000152614,-155.000000011797,-5.45));
#3983=CARTESIAN_POINT('Origin',(38.2499999675912,-72.250000059647,-7.65));
#3984=CARTESIAN_POINT('',(38.2499999757507,-75.5000034710772,-5.45));
#3985=CARTESIAN_POINT('',(38.2499999757507,-75.5000034710772,-7.65));
#3986=CARTESIAN_POINT('',(41.5000033790214,-72.2500000514938,-5.45));
#3987=CARTESIAN_POINT('Origin',(38.2499999675912,-72.250000059647,-5.45));
#3988=CARTESIAN_POINT('',(41.5000033790214,-72.2500000514938,-7.65));
#3989=CARTESIAN_POINT('Origin',(35.7999999941687,-75.5000034772282,-7.65));
#3990=CARTESIAN_POINT('',(35.7999999941687,-75.5000034772282,-5.45));
#3991=CARTESIAN_POINT('',(35.7999999941687,-75.5000034772282,-7.65));
#3992=CARTESIAN_POINT('',(38.2499999757507,-75.5000034710772,-5.45));
#3993=CARTESIAN_POINT('Origin',(35.79999999919,-77.5000034772282,-7.65));
#3994=CARTESIAN_POINT('',(33.7999999991899,-77.5000034822494,-5.45));
#3995=CARTESIAN_POINT('',(33.8000000000038,-77.5000034772281,-7.65));
#3996=CARTESIAN_POINT('Origin',(35.79999999919,-77.5000034772282,-5.45));
#3997=CARTESIAN_POINT('Origin',(43.5000033728752,-69.8000000658044,-7.65));
#3998=CARTESIAN_POINT('',(41.5000033728752,-69.8000000708218,-5.45));
#3999=CARTESIAN_POINT('',(41.5000033728752,-69.8000000708218,-7.65));
#4000=CARTESIAN_POINT('Origin',(43.5000033728752,-69.8000000658044,-5.45));
#4001=CARTESIAN_POINT('Origin',(41.5000033790214,-72.2500000514938,-7.65));
#4002=CARTESIAN_POINT('',(41.5000033790214,-72.2500000514938,-5.45));
#4003=CARTESIAN_POINT('Origin',(38.6500016835239,-72.6500017412359,-5.45));
#4004=CARTESIAN_POINT('',(33.800000000004,-74.0000000901503,-5.45));
#4005=CARTESIAN_POINT('',(33.8000000000021,-112.950000870729,-5.45));
#4006=CARTESIAN_POINT('Origin',(39.999999678834,-73.9999996790527,-5.45));
#4007=CARTESIAN_POINT('',(36.55,-72.2500000002227,-5.45));
#4008=CARTESIAN_POINT('Origin',(38.25,-72.2500000002227,-5.45));
#4009=CARTESIAN_POINT('Origin',(103.450000000065,-151.74999660812,-7.65));
#4010=CARTESIAN_POINT('',(103.450000000065,-151.74999660812,-5.45));
#4011=CARTESIAN_POINT('',(103.450000000065,-151.74999660812,-7.65));
#4012=CARTESIAN_POINT('',(101.000000018483,-151.749996608122,-5.45));
#4013=CARTESIAN_POINT('',(101.000000018483,-151.749996608122,-5.45));
#4014=CARTESIAN_POINT('',(101.000000018483,-151.749996608122,-7.65));
#4015=CARTESIAN_POINT('Origin',(103.450000000063,-149.74999660812,-7.65));
#4016=CARTESIAN_POINT('',(105.450000000063,-149.749996608119,-5.45));
#4017=CARTESIAN_POINT('',(105.450000000063,-149.749996608119,-7.65));
#4018=CARTESIAN_POINT('Origin',(103.450000000063,-149.74999660812,-5.45));
#4019=CARTESIAN_POINT('Origin',(95.7499966070524,-157.450000000219,-7.65));
#4020=CARTESIAN_POINT('',(97.7499966070525,-157.450000000221,-5.45));
#4021=CARTESIAN_POINT('',(97.7499966070525,-157.450000000221,-7.65));
#4022=CARTESIAN_POINT('',(95.7499966070502,-159.450000000219,-5.45));
#4023=CARTESIAN_POINT('Origin',(95.7499966070524,-157.450000000219,-5.45));
#4024=CARTESIAN_POINT('',(95.7499966070502,-159.450000000219,-7.65));
#4025=CARTESIAN_POINT('Origin',(97.7499966070552,-155.000000019549,-7.65));
#4026=CARTESIAN_POINT('',(97.7499966070552,-155.000000019549,-5.45));
#4027=CARTESIAN_POINT('',(97.7499966070552,-155.000000019549,-7.65));
#4028=CARTESIAN_POINT('',(97.7499966070552,-155.000000019549,-5.45));
#4029=CARTESIAN_POINT('Origin',(101.000000018485,-155.000000019553,-7.65));
#4030=CARTESIAN_POINT('Origin',(101.000000018485,-155.000000019553,-5.45));
#4031=CARTESIAN_POINT('Origin',(100.599998303558,-154.599998304171,-5.45));
#4032=CARTESIAN_POINT('',(105.450000000066,-153.249999910315,-5.45));
#4033=CARTESIAN_POINT('',(105.450000000034,-114.299999152194,-5.45));
#4034=CARTESIAN_POINT('',(99.2499999999987,-159.450000000223,-5.45));
#4035=CARTESIAN_POINT('Origin',(99.250000321166,-153.250000321323,-5.45));
#4036=CARTESIAN_POINT('',(99.9249991517757,-159.450000000223,-5.45));
#4037=CARTESIAN_POINT('',(99.2999977804685,-155.000000019775,-5.45));
#4038=CARTESIAN_POINT('Origin',(101.000000018485,-155.000000019775,-5.45));
#4039=CARTESIAN_POINT('Origin',(99.250000321166,-73.9999996790527,-0.15));
#4040=CARTESIAN_POINT('',(105.45,-74.0000000002219,1.65));
#4041=CARTESIAN_POINT('Origin',(99.250000321166,-73.9999996790527,1.65));
#4042=CARTESIAN_POINT('',(105.45,-74.0000000002219,-0.15));
#4043=CARTESIAN_POINT('Origin',(39.999999678834,-73.9999996790527,-0.15));
#4044=CARTESIAN_POINT('',(33.800000000004,-74.0000000901503,1.65));
#4045=CARTESIAN_POINT('',(33.800000000004,-74.0000000901503,-0.15));
#4046=CARTESIAN_POINT('Origin',(39.999999678834,-73.9999996790527,1.65));
#4047=CARTESIAN_POINT('Origin',(99.250000321166,-153.250000321323,-0.15));
#4048=CARTESIAN_POINT('',(105.450000000066,-153.249999910315,1.65));
#4049=CARTESIAN_POINT('',(105.450000000066,-153.249999910315,-0.15));
#4050=CARTESIAN_POINT('',(99.2499999999987,-159.450000000223,1.65));
#4051=CARTESIAN_POINT('Origin',(99.250000321166,-153.250000321323,1.65));
#4052=CARTESIAN_POINT('',(99.2499999999987,-159.450000000223,-0.15));
#4053=CARTESIAN_POINT('Origin',(69.6249999999228,-156.450000011162,-1.65));
#4054=CARTESIAN_POINT('',(41.6000000157961,-156.450000011162,-1.65));
#4055=CARTESIAN_POINT('',(41.6000000162018,-157.550000000491,-2.96092893913689));
#4056=CARTESIAN_POINT('',(41.6000000155495,-155.781144570198,-0.852889125304733));
#4057=CARTESIAN_POINT('',(42.6000000148043,-156.450000011184,-1.65));
#4058=CARTESIAN_POINT('',(69.6249999999779,-156.450000011162,-1.65));
#4059=CARTESIAN_POINT('',(96.7500000175819,-156.450000044925,-1.65));
#4060=CARTESIAN_POINT('',(56.1124999940768,-156.450000019604,-1.65));
#4061=CARTESIAN_POINT('',(97.650000017582,-156.450000011162,-1.65));
#4062=CARTESIAN_POINT('',(69.6249999999779,-156.450000011162,-1.65));
#4063=CARTESIAN_POINT('',(97.6500000179279,-155.894767954456,-0.98830020169676));
#4064=CARTESIAN_POINT('Origin',(42.5000000162018,-157.55000000016,-2.96092893874139));
#4065=CARTESIAN_POINT('Origin',(41.6000000152614,-155.000000010562,-0.15));
#4066=CARTESIAN_POINT('',(41.6000000152614,-155.000000010562,-0.15));
#4067=CARTESIAN_POINT('',(41.6000000152614,-155.000000010562,-1.65));
#4068=CARTESIAN_POINT('',(41.6000000154273,-155.450000011553,-0.15));
#4069=CARTESIAN_POINT('',(41.6000000152614,-155.000000010562,-0.15));
#4070=CARTESIAN_POINT('',(41.6000000154273,-155.450000011553,-1.65));
#4071=CARTESIAN_POINT('',(41.6000000154273,-155.450000011553,-0.15));
#4072=CARTESIAN_POINT('',(41.6000000076321,-134.312500010559,-1.65));
#4073=CARTESIAN_POINT('',(41.6000000162018,-157.550000000491,-1.65));
#4074=CARTESIAN_POINT('Origin',(42.5000000162018,-157.55000000016,-1.65));
#4075=CARTESIAN_POINT('Origin',(97.6500000181427,-155.550000045485,-0.15));
#4076=CARTESIAN_POINT('',(97.6500000181427,-155.550000045485,-1.65));
#4077=CARTESIAN_POINT('',(97.6500000305808,-135.587500009231,-1.65));
#4078=CARTESIAN_POINT('',(97.6500000181427,-155.550000045485,-0.15));
#4079=CARTESIAN_POINT('',(97.6500000181427,-155.550000045485,-0.15));
#4080=CARTESIAN_POINT('',(97.6500000184854,-155.000000017688,-0.15));
#4081=CARTESIAN_POINT('',(97.6500000184854,-155.000000017688,-0.15));
#4082=CARTESIAN_POINT('',(97.6500000184854,-155.000000017688,-1.65));
#4083=CARTESIAN_POINT('Origin',(69.625000000033,-113.625000000221,-1.65));
#4084=CARTESIAN_POINT('Origin',(96.7500000181427,-155.550000044924,-1.65));
#4085=CARTESIAN_POINT('Origin',(34.8000000000305,-113.625000000288,-4.0334844827694));
#4086=CARTESIAN_POINT('',(36.7999809503758,-75.6000000002226,-1.65));
#4087=CARTESIAN_POINT('',(35.7000000000039,-75.6000000002226,-2.96090624939094));
#4088=CARTESIAN_POINT('',(36.4688498535833,-75.6000000002226,-2.04462667422222));
#4089=CARTESIAN_POINT('',(36.7999808847413,-151.649998582282,-1.65000007837079));
#4090=CARTESIAN_POINT('',(36.799980950439,-113.62500000028,-1.65));
#4091=CARTESIAN_POINT('',(35.5727397318148,-151.649997372395,-3.11256913135036));
#4092=CARTESIAN_POINT('Origin',(35.7000000000039,-76.5000000002226,-2.96090624939272));
#4093=CARTESIAN_POINT('Origin',(38.2499999999998,-75.6000000002227,-0.15));
#4094=CARTESIAN_POINT('',(38.2499999999998,-75.6000000002227,-0.15));
#4095=CARTESIAN_POINT('',(38.2499999999998,-75.6000000002227,-0.15));
#4096=CARTESIAN_POINT('',(37.7999999863434,-75.6000000002227,-0.15));
#4097=CARTESIAN_POINT('',(38.2499999999998,-75.6000000002227,-0.15));
#4098=CARTESIAN_POINT('',(37.7999999863434,-75.6000000002227,-1.65));
#4099=CARTESIAN_POINT('',(37.7999999863434,-75.6000000002227,-0.15));
#4100=CARTESIAN_POINT('',(53.9375000000174,-75.6000000002235,-1.65));
#4101=CARTESIAN_POINT('',(35.7000000000039,-75.6000000002226,-1.65));
#4102=CARTESIAN_POINT('Origin',(35.7000000000039,-76.5000000002226,-1.65));
#4103=CARTESIAN_POINT('Origin',(104.450000000005,-113.62500000023,-4.0334844827694));
#4104=CARTESIAN_POINT('',(103.549999999503,-151.650000021364,-2.96090624883674));
#4105=CARTESIAN_POINT('Origin',(103.550000000064,-150.750000021365,-2.9609062495052));
#4106=CARTESIAN_POINT('',(102.450019049596,-151.650000020679,-1.65));
#4107=CARTESIAN_POINT('',(102.781150145763,-151.650000020885,-2.04462667347591));
#4108=CARTESIAN_POINT('',(102.450019049596,-75.5999999676601,-1.65));
#4109=CARTESIAN_POINT('',(102.450019049596,-113.625000000225,-1.65));
#4110=CARTESIAN_POINT('',(102.87411470729,-75.5999999672394,-2.15541752366096));
#4111=CARTESIAN_POINT('Origin',(101.449999945123,-75.5999999686522,-0.15));
#4112=CARTESIAN_POINT('',(101.449999945123,-75.5999999686522,-1.65));
#4113=CARTESIAN_POINT('',(86.5874999807097,-75.5999999833967,-1.65));
#4114=CARTESIAN_POINT('',(101.449999945123,-75.5999999686522,-0.15));
#4115=CARTESIAN_POINT('',(101.449999945123,-75.5999999686522,-0.15));
#4116=CARTESIAN_POINT('',(101.000000006547,-75.5999999690987,-0.15));
#4117=CARTESIAN_POINT('',(101.000000006547,-75.5999999690987,-0.15));
#4118=CARTESIAN_POINT('',(101.000000006547,-75.5999999690987,-0.15));
#4119=CARTESIAN_POINT('Origin',(44.0000006705521,-89.2000013562286,-6.65));
#4120=CARTESIAN_POINT('',(45.0000006705521,-89.2000013562285,-3.25));
#4121=CARTESIAN_POINT('',(43.8000006705521,-89.2000013562286,-3.25));
#4122=CARTESIAN_POINT('',(44.700000670552,-89.2000013562285,-3.25));
#4123=CARTESIAN_POINT('',(45.0000006705521,-89.2000013562285,-6.65));
#4124=CARTESIAN_POINT('',(43.8000006705521,-89.2000013562286,-6.65));
#4125=CARTESIAN_POINT('Origin',(45.4000006705515,-80.4000006782254,-3.25));
#4126=CARTESIAN_POINT('',(46.8000006705521,-92.2000013562284,-3.25));
#4127=CARTESIAN_POINT('Origin',(46.8000006705521,-89.2000013562284,-3.25));
#4128=CARTESIAN_POINT('',(46.8000006705521,-91.0000013562284,-3.25));
#4129=CARTESIAN_POINT('',(46.8000006705521,-92.0000013562284,-3.25));
#4130=CARTESIAN_POINT('Origin',(46.8000006705521,-89.2000013562284,-3.25));
#4131=CARTESIAN_POINT('Origin',(69.625000000033,-113.625000000221,-1.65));
#4132=CARTESIAN_POINT('',(43.8000006705522,-91.2125000002224,-1.65));
#4133=CARTESIAN_POINT('',(41.6,-71.7999999724255,-1.65));
#4134=CARTESIAN_POINT('Origin',(42.6,-71.7999999724255,-1.65));
#4135=CARTESIAN_POINT('',(41.6000000000014,-91.6625000002227,-1.65));
#4136=CARTESIAN_POINT('Origin',(69.625000000033,-113.625000000221,-1.65));
#4137=CARTESIAN_POINT('',(68.4125003352906,-71.0000010582046,-1.65));
#4138=CARTESIAN_POINT('',(45.0000006705522,-90.6125000002224,-1.65));
#4139=CARTESIAN_POINT('Origin',(64.0000009536743,-91.0000013562284,-6.65));
#4140=CARTESIAN_POINT('',(64.0000009536743,-91.0000013562284,-3.25));
#4141=CARTESIAN_POINT('',(64.0000009536743,-85.7000010172266,-3.25));
#4142=CARTESIAN_POINT('',(64.0000009536743,-91.0000013562284,-6.65));
#4143=CARTESIAN_POINT('Origin',(46.8000006705521,-91.0000013562284,-6.65));
#4144=CARTESIAN_POINT('',(67.2000006705521,-91.0000013562284,-6.65));
#4145=CARTESIAN_POINT('',(46.8000006705521,-91.0000013562284,-6.65));
#4146=CARTESIAN_POINT('',(59.2000006705521,-91.0000013562284,-3.25));
#4147=CARTESIAN_POINT('',(59.2000006705521,-91.0000013562284,-6.65));
#4148=CARTESIAN_POINT('',(67.2000006705521,-91.0000013562284,-3.25));
#4149=CARTESIAN_POINT('Origin',(67.2000006705521,-89.2000013562284,-6.65));
#4150=CARTESIAN_POINT('',(69.0000006705522,-89.2000013562283,-6.65));
#4151=CARTESIAN_POINT('Origin',(69.0000006705522,-89.2000013562283,-6.65));
#4152=CARTESIAN_POINT('',(69.000000670551,-72.8000010582045,-6.65));
#4153=CARTESIAN_POINT('Origin',(67.200000670551,-72.8000010582046,-6.65));
#4154=CARTESIAN_POINT('',(67.2000006705509,-71.0000010582047,-6.65));
#4155=CARTESIAN_POINT('Origin',(67.2000006705509,-71.0000010582047,-6.65));
#4156=CARTESIAN_POINT('Origin',(96.6500000007937,-68.8000000002189,-1.65));
#4157=CARTESIAN_POINT('',(96.6500000007937,-68.8000000002189,-1.65));
#4158=CARTESIAN_POINT('Origin',(46.8000006705521,-92.0000013562284,-6.65));
#4159=CARTESIAN_POINT('',(46.8000006705521,-91.0000013562284,-6.65));
#4160=CARTESIAN_POINT('',(46.8000006705521,-92.2000013562284,-6.65));
#4161=CARTESIAN_POINT('Origin',(46.8000006705521,-89.2000013562284,-6.65));
#4162=CARTESIAN_POINT('',(43.8000006705521,-89.2000013562286,-6.65));
#4163=CARTESIAN_POINT('Origin',(43.8000006705508,-68.8000000002225,-6.65));
#4164=CARTESIAN_POINT('Origin',(59.2000006705521,-91.0000013562284,-6.65));
#4165=CARTESIAN_POINT('',(59.2000006705521,-91.0000013562284,-3.25));
#4166=CARTESIAN_POINT('Origin',(64.6000006705521,-80.4000006782248,-3.25));
#4167=CARTESIAN_POINT('Origin',(46.8000006705521,-89.2000013562284,-6.65));
#4168=CARTESIAN_POINT('',(45.0000006705521,-89.2000013562285,-6.65));
#4169=CARTESIAN_POINT('Origin',(45.0000006705507,-67.6000000002224,-6.65));
#4170=CARTESIAN_POINT('Origin',(96.6500000007938,-69.8000000002189,-1.65));
#4171=CARTESIAN_POINT('',(97.6500000007938,-69.799999999227,-1.65));
#4172=CARTESIAN_POINT('Origin',(103.550000000064,-150.750000021365,-1.65));
#4173=CARTESIAN_POINT('',(103.549999999503,-151.650000021364,-1.65));
#4174=CARTESIAN_POINT('Origin',(35.6999991127266,-151.649997497854,-1.65));
#4175=CARTESIAN_POINT('',(37.8000000140297,-151.650000011963,-1.65));
#4176=CARTESIAN_POINT('',(52.6624808127119,-151.650014220477,-1.65));
#4177=CARTESIAN_POINT('',(38.2500000140256,-151.650000011797,-1.65));
#4178=CARTESIAN_POINT('',(53.7125000140448,-151.650000006093,-1.65));
#4179=CARTESIAN_POINT('',(38.2500000140256,-151.650000011797,-1.65));
#4180=CARTESIAN_POINT('Origin',(69.625000000033,-113.625000000221,-1.65));
#4181=CARTESIAN_POINT('Origin',(42.6000000154274,-155.450000011184,-1.65));
#4182=CARTESIAN_POINT('Origin',(69.625000000033,-113.625000000221,-1.65));
#4183=CARTESIAN_POINT('',(36.7999999863433,-76.6000000005916,-1.65));
#4184=CARTESIAN_POINT('Origin',(37.7999999863433,-76.6000000002227,-1.65));
#4185=CARTESIAN_POINT('',(36.8000000136607,-150.650000012332,-1.65));
#4186=CARTESIAN_POINT('',(36.7999999931727,-95.1125000064608,-1.65));
#4187=CARTESIAN_POINT('Origin',(37.8000000136608,-150.650000011963,-1.65));
#4188=CARTESIAN_POINT('Origin',(69.625000000033,-113.625000000221,-1.65));
#4189=CARTESIAN_POINT('',(101.550000019115,-151.650000020118,-1.65));
#4190=CARTESIAN_POINT('',(85.3124999984546,-151.650000009999,-1.65));
#4191=CARTESIAN_POINT('',(102.450000019676,-150.750000019225,-1.65));
#4192=CARTESIAN_POINT('Origin',(101.550000019676,-150.750000020118,-1.65));
#4193=CARTESIAN_POINT('',(102.449999946115,-76.5999999676602,-1.65));
#4194=CARTESIAN_POINT('',(102.450000001261,-132.187499993441,-1.65));
#4195=CARTESIAN_POINT('Origin',(101.449999946115,-76.5999999686523,-1.65));
#4196=CARTESIAN_POINT('Origin',(101.000000018485,-155.000000019775,-0.15));
#4197=CARTESIAN_POINT('',(101.000000020573,-151.650000019775,-0.15));
#4198=CARTESIAN_POINT('Origin',(101.000000018485,-155.000000019775,-0.15));
#4199=CARTESIAN_POINT('',(101.000000020573,-151.650000019775,-1.65));
#4200=CARTESIAN_POINT('Origin',(96.7500000181427,-155.550000044924,-0.15));
#4201=CARTESIAN_POINT('',(96.7500000175819,-156.450000044925,-0.15));
#4202=CARTESIAN_POINT('',(96.7500000175819,-156.450000044925,-0.15));
#4203=CARTESIAN_POINT('Origin',(96.7500000181427,-155.550000044924,-0.15));
#4204=CARTESIAN_POINT('Origin',(42.6000000148043,-156.450000011184,-0.15));
#4205=CARTESIAN_POINT('',(42.6000000148043,-156.450000011184,-0.15));
#4206=CARTESIAN_POINT('',(42.6000000148043,-156.450000011184,-0.15));
#4207=CARTESIAN_POINT('',(42.6000000148043,-156.450000011184,-0.15));
#4208=CARTESIAN_POINT('Origin',(42.6000000154274,-155.450000011184,-0.15));
#4209=CARTESIAN_POINT('Origin',(42.6000000154274,-155.450000011184,-0.15));
#4210=CARTESIAN_POINT('Origin',(38.2500000152614,-155.000000011797,-0.15));
#4211=CARTESIAN_POINT('',(38.2500000140256,-151.650000011797,-0.15));
#4212=CARTESIAN_POINT('',(38.2500000140256,-151.650000011797,-0.15));
#4213=CARTESIAN_POINT('Origin',(38.2500000152614,-155.000000011797,-0.15));
#4214=CARTESIAN_POINT('Origin',(37.8000000140297,-151.650000011963,-0.15));
#4215=CARTESIAN_POINT('',(37.8000000140297,-151.650000011963,-0.15));
#4216=CARTESIAN_POINT('',(37.8000000140297,-151.650000011963,-0.15));
#4217=CARTESIAN_POINT('',(38.2500000140256,-151.650000011797,-0.15));
#4218=CARTESIAN_POINT('Origin',(37.8000000136608,-150.650000011963,-0.15));
#4219=CARTESIAN_POINT('',(36.8000000136607,-150.650000012332,-0.15));
#4220=CARTESIAN_POINT('',(36.8000000136607,-150.650000012332,-0.15));
#4221=CARTESIAN_POINT('Origin',(37.8000000136608,-150.650000011963,-0.15));
#4222=CARTESIAN_POINT('Origin',(36.7999999863433,-76.6000000005916,-0.15));
#4223=CARTESIAN_POINT('',(36.7999999863433,-76.6000000005916,-0.15));
#4224=CARTESIAN_POINT('',(36.7999999863433,-76.6000000005916,-0.15));
#4225=CARTESIAN_POINT('',(36.7999999863433,-76.6000000005916,-0.15));
#4226=CARTESIAN_POINT('Origin',(37.7999999863433,-76.6000000002227,-0.15));
#4227=CARTESIAN_POINT('Origin',(37.7999999863433,-76.6000000002227,-0.15));
#4228=CARTESIAN_POINT('Origin',(105.45,-74.0000000002219,-0.15));
#4229=CARTESIAN_POINT('',(105.450000000017,-93.8125000002064,1.65));
#4230=CARTESIAN_POINT('Origin',(34.8,-153.250000000223,-0.15));
#4231=CARTESIAN_POINT('',(34.800000000004,-74.0000000130695,-0.15));
#4232=CARTESIAN_POINT('',(34.8,-153.250000000223,-0.15));
#4233=CARTESIAN_POINT('',(34.800000000001,-133.437500000221,-0.15));
#4234=CARTESIAN_POINT('',(34.800000000004,-74.0000000130695,1.65));
#4235=CARTESIAN_POINT('',(34.800000000004,-74.0000000130695,-0.15));
#4236=CARTESIAN_POINT('',(34.8,-153.250000000223,1.65));
#4237=CARTESIAN_POINT('',(34.800000000004,-74.0000000130695,1.65));
#4238=CARTESIAN_POINT('',(34.8,-153.250000000223,-0.15));
#4239=CARTESIAN_POINT('Origin',(39.999999678834,-153.250000321323,-0.15));
#4240=CARTESIAN_POINT('',(40.0000000128466,-158.450000000157,-0.15));
#4241=CARTESIAN_POINT('Origin',(39.999999678834,-153.250000321323,-0.15));
#4242=CARTESIAN_POINT('',(40.0000000128466,-158.450000000157,1.65));
#4243=CARTESIAN_POINT('Origin',(39.999999678834,-153.250000321323,1.65));
#4244=CARTESIAN_POINT('',(40.0000000128466,-158.450000000157,-0.15));
#4245=CARTESIAN_POINT('Origin',(99.2499999999998,-158.450000000223,-0.15));
#4246=CARTESIAN_POINT('',(99.2499999999998,-158.450000000223,-0.15));
#4247=CARTESIAN_POINT('',(84.4374999999914,-158.450000000206,-0.15));
#4248=CARTESIAN_POINT('',(99.2499999999998,-158.450000000223,1.65));
#4249=CARTESIAN_POINT('',(40.0000000128466,-158.450000000157,1.65));
#4250=CARTESIAN_POINT('',(99.2499999999998,-158.450000000223,-0.15));
#4251=CARTESIAN_POINT('Origin',(99.250000321166,-153.250000321323,-0.15));
#4252=CARTESIAN_POINT('',(104.450000000066,-153.249999987379,-0.15));
#4253=CARTESIAN_POINT('Origin',(99.250000321166,-153.250000321323,-0.15));
#4254=CARTESIAN_POINT('',(104.450000000066,-153.249999987379,1.65));
#4255=CARTESIAN_POINT('Origin',(99.250000321166,-153.250000321323,1.65));
#4256=CARTESIAN_POINT('',(104.450000000066,-153.249999987379,-0.15));
#4257=CARTESIAN_POINT('Origin',(104.45,-74.0000000002227,-0.15));
#4258=CARTESIAN_POINT('',(104.45,-74.0000000002227,-0.15));
#4259=CARTESIAN_POINT('',(104.450000000016,-93.8125000002072,-0.15));
#4260=CARTESIAN_POINT('',(104.45,-74.0000000002227,1.65));
#4261=CARTESIAN_POINT('',(104.450000000066,-153.249999987379,1.65));
#4262=CARTESIAN_POINT('',(104.45,-74.0000000002227,-0.15));
#4263=CARTESIAN_POINT('Origin',(99.250000321166,-73.9999996790527,-0.15));
#4264=CARTESIAN_POINT('',(99.2499999871534,-68.8000000002187,-0.15));
#4265=CARTESIAN_POINT('Origin',(99.250000321166,-73.9999996790527,-0.15));
#4266=CARTESIAN_POINT('',(99.2499999871534,-68.8000000002187,1.65));
#4267=CARTESIAN_POINT('Origin',(99.250000321166,-73.9999996790527,1.65));
#4268=CARTESIAN_POINT('',(99.2499999871534,-68.8000000002187,-0.15));
#4269=CARTESIAN_POINT('Origin',(40.,-68.8000000002227,-0.15));
#4270=CARTESIAN_POINT('',(40.,-68.8000000002227,-0.15));
#4271=CARTESIAN_POINT('',(54.8125000000149,-68.8000000002217,-0.15));
#4272=CARTESIAN_POINT('',(40.,-68.8000000002227,1.65));
#4273=CARTESIAN_POINT('',(99.2499999871534,-68.8000000002187,1.65));
#4274=CARTESIAN_POINT('',(40.,-68.8000000002227,-0.15));
#4275=CARTESIAN_POINT('Origin',(39.999999678834,-73.9999996790527,-0.15));
#4276=CARTESIAN_POINT('Origin',(39.999999678834,-73.9999996790527,-0.15));
#4277=CARTESIAN_POINT('Origin',(39.999999678834,-73.9999996790527,1.65));
#4278=CARTESIAN_POINT('Origin',(69.625000000033,-113.625000000221,1.65));
#4279=CARTESIAN_POINT('',(33.8,-153.250000000223,1.65));
#4280=CARTESIAN_POINT('',(33.800000000001,-133.437500000221,1.65));
#4281=CARTESIAN_POINT('',(40.0000000899267,-159.450000000157,1.65));
#4282=CARTESIAN_POINT('Origin',(39.999999678834,-153.250000321323,1.65));
#4283=CARTESIAN_POINT('',(84.4374999999904,-159.450000000206,1.65));
#4284=CARTESIAN_POINT('Origin',(38.25,-72.2500000002227,-0.15));
#4285=CARTESIAN_POINT('',(41.6,-72.2500000002225,-0.15));
#4286=CARTESIAN_POINT('',(41.6,-72.2500000002225,-0.15));
#4287=CARTESIAN_POINT('Origin',(38.25,-72.2500000002227,-0.15));
#4288=CARTESIAN_POINT('Origin',(41.6,-71.7999999724255,-0.15));
#4289=CARTESIAN_POINT('',(41.6,-71.7999999724255,-0.15));
#4290=CARTESIAN_POINT('',(41.6,-71.7999999724255,-0.15));
#4291=CARTESIAN_POINT('',(41.6,-72.2500000002225,-0.15));
#4292=CARTESIAN_POINT('Origin',(42.6,-71.7999999724255,-0.15));
#4293=CARTESIAN_POINT('Origin',(42.6,-71.7999999724255,-0.15));
#4294=CARTESIAN_POINT('Origin',(96.6500000027777,-71.7999999724218,-0.15));
#4295=CARTESIAN_POINT('',(97.6500000027777,-71.7999999714299,-0.15));
#4296=CARTESIAN_POINT('',(97.6500000027777,-71.7999999714299,-0.15));
#4297=CARTESIAN_POINT('Origin',(96.6500000027777,-71.7999999724218,-0.15));
#4298=CARTESIAN_POINT('Origin',(97.650000003224,-72.2499999724216,-0.15));
#4299=CARTESIAN_POINT('',(97.650000003224,-72.2499999724216,-0.15));
#4300=CARTESIAN_POINT('',(97.650000003224,-72.2499999724216,-0.15));
#4301=CARTESIAN_POINT('',(97.650000003224,-72.2499999724216,-0.15));
#4302=CARTESIAN_POINT('Origin',(101.000000003224,-72.2499999690987,-0.15));
#4303=CARTESIAN_POINT('Origin',(101.000000003224,-72.2499999690987,-0.15));
#4304=CARTESIAN_POINT('Origin',(101.449999946115,-76.5999999686523,-0.15));
#4305=CARTESIAN_POINT('',(102.449999946115,-76.5999999676602,-0.15));
#4306=CARTESIAN_POINT('',(102.449999946115,-76.5999999676602,-0.15));
#4307=CARTESIAN_POINT('Origin',(101.449999946115,-76.5999999686523,-0.15));
#4308=CARTESIAN_POINT('Origin',(102.450000019676,-150.750000019225,-0.15));
#4309=CARTESIAN_POINT('',(102.450000019676,-150.750000019225,-0.15));
#4310=CARTESIAN_POINT('',(102.450000019676,-150.750000019225,-0.15));
#4311=CARTESIAN_POINT('',(102.450000019676,-150.750000019225,-0.15));
#4312=CARTESIAN_POINT('Origin',(101.550000019676,-150.750000020118,-0.15));
#4313=CARTESIAN_POINT('',(101.550000019115,-151.650000020118,-0.15));
#4314=CARTESIAN_POINT('',(101.550000019115,-151.650000020118,-0.15));
#4315=CARTESIAN_POINT('Origin',(101.550000019676,-150.750000020118,-0.15));
#4316=CARTESIAN_POINT('Origin',(101.000000020573,-151.650000019775,-0.15));
#4317=CARTESIAN_POINT('',(101.000000020573,-151.650000019775,-0.15));
#4318=CARTESIAN_POINT('Origin',(38.2500000152614,-155.000000011797,-0.15));
#4319=CARTESIAN_POINT('',(36.5500000152614,-155.000000011797,-0.15));
#4320=CARTESIAN_POINT('',(36.5500000152614,-155.000000011797,-0.15));
#4321=CARTESIAN_POINT('Origin',(38.2500000152614,-155.000000011797,-0.15));
#4322=CARTESIAN_POINT('Origin',(38.25,-72.2500000002227,-0.15));
#4323=CARTESIAN_POINT('',(36.55,-72.2500000002227,-0.15));
#4324=CARTESIAN_POINT('',(36.55,-72.2500000002227,-0.15));
#4325=CARTESIAN_POINT('Origin',(38.25,-72.2500000002227,-0.15));
#4326=CARTESIAN_POINT('Origin',(101.000000018485,-155.000000019775,-0.15));
#4327=CARTESIAN_POINT('',(99.3000000184854,-155.000000019775,-0.15));
#4328=CARTESIAN_POINT('',(99.3000000184854,-155.000000019775,-0.15));
#4329=CARTESIAN_POINT('Origin',(101.000000018485,-155.000000019775,-0.15));
#4330=CARTESIAN_POINT('Origin',(101.000000003224,-72.2499999690987,-0.15));
#4331=CARTESIAN_POINT('',(99.300000003224,-72.2499999690987,-0.15));
#4332=CARTESIAN_POINT('',(99.300000003224,-72.2499999690987,-0.15));
#4333=CARTESIAN_POINT('Origin',(101.000000003224,-72.2499999690987,-0.15));
#4334=CARTESIAN_POINT('Origin',(33.8,-153.250000000223,-0.15));
#4335=CARTESIAN_POINT('',(33.8,-153.250000000223,-0.15));
#4336=CARTESIAN_POINT('Origin',(39.999999678834,-153.250000321323,-0.15));
#4337=CARTESIAN_POINT('',(40.0000000899267,-159.450000000157,-0.15));
#4338=CARTESIAN_POINT('Origin',(99.2499999999987,-159.450000000223,-0.15));
#4339=CARTESIAN_POINT('Origin',(69.625000000033,-113.625000000221,-0.15));
#4340=UNCERTAINTY_MEASURE_WITH_UNIT(LENGTH_MEASURE(0.01),#4344,
'DISTANCE_ACCURACY_VALUE',
'Maximum model space distance between geometric entities at asserted c
onnectivities');
#4341=UNCERTAINTY_MEASURE_WITH_UNIT(LENGTH_MEASURE(0.01),#4344,
'DISTANCE_ACCURACY_VALUE',
'Maximum model space distance between geometric entities at asserted c
onnectivities');
#4342=(
GEOMETRIC_REPRESENTATION_CONTEXT(3)
GLOBAL_UNCERTAINTY_ASSIGNED_CONTEXT((#4340))
GLOBAL_UNIT_ASSIGNED_CONTEXT((#4344,#4346,#4347))
REPRESENTATION_CONTEXT('','3D')
);
#4343=(
GEOMETRIC_REPRESENTATION_CONTEXT(3)
GLOBAL_UNCERTAINTY_ASSIGNED_CONTEXT((#4341))
GLOBAL_UNIT_ASSIGNED_CONTEXT((#4344,#4346,#4347))
REPRESENTATION_CONTEXT('','3D')
);
#4344=(
LENGTH_UNIT()
NAMED_UNIT(*)
SI_UNIT(.MILLI.,.METRE.)
);
#4345=(
LENGTH_UNIT()
NAMED_UNIT(*)
SI_UNIT($,.METRE.)
);
#4346=(
NAMED_UNIT(*)
PLANE_ANGLE_UNIT()
SI_UNIT($,.RADIAN.)
);
#4347=(
NAMED_UNIT(*)
SI_UNIT($,.STERADIAN.)
SOLID_ANGLE_UNIT()
);
#4348=SHAPE_DEFINITION_REPRESENTATION(#4349,#4350);
#4349=PRODUCT_DEFINITION_SHAPE('',$,#4352);
#4350=SHAPE_REPRESENTATION('',(#2594),#4342);
#4351=PRODUCT_DEFINITION_CONTEXT('part definition',#4356,'design');
#4352=PRODUCT_DEFINITION('2026-08-22-16-51-27-190','MacropadExample',#4353,
#4351);
#4353=PRODUCT_DEFINITION_FORMATION('',$,#4358);
#4354=PRODUCT_RELATED_PRODUCT_CATEGORY('MacropadExample',
'MacropadExample',(#4358));
#4355=APPLICATION_PROTOCOL_DEFINITION('international standard',
'automotive_design',2009,#4356);
#4356=APPLICATION_CONTEXT(
'Core Data for Automotive Mechanical Design Process');
#4357=PRODUCT_CONTEXT('part definition',#4356,'mechanical');
#4358=PRODUCT('2026-08-22-16-51-27-190','MacropadExample',$,(#4357));
#4359=PRESENTATION_STYLE_ASSIGNMENT((#4364));
#4360=PRESENTATION_STYLE_ASSIGNMENT((#4365));
#4361=PRESENTATION_STYLE_ASSIGNMENT((#4366));
#4362=PRESENTATION_STYLE_ASSIGNMENT((#4367));
#4363=PRESENTATION_STYLE_ASSIGNMENT((#4368));
#4364=SURFACE_STYLE_USAGE(.BOTH.,#4369);
#4365=SURFACE_STYLE_USAGE(.BOTH.,#4370);
#4366=SURFACE_STYLE_USAGE(.BOTH.,#4371);
#4367=SURFACE_STYLE_USAGE(.BOTH.,#4372);
#4368=SURFACE_STYLE_USAGE(.BOTH.,#4373);
#4369=SURFACE_SIDE_STYLE('',(#4374));
#4370=SURFACE_SIDE_STYLE('',(#4375));
#4371=SURFACE_SIDE_STYLE('',(#4376));
#4372=SURFACE_SIDE_STYLE('',(#4377));
#4373=SURFACE_SIDE_STYLE('',(#4378));
#4374=SURFACE_STYLE_FILL_AREA(#4379);
#4375=SURFACE_STYLE_FILL_AREA(#4380);
#4376=SURFACE_STYLE_FILL_AREA(#4381);
#4377=SURFACE_STYLE_FILL_AREA(#4382);
#4378=SURFACE_STYLE_FILL_AREA(#4383);
#4379=FILL_AREA_STYLE('Steel - Satin',(#4384));
#4380=FILL_AREA_STYLE('Acrylic (Clear)',(#4385));
#4381=FILL_AREA_STYLE('ABS (White)',(#4386));
#4382=FILL_AREA_STYLE('ABS (White) (1)',(#4387));
#4383=FILL_AREA_STYLE('Acrylic (Clear)',(#4388));
#4384=FILL_AREA_STYLE_COLOUR('Steel - Satin',#4389);
#4385=FILL_AREA_STYLE_COLOUR('Acrylic (Clear)',#4390);
#4386=FILL_AREA_STYLE_COLOUR('ABS (White)',#4391);
#4387=FILL_AREA_STYLE_COLOUR('ABS (White) (1)',#4392);
#4388=FILL_AREA_STYLE_COLOUR('Acrylic (Clear)',#4393);
#4389=COLOUR_RGB('Steel - Satin',0.627450980392157,0.627450980392157,0.627450980392157);
#4390=COLOUR_RGB('Acrylic (Clear)',0.905882352941176,0.905882352941176,
0.905882352941176);
#4391=COLOUR_RGB('ABS (White)',0.964705882352941,0.964705882352941,0.952941176470588);
#4392=COLOUR_RGB('ABS (White) (1)',0.317647058823529,0.529411764705882,
0.870588235294118);
#4393=COLOUR_RGB('Acrylic (Clear)',0.384313725490196,0.388235294117647,
0.392156862745098);
ENDSEC;
END-ISO-10303-21;
