ISO-10303-21;
HEADER;
/* Generated by software containing ST-Developer
 * from STEP Tools, Inc. (www.steptools.com) 
 */

FILE_DESCRIPTION(
/* description */ (''),
/* implementation_level */ '2;1');

FILE_NAME(
/* name */ 'TopCaseV2.step',
/* time_stamp */ '2026-08-30T17:55:01+02:00',
/* author */ (''),
/* organization */ (''),
/* preprocessor_version */ 'ST-DEVELOPER v20.1',
/* originating_system */ 'Autodesk Translation Framework v15.8.0.0',
/* authorisation */ '');

FILE_SCHEMA (('AUTOMOTIVE_DESIGN { 1 0 10303 214 3 1 1 }'));
ENDSEC;

DATA;
#10=MECHANICAL_DESIGN_GEOMETRIC_PRESENTATION_REPRESENTATION('',(#13),#2887);
#11=SHAPE_REPRESENTATION_RELATIONSHIP('SRR','None',#2894,#12);
#12=ADVANCED_BREP_SHAPE_REPRESENTATION('',(#14),#2886);
#13=STYLED_ITEM('',(#2905),#14);
#14=MANIFOLD_SOLID_BREP('TopCaseV2',#1698);
#15=FACE_BOUND('',#203,.T.);
#16=FACE_BOUND('',#204,.T.);
#17=FACE_BOUND('',#205,.T.);
#18=FACE_BOUND('',#223,.T.);
#19=FACE_BOUND('',#224,.T.);
#20=FACE_BOUND('',#225,.T.);
#21=FACE_BOUND('',#270,.T.);
#22=FACE_BOUND('',#271,.T.);
#23=FACE_BOUND('',#272,.T.);
#24=FACE_BOUND('',#273,.T.);
#25=FACE_BOUND('',#274,.T.);
#26=ELLIPSE('',#1729,1.40015144417437,0.899999999999999);
#27=ELLIPSE('',#1730,1.40015144417431,0.899999999999963);
#28=ELLIPSE('',#1740,1.55572382686038,0.999999999999979);
#29=ELLIPSE('',#1741,1.40015144417438,0.900000000000007);
#30=ELLIPSE('',#1751,1.40015144417438,0.900000000000007);
#31=ELLIPSE('',#1752,1.40015144417442,0.900000000000034);
#32=ELLIPSE('',#1758,1.40015144417431,0.899999999999963);
#33=ELLIPSE('',#1759,1.40015144417429,0.899999999999945);
#34=PLANE('',#1715);
#35=PLANE('',#1719);
#36=PLANE('',#1723);
#37=PLANE('',#1727);
#38=PLANE('',#1728);
#39=PLANE('',#1731);
#40=PLANE('',#1732);
#41=PLANE('',#1734);
#42=PLANE('',#1738);
#43=PLANE('',#1739);
#44=PLANE('',#1742);
#45=PLANE('',#1743);
#46=PLANE('',#1745);
#47=PLANE('',#1749);
#48=PLANE('',#1750);
#49=PLANE('',#1753);
#50=PLANE('',#1756);
#51=PLANE('',#1757);
#52=PLANE('',#1760);
#53=PLANE('',#1763);
#54=PLANE('',#1764);
#55=PLANE('',#1781);
#56=PLANE('',#1784);
#57=PLANE('',#1787);
#58=PLANE('',#1790);
#59=PLANE('',#1793);
#60=PLANE('',#1796);
#61=PLANE('',#1799);
#62=PLANE('',#1802);
#63=PLANE('',#1805);
#64=PLANE('',#1810);
#65=PLANE('',#1812);
#66=PLANE('',#1814);
#67=PLANE('',#1816);
#68=PLANE('',#1822);
#69=PLANE('',#1825);
#70=PLANE('',#1832);
#71=PLANE('',#1835);
#72=PLANE('',#1838);
#73=PLANE('',#1841);
#74=PLANE('',#1846);
#75=PLANE('',#1849);
#76=PLANE('',#1854);
#77=PLANE('',#1857);
#78=PLANE('',#1862);
#79=PLANE('',#1869);
#80=PLANE('',#1872);
#81=PLANE('',#1875);
#82=PLANE('',#1878);
#83=PLANE('',#1881);
#84=FACE_OUTER_BOUND('',#174,.T.);
#85=FACE_OUTER_BOUND('',#175,.T.);
#86=FACE_OUTER_BOUND('',#176,.T.);
#87=FACE_OUTER_BOUND('',#177,.T.);
#88=FACE_OUTER_BOUND('',#178,.T.);
#89=FACE_OUTER_BOUND('',#179,.T.);
#90=FACE_OUTER_BOUND('',#180,.T.);
#91=FACE_OUTER_BOUND('',#181,.T.);
#92=FACE_OUTER_BOUND('',#182,.T.);
#93=FACE_OUTER_BOUND('',#183,.T.);
#94=FACE_OUTER_BOUND('',#184,.T.);
#95=FACE_OUTER_BOUND('',#185,.T.);
#96=FACE_OUTER_BOUND('',#186,.T.);
#97=FACE_OUTER_BOUND('',#187,.T.);
#98=FACE_OUTER_BOUND('',#188,.T.);
#99=FACE_OUTER_BOUND('',#189,.T.);
#100=FACE_OUTER_BOUND('',#190,.T.);
#101=FACE_OUTER_BOUND('',#191,.T.);
#102=FACE_OUTER_BOUND('',#192,.T.);
#103=FACE_OUTER_BOUND('',#193,.T.);
#104=FACE_OUTER_BOUND('',#194,.T.);
#105=FACE_OUTER_BOUND('',#195,.T.);
#106=FACE_OUTER_BOUND('',#196,.T.);
#107=FACE_OUTER_BOUND('',#197,.T.);
#108=FACE_OUTER_BOUND('',#198,.T.);
#109=FACE_OUTER_BOUND('',#199,.T.);
#110=FACE_OUTER_BOUND('',#200,.T.);
#111=FACE_OUTER_BOUND('',#201,.T.);
#112=FACE_OUTER_BOUND('',#202,.T.);
#113=FACE_OUTER_BOUND('',#206,.T.);
#114=FACE_OUTER_BOUND('',#207,.T.);
#115=FACE_OUTER_BOUND('',#208,.T.);
#116=FACE_OUTER_BOUND('',#209,.T.);
#117=FACE_OUTER_BOUND('',#210,.T.);
#118=FACE_OUTER_BOUND('',#211,.T.);
#119=FACE_OUTER_BOUND('',#212,.T.);
#120=FACE_OUTER_BOUND('',#213,.T.);
#121=FACE_OUTER_BOUND('',#214,.T.);
#122=FACE_OUTER_BOUND('',#215,.T.);
#123=FACE_OUTER_BOUND('',#216,.T.);
#124=FACE_OUTER_BOUND('',#217,.T.);
#125=FACE_OUTER_BOUND('',#218,.T.);
#126=FACE_OUTER_BOUND('',#219,.T.);
#127=FACE_OUTER_BOUND('',#220,.T.);
#128=FACE_OUTER_BOUND('',#221,.T.);
#129=FACE_OUTER_BOUND('',#222,.T.);
#130=FACE_OUTER_BOUND('',#226,.T.);
#131=FACE_OUTER_BOUND('',#227,.T.);
#132=FACE_OUTER_BOUND('',#228,.T.);
#133=FACE_OUTER_BOUND('',#229,.T.);
#134=FACE_OUTER_BOUND('',#230,.T.);
#135=FACE_OUTER_BOUND('',#231,.T.);
#136=FACE_OUTER_BOUND('',#232,.T.);
#137=FACE_OUTER_BOUND('',#233,.T.);
#138=FACE_OUTER_BOUND('',#234,.T.);
#139=FACE_OUTER_BOUND('',#235,.T.);
#140=FACE_OUTER_BOUND('',#236,.T.);
#141=FACE_OUTER_BOUND('',#237,.T.);
#142=FACE_OUTER_BOUND('',#238,.T.);
#143=FACE_OUTER_BOUND('',#239,.T.);
#144=FACE_OUTER_BOUND('',#240,.T.);
#145=FACE_OUTER_BOUND('',#241,.T.);
#146=FACE_OUTER_BOUND('',#242,.T.);
#147=FACE_OUTER_BOUND('',#243,.T.);
#148=FACE_OUTER_BOUND('',#244,.T.);
#149=FACE_OUTER_BOUND('',#245,.T.);
#150=FACE_OUTER_BOUND('',#246,.T.);
#151=FACE_OUTER_BOUND('',#247,.T.);
#152=FACE_OUTER_BOUND('',#248,.T.);
#153=FACE_OUTER_BOUND('',#249,.T.);
#154=FACE_OUTER_BOUND('',#250,.T.);
#155=FACE_OUTER_BOUND('',#251,.T.);
#156=FACE_OUTER_BOUND('',#252,.T.);
#157=FACE_OUTER_BOUND('',#253,.T.);
#158=FACE_OUTER_BOUND('',#254,.T.);
#159=FACE_OUTER_BOUND('',#255,.T.);
#160=FACE_OUTER_BOUND('',#256,.T.);
#161=FACE_OUTER_BOUND('',#257,.T.);
#162=FACE_OUTER_BOUND('',#258,.T.);
#163=FACE_OUTER_BOUND('',#259,.T.);
#164=FACE_OUTER_BOUND('',#260,.T.);
#165=FACE_OUTER_BOUND('',#261,.T.);
#166=FACE_OUTER_BOUND('',#262,.T.);
#167=FACE_OUTER_BOUND('',#263,.T.);
#168=FACE_OUTER_BOUND('',#264,.T.);
#169=FACE_OUTER_BOUND('',#265,.T.);
#170=FACE_OUTER_BOUND('',#266,.T.);
#171=FACE_OUTER_BOUND('',#267,.T.);
#172=FACE_OUTER_BOUND('',#268,.T.);
#173=FACE_OUTER_BOUND('',#269,.T.);
#174=EDGE_LOOP('',(#1080,#1081,#1082,#1083));
#175=EDGE_LOOP('',(#1084,#1085,#1086,#1087));
#176=EDGE_LOOP('',(#1088,#1089,#1090,#1091));
#177=EDGE_LOOP('',(#1092,#1093,#1094,#1095));
#178=EDGE_LOOP('',(#1096,#1097,#1098,#1099));
#179=EDGE_LOOP('',(#1100,#1101,#1102,#1103));
#180=EDGE_LOOP('',(#1104,#1105,#1106,#1107));
#181=EDGE_LOOP('',(#1108,#1109,#1110,#1111));
#182=EDGE_LOOP('',(#1112,#1113,#1114,#1115,#1116,#1117,#1118,#1119));
#183=EDGE_LOOP('',(#1120,#1121,#1122,#1123,#1124,#1125,#1126));
#184=EDGE_LOOP('',(#1127,#1128,#1129));
#185=EDGE_LOOP('',(#1130,#1131,#1132));
#186=EDGE_LOOP('',(#1133,#1134,#1135,#1136));
#187=EDGE_LOOP('',(#1137,#1138,#1139,#1140));
#188=EDGE_LOOP('',(#1141,#1142,#1143,#1144,#1145,#1146,#1147,#1148));
#189=EDGE_LOOP('',(#1149,#1150,#1151,#1152,#1153,#1154,#1155));
#190=EDGE_LOOP('',(#1156,#1157,#1158));
#191=EDGE_LOOP('',(#1159,#1160,#1161));
#192=EDGE_LOOP('',(#1162,#1163,#1164,#1165));
#193=EDGE_LOOP('',(#1166,#1167,#1168,#1169));
#194=EDGE_LOOP('',(#1170,#1171,#1172,#1173,#1174,#1175));
#195=EDGE_LOOP('',(#1176,#1177,#1178,#1179,#1180,#1181));
#196=EDGE_LOOP('',(#1182,#1183,#1184,#1185));
#197=EDGE_LOOP('',(#1186,#1187,#1188,#1189));
#198=EDGE_LOOP('',(#1190,#1191,#1192,#1193,#1194,#1195));
#199=EDGE_LOOP('',(#1196,#1197,#1198,#1199,#1200,#1201,#1202));
#200=EDGE_LOOP('',(#1203,#1204,#1205,#1206));
#201=EDGE_LOOP('',(#1207,#1208,#1209,#1210));
#202=EDGE_LOOP('',(#1211,#1212,#1213,#1214,#1215,#1216,#1217,#1218,#1219,
#1220,#1221,#1222,#1223,#1224,#1225,#1226,#1227,#1228,#1229,#1230,#1231,
#1232,#1233,#1234));
#203=EDGE_LOOP('',(#1235,#1236,#1237,#1238,#1239,#1240,#1241,#1242));
#204=EDGE_LOOP('',(#1243,#1244,#1245,#1246,#1247,#1248,#1249,#1250));
#205=EDGE_LOOP('',(#1251,#1252,#1253,#1254,#1255,#1256,#1257,#1258));
#206=EDGE_LOOP('',(#1259,#1260,#1261,#1262));
#207=EDGE_LOOP('',(#1263,#1264,#1265,#1266));
#208=EDGE_LOOP('',(#1267,#1268,#1269,#1270));
#209=EDGE_LOOP('',(#1271,#1272,#1273,#1274));
#210=EDGE_LOOP('',(#1275,#1276,#1277,#1278));
#211=EDGE_LOOP('',(#1279,#1280,#1281,#1282));
#212=EDGE_LOOP('',(#1283,#1284,#1285,#1286));
#213=EDGE_LOOP('',(#1287,#1288,#1289,#1290));
#214=EDGE_LOOP('',(#1291,#1292,#1293,#1294));
#215=EDGE_LOOP('',(#1295,#1296,#1297,#1298));
#216=EDGE_LOOP('',(#1299,#1300,#1301,#1302));
#217=EDGE_LOOP('',(#1303,#1304,#1305,#1306));
#218=EDGE_LOOP('',(#1307,#1308,#1309,#1310));
#219=EDGE_LOOP('',(#1311,#1312,#1313,#1314));
#220=EDGE_LOOP('',(#1315,#1316,#1317,#1318));
#221=EDGE_LOOP('',(#1319,#1320,#1321,#1322));
#222=EDGE_LOOP('',(#1323,#1324,#1325,#1326,#1327,#1328,#1329,#1330));
#223=EDGE_LOOP('',(#1331,#1332,#1333,#1334,#1335,#1336,#1337,#1338));
#224=EDGE_LOOP('',(#1339,#1340,#1341,#1342,#1343,#1344,#1345,#1346));
#225=EDGE_LOOP('',(#1347,#1348,#1349,#1350,#1351,#1352,#1353,#1354));
#226=EDGE_LOOP('',(#1355));
#227=EDGE_LOOP('',(#1356));
#228=EDGE_LOOP('',(#1357));
#229=EDGE_LOOP('',(#1358));
#230=EDGE_LOOP('',(#1359,#1360,#1361,#1362));
#231=EDGE_LOOP('',(#1363,#1364,#1365,#1366));
#232=EDGE_LOOP('',(#1367,#1368,#1369,#1370));
#233=EDGE_LOOP('',(#1371,#1372,#1373,#1374));
#234=EDGE_LOOP('',(#1375,#1376,#1377,#1378,#1379,#1380));
#235=EDGE_LOOP('',(#1381,#1382,#1383,#1384,#1385,#1386));
#236=EDGE_LOOP('',(#1387,#1388,#1389,#1390));
#237=EDGE_LOOP('',(#1391,#1392,#1393,#1394));
#238=EDGE_LOOP('',(#1395,#1396,#1397,#1398));
#239=EDGE_LOOP('',(#1399,#1400,#1401,#1402));
#240=EDGE_LOOP('',(#1403,#1404,#1405,#1406));
#241=EDGE_LOOP('',(#1407,#1408,#1409,#1410,#1411));
#242=EDGE_LOOP('',(#1412,#1413,#1414,#1415,#1416,#1417,#1418));
#243=EDGE_LOOP('',(#1419,#1420,#1421,#1422));
#244=EDGE_LOOP('',(#1423,#1424,#1425,#1426));
#245=EDGE_LOOP('',(#1427,#1428,#1429,#1430));
#246=EDGE_LOOP('',(#1431,#1432,#1433,#1434));
#247=EDGE_LOOP('',(#1435,#1436,#1437,#1438,#1439,#1440,#1441));
#248=EDGE_LOOP('',(#1442,#1443,#1444,#1445));
#249=EDGE_LOOP('',(#1446,#1447,#1448,#1449));
#250=EDGE_LOOP('',(#1450,#1451,#1452,#1453));
#251=EDGE_LOOP('',(#1454,#1455,#1456,#1457));
#252=EDGE_LOOP('',(#1458,#1459,#1460,#1461,#1462,#1463,#1464));
#253=EDGE_LOOP('',(#1465,#1466,#1467,#1468));
#254=EDGE_LOOP('',(#1469,#1470,#1471,#1472));
#255=EDGE_LOOP('',(#1473,#1474,#1475,#1476));
#256=EDGE_LOOP('',(#1477,#1478,#1479,#1480));
#257=EDGE_LOOP('',(#1481,#1482,#1483,#1484,#1485,#1486,#1487));
#258=EDGE_LOOP('',(#1488,#1489,#1490,#1491));
#259=EDGE_LOOP('',(#1492,#1493,#1494,#1495));
#260=EDGE_LOOP('',(#1496,#1497,#1498,#1499));
#261=EDGE_LOOP('',(#1500,#1501,#1502,#1503));
#262=EDGE_LOOP('',(#1504,#1505,#1506,#1507));
#263=EDGE_LOOP('',(#1508,#1509,#1510,#1511));
#264=EDGE_LOOP('',(#1512,#1513,#1514,#1515));
#265=EDGE_LOOP('',(#1516,#1517,#1518,#1519));
#266=EDGE_LOOP('',(#1520,#1521,#1522,#1523));
#267=EDGE_LOOP('',(#1524,#1525,#1526,#1527));
#268=EDGE_LOOP('',(#1528,#1529,#1530,#1531));
#269=EDGE_LOOP('',(#1532,#1533,#1534,#1535,#1536,#1537,#1538,#1539));
#270=EDGE_LOOP('',(#1540));
#271=EDGE_LOOP('',(#1541));
#272=EDGE_LOOP('',(#1542,#1543,#1544,#1545,#1546,#1547,#1548,#1549,#1550,
#1551,#1552,#1553,#1554,#1555,#1556,#1557,#1558,#1559,#1560,#1561,#1562,
#1563,#1564,#1565));
#273=EDGE_LOOP('',(#1566));
#274=EDGE_LOOP('',(#1567));
#275=LINE('',#2394,#439);
#276=LINE('',#2397,#440);
#277=LINE('',#2400,#441);
#278=LINE('',#2402,#442);
#279=LINE('',#2403,#443);
#280=LINE('',#2408,#444);
#281=LINE('',#2412,#445);
#282=LINE('',#2414,#446);
#283=LINE('',#2415,#447);
#284=LINE('',#2420,#448);
#285=LINE('',#2424,#449);
#286=LINE('',#2426,#450);
#287=LINE('',#2427,#451);
#288=LINE('',#2432,#452);
#289=LINE('',#2435,#453);
#290=LINE('',#2436,#454);
#291=LINE('',#2440,#455);
#292=LINE('',#2442,#456);
#293=LINE('',#2444,#457);
#294=LINE('',#2446,#458);
#295=LINE('',#2448,#459);
#296=LINE('',#2452,#460);
#297=LINE('',#2456,#461);
#298=LINE('',#2458,#462);
#299=LINE('',#2460,#463);
#300=LINE('',#2462,#464);
#301=LINE('',#2464,#465);
#302=LINE('',#2465,#466);
#303=LINE('',#2469,#467);
#304=LINE('',#2474,#468);
#305=LINE('',#2478,#469);
#306=LINE('',#2479,#470);
#307=LINE('',#2483,#471);
#308=LINE('',#2485,#472);
#309=LINE('',#2487,#473);
#310=LINE('',#2489,#474);
#311=LINE('',#2491,#475);
#312=LINE('',#2495,#476);
#313=LINE('',#2499,#477);
#314=LINE('',#2501,#478);
#315=LINE('',#2503,#479);
#316=LINE('',#2505,#480);
#317=LINE('',#2507,#481);
#318=LINE('',#2508,#482);
#319=LINE('',#2512,#483);
#320=LINE('',#2517,#484);
#321=LINE('',#2521,#485);
#322=LINE('',#2522,#486);
#323=LINE('',#2526,#487);
#324=LINE('',#2528,#488);
#325=LINE('',#2530,#489);
#326=LINE('',#2534,#490);
#327=LINE('',#2538,#491);
#328=LINE('',#2540,#492);
#329=LINE('',#2542,#493);
#330=LINE('',#2544,#494);
#331=LINE('',#2545,#495);
#332=LINE('',#2548,#496);
#333=LINE('',#2552,#497);
#334=LINE('',#2553,#498);
#335=LINE('',#2557,#499);
#336=LINE('',#2559,#500);
#337=LINE('',#2561,#501);
#338=LINE('',#2565,#502);
#339=LINE('',#2569,#503);
#340=LINE('',#2571,#504);
#341=LINE('',#2573,#505);
#342=LINE('',#2575,#506);
#343=LINE('',#2577,#507);
#344=LINE('',#2578,#508);
#345=LINE('',#2581,#509);
#346=LINE('',#2585,#510);
#347=LINE('',#2586,#511);
#348=LINE('',#2591,#512);
#349=LINE('',#2596,#513);
#350=LINE('',#2601,#514);
#351=LINE('',#2606,#515);
#352=LINE('',#2612,#516);
#353=LINE('',#2616,#517);
#354=LINE('',#2620,#518);
#355=LINE('',#2623,#519);
#356=LINE('',#2628,#520);
#357=LINE('',#2632,#521);
#358=LINE('',#2636,#522);
#359=LINE('',#2639,#523);
#360=LINE('',#2642,#524);
#361=LINE('',#2644,#525);
#362=LINE('',#2645,#526);
#363=LINE('',#2649,#527);
#364=LINE('',#2652,#528);
#365=LINE('',#2653,#529);
#366=LINE('',#2657,#530);
#367=LINE('',#2660,#531);
#368=LINE('',#2661,#532);
#369=LINE('',#2665,#533);
#370=LINE('',#2668,#534);
#371=LINE('',#2669,#535);
#372=LINE('',#2674,#536);
#373=LINE('',#2676,#537);
#374=LINE('',#2677,#538);
#375=LINE('',#2681,#539);
#376=LINE('',#2684,#540);
#377=LINE('',#2685,#541);
#378=LINE('',#2689,#542);
#379=LINE('',#2692,#543);
#380=LINE('',#2693,#544);
#381=LINE('',#2697,#545);
#382=LINE('',#2700,#546);
#383=LINE('',#2701,#547);
#384=LINE('',#2709,#548);
#385=LINE('',#2713,#549);
#386=LINE('',#2717,#550);
#387=LINE('',#2720,#551);
#388=LINE('',#2734,#552);
#389=LINE('',#2736,#553);
#390=LINE('',#2738,#554);
#391=LINE('',#2740,#555);
#392=LINE('',#2745,#556);
#393=LINE('',#2748,#557);
#394=LINE('',#2753,#558);
#395=LINE('',#2756,#559);
#396=LINE('',#2759,#560);
#397=LINE('',#2763,#561);
#398=LINE('',#2768,#562);
#399=LINE('',#2769,#563);
#400=LINE('',#2770,#564);
#401=LINE('',#2774,#565);
#402=LINE('',#2777,#566);
#403=LINE('',#2778,#567);
#404=LINE('',#2782,#568);
#405=LINE('',#2785,#569);
#406=LINE('',#2786,#570);
#407=LINE('',#2790,#571);
#408=LINE('',#2793,#572);
#409=LINE('',#2794,#573);
#410=LINE('',#2800,#574);
#411=LINE('',#2803,#575);
#412=LINE('',#2804,#576);
#413=LINE('',#2808,#577);
#414=LINE('',#2811,#578);
#415=LINE('',#2812,#579);
#416=LINE('',#2818,#580);
#417=LINE('',#2821,#581);
#418=LINE('',#2822,#582);
#419=LINE('',#2826,#583);
#420=LINE('',#2829,#584);
#421=LINE('',#2830,#585);
#422=LINE('',#2836,#586);
#423=LINE('',#2839,#587);
#424=LINE('',#2840,#588);
#425=LINE('',#2845,#589);
#426=LINE('',#2849,#590);
#427=LINE('',#2854,#591);
#428=LINE('',#2855,#592);
#429=LINE('',#2856,#593);
#430=LINE('',#2860,#594);
#431=LINE('',#2863,#595);
#432=LINE('',#2864,#596);
#433=LINE('',#2868,#597);
#434=LINE('',#2871,#598);
#435=LINE('',#2872,#599);
#436=LINE('',#2876,#600);
#437=LINE('',#2879,#601);
#438=LINE('',#2880,#602);
#439=VECTOR('',#1888,10.);
#440=VECTOR('',#1891,10.);
#441=VECTOR('',#1894,10.);
#442=VECTOR('',#1895,10.);
#443=VECTOR('',#1896,10.);
#444=VECTOR('',#1901,10.);
#445=VECTOR('',#1906,10.);
#446=VECTOR('',#1907,10.);
#447=VECTOR('',#1908,10.);
#448=VECTOR('',#1913,10.);
#449=VECTOR('',#1918,10.);
#450=VECTOR('',#1919,10.);
#451=VECTOR('',#1920,10.);
#452=VECTOR('',#1925,10.);
#453=VECTOR('',#1930,10.);
#454=VECTOR('',#1931,10.);
#455=VECTOR('',#1934,10.);
#456=VECTOR('',#1935,10.);
#457=VECTOR('',#1936,10.);
#458=VECTOR('',#1937,10.);
#459=VECTOR('',#1938,10.);
#460=VECTOR('',#1941,10.);
#461=VECTOR('',#1946,10.);
#462=VECTOR('',#1947,10.);
#463=VECTOR('',#1948,10.);
#464=VECTOR('',#1949,10.);
#465=VECTOR('',#1950,10.);
#466=VECTOR('',#1951,10.);
#467=VECTOR('',#1956,10.);
#468=VECTOR('',#1963,10.);
#469=VECTOR('',#1968,10.);
#470=VECTOR('',#1969,10.);
#471=VECTOR('',#1972,10.);
#472=VECTOR('',#1973,10.);
#473=VECTOR('',#1974,10.);
#474=VECTOR('',#1975,10.);
#475=VECTOR('',#1976,10.);
#476=VECTOR('',#1979,10.);
#477=VECTOR('',#1984,10.);
#478=VECTOR('',#1985,10.);
#479=VECTOR('',#1986,10.);
#480=VECTOR('',#1987,10.);
#481=VECTOR('',#1988,10.);
#482=VECTOR('',#1989,10.);
#483=VECTOR('',#1994,10.);
#484=VECTOR('',#2001,10.);
#485=VECTOR('',#2006,10.);
#486=VECTOR('',#2007,10.);
#487=VECTOR('',#2010,10.);
#488=VECTOR('',#2011,10.);
#489=VECTOR('',#2012,10.);
#490=VECTOR('',#2015,10.);
#491=VECTOR('',#2020,10.);
#492=VECTOR('',#2021,10.);
#493=VECTOR('',#2022,10.);
#494=VECTOR('',#2023,10.);
#495=VECTOR('',#2024,10.);
#496=VECTOR('',#2027,10.);
#497=VECTOR('',#2032,10.);
#498=VECTOR('',#2033,10.);
#499=VECTOR('',#2036,10.);
#500=VECTOR('',#2037,10.);
#501=VECTOR('',#2038,10.);
#502=VECTOR('',#2041,10.);
#503=VECTOR('',#2046,10.);
#504=VECTOR('',#2047,10.);
#505=VECTOR('',#2048,10.);
#506=VECTOR('',#2049,10.);
#507=VECTOR('',#2050,10.);
#508=VECTOR('',#2051,10.);
#509=VECTOR('',#2054,10.);
#510=VECTOR('',#2059,10.);
#511=VECTOR('',#2060,10.);
#512=VECTOR('',#2065,10.);
#513=VECTOR('',#2070,10.);
#514=VECTOR('',#2075,10.);
#515=VECTOR('',#2080,10.);
#516=VECTOR('',#2085,10.);
#517=VECTOR('',#2088,10.);
#518=VECTOR('',#2091,10.);
#519=VECTOR('',#2094,10.);
#520=VECTOR('',#2097,10.);
#521=VECTOR('',#2100,10.);
#522=VECTOR('',#2103,10.);
#523=VECTOR('',#2106,10.);
#524=VECTOR('',#2109,10.);
#525=VECTOR('',#2110,10.);
#526=VECTOR('',#2111,10.);
#527=VECTOR('',#2116,10.);
#528=VECTOR('',#2119,10.);
#529=VECTOR('',#2120,10.);
#530=VECTOR('',#2125,10.);
#531=VECTOR('',#2128,10.);
#532=VECTOR('',#2129,10.);
#533=VECTOR('',#2134,10.);
#534=VECTOR('',#2137,10.);
#535=VECTOR('',#2138,10.);
#536=VECTOR('',#2145,10.);
#537=VECTOR('',#2146,10.);
#538=VECTOR('',#2147,10.);
#539=VECTOR('',#2152,10.);
#540=VECTOR('',#2155,10.);
#541=VECTOR('',#2156,10.);
#542=VECTOR('',#2161,10.);
#543=VECTOR('',#2164,10.);
#544=VECTOR('',#2165,10.);
#545=VECTOR('',#2170,10.);
#546=VECTOR('',#2173,10.);
#547=VECTOR('',#2174,10.);
#548=VECTOR('',#2183,10.);
#549=VECTOR('',#2186,10.);
#550=VECTOR('',#2189,10.);
#551=VECTOR('',#2192,10.);
#552=VECTOR('',#2211,10.);
#553=VECTOR('',#2214,10.);
#554=VECTOR('',#2217,10.);
#555=VECTOR('',#2220,10.);
#556=VECTOR('',#2225,10.);
#557=VECTOR('',#2228,10.);
#558=VECTOR('',#2233,10.);
#559=VECTOR('',#2236,10.);
#560=VECTOR('',#2239,2.35000000000001);
#561=VECTOR('',#2244,2.35);
#562=VECTOR('',#2249,10.);
#563=VECTOR('',#2250,10.);
#564=VECTOR('',#2251,10.);
#565=VECTOR('',#2256,10.);
#566=VECTOR('',#2259,10.);
#567=VECTOR('',#2260,10.);
#568=VECTOR('',#2265,10.);
#569=VECTOR('',#2268,10.);
#570=VECTOR('',#2269,10.);
#571=VECTOR('',#2274,10.);
#572=VECTOR('',#2277,10.);
#573=VECTOR('',#2278,10.);
#574=VECTOR('',#2287,10.);
#575=VECTOR('',#2290,10.);
#576=VECTOR('',#2291,10.);
#577=VECTOR('',#2296,10.);
#578=VECTOR('',#2299,10.);
#579=VECTOR('',#2300,10.);
#580=VECTOR('',#2309,10.);
#581=VECTOR('',#2312,10.);
#582=VECTOR('',#2313,10.);
#583=VECTOR('',#2318,10.);
#584=VECTOR('',#2321,10.);
#585=VECTOR('',#2322,10.);
#586=VECTOR('',#2331,10.);
#587=VECTOR('',#2334,10.);
#588=VECTOR('',#2335,10.);
#589=VECTOR('',#2342,2.35);
#590=VECTOR('',#2347,2.34999999999999);
#591=VECTOR('',#2352,10.);
#592=VECTOR('',#2353,10.);
#593=VECTOR('',#2354,10.);
#594=VECTOR('',#2359,10.);
#595=VECTOR('',#2362,10.);
#596=VECTOR('',#2363,10.);
#597=VECTOR('',#2368,10.);
#598=VECTOR('',#2371,10.);
#599=VECTOR('',#2372,10.);
#600=VECTOR('',#2377,10.);
#601=VECTOR('',#2380,10.);
#602=VECTOR('',#2381,10.);
#603=CIRCLE('',#1713,0.999999999999996);
#604=CIRCLE('',#1714,0.999999999999996);
#605=CIRCLE('',#1717,0.999999999999996);
#606=CIRCLE('',#1718,0.999999999999996);
#607=CIRCLE('',#1721,0.999999999999996);
#608=CIRCLE('',#1722,0.999999999999996);
#609=CIRCLE('',#1725,0.999999999999996);
#610=CIRCLE('',#1726,0.999999999999996);
#611=CIRCLE('',#1733,1.00000000000002);
#612=CIRCLE('',#1735,0.900000000000052);
#613=CIRCLE('',#1737,0.899999999999963);
#614=CIRCLE('',#1744,0.999999999999943);
#615=CIRCLE('',#1746,0.999999999999988);
#616=CIRCLE('',#1748,0.900000000000007);
#617=CIRCLE('',#1755,0.900000000000039);
#618=CIRCLE('',#1762,0.899999999999928);
#619=CIRCLE('',#1765,0.999999999999979);
#620=CIRCLE('',#1766,3.34999999999999);
#621=CIRCLE('',#1767,0.899999999999963);
#622=CIRCLE('',#1768,3.34999999999999);
#623=CIRCLE('',#1769,0.900000000000007);
#624=CIRCLE('',#1770,3.35);
#625=CIRCLE('',#1771,0.900000000000007);
#626=CIRCLE('',#1772,3.35);
#627=CIRCLE('',#1773,1.19999999999999);
#628=CIRCLE('',#1774,1.19999999999999);
#629=CIRCLE('',#1775,1.20000000000001);
#630=CIRCLE('',#1776,1.2);
#631=CIRCLE('',#1777,1.99999999999998);
#632=CIRCLE('',#1778,1.99999999999999);
#633=CIRCLE('',#1779,1.99999999999999);
#634=CIRCLE('',#1780,1.99999999999998);
#635=CIRCLE('',#1783,1.19999999999999);
#636=CIRCLE('',#1786,1.20000000000001);
#637=CIRCLE('',#1789,1.2);
#638=CIRCLE('',#1792,1.19999999999999);
#639=CIRCLE('',#1795,1.99999999999999);
#640=CIRCLE('',#1798,1.99999999999999);
#641=CIRCLE('',#1801,1.99999999999998);
#642=CIRCLE('',#1804,1.99999999999998);
#643=CIRCLE('',#1806,6.19999967883402);
#644=CIRCLE('',#1807,6.1999996789);
#645=CIRCLE('',#1808,6.199999678834);
#646=CIRCLE('',#1809,6.19999967882999);
#647=CIRCLE('',#1811,2.34999999999999);
#648=CIRCLE('',#1813,2.35);
#649=CIRCLE('',#1815,2.35);
#650=CIRCLE('',#1817,2.35000000000001);
#651=CIRCLE('',#1823,0.999999999999983);
#652=CIRCLE('',#1824,1.00000000000001);
#653=CIRCLE('',#1826,1.00000000000001);
#654=CIRCLE('',#1827,0.899999999999981);
#655=CIRCLE('',#1829,2.35000000000001);
#656=CIRCLE('',#1831,2.35);
#657=CIRCLE('',#1834,0.999999999999983);
#658=CIRCLE('',#1837,3.35);
#659=CIRCLE('',#1840,1.00000000000002);
#660=CIRCLE('',#1843,0.900000000000052);
#661=CIRCLE('',#1845,3.34999999999999);
#662=CIRCLE('',#1848,0.899999999999981);
#663=CIRCLE('',#1851,1.00000000000001);
#664=CIRCLE('',#1853,3.34999999999999);
#665=CIRCLE('',#1856,0.999999999999943);
#666=CIRCLE('',#1859,0.999999999999988);
#667=CIRCLE('',#1861,3.35);
#668=CIRCLE('',#1864,1.00000000000001);
#669=CIRCLE('',#1866,2.35);
#670=CIRCLE('',#1868,2.34999999999999);
#671=CIRCLE('',#1871,6.19999967883402);
#672=CIRCLE('',#1874,6.19999967882999);
#673=CIRCLE('',#1877,6.199999678834);
#674=CIRCLE('',#1880,6.1999996789);
#675=VERTEX_POINT('',#2390);
#676=VERTEX_POINT('',#2391);
#677=VERTEX_POINT('',#2393);
#678=VERTEX_POINT('',#2395);
#679=VERTEX_POINT('',#2399);
#680=VERTEX_POINT('',#2401);
#681=VERTEX_POINT('',#2405);
#682=VERTEX_POINT('',#2407);
#683=VERTEX_POINT('',#2411);
#684=VERTEX_POINT('',#2413);
#685=VERTEX_POINT('',#2417);
#686=VERTEX_POINT('',#2419);
#687=VERTEX_POINT('',#2423);
#688=VERTEX_POINT('',#2425);
#689=VERTEX_POINT('',#2429);
#690=VERTEX_POINT('',#2431);
#691=VERTEX_POINT('',#2438);
#692=VERTEX_POINT('',#2439);
#693=VERTEX_POINT('',#2441);
#694=VERTEX_POINT('',#2443);
#695=VERTEX_POINT('',#2445);
#696=VERTEX_POINT('',#2447);
#697=VERTEX_POINT('',#2449);
#698=VERTEX_POINT('',#2451);
#699=VERTEX_POINT('',#2455);
#700=VERTEX_POINT('',#2457);
#701=VERTEX_POINT('',#2459);
#702=VERTEX_POINT('',#2461);
#703=VERTEX_POINT('',#2463);
#704=VERTEX_POINT('',#2467);
#705=VERTEX_POINT('',#2473);
#706=VERTEX_POINT('',#2477);
#707=VERTEX_POINT('',#2481);
#708=VERTEX_POINT('',#2482);
#709=VERTEX_POINT('',#2484);
#710=VERTEX_POINT('',#2486);
#711=VERTEX_POINT('',#2488);
#712=VERTEX_POINT('',#2490);
#713=VERTEX_POINT('',#2492);
#714=VERTEX_POINT('',#2494);
#715=VERTEX_POINT('',#2498);
#716=VERTEX_POINT('',#2500);
#717=VERTEX_POINT('',#2502);
#718=VERTEX_POINT('',#2504);
#719=VERTEX_POINT('',#2506);
#720=VERTEX_POINT('',#2510);
#721=VERTEX_POINT('',#2516);
#722=VERTEX_POINT('',#2520);
#723=VERTEX_POINT('',#2524);
#724=VERTEX_POINT('',#2525);
#725=VERTEX_POINT('',#2527);
#726=VERTEX_POINT('',#2529);
#727=VERTEX_POINT('',#2531);
#728=VERTEX_POINT('',#2533);
#729=VERTEX_POINT('',#2537);
#730=VERTEX_POINT('',#2539);
#731=VERTEX_POINT('',#2541);
#732=VERTEX_POINT('',#2543);
#733=VERTEX_POINT('',#2547);
#734=VERTEX_POINT('',#2551);
#735=VERTEX_POINT('',#2555);
#736=VERTEX_POINT('',#2556);
#737=VERTEX_POINT('',#2558);
#738=VERTEX_POINT('',#2560);
#739=VERTEX_POINT('',#2562);
#740=VERTEX_POINT('',#2564);
#741=VERTEX_POINT('',#2568);
#742=VERTEX_POINT('',#2570);
#743=VERTEX_POINT('',#2572);
#744=VERTEX_POINT('',#2574);
#745=VERTEX_POINT('',#2576);
#746=VERTEX_POINT('',#2580);
#747=VERTEX_POINT('',#2584);
#748=VERTEX_POINT('',#2588);
#749=VERTEX_POINT('',#2590);
#750=VERTEX_POINT('',#2593);
#751=VERTEX_POINT('',#2595);
#752=VERTEX_POINT('',#2598);
#753=VERTEX_POINT('',#2600);
#754=VERTEX_POINT('',#2603);
#755=VERTEX_POINT('',#2605);
#756=VERTEX_POINT('',#2608);
#757=VERTEX_POINT('',#2609);
#758=VERTEX_POINT('',#2611);
#759=VERTEX_POINT('',#2613);
#760=VERTEX_POINT('',#2615);
#761=VERTEX_POINT('',#2617);
#762=VERTEX_POINT('',#2619);
#763=VERTEX_POINT('',#2621);
#764=VERTEX_POINT('',#2624);
#765=VERTEX_POINT('',#2625);
#766=VERTEX_POINT('',#2627);
#767=VERTEX_POINT('',#2629);
#768=VERTEX_POINT('',#2631);
#769=VERTEX_POINT('',#2633);
#770=VERTEX_POINT('',#2635);
#771=VERTEX_POINT('',#2637);
#772=VERTEX_POINT('',#2641);
#773=VERTEX_POINT('',#2643);
#774=VERTEX_POINT('',#2647);
#775=VERTEX_POINT('',#2651);
#776=VERTEX_POINT('',#2655);
#777=VERTEX_POINT('',#2659);
#778=VERTEX_POINT('',#2663);
#779=VERTEX_POINT('',#2667);
#780=VERTEX_POINT('',#2673);
#781=VERTEX_POINT('',#2675);
#782=VERTEX_POINT('',#2679);
#783=VERTEX_POINT('',#2683);
#784=VERTEX_POINT('',#2687);
#785=VERTEX_POINT('',#2691);
#786=VERTEX_POINT('',#2695);
#787=VERTEX_POINT('',#2699);
#788=VERTEX_POINT('',#2705);
#789=VERTEX_POINT('',#2706);
#790=VERTEX_POINT('',#2708);
#791=VERTEX_POINT('',#2710);
#792=VERTEX_POINT('',#2712);
#793=VERTEX_POINT('',#2714);
#794=VERTEX_POINT('',#2716);
#795=VERTEX_POINT('',#2718);
#796=VERTEX_POINT('',#2722);
#797=VERTEX_POINT('',#2725);
#798=VERTEX_POINT('',#2728);
#799=VERTEX_POINT('',#2731);
#800=VERTEX_POINT('',#2742);
#801=VERTEX_POINT('',#2744);
#802=VERTEX_POINT('',#2746);
#803=VERTEX_POINT('',#2750);
#804=VERTEX_POINT('',#2752);
#805=VERTEX_POINT('',#2754);
#806=VERTEX_POINT('',#2758);
#807=VERTEX_POINT('',#2762);
#808=VERTEX_POINT('',#2766);
#809=VERTEX_POINT('',#2767);
#810=VERTEX_POINT('',#2772);
#811=VERTEX_POINT('',#2776);
#812=VERTEX_POINT('',#2780);
#813=VERTEX_POINT('',#2784);
#814=VERTEX_POINT('',#2788);
#815=VERTEX_POINT('',#2792);
#816=VERTEX_POINT('',#2798);
#817=VERTEX_POINT('',#2802);
#818=VERTEX_POINT('',#2806);
#819=VERTEX_POINT('',#2810);
#820=VERTEX_POINT('',#2816);
#821=VERTEX_POINT('',#2820);
#822=VERTEX_POINT('',#2824);
#823=VERTEX_POINT('',#2828);
#824=VERTEX_POINT('',#2834);
#825=VERTEX_POINT('',#2838);
#826=VERTEX_POINT('',#2844);
#827=VERTEX_POINT('',#2848);
#828=VERTEX_POINT('',#2852);
#829=VERTEX_POINT('',#2853);
#830=VERTEX_POINT('',#2858);
#831=VERTEX_POINT('',#2862);
#832=VERTEX_POINT('',#2866);
#833=VERTEX_POINT('',#2870);
#834=VERTEX_POINT('',#2874);
#835=VERTEX_POINT('',#2878);
#836=EDGE_CURVE('',#675,#676,#603,.T.);
#837=EDGE_CURVE('',#675,#677,#275,.T.);
#838=EDGE_CURVE('',#678,#677,#604,.T.);
#839=EDGE_CURVE('',#676,#678,#276,.T.);
#840=EDGE_CURVE('',#679,#675,#277,.T.);
#841=EDGE_CURVE('',#679,#680,#278,.T.);
#842=EDGE_CURVE('',#677,#680,#279,.T.);
#843=EDGE_CURVE('',#681,#679,#605,.T.);
#844=EDGE_CURVE('',#681,#682,#280,.T.);
#845=EDGE_CURVE('',#680,#682,#606,.T.);
#846=EDGE_CURVE('',#683,#681,#281,.T.);
#847=EDGE_CURVE('',#683,#684,#282,.T.);
#848=EDGE_CURVE('',#682,#684,#283,.T.);
#849=EDGE_CURVE('',#685,#683,#607,.T.);
#850=EDGE_CURVE('',#685,#686,#284,.T.);
#851=EDGE_CURVE('',#684,#686,#608,.T.);
#852=EDGE_CURVE('',#687,#685,#285,.T.);
#853=EDGE_CURVE('',#687,#688,#286,.T.);
#854=EDGE_CURVE('',#686,#688,#287,.T.);
#855=EDGE_CURVE('',#689,#687,#609,.T.);
#856=EDGE_CURVE('',#689,#690,#288,.T.);
#857=EDGE_CURVE('',#688,#690,#610,.T.);
#858=EDGE_CURVE('',#676,#689,#289,.T.);
#859=EDGE_CURVE('',#690,#678,#290,.T.);
#860=EDGE_CURVE('',#691,#692,#291,.T.);
#861=EDGE_CURVE('',#693,#691,#292,.T.);
#862=EDGE_CURVE('',#693,#694,#293,.T.);
#863=EDGE_CURVE('',#695,#694,#294,.T.);
#864=EDGE_CURVE('',#696,#695,#295,.T.);
#865=EDGE_CURVE('',#697,#696,#26,.T.);
#866=EDGE_CURVE('',#698,#697,#296,.T.);
#867=EDGE_CURVE('',#692,#698,#27,.T.);
#868=EDGE_CURVE('',#692,#699,#297,.T.);
#869=EDGE_CURVE('',#700,#699,#298,.T.);
#870=EDGE_CURVE('',#701,#700,#299,.T.);
#871=EDGE_CURVE('',#701,#702,#300,.T.);
#872=EDGE_CURVE('',#702,#703,#301,.T.);
#873=EDGE_CURVE('',#691,#703,#302,.T.);
#874=EDGE_CURVE('',#694,#704,#611,.T.);
#875=EDGE_CURVE('',#704,#695,#303,.T.);
#876=EDGE_CURVE('',#703,#693,#612,.T.);
#877=EDGE_CURVE('',#698,#705,#304,.T.);
#878=EDGE_CURVE('',#699,#705,#613,.T.);
#879=EDGE_CURVE('',#697,#706,#305,.T.);
#880=EDGE_CURVE('',#705,#706,#306,.T.);
#881=EDGE_CURVE('',#707,#708,#307,.T.);
#882=EDGE_CURVE('',#709,#707,#308,.T.);
#883=EDGE_CURVE('',#709,#710,#309,.T.);
#884=EDGE_CURVE('',#711,#710,#310,.T.);
#885=EDGE_CURVE('',#712,#711,#311,.T.);
#886=EDGE_CURVE('',#713,#712,#28,.T.);
#887=EDGE_CURVE('',#714,#713,#312,.T.);
#888=EDGE_CURVE('',#708,#714,#29,.T.);
#889=EDGE_CURVE('',#708,#715,#313,.T.);
#890=EDGE_CURVE('',#716,#715,#314,.T.);
#891=EDGE_CURVE('',#717,#716,#315,.T.);
#892=EDGE_CURVE('',#717,#718,#316,.T.);
#893=EDGE_CURVE('',#718,#719,#317,.T.);
#894=EDGE_CURVE('',#707,#719,#318,.T.);
#895=EDGE_CURVE('',#710,#720,#614,.T.);
#896=EDGE_CURVE('',#720,#711,#319,.T.);
#897=EDGE_CURVE('',#719,#709,#615,.T.);
#898=EDGE_CURVE('',#714,#721,#320,.T.);
#899=EDGE_CURVE('',#715,#721,#616,.T.);
#900=EDGE_CURVE('',#713,#722,#321,.T.);
#901=EDGE_CURVE('',#721,#722,#322,.T.);
#902=EDGE_CURVE('',#723,#724,#323,.T.);
#903=EDGE_CURVE('',#725,#723,#324,.T.);
#904=EDGE_CURVE('',#726,#725,#325,.T.);
#905=EDGE_CURVE('',#727,#726,#30,.T.);
#906=EDGE_CURVE('',#728,#727,#326,.T.);
#907=EDGE_CURVE('',#724,#728,#31,.T.);
#908=EDGE_CURVE('',#724,#729,#327,.T.);
#909=EDGE_CURVE('',#730,#729,#328,.T.);
#910=EDGE_CURVE('',#731,#730,#329,.T.);
#911=EDGE_CURVE('',#731,#732,#330,.T.);
#912=EDGE_CURVE('',#723,#732,#331,.T.);
#913=EDGE_CURVE('',#728,#733,#332,.T.);
#914=EDGE_CURVE('',#729,#733,#617,.T.);
#915=EDGE_CURVE('',#727,#734,#333,.T.);
#916=EDGE_CURVE('',#733,#734,#334,.T.);
#917=EDGE_CURVE('',#735,#736,#335,.T.);
#918=EDGE_CURVE('',#737,#735,#336,.T.);
#919=EDGE_CURVE('',#738,#737,#337,.T.);
#920=EDGE_CURVE('',#739,#738,#32,.T.);
#921=EDGE_CURVE('',#740,#739,#338,.T.);
#922=EDGE_CURVE('',#736,#740,#33,.T.);
#923=EDGE_CURVE('',#736,#741,#339,.T.);
#924=EDGE_CURVE('',#742,#741,#340,.T.);
#925=EDGE_CURVE('',#743,#742,#341,.T.);
#926=EDGE_CURVE('',#743,#744,#342,.T.);
#927=EDGE_CURVE('',#744,#745,#343,.T.);
#928=EDGE_CURVE('',#735,#745,#344,.T.);
#929=EDGE_CURVE('',#740,#746,#345,.T.);
#930=EDGE_CURVE('',#741,#746,#618,.T.);
#931=EDGE_CURVE('',#739,#747,#346,.T.);
#932=EDGE_CURVE('',#746,#747,#347,.T.);
#933=EDGE_CURVE('',#722,#748,#619,.T.);
#934=EDGE_CURVE('',#748,#749,#348,.T.);
#935=EDGE_CURVE('',#749,#742,#620,.T.);
#936=EDGE_CURVE('',#747,#750,#621,.T.);
#937=EDGE_CURVE('',#750,#751,#349,.T.);
#938=EDGE_CURVE('',#751,#700,#622,.T.);
#939=EDGE_CURVE('',#706,#752,#623,.T.);
#940=EDGE_CURVE('',#752,#753,#350,.T.);
#941=EDGE_CURVE('',#753,#730,#624,.T.);
#942=EDGE_CURVE('',#734,#754,#625,.T.);
#943=EDGE_CURVE('',#754,#755,#351,.T.);
#944=EDGE_CURVE('',#755,#716,#626,.T.);
#945=EDGE_CURVE('',#756,#757,#627,.T.);
#946=EDGE_CURVE('',#758,#756,#352,.T.);
#947=EDGE_CURVE('',#759,#758,#628,.T.);
#948=EDGE_CURVE('',#760,#759,#353,.T.);
#949=EDGE_CURVE('',#761,#760,#629,.T.);
#950=EDGE_CURVE('',#762,#761,#354,.T.);
#951=EDGE_CURVE('',#763,#762,#630,.T.);
#952=EDGE_CURVE('',#757,#763,#355,.T.);
#953=EDGE_CURVE('',#764,#765,#631,.T.);
#954=EDGE_CURVE('',#766,#764,#356,.T.);
#955=EDGE_CURVE('',#767,#766,#632,.T.);
#956=EDGE_CURVE('',#768,#767,#357,.T.);
#957=EDGE_CURVE('',#769,#768,#633,.T.);
#958=EDGE_CURVE('',#770,#769,#358,.T.);
#959=EDGE_CURVE('',#771,#770,#634,.T.);
#960=EDGE_CURVE('',#765,#771,#359,.T.);
#961=EDGE_CURVE('',#756,#772,#360,.T.);
#962=EDGE_CURVE('',#773,#772,#361,.T.);
#963=EDGE_CURVE('',#758,#773,#362,.T.);
#964=EDGE_CURVE('',#774,#773,#635,.T.);
#965=EDGE_CURVE('',#759,#774,#363,.T.);
#966=EDGE_CURVE('',#775,#774,#364,.T.);
#967=EDGE_CURVE('',#760,#775,#365,.T.);
#968=EDGE_CURVE('',#776,#775,#636,.T.);
#969=EDGE_CURVE('',#761,#776,#366,.T.);
#970=EDGE_CURVE('',#777,#776,#367,.T.);
#971=EDGE_CURVE('',#762,#777,#368,.T.);
#972=EDGE_CURVE('',#778,#777,#637,.T.);
#973=EDGE_CURVE('',#763,#778,#369,.T.);
#974=EDGE_CURVE('',#779,#778,#370,.T.);
#975=EDGE_CURVE('',#757,#779,#371,.T.);
#976=EDGE_CURVE('',#772,#779,#638,.T.);
#977=EDGE_CURVE('',#764,#780,#372,.T.);
#978=EDGE_CURVE('',#781,#780,#373,.T.);
#979=EDGE_CURVE('',#766,#781,#374,.T.);
#980=EDGE_CURVE('',#782,#781,#639,.T.);
#981=EDGE_CURVE('',#767,#782,#375,.T.);
#982=EDGE_CURVE('',#783,#782,#376,.T.);
#983=EDGE_CURVE('',#768,#783,#377,.T.);
#984=EDGE_CURVE('',#784,#783,#640,.T.);
#985=EDGE_CURVE('',#769,#784,#378,.T.);
#986=EDGE_CURVE('',#785,#784,#379,.T.);
#987=EDGE_CURVE('',#770,#785,#380,.T.);
#988=EDGE_CURVE('',#786,#785,#641,.T.);
#989=EDGE_CURVE('',#771,#786,#381,.T.);
#990=EDGE_CURVE('',#787,#786,#382,.T.);
#991=EDGE_CURVE('',#765,#787,#383,.T.);
#992=EDGE_CURVE('',#780,#787,#642,.T.);
#993=EDGE_CURVE('',#788,#789,#643,.F.);
#994=EDGE_CURVE('',#789,#790,#384,.F.);
#995=EDGE_CURVE('',#790,#791,#644,.F.);
#996=EDGE_CURVE('',#791,#792,#385,.F.);
#997=EDGE_CURVE('',#792,#793,#645,.F.);
#998=EDGE_CURVE('',#793,#794,#386,.F.);
#999=EDGE_CURVE('',#794,#795,#646,.F.);
#1000=EDGE_CURVE('',#795,#788,#387,.F.);
#1001=EDGE_CURVE('',#796,#796,#647,.T.);
#1002=EDGE_CURVE('',#797,#797,#648,.T.);
#1003=EDGE_CURVE('',#798,#798,#649,.T.);
#1004=EDGE_CURVE('',#799,#799,#650,.T.);
#1005=EDGE_CURVE('',#726,#754,#388,.T.);
#1006=EDGE_CURVE('',#696,#752,#389,.T.);
#1007=EDGE_CURVE('',#738,#750,#390,.T.);
#1008=EDGE_CURVE('',#712,#748,#391,.T.);
#1009=EDGE_CURVE('',#732,#800,#651,.T.);
#1010=EDGE_CURVE('',#800,#801,#392,.T.);
#1011=EDGE_CURVE('',#801,#802,#652,.T.);
#1012=EDGE_CURVE('',#802,#725,#393,.T.);
#1013=EDGE_CURVE('',#745,#803,#653,.T.);
#1014=EDGE_CURVE('',#803,#804,#394,.T.);
#1015=EDGE_CURVE('',#804,#805,#654,.T.);
#1016=EDGE_CURVE('',#805,#737,#395,.T.);
#1017=EDGE_CURVE('',#799,#806,#396,.T.);
#1018=EDGE_CURVE('',#806,#806,#655,.T.);
#1019=EDGE_CURVE('',#798,#807,#397,.T.);
#1020=EDGE_CURVE('',#807,#807,#656,.T.);
#1021=EDGE_CURVE('',#808,#809,#398,.T.);
#1022=EDGE_CURVE('',#809,#801,#399,.T.);
#1023=EDGE_CURVE('',#808,#800,#400,.T.);
#1024=EDGE_CURVE('',#810,#808,#657,.T.);
#1025=EDGE_CURVE('',#810,#732,#401,.T.);
#1026=EDGE_CURVE('',#811,#810,#402,.T.);
#1027=EDGE_CURVE('',#811,#731,#403,.T.);
#1028=EDGE_CURVE('',#812,#811,#658,.T.);
#1029=EDGE_CURVE('',#812,#753,#404,.T.);
#1030=EDGE_CURVE('',#813,#704,#405,.T.);
#1031=EDGE_CURVE('',#813,#812,#406,.T.);
#1032=EDGE_CURVE('',#814,#813,#659,.T.);
#1033=EDGE_CURVE('',#814,#694,#407,.T.);
#1034=EDGE_CURVE('',#815,#814,#408,.T.);
#1035=EDGE_CURVE('',#815,#693,#409,.T.);
#1036=EDGE_CURVE('',#702,#815,#660,.T.);
#1037=EDGE_CURVE('',#816,#701,#661,.T.);
#1038=EDGE_CURVE('',#816,#751,#410,.T.);
#1039=EDGE_CURVE('',#817,#805,#411,.T.);
#1040=EDGE_CURVE('',#817,#816,#412,.T.);
#1041=EDGE_CURVE('',#818,#817,#662,.T.);
#1042=EDGE_CURVE('',#818,#804,#413,.T.);
#1043=EDGE_CURVE('',#819,#818,#414,.T.);
#1044=EDGE_CURVE('',#819,#803,#415,.T.);
#1045=EDGE_CURVE('',#744,#819,#663,.T.);
#1046=EDGE_CURVE('',#820,#743,#664,.T.);
#1047=EDGE_CURVE('',#820,#749,#416,.T.);
#1048=EDGE_CURVE('',#821,#720,#417,.T.);
#1049=EDGE_CURVE('',#821,#820,#418,.T.);
#1050=EDGE_CURVE('',#822,#821,#665,.T.);
#1051=EDGE_CURVE('',#822,#710,#419,.T.);
#1052=EDGE_CURVE('',#823,#822,#420,.T.);
#1053=EDGE_CURVE('',#823,#709,#421,.T.);
#1054=EDGE_CURVE('',#718,#823,#666,.T.);
#1055=EDGE_CURVE('',#824,#717,#667,.T.);
#1056=EDGE_CURVE('',#824,#755,#422,.T.);
#1057=EDGE_CURVE('',#825,#802,#423,.T.);
#1058=EDGE_CURVE('',#825,#824,#424,.T.);
#1059=EDGE_CURVE('',#809,#825,#668,.T.);
#1060=EDGE_CURVE('',#797,#826,#425,.T.);
#1061=EDGE_CURVE('',#826,#826,#669,.T.);
#1062=EDGE_CURVE('',#796,#827,#426,.T.);
#1063=EDGE_CURVE('',#827,#827,#670,.T.);
#1064=EDGE_CURVE('',#828,#829,#427,.T.);
#1065=EDGE_CURVE('',#828,#790,#428,.T.);
#1066=EDGE_CURVE('',#829,#789,#429,.T.);
#1067=EDGE_CURVE('',#830,#829,#671,.F.);
#1068=EDGE_CURVE('',#830,#788,#430,.T.);
#1069=EDGE_CURVE('',#830,#831,#431,.T.);
#1070=EDGE_CURVE('',#831,#795,#432,.T.);
#1071=EDGE_CURVE('',#832,#831,#672,.F.);
#1072=EDGE_CURVE('',#832,#794,#433,.T.);
#1073=EDGE_CURVE('',#832,#833,#434,.T.);
#1074=EDGE_CURVE('',#833,#793,#435,.T.);
#1075=EDGE_CURVE('',#834,#833,#673,.F.);
#1076=EDGE_CURVE('',#834,#792,#436,.T.);
#1077=EDGE_CURVE('',#834,#835,#437,.T.);
#1078=EDGE_CURVE('',#835,#791,#438,.T.);
#1079=EDGE_CURVE('',#828,#835,#674,.F.);
#1080=ORIENTED_EDGE('',*,*,#836,.F.);
#1081=ORIENTED_EDGE('',*,*,#837,.T.);
#1082=ORIENTED_EDGE('',*,*,#838,.F.);
#1083=ORIENTED_EDGE('',*,*,#839,.F.);
#1084=ORIENTED_EDGE('',*,*,#840,.F.);
#1085=ORIENTED_EDGE('',*,*,#841,.T.);
#1086=ORIENTED_EDGE('',*,*,#842,.F.);
#1087=ORIENTED_EDGE('',*,*,#837,.F.);
#1088=ORIENTED_EDGE('',*,*,#843,.F.);
#1089=ORIENTED_EDGE('',*,*,#844,.T.);
#1090=ORIENTED_EDGE('',*,*,#845,.F.);
#1091=ORIENTED_EDGE('',*,*,#841,.F.);
#1092=ORIENTED_EDGE('',*,*,#846,.F.);
#1093=ORIENTED_EDGE('',*,*,#847,.T.);
#1094=ORIENTED_EDGE('',*,*,#848,.F.);
#1095=ORIENTED_EDGE('',*,*,#844,.F.);
#1096=ORIENTED_EDGE('',*,*,#849,.F.);
#1097=ORIENTED_EDGE('',*,*,#850,.T.);
#1098=ORIENTED_EDGE('',*,*,#851,.F.);
#1099=ORIENTED_EDGE('',*,*,#847,.F.);
#1100=ORIENTED_EDGE('',*,*,#852,.F.);
#1101=ORIENTED_EDGE('',*,*,#853,.T.);
#1102=ORIENTED_EDGE('',*,*,#854,.F.);
#1103=ORIENTED_EDGE('',*,*,#850,.F.);
#1104=ORIENTED_EDGE('',*,*,#855,.F.);
#1105=ORIENTED_EDGE('',*,*,#856,.T.);
#1106=ORIENTED_EDGE('',*,*,#857,.F.);
#1107=ORIENTED_EDGE('',*,*,#853,.F.);
#1108=ORIENTED_EDGE('',*,*,#858,.F.);
#1109=ORIENTED_EDGE('',*,*,#839,.T.);
#1110=ORIENTED_EDGE('',*,*,#859,.F.);
#1111=ORIENTED_EDGE('',*,*,#856,.F.);
#1112=ORIENTED_EDGE('',*,*,#860,.F.);
#1113=ORIENTED_EDGE('',*,*,#861,.F.);
#1114=ORIENTED_EDGE('',*,*,#862,.T.);
#1115=ORIENTED_EDGE('',*,*,#863,.F.);
#1116=ORIENTED_EDGE('',*,*,#864,.F.);
#1117=ORIENTED_EDGE('',*,*,#865,.F.);
#1118=ORIENTED_EDGE('',*,*,#866,.F.);
#1119=ORIENTED_EDGE('',*,*,#867,.F.);
#1120=ORIENTED_EDGE('',*,*,#860,.T.);
#1121=ORIENTED_EDGE('',*,*,#868,.T.);
#1122=ORIENTED_EDGE('',*,*,#869,.F.);
#1123=ORIENTED_EDGE('',*,*,#870,.F.);
#1124=ORIENTED_EDGE('',*,*,#871,.T.);
#1125=ORIENTED_EDGE('',*,*,#872,.T.);
#1126=ORIENTED_EDGE('',*,*,#873,.F.);
#1127=ORIENTED_EDGE('',*,*,#863,.T.);
#1128=ORIENTED_EDGE('',*,*,#874,.T.);
#1129=ORIENTED_EDGE('',*,*,#875,.T.);
#1130=ORIENTED_EDGE('',*,*,#861,.T.);
#1131=ORIENTED_EDGE('',*,*,#873,.T.);
#1132=ORIENTED_EDGE('',*,*,#876,.T.);
#1133=ORIENTED_EDGE('',*,*,#867,.T.);
#1134=ORIENTED_EDGE('',*,*,#877,.T.);
#1135=ORIENTED_EDGE('',*,*,#878,.F.);
#1136=ORIENTED_EDGE('',*,*,#868,.F.);
#1137=ORIENTED_EDGE('',*,*,#866,.T.);
#1138=ORIENTED_EDGE('',*,*,#879,.T.);
#1139=ORIENTED_EDGE('',*,*,#880,.F.);
#1140=ORIENTED_EDGE('',*,*,#877,.F.);
#1141=ORIENTED_EDGE('',*,*,#881,.F.);
#1142=ORIENTED_EDGE('',*,*,#882,.F.);
#1143=ORIENTED_EDGE('',*,*,#883,.T.);
#1144=ORIENTED_EDGE('',*,*,#884,.F.);
#1145=ORIENTED_EDGE('',*,*,#885,.F.);
#1146=ORIENTED_EDGE('',*,*,#886,.F.);
#1147=ORIENTED_EDGE('',*,*,#887,.F.);
#1148=ORIENTED_EDGE('',*,*,#888,.F.);
#1149=ORIENTED_EDGE('',*,*,#881,.T.);
#1150=ORIENTED_EDGE('',*,*,#889,.T.);
#1151=ORIENTED_EDGE('',*,*,#890,.F.);
#1152=ORIENTED_EDGE('',*,*,#891,.F.);
#1153=ORIENTED_EDGE('',*,*,#892,.T.);
#1154=ORIENTED_EDGE('',*,*,#893,.T.);
#1155=ORIENTED_EDGE('',*,*,#894,.F.);
#1156=ORIENTED_EDGE('',*,*,#884,.T.);
#1157=ORIENTED_EDGE('',*,*,#895,.T.);
#1158=ORIENTED_EDGE('',*,*,#896,.T.);
#1159=ORIENTED_EDGE('',*,*,#882,.T.);
#1160=ORIENTED_EDGE('',*,*,#894,.T.);
#1161=ORIENTED_EDGE('',*,*,#897,.T.);
#1162=ORIENTED_EDGE('',*,*,#888,.T.);
#1163=ORIENTED_EDGE('',*,*,#898,.T.);
#1164=ORIENTED_EDGE('',*,*,#899,.F.);
#1165=ORIENTED_EDGE('',*,*,#889,.F.);
#1166=ORIENTED_EDGE('',*,*,#887,.T.);
#1167=ORIENTED_EDGE('',*,*,#900,.T.);
#1168=ORIENTED_EDGE('',*,*,#901,.F.);
#1169=ORIENTED_EDGE('',*,*,#898,.F.);
#1170=ORIENTED_EDGE('',*,*,#902,.F.);
#1171=ORIENTED_EDGE('',*,*,#903,.F.);
#1172=ORIENTED_EDGE('',*,*,#904,.F.);
#1173=ORIENTED_EDGE('',*,*,#905,.F.);
#1174=ORIENTED_EDGE('',*,*,#906,.F.);
#1175=ORIENTED_EDGE('',*,*,#907,.F.);
#1176=ORIENTED_EDGE('',*,*,#902,.T.);
#1177=ORIENTED_EDGE('',*,*,#908,.T.);
#1178=ORIENTED_EDGE('',*,*,#909,.F.);
#1179=ORIENTED_EDGE('',*,*,#910,.F.);
#1180=ORIENTED_EDGE('',*,*,#911,.T.);
#1181=ORIENTED_EDGE('',*,*,#912,.F.);
#1182=ORIENTED_EDGE('',*,*,#907,.T.);
#1183=ORIENTED_EDGE('',*,*,#913,.T.);
#1184=ORIENTED_EDGE('',*,*,#914,.F.);
#1185=ORIENTED_EDGE('',*,*,#908,.F.);
#1186=ORIENTED_EDGE('',*,*,#906,.T.);
#1187=ORIENTED_EDGE('',*,*,#915,.T.);
#1188=ORIENTED_EDGE('',*,*,#916,.F.);
#1189=ORIENTED_EDGE('',*,*,#913,.F.);
#1190=ORIENTED_EDGE('',*,*,#917,.F.);
#1191=ORIENTED_EDGE('',*,*,#918,.F.);
#1192=ORIENTED_EDGE('',*,*,#919,.F.);
#1193=ORIENTED_EDGE('',*,*,#920,.F.);
#1194=ORIENTED_EDGE('',*,*,#921,.F.);
#1195=ORIENTED_EDGE('',*,*,#922,.F.);
#1196=ORIENTED_EDGE('',*,*,#917,.T.);
#1197=ORIENTED_EDGE('',*,*,#923,.T.);
#1198=ORIENTED_EDGE('',*,*,#924,.F.);
#1199=ORIENTED_EDGE('',*,*,#925,.F.);
#1200=ORIENTED_EDGE('',*,*,#926,.T.);
#1201=ORIENTED_EDGE('',*,*,#927,.T.);
#1202=ORIENTED_EDGE('',*,*,#928,.F.);
#1203=ORIENTED_EDGE('',*,*,#922,.T.);
#1204=ORIENTED_EDGE('',*,*,#929,.T.);
#1205=ORIENTED_EDGE('',*,*,#930,.F.);
#1206=ORIENTED_EDGE('',*,*,#923,.F.);
#1207=ORIENTED_EDGE('',*,*,#921,.T.);
#1208=ORIENTED_EDGE('',*,*,#931,.T.);
#1209=ORIENTED_EDGE('',*,*,#932,.F.);
#1210=ORIENTED_EDGE('',*,*,#929,.F.);
#1211=ORIENTED_EDGE('',*,*,#933,.T.);
#1212=ORIENTED_EDGE('',*,*,#934,.T.);
#1213=ORIENTED_EDGE('',*,*,#935,.T.);
#1214=ORIENTED_EDGE('',*,*,#924,.T.);
#1215=ORIENTED_EDGE('',*,*,#930,.T.);
#1216=ORIENTED_EDGE('',*,*,#932,.T.);
#1217=ORIENTED_EDGE('',*,*,#936,.T.);
#1218=ORIENTED_EDGE('',*,*,#937,.T.);
#1219=ORIENTED_EDGE('',*,*,#938,.T.);
#1220=ORIENTED_EDGE('',*,*,#869,.T.);
#1221=ORIENTED_EDGE('',*,*,#878,.T.);
#1222=ORIENTED_EDGE('',*,*,#880,.T.);
#1223=ORIENTED_EDGE('',*,*,#939,.T.);
#1224=ORIENTED_EDGE('',*,*,#940,.T.);
#1225=ORIENTED_EDGE('',*,*,#941,.T.);
#1226=ORIENTED_EDGE('',*,*,#909,.T.);
#1227=ORIENTED_EDGE('',*,*,#914,.T.);
#1228=ORIENTED_EDGE('',*,*,#916,.T.);
#1229=ORIENTED_EDGE('',*,*,#942,.T.);
#1230=ORIENTED_EDGE('',*,*,#943,.T.);
#1231=ORIENTED_EDGE('',*,*,#944,.T.);
#1232=ORIENTED_EDGE('',*,*,#890,.T.);
#1233=ORIENTED_EDGE('',*,*,#899,.T.);
#1234=ORIENTED_EDGE('',*,*,#901,.T.);
#1235=ORIENTED_EDGE('',*,*,#838,.T.);
#1236=ORIENTED_EDGE('',*,*,#842,.T.);
#1237=ORIENTED_EDGE('',*,*,#845,.T.);
#1238=ORIENTED_EDGE('',*,*,#848,.T.);
#1239=ORIENTED_EDGE('',*,*,#851,.T.);
#1240=ORIENTED_EDGE('',*,*,#854,.T.);
#1241=ORIENTED_EDGE('',*,*,#857,.T.);
#1242=ORIENTED_EDGE('',*,*,#859,.T.);
#1243=ORIENTED_EDGE('',*,*,#945,.F.);
#1244=ORIENTED_EDGE('',*,*,#946,.F.);
#1245=ORIENTED_EDGE('',*,*,#947,.F.);
#1246=ORIENTED_EDGE('',*,*,#948,.F.);
#1247=ORIENTED_EDGE('',*,*,#949,.F.);
#1248=ORIENTED_EDGE('',*,*,#950,.F.);
#1249=ORIENTED_EDGE('',*,*,#951,.F.);
#1250=ORIENTED_EDGE('',*,*,#952,.F.);
#1251=ORIENTED_EDGE('',*,*,#953,.F.);
#1252=ORIENTED_EDGE('',*,*,#954,.F.);
#1253=ORIENTED_EDGE('',*,*,#955,.F.);
#1254=ORIENTED_EDGE('',*,*,#956,.F.);
#1255=ORIENTED_EDGE('',*,*,#957,.F.);
#1256=ORIENTED_EDGE('',*,*,#958,.F.);
#1257=ORIENTED_EDGE('',*,*,#959,.F.);
#1258=ORIENTED_EDGE('',*,*,#960,.F.);
#1259=ORIENTED_EDGE('',*,*,#946,.T.);
#1260=ORIENTED_EDGE('',*,*,#961,.T.);
#1261=ORIENTED_EDGE('',*,*,#962,.F.);
#1262=ORIENTED_EDGE('',*,*,#963,.F.);
#1263=ORIENTED_EDGE('',*,*,#947,.T.);
#1264=ORIENTED_EDGE('',*,*,#963,.T.);
#1265=ORIENTED_EDGE('',*,*,#964,.F.);
#1266=ORIENTED_EDGE('',*,*,#965,.F.);
#1267=ORIENTED_EDGE('',*,*,#948,.T.);
#1268=ORIENTED_EDGE('',*,*,#965,.T.);
#1269=ORIENTED_EDGE('',*,*,#966,.F.);
#1270=ORIENTED_EDGE('',*,*,#967,.F.);
#1271=ORIENTED_EDGE('',*,*,#949,.T.);
#1272=ORIENTED_EDGE('',*,*,#967,.T.);
#1273=ORIENTED_EDGE('',*,*,#968,.F.);
#1274=ORIENTED_EDGE('',*,*,#969,.F.);
#1275=ORIENTED_EDGE('',*,*,#950,.T.);
#1276=ORIENTED_EDGE('',*,*,#969,.T.);
#1277=ORIENTED_EDGE('',*,*,#970,.F.);
#1278=ORIENTED_EDGE('',*,*,#971,.F.);
#1279=ORIENTED_EDGE('',*,*,#951,.T.);
#1280=ORIENTED_EDGE('',*,*,#971,.T.);
#1281=ORIENTED_EDGE('',*,*,#972,.F.);
#1282=ORIENTED_EDGE('',*,*,#973,.F.);
#1283=ORIENTED_EDGE('',*,*,#952,.T.);
#1284=ORIENTED_EDGE('',*,*,#973,.T.);
#1285=ORIENTED_EDGE('',*,*,#974,.F.);
#1286=ORIENTED_EDGE('',*,*,#975,.F.);
#1287=ORIENTED_EDGE('',*,*,#945,.T.);
#1288=ORIENTED_EDGE('',*,*,#975,.T.);
#1289=ORIENTED_EDGE('',*,*,#976,.F.);
#1290=ORIENTED_EDGE('',*,*,#961,.F.);
#1291=ORIENTED_EDGE('',*,*,#954,.T.);
#1292=ORIENTED_EDGE('',*,*,#977,.T.);
#1293=ORIENTED_EDGE('',*,*,#978,.F.);
#1294=ORIENTED_EDGE('',*,*,#979,.F.);
#1295=ORIENTED_EDGE('',*,*,#955,.T.);
#1296=ORIENTED_EDGE('',*,*,#979,.T.);
#1297=ORIENTED_EDGE('',*,*,#980,.F.);
#1298=ORIENTED_EDGE('',*,*,#981,.F.);
#1299=ORIENTED_EDGE('',*,*,#956,.T.);
#1300=ORIENTED_EDGE('',*,*,#981,.T.);
#1301=ORIENTED_EDGE('',*,*,#982,.F.);
#1302=ORIENTED_EDGE('',*,*,#983,.F.);
#1303=ORIENTED_EDGE('',*,*,#957,.T.);
#1304=ORIENTED_EDGE('',*,*,#983,.T.);
#1305=ORIENTED_EDGE('',*,*,#984,.F.);
#1306=ORIENTED_EDGE('',*,*,#985,.F.);
#1307=ORIENTED_EDGE('',*,*,#958,.T.);
#1308=ORIENTED_EDGE('',*,*,#985,.T.);
#1309=ORIENTED_EDGE('',*,*,#986,.F.);
#1310=ORIENTED_EDGE('',*,*,#987,.F.);
#1311=ORIENTED_EDGE('',*,*,#959,.T.);
#1312=ORIENTED_EDGE('',*,*,#987,.T.);
#1313=ORIENTED_EDGE('',*,*,#988,.F.);
#1314=ORIENTED_EDGE('',*,*,#989,.F.);
#1315=ORIENTED_EDGE('',*,*,#960,.T.);
#1316=ORIENTED_EDGE('',*,*,#989,.T.);
#1317=ORIENTED_EDGE('',*,*,#990,.F.);
#1318=ORIENTED_EDGE('',*,*,#991,.F.);
#1319=ORIENTED_EDGE('',*,*,#953,.T.);
#1320=ORIENTED_EDGE('',*,*,#991,.T.);
#1321=ORIENTED_EDGE('',*,*,#992,.F.);
#1322=ORIENTED_EDGE('',*,*,#977,.F.);
#1323=ORIENTED_EDGE('',*,*,#993,.T.);
#1324=ORIENTED_EDGE('',*,*,#994,.T.);
#1325=ORIENTED_EDGE('',*,*,#995,.T.);
#1326=ORIENTED_EDGE('',*,*,#996,.T.);
#1327=ORIENTED_EDGE('',*,*,#997,.T.);
#1328=ORIENTED_EDGE('',*,*,#998,.T.);
#1329=ORIENTED_EDGE('',*,*,#999,.T.);
#1330=ORIENTED_EDGE('',*,*,#1000,.T.);
#1331=ORIENTED_EDGE('',*,*,#836,.T.);
#1332=ORIENTED_EDGE('',*,*,#858,.T.);
#1333=ORIENTED_EDGE('',*,*,#855,.T.);
#1334=ORIENTED_EDGE('',*,*,#852,.T.);
#1335=ORIENTED_EDGE('',*,*,#849,.T.);
#1336=ORIENTED_EDGE('',*,*,#846,.T.);
#1337=ORIENTED_EDGE('',*,*,#843,.T.);
#1338=ORIENTED_EDGE('',*,*,#840,.T.);
#1339=ORIENTED_EDGE('',*,*,#992,.T.);
#1340=ORIENTED_EDGE('',*,*,#990,.T.);
#1341=ORIENTED_EDGE('',*,*,#988,.T.);
#1342=ORIENTED_EDGE('',*,*,#986,.T.);
#1343=ORIENTED_EDGE('',*,*,#984,.T.);
#1344=ORIENTED_EDGE('',*,*,#982,.T.);
#1345=ORIENTED_EDGE('',*,*,#980,.T.);
#1346=ORIENTED_EDGE('',*,*,#978,.T.);
#1347=ORIENTED_EDGE('',*,*,#976,.T.);
#1348=ORIENTED_EDGE('',*,*,#974,.T.);
#1349=ORIENTED_EDGE('',*,*,#972,.T.);
#1350=ORIENTED_EDGE('',*,*,#970,.T.);
#1351=ORIENTED_EDGE('',*,*,#968,.T.);
#1352=ORIENTED_EDGE('',*,*,#966,.T.);
#1353=ORIENTED_EDGE('',*,*,#964,.T.);
#1354=ORIENTED_EDGE('',*,*,#962,.T.);
#1355=ORIENTED_EDGE('',*,*,#1001,.T.);
#1356=ORIENTED_EDGE('',*,*,#1002,.T.);
#1357=ORIENTED_EDGE('',*,*,#1003,.T.);
#1358=ORIENTED_EDGE('',*,*,#1004,.T.);
#1359=ORIENTED_EDGE('',*,*,#905,.T.);
#1360=ORIENTED_EDGE('',*,*,#1005,.T.);
#1361=ORIENTED_EDGE('',*,*,#942,.F.);
#1362=ORIENTED_EDGE('',*,*,#915,.F.);
#1363=ORIENTED_EDGE('',*,*,#865,.T.);
#1364=ORIENTED_EDGE('',*,*,#1006,.T.);
#1365=ORIENTED_EDGE('',*,*,#939,.F.);
#1366=ORIENTED_EDGE('',*,*,#879,.F.);
#1367=ORIENTED_EDGE('',*,*,#920,.T.);
#1368=ORIENTED_EDGE('',*,*,#1007,.T.);
#1369=ORIENTED_EDGE('',*,*,#936,.F.);
#1370=ORIENTED_EDGE('',*,*,#931,.F.);
#1371=ORIENTED_EDGE('',*,*,#886,.T.);
#1372=ORIENTED_EDGE('',*,*,#1008,.T.);
#1373=ORIENTED_EDGE('',*,*,#933,.F.);
#1374=ORIENTED_EDGE('',*,*,#900,.F.);
#1375=ORIENTED_EDGE('',*,*,#903,.T.);
#1376=ORIENTED_EDGE('',*,*,#912,.T.);
#1377=ORIENTED_EDGE('',*,*,#1009,.T.);
#1378=ORIENTED_EDGE('',*,*,#1010,.T.);
#1379=ORIENTED_EDGE('',*,*,#1011,.T.);
#1380=ORIENTED_EDGE('',*,*,#1012,.T.);
#1381=ORIENTED_EDGE('',*,*,#918,.T.);
#1382=ORIENTED_EDGE('',*,*,#928,.T.);
#1383=ORIENTED_EDGE('',*,*,#1013,.T.);
#1384=ORIENTED_EDGE('',*,*,#1014,.T.);
#1385=ORIENTED_EDGE('',*,*,#1015,.T.);
#1386=ORIENTED_EDGE('',*,*,#1016,.T.);
#1387=ORIENTED_EDGE('',*,*,#1004,.F.);
#1388=ORIENTED_EDGE('',*,*,#1017,.T.);
#1389=ORIENTED_EDGE('',*,*,#1018,.T.);
#1390=ORIENTED_EDGE('',*,*,#1017,.F.);
#1391=ORIENTED_EDGE('',*,*,#1003,.F.);
#1392=ORIENTED_EDGE('',*,*,#1019,.T.);
#1393=ORIENTED_EDGE('',*,*,#1020,.T.);
#1394=ORIENTED_EDGE('',*,*,#1019,.F.);
#1395=ORIENTED_EDGE('',*,*,#1021,.T.);
#1396=ORIENTED_EDGE('',*,*,#1022,.T.);
#1397=ORIENTED_EDGE('',*,*,#1010,.F.);
#1398=ORIENTED_EDGE('',*,*,#1023,.F.);
#1399=ORIENTED_EDGE('',*,*,#1024,.T.);
#1400=ORIENTED_EDGE('',*,*,#1023,.T.);
#1401=ORIENTED_EDGE('',*,*,#1009,.F.);
#1402=ORIENTED_EDGE('',*,*,#1025,.F.);
#1403=ORIENTED_EDGE('',*,*,#1026,.T.);
#1404=ORIENTED_EDGE('',*,*,#1025,.T.);
#1405=ORIENTED_EDGE('',*,*,#911,.F.);
#1406=ORIENTED_EDGE('',*,*,#1027,.F.);
#1407=ORIENTED_EDGE('',*,*,#1028,.T.);
#1408=ORIENTED_EDGE('',*,*,#1027,.T.);
#1409=ORIENTED_EDGE('',*,*,#910,.T.);
#1410=ORIENTED_EDGE('',*,*,#941,.F.);
#1411=ORIENTED_EDGE('',*,*,#1029,.F.);
#1412=ORIENTED_EDGE('',*,*,#864,.T.);
#1413=ORIENTED_EDGE('',*,*,#875,.F.);
#1414=ORIENTED_EDGE('',*,*,#1030,.F.);
#1415=ORIENTED_EDGE('',*,*,#1031,.T.);
#1416=ORIENTED_EDGE('',*,*,#1029,.T.);
#1417=ORIENTED_EDGE('',*,*,#940,.F.);
#1418=ORIENTED_EDGE('',*,*,#1006,.F.);
#1419=ORIENTED_EDGE('',*,*,#1032,.T.);
#1420=ORIENTED_EDGE('',*,*,#1030,.T.);
#1421=ORIENTED_EDGE('',*,*,#874,.F.);
#1422=ORIENTED_EDGE('',*,*,#1033,.F.);
#1423=ORIENTED_EDGE('',*,*,#1034,.T.);
#1424=ORIENTED_EDGE('',*,*,#1033,.T.);
#1425=ORIENTED_EDGE('',*,*,#862,.F.);
#1426=ORIENTED_EDGE('',*,*,#1035,.F.);
#1427=ORIENTED_EDGE('',*,*,#1036,.T.);
#1428=ORIENTED_EDGE('',*,*,#1035,.T.);
#1429=ORIENTED_EDGE('',*,*,#876,.F.);
#1430=ORIENTED_EDGE('',*,*,#872,.F.);
#1431=ORIENTED_EDGE('',*,*,#1037,.T.);
#1432=ORIENTED_EDGE('',*,*,#870,.T.);
#1433=ORIENTED_EDGE('',*,*,#938,.F.);
#1434=ORIENTED_EDGE('',*,*,#1038,.F.);
#1435=ORIENTED_EDGE('',*,*,#919,.T.);
#1436=ORIENTED_EDGE('',*,*,#1016,.F.);
#1437=ORIENTED_EDGE('',*,*,#1039,.F.);
#1438=ORIENTED_EDGE('',*,*,#1040,.T.);
#1439=ORIENTED_EDGE('',*,*,#1038,.T.);
#1440=ORIENTED_EDGE('',*,*,#937,.F.);
#1441=ORIENTED_EDGE('',*,*,#1007,.F.);
#1442=ORIENTED_EDGE('',*,*,#1041,.T.);
#1443=ORIENTED_EDGE('',*,*,#1039,.T.);
#1444=ORIENTED_EDGE('',*,*,#1015,.F.);
#1445=ORIENTED_EDGE('',*,*,#1042,.F.);
#1446=ORIENTED_EDGE('',*,*,#1043,.T.);
#1447=ORIENTED_EDGE('',*,*,#1042,.T.);
#1448=ORIENTED_EDGE('',*,*,#1014,.F.);
#1449=ORIENTED_EDGE('',*,*,#1044,.F.);
#1450=ORIENTED_EDGE('',*,*,#1045,.T.);
#1451=ORIENTED_EDGE('',*,*,#1044,.T.);
#1452=ORIENTED_EDGE('',*,*,#1013,.F.);
#1453=ORIENTED_EDGE('',*,*,#927,.F.);
#1454=ORIENTED_EDGE('',*,*,#1046,.T.);
#1455=ORIENTED_EDGE('',*,*,#925,.T.);
#1456=ORIENTED_EDGE('',*,*,#935,.F.);
#1457=ORIENTED_EDGE('',*,*,#1047,.F.);
#1458=ORIENTED_EDGE('',*,*,#885,.T.);
#1459=ORIENTED_EDGE('',*,*,#896,.F.);
#1460=ORIENTED_EDGE('',*,*,#1048,.F.);
#1461=ORIENTED_EDGE('',*,*,#1049,.T.);
#1462=ORIENTED_EDGE('',*,*,#1047,.T.);
#1463=ORIENTED_EDGE('',*,*,#934,.F.);
#1464=ORIENTED_EDGE('',*,*,#1008,.F.);
#1465=ORIENTED_EDGE('',*,*,#1050,.T.);
#1466=ORIENTED_EDGE('',*,*,#1048,.T.);
#1467=ORIENTED_EDGE('',*,*,#895,.F.);
#1468=ORIENTED_EDGE('',*,*,#1051,.F.);
#1469=ORIENTED_EDGE('',*,*,#1052,.T.);
#1470=ORIENTED_EDGE('',*,*,#1051,.T.);
#1471=ORIENTED_EDGE('',*,*,#883,.F.);
#1472=ORIENTED_EDGE('',*,*,#1053,.F.);
#1473=ORIENTED_EDGE('',*,*,#1054,.T.);
#1474=ORIENTED_EDGE('',*,*,#1053,.T.);
#1475=ORIENTED_EDGE('',*,*,#897,.F.);
#1476=ORIENTED_EDGE('',*,*,#893,.F.);
#1477=ORIENTED_EDGE('',*,*,#1055,.T.);
#1478=ORIENTED_EDGE('',*,*,#891,.T.);
#1479=ORIENTED_EDGE('',*,*,#944,.F.);
#1480=ORIENTED_EDGE('',*,*,#1056,.F.);
#1481=ORIENTED_EDGE('',*,*,#904,.T.);
#1482=ORIENTED_EDGE('',*,*,#1012,.F.);
#1483=ORIENTED_EDGE('',*,*,#1057,.F.);
#1484=ORIENTED_EDGE('',*,*,#1058,.T.);
#1485=ORIENTED_EDGE('',*,*,#1056,.T.);
#1486=ORIENTED_EDGE('',*,*,#943,.F.);
#1487=ORIENTED_EDGE('',*,*,#1005,.F.);
#1488=ORIENTED_EDGE('',*,*,#1059,.T.);
#1489=ORIENTED_EDGE('',*,*,#1057,.T.);
#1490=ORIENTED_EDGE('',*,*,#1011,.F.);
#1491=ORIENTED_EDGE('',*,*,#1022,.F.);
#1492=ORIENTED_EDGE('',*,*,#1002,.F.);
#1493=ORIENTED_EDGE('',*,*,#1060,.T.);
#1494=ORIENTED_EDGE('',*,*,#1061,.T.);
#1495=ORIENTED_EDGE('',*,*,#1060,.F.);
#1496=ORIENTED_EDGE('',*,*,#1001,.F.);
#1497=ORIENTED_EDGE('',*,*,#1062,.T.);
#1498=ORIENTED_EDGE('',*,*,#1063,.T.);
#1499=ORIENTED_EDGE('',*,*,#1062,.F.);
#1500=ORIENTED_EDGE('',*,*,#1064,.F.);
#1501=ORIENTED_EDGE('',*,*,#1065,.T.);
#1502=ORIENTED_EDGE('',*,*,#994,.F.);
#1503=ORIENTED_EDGE('',*,*,#1066,.F.);
#1504=ORIENTED_EDGE('',*,*,#1067,.T.);
#1505=ORIENTED_EDGE('',*,*,#1066,.T.);
#1506=ORIENTED_EDGE('',*,*,#993,.F.);
#1507=ORIENTED_EDGE('',*,*,#1068,.F.);
#1508=ORIENTED_EDGE('',*,*,#1069,.F.);
#1509=ORIENTED_EDGE('',*,*,#1068,.T.);
#1510=ORIENTED_EDGE('',*,*,#1000,.F.);
#1511=ORIENTED_EDGE('',*,*,#1070,.F.);
#1512=ORIENTED_EDGE('',*,*,#1071,.T.);
#1513=ORIENTED_EDGE('',*,*,#1070,.T.);
#1514=ORIENTED_EDGE('',*,*,#999,.F.);
#1515=ORIENTED_EDGE('',*,*,#1072,.F.);
#1516=ORIENTED_EDGE('',*,*,#1073,.F.);
#1517=ORIENTED_EDGE('',*,*,#1072,.T.);
#1518=ORIENTED_EDGE('',*,*,#998,.F.);
#1519=ORIENTED_EDGE('',*,*,#1074,.F.);
#1520=ORIENTED_EDGE('',*,*,#1075,.T.);
#1521=ORIENTED_EDGE('',*,*,#1074,.T.);
#1522=ORIENTED_EDGE('',*,*,#997,.F.);
#1523=ORIENTED_EDGE('',*,*,#1076,.F.);
#1524=ORIENTED_EDGE('',*,*,#1077,.F.);
#1525=ORIENTED_EDGE('',*,*,#1076,.T.);
#1526=ORIENTED_EDGE('',*,*,#996,.F.);
#1527=ORIENTED_EDGE('',*,*,#1078,.F.);
#1528=ORIENTED_EDGE('',*,*,#1079,.T.);
#1529=ORIENTED_EDGE('',*,*,#1078,.T.);
#1530=ORIENTED_EDGE('',*,*,#995,.F.);
#1531=ORIENTED_EDGE('',*,*,#1065,.F.);
#1532=ORIENTED_EDGE('',*,*,#1079,.F.);
#1533=ORIENTED_EDGE('',*,*,#1064,.T.);
#1534=ORIENTED_EDGE('',*,*,#1067,.F.);
#1535=ORIENTED_EDGE('',*,*,#1069,.T.);
#1536=ORIENTED_EDGE('',*,*,#1071,.F.);
#1537=ORIENTED_EDGE('',*,*,#1073,.T.);
#1538=ORIENTED_EDGE('',*,*,#1075,.F.);
#1539=ORIENTED_EDGE('',*,*,#1077,.T.);
#1540=ORIENTED_EDGE('',*,*,#1063,.F.);
#1541=ORIENTED_EDGE('',*,*,#1061,.F.);
#1542=ORIENTED_EDGE('',*,*,#1059,.F.);
#1543=ORIENTED_EDGE('',*,*,#1021,.F.);
#1544=ORIENTED_EDGE('',*,*,#1024,.F.);
#1545=ORIENTED_EDGE('',*,*,#1026,.F.);
#1546=ORIENTED_EDGE('',*,*,#1028,.F.);
#1547=ORIENTED_EDGE('',*,*,#1031,.F.);
#1548=ORIENTED_EDGE('',*,*,#1032,.F.);
#1549=ORIENTED_EDGE('',*,*,#1034,.F.);
#1550=ORIENTED_EDGE('',*,*,#1036,.F.);
#1551=ORIENTED_EDGE('',*,*,#871,.F.);
#1552=ORIENTED_EDGE('',*,*,#1037,.F.);
#1553=ORIENTED_EDGE('',*,*,#1040,.F.);
#1554=ORIENTED_EDGE('',*,*,#1041,.F.);
#1555=ORIENTED_EDGE('',*,*,#1043,.F.);
#1556=ORIENTED_EDGE('',*,*,#1045,.F.);
#1557=ORIENTED_EDGE('',*,*,#926,.F.);
#1558=ORIENTED_EDGE('',*,*,#1046,.F.);
#1559=ORIENTED_EDGE('',*,*,#1049,.F.);
#1560=ORIENTED_EDGE('',*,*,#1050,.F.);
#1561=ORIENTED_EDGE('',*,*,#1052,.F.);
#1562=ORIENTED_EDGE('',*,*,#1054,.F.);
#1563=ORIENTED_EDGE('',*,*,#892,.F.);
#1564=ORIENTED_EDGE('',*,*,#1055,.F.);
#1565=ORIENTED_EDGE('',*,*,#1058,.F.);
#1566=ORIENTED_EDGE('',*,*,#1020,.F.);
#1567=ORIENTED_EDGE('',*,*,#1018,.F.);
#1568=CYLINDRICAL_SURFACE('',#1712,0.999999999999996);
#1569=CYLINDRICAL_SURFACE('',#1716,0.999999999999996);
#1570=CYLINDRICAL_SURFACE('',#1720,0.999999999999996);
#1571=CYLINDRICAL_SURFACE('',#1724,0.999999999999996);
#1572=CYLINDRICAL_SURFACE('',#1736,0.899999999999963);
#1573=CYLINDRICAL_SURFACE('',#1747,0.900000000000007);
#1574=CYLINDRICAL_SURFACE('',#1754,0.900000000000034);
#1575=CYLINDRICAL_SURFACE('',#1761,0.899999999999945);
#1576=CYLINDRICAL_SURFACE('',#1782,1.19999999999999);
#1577=CYLINDRICAL_SURFACE('',#1785,1.20000000000001);
#1578=CYLINDRICAL_SURFACE('',#1788,1.2);
#1579=CYLINDRICAL_SURFACE('',#1791,1.19999999999999);
#1580=CYLINDRICAL_SURFACE('',#1794,1.99999999999999);
#1581=CYLINDRICAL_SURFACE('',#1797,1.99999999999999);
#1582=CYLINDRICAL_SURFACE('',#1800,1.99999999999998);
#1583=CYLINDRICAL_SURFACE('',#1803,1.99999999999998);
#1584=CYLINDRICAL_SURFACE('',#1818,0.900000000000007);
#1585=CYLINDRICAL_SURFACE('',#1819,0.899999999999999);
#1586=CYLINDRICAL_SURFACE('',#1820,0.899999999999963);
#1587=CYLINDRICAL_SURFACE('',#1821,0.999999999999979);
#1588=CYLINDRICAL_SURFACE('',#1828,2.35000000000001);
#1589=CYLINDRICAL_SURFACE('',#1830,2.35);
#1590=CYLINDRICAL_SURFACE('',#1833,0.999999999999983);
#1591=CYLINDRICAL_SURFACE('',#1836,3.35);
#1592=CYLINDRICAL_SURFACE('',#1839,1.00000000000002);
#1593=CYLINDRICAL_SURFACE('',#1842,0.900000000000052);
#1594=CYLINDRICAL_SURFACE('',#1844,3.34999999999999);
#1595=CYLINDRICAL_SURFACE('',#1847,0.899999999999981);
#1596=CYLINDRICAL_SURFACE('',#1850,1.00000000000001);
#1597=CYLINDRICAL_SURFACE('',#1852,3.34999999999999);
#1598=CYLINDRICAL_SURFACE('',#1855,0.999999999999943);
#1599=CYLINDRICAL_SURFACE('',#1858,0.999999999999988);
#1600=CYLINDRICAL_SURFACE('',#1860,3.35);
#1601=CYLINDRICAL_SURFACE('',#1863,1.00000000000001);
#1602=CYLINDRICAL_SURFACE('',#1865,2.35);
#1603=CYLINDRICAL_SURFACE('',#1867,2.34999999999999);
#1604=CYLINDRICAL_SURFACE('',#1870,6.19999967883402);
#1605=CYLINDRICAL_SURFACE('',#1873,6.19999967882999);
#1606=CYLINDRICAL_SURFACE('',#1876,6.199999678834);
#1607=CYLINDRICAL_SURFACE('',#1879,6.1999996789);
#1608=ADVANCED_FACE('',(#84),#1568,.F.);
#1609=ADVANCED_FACE('',(#85),#34,.F.);
#1610=ADVANCED_FACE('',(#86),#1569,.F.);
#1611=ADVANCED_FACE('',(#87),#35,.F.);
#1612=ADVANCED_FACE('',(#88),#1570,.F.);
#1613=ADVANCED_FACE('',(#89),#36,.F.);
#1614=ADVANCED_FACE('',(#90),#1571,.F.);
#1615=ADVANCED_FACE('',(#91),#37,.F.);
#1616=ADVANCED_FACE('',(#92),#38,.F.);
#1617=ADVANCED_FACE('',(#93),#39,.T.);
#1618=ADVANCED_FACE('',(#94),#40,.T.);
#1619=ADVANCED_FACE('',(#95),#41,.T.);
#1620=ADVANCED_FACE('',(#96),#1572,.F.);
#1621=ADVANCED_FACE('',(#97),#42,.T.);
#1622=ADVANCED_FACE('',(#98),#43,.T.);
#1623=ADVANCED_FACE('',(#99),#44,.T.);
#1624=ADVANCED_FACE('',(#100),#45,.T.);
#1625=ADVANCED_FACE('',(#101),#46,.T.);
#1626=ADVANCED_FACE('',(#102),#1573,.F.);
#1627=ADVANCED_FACE('',(#103),#47,.T.);
#1628=ADVANCED_FACE('',(#104),#48,.F.);
#1629=ADVANCED_FACE('',(#105),#49,.T.);
#1630=ADVANCED_FACE('',(#106),#1574,.F.);
#1631=ADVANCED_FACE('',(#107),#50,.T.);
#1632=ADVANCED_FACE('',(#108),#51,.T.);
#1633=ADVANCED_FACE('',(#109),#52,.T.);
#1634=ADVANCED_FACE('',(#110),#1575,.F.);
#1635=ADVANCED_FACE('',(#111),#53,.T.);
#1636=ADVANCED_FACE('',(#112,#15,#16,#17),#54,.F.);
#1637=ADVANCED_FACE('',(#113),#55,.T.);
#1638=ADVANCED_FACE('',(#114),#1576,.F.);
#1639=ADVANCED_FACE('',(#115),#56,.T.);
#1640=ADVANCED_FACE('',(#116),#1577,.F.);
#1641=ADVANCED_FACE('',(#117),#57,.T.);
#1642=ADVANCED_FACE('',(#118),#1578,.F.);
#1643=ADVANCED_FACE('',(#119),#58,.T.);
#1644=ADVANCED_FACE('',(#120),#1579,.F.);
#1645=ADVANCED_FACE('',(#121),#59,.T.);
#1646=ADVANCED_FACE('',(#122),#1580,.F.);
#1647=ADVANCED_FACE('',(#123),#60,.T.);
#1648=ADVANCED_FACE('',(#124),#1581,.F.);
#1649=ADVANCED_FACE('',(#125),#61,.T.);
#1650=ADVANCED_FACE('',(#126),#1582,.F.);
#1651=ADVANCED_FACE('',(#127),#62,.T.);
#1652=ADVANCED_FACE('',(#128),#1583,.F.);
#1653=ADVANCED_FACE('',(#129,#18,#19,#20),#63,.T.);
#1654=ADVANCED_FACE('',(#130),#64,.F.);
#1655=ADVANCED_FACE('',(#131),#65,.F.);
#1656=ADVANCED_FACE('',(#132),#66,.F.);
#1657=ADVANCED_FACE('',(#133),#67,.F.);
#1658=ADVANCED_FACE('',(#134),#1584,.F.);
#1659=ADVANCED_FACE('',(#135),#1585,.F.);
#1660=ADVANCED_FACE('',(#136),#1586,.F.);
#1661=ADVANCED_FACE('',(#137),#1587,.F.);
#1662=ADVANCED_FACE('',(#138),#68,.T.);
#1663=ADVANCED_FACE('',(#139),#69,.T.);
#1664=ADVANCED_FACE('',(#140),#1588,.F.);
#1665=ADVANCED_FACE('',(#141),#1589,.F.);
#1666=ADVANCED_FACE('',(#142),#70,.T.);
#1667=ADVANCED_FACE('',(#143),#1590,.F.);
#1668=ADVANCED_FACE('',(#144),#71,.T.);
#1669=ADVANCED_FACE('',(#145),#1591,.T.);
#1670=ADVANCED_FACE('',(#146),#72,.T.);
#1671=ADVANCED_FACE('',(#147),#1592,.F.);
#1672=ADVANCED_FACE('',(#148),#73,.T.);
#1673=ADVANCED_FACE('',(#149),#1593,.F.);
#1674=ADVANCED_FACE('',(#150),#1594,.T.);
#1675=ADVANCED_FACE('',(#151),#74,.T.);
#1676=ADVANCED_FACE('',(#152),#1595,.F.);
#1677=ADVANCED_FACE('',(#153),#75,.T.);
#1678=ADVANCED_FACE('',(#154),#1596,.F.);
#1679=ADVANCED_FACE('',(#155),#1597,.T.);
#1680=ADVANCED_FACE('',(#156),#76,.T.);
#1681=ADVANCED_FACE('',(#157),#1598,.F.);
#1682=ADVANCED_FACE('',(#158),#77,.T.);
#1683=ADVANCED_FACE('',(#159),#1599,.F.);
#1684=ADVANCED_FACE('',(#160),#1600,.T.);
#1685=ADVANCED_FACE('',(#161),#78,.T.);
#1686=ADVANCED_FACE('',(#162),#1601,.F.);
#1687=ADVANCED_FACE('',(#163),#1602,.F.);
#1688=ADVANCED_FACE('',(#164),#1603,.F.);
#1689=ADVANCED_FACE('',(#165),#79,.T.);
#1690=ADVANCED_FACE('',(#166),#1604,.T.);
#1691=ADVANCED_FACE('',(#167),#80,.T.);
#1692=ADVANCED_FACE('',(#168),#1605,.T.);
#1693=ADVANCED_FACE('',(#169),#81,.T.);
#1694=ADVANCED_FACE('',(#170),#1606,.T.);
#1695=ADVANCED_FACE('',(#171),#82,.T.);
#1696=ADVANCED_FACE('',(#172),#1607,.T.);
#1697=ADVANCED_FACE('',(#173,#21,#22,#23,#24,#25),#83,.F.);
#1698=CLOSED_SHELL('',(#1608,#1609,#1610,#1611,#1612,#1613,#1614,#1615,
#1616,#1617,#1618,#1619,#1620,#1621,#1622,#1623,#1624,#1625,#1626,#1627,
#1628,#1629,#1630,#1631,#1632,#1633,#1634,#1635,#1636,#1637,#1638,#1639,
#1640,#1641,#1642,#1643,#1644,#1645,#1646,#1647,#1648,#1649,#1650,#1651,
#1652,#1653,#1654,#1655,#1656,#1657,#1658,#1659,#1660,#1661,#1662,#1663,
#1664,#1665,#1666,#1667,#1668,#1669,#1670,#1671,#1672,#1673,#1674,#1675,
#1676,#1677,#1678,#1679,#1680,#1681,#1682,#1683,#1684,#1685,#1686,#1687,
#1688,#1689,#1690,#1691,#1692,#1693,#1694,#1695,#1696,#1697));
#1699=DERIVED_UNIT_ELEMENT(#1701,1.);
#1700=DERIVED_UNIT_ELEMENT(#2889,-3.);
#1701=(
MASS_UNIT()
NAMED_UNIT(*)
SI_UNIT(.KILO.,.GRAM.)
);
#1702=DERIVED_UNIT((#1699,#1700));
#1703=MEASURE_REPRESENTATION_ITEM('density measure',
POSITIVE_RATIO_MEASURE(7850.),#1702);
#1704=PROPERTY_DEFINITION_REPRESENTATION(#1709,#1706);
#1705=PROPERTY_DEFINITION_REPRESENTATION(#1710,#1707);
#1706=REPRESENTATION('material name',(#1708),#2886);
#1707=REPRESENTATION('density',(#1703),#2886);
#1708=DESCRIPTIVE_REPRESENTATION_ITEM('Steel','Steel');
#1709=PROPERTY_DEFINITION('material property','material name',#2896);
#1710=PROPERTY_DEFINITION('material property','density of part',#2896);
#1711=AXIS2_PLACEMENT_3D('',#2388,#1882,#1883);
#1712=AXIS2_PLACEMENT_3D('',#2389,#1884,#1885);
#1713=AXIS2_PLACEMENT_3D('',#2392,#1886,#1887);
#1714=AXIS2_PLACEMENT_3D('',#2396,#1889,#1890);
#1715=AXIS2_PLACEMENT_3D('',#2398,#1892,#1893);
#1716=AXIS2_PLACEMENT_3D('',#2404,#1897,#1898);
#1717=AXIS2_PLACEMENT_3D('',#2406,#1899,#1900);
#1718=AXIS2_PLACEMENT_3D('',#2409,#1902,#1903);
#1719=AXIS2_PLACEMENT_3D('',#2410,#1904,#1905);
#1720=AXIS2_PLACEMENT_3D('',#2416,#1909,#1910);
#1721=AXIS2_PLACEMENT_3D('',#2418,#1911,#1912);
#1722=AXIS2_PLACEMENT_3D('',#2421,#1914,#1915);
#1723=AXIS2_PLACEMENT_3D('',#2422,#1916,#1917);
#1724=AXIS2_PLACEMENT_3D('',#2428,#1921,#1922);
#1725=AXIS2_PLACEMENT_3D('',#2430,#1923,#1924);
#1726=AXIS2_PLACEMENT_3D('',#2433,#1926,#1927);
#1727=AXIS2_PLACEMENT_3D('',#2434,#1928,#1929);
#1728=AXIS2_PLACEMENT_3D('',#2437,#1932,#1933);
#1729=AXIS2_PLACEMENT_3D('',#2450,#1939,#1940);
#1730=AXIS2_PLACEMENT_3D('',#2453,#1942,#1943);
#1731=AXIS2_PLACEMENT_3D('',#2454,#1944,#1945);
#1732=AXIS2_PLACEMENT_3D('',#2466,#1952,#1953);
#1733=AXIS2_PLACEMENT_3D('',#2468,#1954,#1955);
#1734=AXIS2_PLACEMENT_3D('',#2470,#1957,#1958);
#1735=AXIS2_PLACEMENT_3D('',#2471,#1959,#1960);
#1736=AXIS2_PLACEMENT_3D('',#2472,#1961,#1962);
#1737=AXIS2_PLACEMENT_3D('',#2475,#1964,#1965);
#1738=AXIS2_PLACEMENT_3D('',#2476,#1966,#1967);
#1739=AXIS2_PLACEMENT_3D('',#2480,#1970,#1971);
#1740=AXIS2_PLACEMENT_3D('',#2493,#1977,#1978);
#1741=AXIS2_PLACEMENT_3D('',#2496,#1980,#1981);
#1742=AXIS2_PLACEMENT_3D('',#2497,#1982,#1983);
#1743=AXIS2_PLACEMENT_3D('',#2509,#1990,#1991);
#1744=AXIS2_PLACEMENT_3D('',#2511,#1992,#1993);
#1745=AXIS2_PLACEMENT_3D('',#2513,#1995,#1996);
#1746=AXIS2_PLACEMENT_3D('',#2514,#1997,#1998);
#1747=AXIS2_PLACEMENT_3D('',#2515,#1999,#2000);
#1748=AXIS2_PLACEMENT_3D('',#2518,#2002,#2003);
#1749=AXIS2_PLACEMENT_3D('',#2519,#2004,#2005);
#1750=AXIS2_PLACEMENT_3D('',#2523,#2008,#2009);
#1751=AXIS2_PLACEMENT_3D('',#2532,#2013,#2014);
#1752=AXIS2_PLACEMENT_3D('',#2535,#2016,#2017);
#1753=AXIS2_PLACEMENT_3D('',#2536,#2018,#2019);
#1754=AXIS2_PLACEMENT_3D('',#2546,#2025,#2026);
#1755=AXIS2_PLACEMENT_3D('',#2549,#2028,#2029);
#1756=AXIS2_PLACEMENT_3D('',#2550,#2030,#2031);
#1757=AXIS2_PLACEMENT_3D('',#2554,#2034,#2035);
#1758=AXIS2_PLACEMENT_3D('',#2563,#2039,#2040);
#1759=AXIS2_PLACEMENT_3D('',#2566,#2042,#2043);
#1760=AXIS2_PLACEMENT_3D('',#2567,#2044,#2045);
#1761=AXIS2_PLACEMENT_3D('',#2579,#2052,#2053);
#1762=AXIS2_PLACEMENT_3D('',#2582,#2055,#2056);
#1763=AXIS2_PLACEMENT_3D('',#2583,#2057,#2058);
#1764=AXIS2_PLACEMENT_3D('',#2587,#2061,#2062);
#1765=AXIS2_PLACEMENT_3D('',#2589,#2063,#2064);
#1766=AXIS2_PLACEMENT_3D('',#2592,#2066,#2067);
#1767=AXIS2_PLACEMENT_3D('',#2594,#2068,#2069);
#1768=AXIS2_PLACEMENT_3D('',#2597,#2071,#2072);
#1769=AXIS2_PLACEMENT_3D('',#2599,#2073,#2074);
#1770=AXIS2_PLACEMENT_3D('',#2602,#2076,#2077);
#1771=AXIS2_PLACEMENT_3D('',#2604,#2078,#2079);
#1772=AXIS2_PLACEMENT_3D('',#2607,#2081,#2082);
#1773=AXIS2_PLACEMENT_3D('',#2610,#2083,#2084);
#1774=AXIS2_PLACEMENT_3D('',#2614,#2086,#2087);
#1775=AXIS2_PLACEMENT_3D('',#2618,#2089,#2090);
#1776=AXIS2_PLACEMENT_3D('',#2622,#2092,#2093);
#1777=AXIS2_PLACEMENT_3D('',#2626,#2095,#2096);
#1778=AXIS2_PLACEMENT_3D('',#2630,#2098,#2099);
#1779=AXIS2_PLACEMENT_3D('',#2634,#2101,#2102);
#1780=AXIS2_PLACEMENT_3D('',#2638,#2104,#2105);
#1781=AXIS2_PLACEMENT_3D('',#2640,#2107,#2108);
#1782=AXIS2_PLACEMENT_3D('',#2646,#2112,#2113);
#1783=AXIS2_PLACEMENT_3D('',#2648,#2114,#2115);
#1784=AXIS2_PLACEMENT_3D('',#2650,#2117,#2118);
#1785=AXIS2_PLACEMENT_3D('',#2654,#2121,#2122);
#1786=AXIS2_PLACEMENT_3D('',#2656,#2123,#2124);
#1787=AXIS2_PLACEMENT_3D('',#2658,#2126,#2127);
#1788=AXIS2_PLACEMENT_3D('',#2662,#2130,#2131);
#1789=AXIS2_PLACEMENT_3D('',#2664,#2132,#2133);
#1790=AXIS2_PLACEMENT_3D('',#2666,#2135,#2136);
#1791=AXIS2_PLACEMENT_3D('',#2670,#2139,#2140);
#1792=AXIS2_PLACEMENT_3D('',#2671,#2141,#2142);
#1793=AXIS2_PLACEMENT_3D('',#2672,#2143,#2144);
#1794=AXIS2_PLACEMENT_3D('',#2678,#2148,#2149);
#1795=AXIS2_PLACEMENT_3D('',#2680,#2150,#2151);
#1796=AXIS2_PLACEMENT_3D('',#2682,#2153,#2154);
#1797=AXIS2_PLACEMENT_3D('',#2686,#2157,#2158);
#1798=AXIS2_PLACEMENT_3D('',#2688,#2159,#2160);
#1799=AXIS2_PLACEMENT_3D('',#2690,#2162,#2163);
#1800=AXIS2_PLACEMENT_3D('',#2694,#2166,#2167);
#1801=AXIS2_PLACEMENT_3D('',#2696,#2168,#2169);
#1802=AXIS2_PLACEMENT_3D('',#2698,#2171,#2172);
#1803=AXIS2_PLACEMENT_3D('',#2702,#2175,#2176);
#1804=AXIS2_PLACEMENT_3D('',#2703,#2177,#2178);
#1805=AXIS2_PLACEMENT_3D('',#2704,#2179,#2180);
#1806=AXIS2_PLACEMENT_3D('',#2707,#2181,#2182);
#1807=AXIS2_PLACEMENT_3D('',#2711,#2184,#2185);
#1808=AXIS2_PLACEMENT_3D('',#2715,#2187,#2188);
#1809=AXIS2_PLACEMENT_3D('',#2719,#2190,#2191);
#1810=AXIS2_PLACEMENT_3D('',#2721,#2193,#2194);
#1811=AXIS2_PLACEMENT_3D('',#2723,#2195,#2196);
#1812=AXIS2_PLACEMENT_3D('',#2724,#2197,#2198);
#1813=AXIS2_PLACEMENT_3D('',#2726,#2199,#2200);
#1814=AXIS2_PLACEMENT_3D('',#2727,#2201,#2202);
#1815=AXIS2_PLACEMENT_3D('',#2729,#2203,#2204);
#1816=AXIS2_PLACEMENT_3D('',#2730,#2205,#2206);
#1817=AXIS2_PLACEMENT_3D('',#2732,#2207,#2208);
#1818=AXIS2_PLACEMENT_3D('',#2733,#2209,#2210);
#1819=AXIS2_PLACEMENT_3D('',#2735,#2212,#2213);
#1820=AXIS2_PLACEMENT_3D('',#2737,#2215,#2216);
#1821=AXIS2_PLACEMENT_3D('',#2739,#2218,#2219);
#1822=AXIS2_PLACEMENT_3D('',#2741,#2221,#2222);
#1823=AXIS2_PLACEMENT_3D('',#2743,#2223,#2224);
#1824=AXIS2_PLACEMENT_3D('',#2747,#2226,#2227);
#1825=AXIS2_PLACEMENT_3D('',#2749,#2229,#2230);
#1826=AXIS2_PLACEMENT_3D('',#2751,#2231,#2232);
#1827=AXIS2_PLACEMENT_3D('',#2755,#2234,#2235);
#1828=AXIS2_PLACEMENT_3D('',#2757,#2237,#2238);
#1829=AXIS2_PLACEMENT_3D('',#2760,#2240,#2241);
#1830=AXIS2_PLACEMENT_3D('',#2761,#2242,#2243);
#1831=AXIS2_PLACEMENT_3D('',#2764,#2245,#2246);
#1832=AXIS2_PLACEMENT_3D('',#2765,#2247,#2248);
#1833=AXIS2_PLACEMENT_3D('',#2771,#2252,#2253);
#1834=AXIS2_PLACEMENT_3D('',#2773,#2254,#2255);
#1835=AXIS2_PLACEMENT_3D('',#2775,#2257,#2258);
#1836=AXIS2_PLACEMENT_3D('',#2779,#2261,#2262);
#1837=AXIS2_PLACEMENT_3D('',#2781,#2263,#2264);
#1838=AXIS2_PLACEMENT_3D('',#2783,#2266,#2267);
#1839=AXIS2_PLACEMENT_3D('',#2787,#2270,#2271);
#1840=AXIS2_PLACEMENT_3D('',#2789,#2272,#2273);
#1841=AXIS2_PLACEMENT_3D('',#2791,#2275,#2276);
#1842=AXIS2_PLACEMENT_3D('',#2795,#2279,#2280);
#1843=AXIS2_PLACEMENT_3D('',#2796,#2281,#2282);
#1844=AXIS2_PLACEMENT_3D('',#2797,#2283,#2284);
#1845=AXIS2_PLACEMENT_3D('',#2799,#2285,#2286);
#1846=AXIS2_PLACEMENT_3D('',#2801,#2288,#2289);
#1847=AXIS2_PLACEMENT_3D('',#2805,#2292,#2293);
#1848=AXIS2_PLACEMENT_3D('',#2807,#2294,#2295);
#1849=AXIS2_PLACEMENT_3D('',#2809,#2297,#2298);
#1850=AXIS2_PLACEMENT_3D('',#2813,#2301,#2302);
#1851=AXIS2_PLACEMENT_3D('',#2814,#2303,#2304);
#1852=AXIS2_PLACEMENT_3D('',#2815,#2305,#2306);
#1853=AXIS2_PLACEMENT_3D('',#2817,#2307,#2308);
#1854=AXIS2_PLACEMENT_3D('',#2819,#2310,#2311);
#1855=AXIS2_PLACEMENT_3D('',#2823,#2314,#2315);
#1856=AXIS2_PLACEMENT_3D('',#2825,#2316,#2317);
#1857=AXIS2_PLACEMENT_3D('',#2827,#2319,#2320);
#1858=AXIS2_PLACEMENT_3D('',#2831,#2323,#2324);
#1859=AXIS2_PLACEMENT_3D('',#2832,#2325,#2326);
#1860=AXIS2_PLACEMENT_3D('',#2833,#2327,#2328);
#1861=AXIS2_PLACEMENT_3D('',#2835,#2329,#2330);
#1862=AXIS2_PLACEMENT_3D('',#2837,#2332,#2333);
#1863=AXIS2_PLACEMENT_3D('',#2841,#2336,#2337);
#1864=AXIS2_PLACEMENT_3D('',#2842,#2338,#2339);
#1865=AXIS2_PLACEMENT_3D('',#2843,#2340,#2341);
#1866=AXIS2_PLACEMENT_3D('',#2846,#2343,#2344);
#1867=AXIS2_PLACEMENT_3D('',#2847,#2345,#2346);
#1868=AXIS2_PLACEMENT_3D('',#2850,#2348,#2349);
#1869=AXIS2_PLACEMENT_3D('',#2851,#2350,#2351);
#1870=AXIS2_PLACEMENT_3D('',#2857,#2355,#2356);
#1871=AXIS2_PLACEMENT_3D('',#2859,#2357,#2358);
#1872=AXIS2_PLACEMENT_3D('',#2861,#2360,#2361);
#1873=AXIS2_PLACEMENT_3D('',#2865,#2364,#2365);
#1874=AXIS2_PLACEMENT_3D('',#2867,#2366,#2367);
#1875=AXIS2_PLACEMENT_3D('',#2869,#2369,#2370);
#1876=AXIS2_PLACEMENT_3D('',#2873,#2373,#2374);
#1877=AXIS2_PLACEMENT_3D('',#2875,#2375,#2376);
#1878=AXIS2_PLACEMENT_3D('',#2877,#2378,#2379);
#1879=AXIS2_PLACEMENT_3D('',#2881,#2382,#2383);
#1880=AXIS2_PLACEMENT_3D('',#2882,#2384,#2385);
#1881=AXIS2_PLACEMENT_3D('',#2883,#2386,#2387);
#1882=DIRECTION('axis',(0.,0.,1.));
#1883=DIRECTION('refdir',(1.,0.,0.));
#1884=DIRECTION('center_axis',(0.,0.,-1.));
#1885=DIRECTION('ref_axis',(1.,0.,0.));
#1886=DIRECTION('center_axis',(0.,0.,-1.));
#1887=DIRECTION('ref_axis',(1.,0.,0.));
#1888=DIRECTION('',(0.,0.,-1.));
#1889=DIRECTION('center_axis',(0.,0.,1.));
#1890=DIRECTION('ref_axis',(1.,0.,0.));
#1891=DIRECTION('',(0.,0.,-1.));
#1892=DIRECTION('center_axis',(0.,1.,0.));
#1893=DIRECTION('ref_axis',(1.,0.,0.));
#1894=DIRECTION('',(1.,0.,0.));
#1895=DIRECTION('',(0.,0.,-1.));
#1896=DIRECTION('',(-1.,0.,0.));
#1897=DIRECTION('center_axis',(0.,0.,-1.));
#1898=DIRECTION('ref_axis',(0.,1.,0.));
#1899=DIRECTION('center_axis',(0.,0.,-1.));
#1900=DIRECTION('ref_axis',(0.,1.,0.));
#1901=DIRECTION('',(0.,0.,-1.));
#1902=DIRECTION('center_axis',(0.,0.,1.));
#1903=DIRECTION('ref_axis',(0.,1.,0.));
#1904=DIRECTION('center_axis',(-1.,0.,0.));
#1905=DIRECTION('ref_axis',(0.,1.,0.));
#1906=DIRECTION('',(0.,1.,0.));
#1907=DIRECTION('',(0.,0.,-1.));
#1908=DIRECTION('',(0.,-1.,0.));
#1909=DIRECTION('center_axis',(0.,0.,-1.));
#1910=DIRECTION('ref_axis',(-1.,0.,0.));
#1911=DIRECTION('center_axis',(0.,0.,-1.));
#1912=DIRECTION('ref_axis',(-1.,0.,0.));
#1913=DIRECTION('',(0.,0.,-1.));
#1914=DIRECTION('center_axis',(0.,0.,1.));
#1915=DIRECTION('ref_axis',(-1.,0.,0.));
#1916=DIRECTION('center_axis',(0.,-1.,0.));
#1917=DIRECTION('ref_axis',(-1.,0.,0.));
#1918=DIRECTION('',(-1.,0.,0.));
#1919=DIRECTION('',(0.,0.,-1.));
#1920=DIRECTION('',(1.,0.,0.));
#1921=DIRECTION('center_axis',(0.,0.,-1.));
#1922=DIRECTION('ref_axis',(0.,-1.,0.));
#1923=DIRECTION('center_axis',(0.,0.,-1.));
#1924=DIRECTION('ref_axis',(0.,-1.,0.));
#1925=DIRECTION('',(0.,0.,-1.));
#1926=DIRECTION('center_axis',(0.,0.,1.));
#1927=DIRECTION('ref_axis',(0.,-1.,0.));
#1928=DIRECTION('center_axis',(1.,0.,0.));
#1929=DIRECTION('ref_axis',(0.,-1.,0.));
#1930=DIRECTION('',(0.,-1.,0.));
#1931=DIRECTION('',(0.,1.,0.));
#1932=DIRECTION('center_axis',(-1.70595558521595E-12,-0.766044443118978,
-0.642787609686539));
#1933=DIRECTION('ref_axis',(1.43146670235952E-12,0.642787609686539,-0.766044443118978));
#1934=DIRECTION('',(-4.00508973520082E-10,-0.642787609686539,0.766044443118978));
#1935=DIRECTION('',(1.,-2.22696685621801E-12,0.));
#1936=DIRECTION('',(-1.,6.23084307006967E-10,0.));
#1937=DIRECTION('',(1.,-2.22696685621801E-12,0.));
#1938=DIRECTION('',(-2.37054552985269E-10,0.642787609686539,-0.766044443118978));
#1939=DIRECTION('center_axis',(-1.70595558521595E-12,-0.766044443118978,
-0.642787609686539));
#1940=DIRECTION('ref_axis',(2.37029179726231E-10,-0.642787609686539,0.766044443118978));
#1941=DIRECTION('',(-1.,1.11362020474154E-12,1.32683487169982E-12));
#1942=DIRECTION('center_axis',(-1.70595558521595E-12,-0.766044443118978,
-0.642787609686539));
#1943=DIRECTION('ref_axis',(-7.4852655375733E-13,-0.642787609686539,0.766044443118978));
#1944=DIRECTION('center_axis',(-1.,6.23081352976597E-10,0.));
#1945=DIRECTION('ref_axis',(-6.23081352976597E-10,-1.,0.));
#1946=DIRECTION('',(0.,0.,1.));
#1947=DIRECTION('',(-6.2306935623498E-10,-1.,0.));
#1948=DIRECTION('',(0.,0.,1.));
#1949=DIRECTION('',(-6.23081352976597E-10,-1.,0.));
#1950=DIRECTION('',(0.,0.,1.));
#1951=DIRECTION('',(6.2306935623498E-10,1.,0.));
#1952=DIRECTION('center_axis',(0.,0.,1.));
#1953=DIRECTION('ref_axis',(-1.,0.,0.));
#1954=DIRECTION('center_axis',(0.,0.,-1.));
#1955=DIRECTION('ref_axis',(-1.,-3.68807206996271E-10,0.));
#1956=DIRECTION('',(3.68785613526359E-10,-1.,0.));
#1957=DIRECTION('center_axis',(0.,0.,1.));
#1958=DIRECTION('ref_axis',(-1.,0.,0.));
#1959=DIRECTION('center_axis',(0.,0.,-1.));
#1960=DIRECTION('ref_axis',(-6.23047292770494E-10,-1.,0.));
#1961=DIRECTION('center_axis',(0.,0.,1.));
#1962=DIRECTION('ref_axis',(-1.16450059471799E-12,-1.,0.));
#1963=DIRECTION('',(0.,0.,1.));
#1964=DIRECTION('center_axis',(0.,0.,-1.));
#1965=DIRECTION('ref_axis',(-1.16450059471799E-12,-1.,0.));
#1966=DIRECTION('center_axis',(1.11362020474154E-12,1.,0.));
#1967=DIRECTION('ref_axis',(-1.,1.11362020474154E-12,0.));
#1968=DIRECTION('',(0.,0.,1.));
#1969=DIRECTION('',(-1.,1.11362020474154E-12,0.));
#1970=DIRECTION('center_axis',(0.,-0.766044443118978,0.642787609686539));
#1971=DIRECTION('ref_axis',(0.,-0.642787609686539,-0.766044443118978));
#1972=DIRECTION('',(-5.07475598318715E-14,0.642787609686539,0.766044443118978));
#1973=DIRECTION('',(-1.,0.,0.));
#1974=DIRECTION('',(1.,6.77020367988244E-14,0.));
#1975=DIRECTION('',(-1.,0.,0.));
#1976=DIRECTION('',(6.37592379707139E-10,-0.642787609686539,-0.766044443118978));
#1977=DIRECTION('center_axis',(0.,0.766044443118978,-0.642787609686539));
#1978=DIRECTION('ref_axis',(-6.37592381112333E-10,0.642787609686539,0.766044443118978));
#1979=DIRECTION('',(1.,6.70849443494044E-14,7.99487234373854E-14));
#1980=DIRECTION('center_axis',(0.,0.766044443118978,-0.642787609686539));
#1981=DIRECTION('ref_axis',(-5.07475629665961E-14,0.642787609686539,0.766044443118978));
#1982=DIRECTION('center_axis',(1.,7.89491879854668E-14,0.));
#1983=DIRECTION('ref_axis',(-7.89491879854668E-14,1.,0.));
#1984=DIRECTION('',(0.,0.,1.));
#1985=DIRECTION('',(-7.31441051517789E-14,1.,0.));
#1986=DIRECTION('',(0.,0.,1.));
#1987=DIRECTION('',(-7.89491879854668E-14,1.,0.));
#1988=DIRECTION('',(0.,0.,1.));
#1989=DIRECTION('',(7.31441051517789E-14,-1.,0.));
#1990=DIRECTION('center_axis',(0.,0.,1.));
#1991=DIRECTION('ref_axis',(-1.,0.,0.));
#1992=DIRECTION('center_axis',(0.,0.,-1.));
#1993=DIRECTION('ref_axis',(1.,9.91873250200172E-10,0.));
#1994=DIRECTION('',(-9.91932170845943E-10,1.,0.));
#1995=DIRECTION('center_axis',(0.,0.,1.));
#1996=DIRECTION('ref_axis',(-1.,0.,0.));
#1997=DIRECTION('center_axis',(0.,0.,-1.));
#1998=DIRECTION('ref_axis',(-4.44089209850068E-14,1.,0.));
#1999=DIRECTION('center_axis',(0.,0.,1.));
#2000=DIRECTION('ref_axis',(-7.89491928622327E-14,1.,0.));
#2001=DIRECTION('',(0.,0.,1.));
#2002=DIRECTION('center_axis',(0.,0.,-1.));
#2003=DIRECTION('ref_axis',(-7.89491928622327E-14,1.,0.));
#2004=DIRECTION('center_axis',(6.70849443494044E-14,-1.,0.));
#2005=DIRECTION('ref_axis',(1.,6.70849443494044E-14,0.));
#2006=DIRECTION('',(0.,0.,1.));
#2007=DIRECTION('',(1.,6.70849443494044E-14,0.));
#2008=DIRECTION('center_axis',(-0.766044443118978,-2.1135524177873E-12,
-0.642787609686539));
#2009=DIRECTION('ref_axis',(0.642787609686539,1.78052564811355E-12,-0.766044443118978));
#2010=DIRECTION('',(-0.64278760968641,6.33698236921751E-7,0.766044443118824));
#2011=DIRECTION('',(2.7590467325654E-12,-1.,0.));
#2012=DIRECTION('',(0.642787609686539,-3.80606710698924E-14,-0.766044443118978));
#2013=DIRECTION('center_axis',(-0.766044443118978,-2.1135524177873E-12,
-0.642787609686539));
#2014=DIRECTION('ref_axis',(-0.642787609686539,2.53737814832981E-14,0.766044443118978));
#2015=DIRECTION('',(5.0659067127241E-14,1.,-3.3484769809165E-12));
#2016=DIRECTION('center_axis',(-0.766044443118978,-2.1135524177873E-12,
-0.642787609686539));
#2017=DIRECTION('ref_axis',(-0.642787609686539,2.53737814832973E-14,0.766044443118978));
#2018=DIRECTION('center_axis',(9.85859446218322E-7,0.999999999999514,0.));
#2019=DIRECTION('ref_axis',(-0.999999999999514,9.85859446218321E-7,0.));
#2020=DIRECTION('',(0.,0.,1.));
#2021=DIRECTION('',(-0.999999999999514,9.85859446218321E-7,0.));
#2022=DIRECTION('',(0.,0.,1.));
#2023=DIRECTION('',(-1.,-3.68890103652142E-10,0.));
#2024=DIRECTION('',(0.999999999999514,-9.85859446218321E-7,0.));
#2025=DIRECTION('center_axis',(0.,0.,1.));
#2026=DIRECTION('ref_axis',(-1.,3.94745964311152E-14,0.));
#2027=DIRECTION('',(0.,0.,1.));
#2028=DIRECTION('center_axis',(0.,0.,-1.));
#2029=DIRECTION('ref_axis',(-1.,1.97372982155575E-14,0.));
#2030=DIRECTION('center_axis',(1.,-5.0659067127241E-14,0.));
#2031=DIRECTION('ref_axis',(5.0659067127241E-14,1.,0.));
#2032=DIRECTION('',(0.,0.,1.));
#2033=DIRECTION('',(5.0659067127241E-14,1.,0.));
#2034=DIRECTION('center_axis',(-0.766044443118978,8.37778490329267E-13,
0.642787609686539));
#2035=DIRECTION('ref_axis',(-0.642787609686539,7.10024216117926E-13,-0.766044443118978));
#2036=DIRECTION('',(0.642787609686539,6.37668589497247E-10,0.766044443118978));
#2037=DIRECTION('',(1.09364214812162E-12,1.,0.));
#2038=DIRECTION('',(-0.642787609686539,4.00592036290487E-10,-0.766044443118978));
#2039=DIRECTION('center_axis',(0.766044443118978,-8.37778490329267E-13,
-0.642787609686539));
#2040=DIRECTION('ref_axis',(0.642787609686539,-4.00575888276847E-10,0.766044443118978));
#2041=DIRECTION('',(8.32315884136397E-13,-1.,2.29526740412916E-12));
#2042=DIRECTION('center_axis',(0.766044443118978,-8.37778490329267E-13,
-0.642787609686539));
#2043=DIRECTION('ref_axis',(0.642787609686539,5.01132184295172E-13,0.766044443118978));
#2044=DIRECTION('center_axis',(9.92036218321338E-10,-1.,0.));
#2045=DIRECTION('ref_axis',(1.,9.92036218321338E-10,0.));
#2046=DIRECTION('',(0.,0.,1.));
#2047=DIRECTION('',(1.,9.92056984119896E-10,0.));
#2048=DIRECTION('',(0.,0.,1.));
#2049=DIRECTION('',(1.,9.92036218321338E-10,0.));
#2050=DIRECTION('',(0.,0.,1.));
#2051=DIRECTION('',(-1.,-9.92056984119903E-10,0.));
#2052=DIRECTION('center_axis',(0.,0.,1.));
#2053=DIRECTION('ref_axis',(1.,7.79623279514602E-13,0.));
#2054=DIRECTION('',(0.,0.,1.));
#2055=DIRECTION('center_axis',(0.,0.,-1.));
#2056=DIRECTION('ref_axis',(1.,7.69754630406837E-13,0.));
#2057=DIRECTION('center_axis',(-1.,-8.32315884136397E-13,0.));
#2058=DIRECTION('ref_axis',(8.32315884136397E-13,-1.,0.));
#2059=DIRECTION('',(0.,0.,1.));
#2060=DIRECTION('',(8.32315884136397E-13,-1.,0.));
#2061=DIRECTION('center_axis',(0.,0.,1.));
#2062=DIRECTION('ref_axis',(-1.,0.,0.));
#2063=DIRECTION('center_axis',(0.,0.,-1.));
#2064=DIRECTION('ref_axis',(1.,9.91917659121121E-10,0.));
#2065=DIRECTION('',(9.91932170845943E-10,-1.,0.));
#2066=DIRECTION('center_axis',(0.,0.,1.));
#2067=DIRECTION('ref_axis',(-1.,-9.91930915515427E-10,0.));
#2068=DIRECTION('center_axis',(0.,0.,-1.));
#2069=DIRECTION('ref_axis',(-6.23185453858065E-10,-1.,0.));
#2070=DIRECTION('',(-1.,6.23194747147693E-10,0.));
#2071=DIRECTION('center_axis',(0.,0.,1.));
#2072=DIRECTION('ref_axis',(6.23193702281176E-10,1.,0.));
#2073=DIRECTION('center_axis',(0.,0.,-1.));
#2074=DIRECTION('ref_axis',(-1.,-3.68732205263058E-10,0.));
#2075=DIRECTION('',(-3.68785613526362E-10,1.,0.));
#2076=DIRECTION('center_axis',(0.,0.,1.));
#2077=DIRECTION('ref_axis',(1.,3.68782284974951E-10,0.));
#2078=DIRECTION('center_axis',(0.,0.,-1.));
#2079=DIRECTION('ref_axis',(4.44089209850059E-14,1.,0.));
#2080=DIRECTION('',(1.,-5.22457893942089E-14,0.));
#2081=DIRECTION('center_axis',(0.,0.,1.));
#2082=DIRECTION('ref_axis',(-5.03742984307534E-14,-1.,0.));
#2083=DIRECTION('center_axis',(0.,0.,-1.));
#2084=DIRECTION('ref_axis',(-1.,0.,0.));
#2085=DIRECTION('',(-1.,0.,0.));
#2086=DIRECTION('center_axis',(0.,0.,-1.));
#2087=DIRECTION('ref_axis',(0.,-1.,0.));
#2088=DIRECTION('',(0.,-1.,0.));
#2089=DIRECTION('center_axis',(0.,0.,-1.));
#2090=DIRECTION('ref_axis',(1.,0.,0.));
#2091=DIRECTION('',(1.,7.99009013764054E-16,0.));
#2092=DIRECTION('center_axis',(0.,0.,-1.));
#2093=DIRECTION('ref_axis',(-1.48029736616687E-14,1.,0.));
#2094=DIRECTION('',(0.,1.,0.));
#2095=DIRECTION('center_axis',(0.,0.,-1.));
#2096=DIRECTION('ref_axis',(-1.,8.88178419700132E-15,0.));
#2097=DIRECTION('',(-1.,0.,0.));
#2098=DIRECTION('center_axis',(0.,0.,-1.));
#2099=DIRECTION('ref_axis',(0.,-1.,0.));
#2100=DIRECTION('',(0.,-1.,0.));
#2101=DIRECTION('center_axis',(0.,0.,-1.));
#2102=DIRECTION('ref_axis',(1.,0.,0.));
#2103=DIRECTION('',(1.,0.,0.));
#2104=DIRECTION('center_axis',(0.,0.,-1.));
#2105=DIRECTION('ref_axis',(8.88178419700136E-15,1.,0.));
#2106=DIRECTION('',(2.64985506205658E-16,1.,0.));
#2107=DIRECTION('center_axis',(0.,1.,0.));
#2108=DIRECTION('ref_axis',(-1.,0.,0.));
#2109=DIRECTION('',(0.,0.,1.));
#2110=DIRECTION('',(-1.,0.,0.));
#2111=DIRECTION('',(0.,0.,1.));
#2112=DIRECTION('center_axis',(0.,0.,1.));
#2113=DIRECTION('ref_axis',(0.,-1.,0.));
#2114=DIRECTION('center_axis',(0.,0.,-1.));
#2115=DIRECTION('ref_axis',(0.,-1.,0.));
#2116=DIRECTION('',(0.,0.,1.));
#2117=DIRECTION('center_axis',(-1.,0.,0.));
#2118=DIRECTION('ref_axis',(0.,-1.,0.));
#2119=DIRECTION('',(0.,-1.,0.));
#2120=DIRECTION('',(0.,0.,1.));
#2121=DIRECTION('center_axis',(0.,0.,1.));
#2122=DIRECTION('ref_axis',(1.,0.,0.));
#2123=DIRECTION('center_axis',(0.,0.,-1.));
#2124=DIRECTION('ref_axis',(1.,0.,0.));
#2125=DIRECTION('',(0.,0.,1.));
#2126=DIRECTION('center_axis',(7.99009013764054E-16,-1.,0.));
#2127=DIRECTION('ref_axis',(1.,7.99009013764054E-16,0.));
#2128=DIRECTION('',(1.,7.99009013764054E-16,0.));
#2129=DIRECTION('',(0.,0.,1.));
#2130=DIRECTION('center_axis',(0.,0.,1.));
#2131=DIRECTION('ref_axis',(-1.48029736616687E-14,1.,0.));
#2132=DIRECTION('center_axis',(0.,0.,-1.));
#2133=DIRECTION('ref_axis',(-1.48029736616687E-14,1.,0.));
#2134=DIRECTION('',(0.,0.,1.));
#2135=DIRECTION('center_axis',(1.,0.,0.));
#2136=DIRECTION('ref_axis',(0.,1.,0.));
#2137=DIRECTION('',(0.,1.,0.));
#2138=DIRECTION('',(0.,0.,1.));
#2139=DIRECTION('center_axis',(0.,0.,1.));
#2140=DIRECTION('ref_axis',(-1.,0.,0.));
#2141=DIRECTION('center_axis',(0.,0.,-1.));
#2142=DIRECTION('ref_axis',(-1.,0.,0.));
#2143=DIRECTION('center_axis',(0.,1.,0.));
#2144=DIRECTION('ref_axis',(-1.,0.,0.));
#2145=DIRECTION('',(0.,0.,1.));
#2146=DIRECTION('',(-1.,0.,0.));
#2147=DIRECTION('',(0.,0.,1.));
#2148=DIRECTION('center_axis',(0.,0.,1.));
#2149=DIRECTION('ref_axis',(0.,-1.,0.));
#2150=DIRECTION('center_axis',(0.,0.,-1.));
#2151=DIRECTION('ref_axis',(0.,-1.,0.));
#2152=DIRECTION('',(0.,0.,1.));
#2153=DIRECTION('center_axis',(-1.,0.,0.));
#2154=DIRECTION('ref_axis',(0.,-1.,0.));
#2155=DIRECTION('',(0.,-1.,0.));
#2156=DIRECTION('',(0.,0.,1.));
#2157=DIRECTION('center_axis',(0.,0.,1.));
#2158=DIRECTION('ref_axis',(1.,0.,0.));
#2159=DIRECTION('center_axis',(0.,0.,-1.));
#2160=DIRECTION('ref_axis',(1.,0.,0.));
#2161=DIRECTION('',(0.,0.,1.));
#2162=DIRECTION('center_axis',(0.,-1.,0.));
#2163=DIRECTION('ref_axis',(1.,0.,0.));
#2164=DIRECTION('',(1.,0.,0.));
#2165=DIRECTION('',(0.,0.,1.));
#2166=DIRECTION('center_axis',(0.,0.,1.));
#2167=DIRECTION('ref_axis',(8.88178419700136E-15,1.,0.));
#2168=DIRECTION('center_axis',(0.,0.,-1.));
#2169=DIRECTION('ref_axis',(8.88178419700136E-15,1.,0.));
#2170=DIRECTION('',(0.,0.,1.));
#2171=DIRECTION('center_axis',(1.,-2.64985506205658E-16,0.));
#2172=DIRECTION('ref_axis',(2.64985506205658E-16,1.,0.));
#2173=DIRECTION('',(2.64985506205658E-16,1.,0.));
#2174=DIRECTION('',(0.,0.,1.));
#2175=DIRECTION('center_axis',(0.,0.,1.));
#2176=DIRECTION('ref_axis',(-1.,8.88178419700132E-15,0.));
#2177=DIRECTION('center_axis',(0.,0.,-1.));
#2178=DIRECTION('ref_axis',(-1.,8.88178419700132E-15,0.));
#2179=DIRECTION('center_axis',(0.,0.,1.));
#2180=DIRECTION('ref_axis',(-1.,0.,0.));
#2181=DIRECTION('center_axis',(0.,0.,-1.));
#2182=DIRECTION('ref_axis',(-0.999999999999999,5.01718858323107E-8,0.));
#2183=DIRECTION('',(-1.,1.11348342810901E-12,0.));
#2184=DIRECTION('center_axis',(0.,0.,-1.));
#2185=DIRECTION('ref_axis',(-5.01824273999412E-8,-0.999999999999999,0.));
#2186=DIRECTION('',(8.32702292221893E-13,-1.,0.));
#2187=DIRECTION('center_axis',(0.,0.,-1.));
#2188=DIRECTION('ref_axis',(0.999999999999999,-5.0182656383969E-8,0.));
#2189=DIRECTION('',(1.,6.71567818784089E-14,0.));
#2190=DIRECTION('center_axis',(0.,0.,-1.));
#2191=DIRECTION('ref_axis',(5.01821741308499E-8,0.999999999999999,0.));
#2192=DIRECTION('',(5.07130265451555E-14,1.,0.));
#2193=DIRECTION('center_axis',(0.,0.,1.));
#2194=DIRECTION('ref_axis',(-1.,0.,0.));
#2195=DIRECTION('center_axis',(0.,0.,-1.));
#2196=DIRECTION('ref_axis',(-1.,0.,0.));
#2197=DIRECTION('center_axis',(0.,0.,1.));
#2198=DIRECTION('ref_axis',(-1.,0.,0.));
#2199=DIRECTION('center_axis',(0.,0.,-1.));
#2200=DIRECTION('ref_axis',(-1.,0.,0.));
#2201=DIRECTION('center_axis',(0.,0.,1.));
#2202=DIRECTION('ref_axis',(-1.,0.,0.));
#2203=DIRECTION('center_axis',(0.,0.,-1.));
#2204=DIRECTION('ref_axis',(-1.,0.,0.));
#2205=DIRECTION('center_axis',(0.,0.,1.));
#2206=DIRECTION('ref_axis',(-1.,0.,0.));
#2207=DIRECTION('center_axis',(0.,0.,-1.));
#2208=DIRECTION('ref_axis',(-1.,0.,0.));
#2209=DIRECTION('center_axis',(0.,0.,1.));
#2210=DIRECTION('ref_axis',(3.94745964311163E-14,1.,0.));
#2211=DIRECTION('',(0.,0.,1.));
#2212=DIRECTION('center_axis',(0.,0.,1.));
#2213=DIRECTION('ref_axis',(-1.,-3.68751942561277E-10,0.));
#2214=DIRECTION('',(0.,0.,1.));
#2215=DIRECTION('center_axis',(0.,0.,1.));
#2216=DIRECTION('ref_axis',(-6.23185453858065E-10,-1.,0.));
#2217=DIRECTION('',(0.,0.,1.));
#2218=DIRECTION('center_axis',(0.,0.,1.));
#2219=DIRECTION('ref_axis',(1.,9.91917659121121E-10,0.));
#2220=DIRECTION('',(0.,0.,1.));
#2221=DIRECTION('center_axis',(0.,0.,1.));
#2222=DIRECTION('ref_axis',(-1.,0.,0.));
#2223=DIRECTION('center_axis',(0.,0.,-1.));
#2224=DIRECTION('ref_axis',(-1.,-3.68878261269862E-10,0.));
#2225=DIRECTION('',(-3.68905416321998E-10,1.,0.));
#2226=DIRECTION('center_axis',(0.,0.,-1.));
#2227=DIRECTION('ref_axis',(4.4408920985006E-14,1.,0.));
#2228=DIRECTION('',(-1.,5.22457893942089E-14,0.));
#2229=DIRECTION('center_axis',(0.,0.,1.));
#2230=DIRECTION('ref_axis',(-1.,0.,0.));
#2231=DIRECTION('center_axis',(0.,0.,-1.));
#2232=DIRECTION('ref_axis',(1.,9.92068649452435E-10,0.));
#2233=DIRECTION('',(9.92053730000298E-10,-1.,0.));
#2234=DIRECTION('center_axis',(0.,0.,-1.));
#2235=DIRECTION('ref_axis',(-6.23205191156268E-10,-1.,0.));
#2236=DIRECTION('',(1.,-6.23194747147693E-10,0.));
#2237=DIRECTION('center_axis',(0.,0.,1.));
#2238=DIRECTION('ref_axis',(-1.,0.,0.));
#2239=DIRECTION('',(0.,0.,-1.));
#2240=DIRECTION('center_axis',(0.,0.,-1.));
#2241=DIRECTION('ref_axis',(-1.,0.,0.));
#2242=DIRECTION('center_axis',(0.,0.,1.));
#2243=DIRECTION('ref_axis',(-1.,0.,0.));
#2244=DIRECTION('',(0.,0.,-1.));
#2245=DIRECTION('center_axis',(0.,0.,-1.));
#2246=DIRECTION('ref_axis',(-1.,0.,0.));
#2247=DIRECTION('center_axis',(1.,3.68905416321998E-10,0.));
#2248=DIRECTION('ref_axis',(-3.68905416321998E-10,1.,0.));
#2249=DIRECTION('',(-3.68905416321998E-10,1.,0.));
#2250=DIRECTION('',(0.,0.,1.));
#2251=DIRECTION('',(0.,0.,1.));
#2252=DIRECTION('center_axis',(0.,0.,1.));
#2253=DIRECTION('ref_axis',(-1.,-3.68878261269862E-10,0.));
#2254=DIRECTION('center_axis',(0.,0.,-1.));
#2255=DIRECTION('ref_axis',(-1.,-3.68878261269862E-10,0.));
#2256=DIRECTION('',(0.,0.,1.));
#2257=DIRECTION('center_axis',(-3.68890103652142E-10,1.,0.));
#2258=DIRECTION('ref_axis',(-1.,-3.68890103652142E-10,0.));
#2259=DIRECTION('',(-1.,-3.68890103652142E-10,0.));
#2260=DIRECTION('',(0.,0.,1.));
#2261=DIRECTION('center_axis',(0.,0.,1.));
#2262=DIRECTION('ref_axis',(1.,3.68782284974951E-10,0.));
#2263=DIRECTION('center_axis',(0.,0.,1.));
#2264=DIRECTION('ref_axis',(1.,3.68782284974951E-10,0.));
#2265=DIRECTION('',(0.,0.,1.));
#2266=DIRECTION('center_axis',(1.,3.68791416344926E-10,0.));
#2267=DIRECTION('ref_axis',(-3.68791416344926E-10,1.,0.));
#2268=DIRECTION('',(0.,0.,1.));
#2269=DIRECTION('',(-3.68791416344926E-10,1.,0.));
#2270=DIRECTION('center_axis',(0.,0.,1.));
#2271=DIRECTION('ref_axis',(-1.,-3.68807206996271E-10,0.));
#2272=DIRECTION('center_axis',(0.,0.,-1.));
#2273=DIRECTION('ref_axis',(-1.,-3.68807206996271E-10,0.));
#2274=DIRECTION('',(0.,0.,1.));
#2275=DIRECTION('center_axis',(6.23084307006967E-10,1.,0.));
#2276=DIRECTION('ref_axis',(-1.,6.23084307006967E-10,0.));
#2277=DIRECTION('',(-1.,6.23084307006967E-10,0.));
#2278=DIRECTION('',(0.,0.,1.));
#2279=DIRECTION('center_axis',(0.,0.,1.));
#2280=DIRECTION('ref_axis',(-6.23047292770494E-10,-1.,0.));
#2281=DIRECTION('center_axis',(0.,0.,-1.));
#2282=DIRECTION('ref_axis',(-6.23047292770494E-10,-1.,0.));
#2283=DIRECTION('center_axis',(0.,0.,1.));
#2284=DIRECTION('ref_axis',(6.23193702281176E-10,1.,0.));
#2285=DIRECTION('center_axis',(0.,0.,1.));
#2286=DIRECTION('ref_axis',(6.23193702281176E-10,1.,0.));
#2287=DIRECTION('',(0.,0.,1.));
#2288=DIRECTION('center_axis',(6.23210575707642E-10,1.,0.));
#2289=DIRECTION('ref_axis',(-1.,6.23210575707642E-10,0.));
#2290=DIRECTION('',(0.,0.,1.));
#2291=DIRECTION('',(-1.,6.23210575707642E-10,0.));
#2292=DIRECTION('center_axis',(0.,0.,1.));
#2293=DIRECTION('ref_axis',(-6.23205191156268E-10,-1.,0.));
#2294=DIRECTION('center_axis',(0.,0.,-1.));
#2295=DIRECTION('ref_axis',(-6.23205191156268E-10,-1.,0.));
#2296=DIRECTION('',(0.,0.,1.));
#2297=DIRECTION('center_axis',(-1.,-9.92053730000298E-10,0.));
#2298=DIRECTION('ref_axis',(9.92053730000298E-10,-1.,0.));
#2299=DIRECTION('',(9.92053730000298E-10,-1.,0.));
#2300=DIRECTION('',(0.,0.,1.));
#2301=DIRECTION('center_axis',(0.,0.,1.));
#2302=DIRECTION('ref_axis',(1.,9.92068649452435E-10,0.));
#2303=DIRECTION('center_axis',(0.,0.,-1.));
#2304=DIRECTION('ref_axis',(1.,9.92068649452435E-10,0.));
#2305=DIRECTION('center_axis',(0.,0.,1.));
#2306=DIRECTION('ref_axis',(-1.,-9.91930915515427E-10,0.));
#2307=DIRECTION('center_axis',(0.,0.,1.));
#2308=DIRECTION('ref_axis',(-1.,-9.91930915515427E-10,0.));
#2309=DIRECTION('',(0.,0.,1.));
#2310=DIRECTION('center_axis',(-1.,-9.91917656935028E-10,0.));
#2311=DIRECTION('ref_axis',(9.91917656935028E-10,-1.,0.));
#2312=DIRECTION('',(0.,0.,1.));
#2313=DIRECTION('',(9.91917656935028E-10,-1.,0.));
#2314=DIRECTION('center_axis',(0.,0.,1.));
#2315=DIRECTION('ref_axis',(1.,9.91873250200172E-10,0.));
#2316=DIRECTION('center_axis',(0.,0.,-1.));
#2317=DIRECTION('ref_axis',(1.,9.91873250200172E-10,0.));
#2318=DIRECTION('',(0.,0.,1.));
#2319=DIRECTION('center_axis',(6.77020367988244E-14,-1.,0.));
#2320=DIRECTION('ref_axis',(1.,6.77020367988244E-14,0.));
#2321=DIRECTION('',(1.,6.77020367988244E-14,0.));
#2322=DIRECTION('',(0.,0.,1.));
#2323=DIRECTION('center_axis',(0.,0.,1.));
#2324=DIRECTION('ref_axis',(-4.44089209850068E-14,1.,0.));
#2325=DIRECTION('center_axis',(0.,0.,-1.));
#2326=DIRECTION('ref_axis',(-4.44089209850068E-14,1.,0.));
#2327=DIRECTION('center_axis',(0.,0.,1.));
#2328=DIRECTION('ref_axis',(-5.03742984307534E-14,-1.,0.));
#2329=DIRECTION('center_axis',(0.,0.,1.));
#2330=DIRECTION('ref_axis',(-5.03742984307534E-14,-1.,0.));
#2331=DIRECTION('',(0.,0.,1.));
#2332=DIRECTION('center_axis',(-5.92118928497283E-14,-1.,0.));
#2333=DIRECTION('ref_axis',(1.,-5.92118928497283E-14,0.));
#2334=DIRECTION('',(0.,0.,1.));
#2335=DIRECTION('',(1.,-5.92118928497283E-14,0.));
#2336=DIRECTION('center_axis',(0.,0.,1.));
#2337=DIRECTION('ref_axis',(4.4408920985006E-14,1.,0.));
#2338=DIRECTION('center_axis',(0.,0.,-1.));
#2339=DIRECTION('ref_axis',(4.4408920985006E-14,1.,0.));
#2340=DIRECTION('center_axis',(0.,0.,1.));
#2341=DIRECTION('ref_axis',(-1.,0.,0.));
#2342=DIRECTION('',(0.,0.,-1.));
#2343=DIRECTION('center_axis',(0.,0.,-1.));
#2344=DIRECTION('ref_axis',(-1.,0.,0.));
#2345=DIRECTION('center_axis',(0.,0.,1.));
#2346=DIRECTION('ref_axis',(-1.,0.,0.));
#2347=DIRECTION('',(0.,0.,-1.));
#2348=DIRECTION('center_axis',(0.,0.,-1.));
#2349=DIRECTION('ref_axis',(-1.,0.,0.));
#2350=DIRECTION('center_axis',(-1.11348342810901E-12,-1.,0.));
#2351=DIRECTION('ref_axis',(1.,-1.11348342810901E-12,0.));
#2352=DIRECTION('',(-1.,1.11348342810901E-12,0.));
#2353=DIRECTION('',(0.,0.,1.));
#2354=DIRECTION('',(0.,0.,1.));
#2355=DIRECTION('center_axis',(0.,0.,1.));
#2356=DIRECTION('ref_axis',(-0.999999999999999,5.01718858323107E-8,0.));
#2357=DIRECTION('center_axis',(0.,0.,-1.));
#2358=DIRECTION('ref_axis',(-0.999999999999999,5.01718858323107E-8,0.));
#2359=DIRECTION('',(0.,0.,1.));
#2360=DIRECTION('center_axis',(-1.,5.07130265451555E-14,0.));
#2361=DIRECTION('ref_axis',(-5.07130265451555E-14,-1.,0.));
#2362=DIRECTION('',(5.07130265451555E-14,1.,0.));
#2363=DIRECTION('',(0.,0.,1.));
#2364=DIRECTION('center_axis',(0.,0.,1.));
#2365=DIRECTION('ref_axis',(5.01821741308499E-8,0.999999999999999,0.));
#2366=DIRECTION('center_axis',(0.,0.,-1.));
#2367=DIRECTION('ref_axis',(5.01821741308499E-8,0.999999999999999,0.));
#2368=DIRECTION('',(0.,0.,1.));
#2369=DIRECTION('center_axis',(-6.71567818784089E-14,1.,0.));
#2370=DIRECTION('ref_axis',(-1.,-6.71567818784089E-14,0.));
#2371=DIRECTION('',(1.,6.71567818784089E-14,0.));
#2372=DIRECTION('',(0.,0.,1.));
#2373=DIRECTION('center_axis',(0.,0.,1.));
#2374=DIRECTION('ref_axis',(0.999999999999999,-5.0182656383969E-8,0.));
#2375=DIRECTION('center_axis',(0.,0.,-1.));
#2376=DIRECTION('ref_axis',(0.999999999999999,-5.0182656383969E-8,0.));
#2377=DIRECTION('',(0.,0.,1.));
#2378=DIRECTION('center_axis',(1.,8.32702292221893E-13,0.));
#2379=DIRECTION('ref_axis',(-8.32702292221893E-13,1.,0.));
#2380=DIRECTION('',(8.32702292221893E-13,-1.,0.));
#2381=DIRECTION('',(0.,0.,1.));
#2382=DIRECTION('center_axis',(0.,0.,1.));
#2383=DIRECTION('ref_axis',(-5.01824273999412E-8,-0.999999999999999,0.));
#2384=DIRECTION('center_axis',(0.,0.,-1.));
#2385=DIRECTION('ref_axis',(-5.01824273999412E-8,-0.999999999999999,0.));
#2386=DIRECTION('center_axis',(0.,0.,1.));
#2387=DIRECTION('ref_axis',(-1.,0.,0.));
#2388=CARTESIAN_POINT('',(0.,0.,0.));
#2389=CARTESIAN_POINT('Origin',(70.01,-78.87,8.25));
#2390=CARTESIAN_POINT('',(70.01,-77.87,8.25));
#2391=CARTESIAN_POINT('',(71.01,-78.87,8.25));
#2392=CARTESIAN_POINT('Origin',(70.01,-78.87,8.25));
#2393=CARTESIAN_POINT('',(70.01,-77.87,7.25));
#2394=CARTESIAN_POINT('',(70.01,-77.87,8.25));
#2395=CARTESIAN_POINT('',(71.01,-78.87,7.25));
#2396=CARTESIAN_POINT('Origin',(70.01,-78.87,7.25));
#2397=CARTESIAN_POINT('',(71.01,-78.87,8.25));
#2398=CARTESIAN_POINT('Origin',(47.63,-77.87,8.25));
#2399=CARTESIAN_POINT('',(47.63,-77.87,8.25));
#2400=CARTESIAN_POINT('',(58.6275000000165,-77.87,8.25));
#2401=CARTESIAN_POINT('',(47.63,-77.87,7.25));
#2402=CARTESIAN_POINT('',(47.63,-77.87,8.25));
#2403=CARTESIAN_POINT('',(58.6275000000165,-77.87,7.25));
#2404=CARTESIAN_POINT('Origin',(47.63,-78.87,8.25));
#2405=CARTESIAN_POINT('',(46.63,-78.87,8.25));
#2406=CARTESIAN_POINT('Origin',(47.63,-78.87,8.25));
#2407=CARTESIAN_POINT('',(46.63,-78.87,7.25));
#2408=CARTESIAN_POINT('',(46.63,-78.87,8.25));
#2409=CARTESIAN_POINT('Origin',(47.63,-78.87,7.25));
#2410=CARTESIAN_POINT('Origin',(46.63,-84.45,8.25));
#2411=CARTESIAN_POINT('',(46.63,-84.45,8.25));
#2412=CARTESIAN_POINT('',(46.63,-99.037499999999,8.25));
#2413=CARTESIAN_POINT('',(46.63,-84.45,7.25));
#2414=CARTESIAN_POINT('',(46.63,-84.45,8.25));
#2415=CARTESIAN_POINT('',(46.63,-99.037499999999,7.25));
#2416=CARTESIAN_POINT('Origin',(47.63,-84.45,8.25));
#2417=CARTESIAN_POINT('',(47.63,-85.45,8.25));
#2418=CARTESIAN_POINT('Origin',(47.63,-84.45,8.25));
#2419=CARTESIAN_POINT('',(47.63,-85.45,7.25));
#2420=CARTESIAN_POINT('',(47.63,-85.45,8.25));
#2421=CARTESIAN_POINT('Origin',(47.63,-84.45,7.25));
#2422=CARTESIAN_POINT('Origin',(70.01,-85.45,8.25));
#2423=CARTESIAN_POINT('',(70.01,-85.45,8.25));
#2424=CARTESIAN_POINT('',(69.8175000000165,-85.45,8.25));
#2425=CARTESIAN_POINT('',(70.01,-85.45,7.25));
#2426=CARTESIAN_POINT('',(70.01,-85.45,8.25));
#2427=CARTESIAN_POINT('',(69.8175000000165,-85.45,7.25));
#2428=CARTESIAN_POINT('Origin',(70.01,-84.45,8.25));
#2429=CARTESIAN_POINT('',(71.01,-84.45,8.25));
#2430=CARTESIAN_POINT('Origin',(70.01,-84.45,8.25));
#2431=CARTESIAN_POINT('',(71.01,-84.45,7.25));
#2432=CARTESIAN_POINT('',(71.01,-84.45,8.25));
#2433=CARTESIAN_POINT('Origin',(70.01,-84.45,7.25));
#2434=CARTESIAN_POINT('Origin',(71.01,-78.87,8.25));
#2435=CARTESIAN_POINT('',(71.01,-96.247499999999,8.25));
#2436=CARTESIAN_POINT('',(71.01,-96.247499999999,7.25));
#2437=CARTESIAN_POINT('Origin',(69.6249999998231,-158.449999999988,5.53350522863557));
#2438=CARTESIAN_POINT('',(97.650000017582,-156.450001582714,3.14999992959201));
#2439=CARTESIAN_POINT('',(97.6500000168966,-157.550000000558,4.46092699590598));
#2440=CARTESIAN_POINT('',(97.6500000173756,-156.781145045974,3.54464134159693));
#2441=CARTESIAN_POINT('',(96.7500000175819,-156.450000044702,3.15));
#2442=CARTESIAN_POINT('',(69.6249999998825,-156.450001641731,3.15));
#2443=CARTESIAN_POINT('',(42.6000000148043,-156.450000010962,3.15));
#2444=CARTESIAN_POINT('',(42.6000000148043,-156.450000010962,3.15));
#2445=CARTESIAN_POINT('',(41.6000000157961,-156.450001582589,3.14999992959201));
#2446=CARTESIAN_POINT('',(69.6249999998825,-156.450001641731,3.15));
#2447=CARTESIAN_POINT('',(41.6000000162018,-157.550000000269,4.46092699570994));
#2448=CARTESIAN_POINT('',(41.6000000159525,-156.874109623174,3.65543221060733));
#2449=CARTESIAN_POINT('',(42.5000000161998,-158.449999999927,5.53350522863557));
#2450=CARTESIAN_POINT('Origin',(42.5000000162018,-157.549999999937,4.46092699531204));
#2451=CARTESIAN_POINT('',(96.7500000168956,-158.449999999997,5.53350522857485));
#2452=CARTESIAN_POINT('',(83.1875000083609,-158.449999999982,5.53350522859285));
#2453=CARTESIAN_POINT('Origin',(96.7500000168966,-157.549999999997,4.4609269952401));
#2454=CARTESIAN_POINT('Origin',(97.6500000184854,-155.000000017465,1.65));
#2455=CARTESIAN_POINT('',(97.6500000168966,-157.550000000558,7.25));
#2456=CARTESIAN_POINT('',(97.6500000168966,-157.550000000558,3.15));
#2457=CARTESIAN_POINT('',(97.6500000184854,-155.000000017465,7.25));
#2458=CARTESIAN_POINT('',(97.6500000184854,-155.000000017465,7.25));
#2459=CARTESIAN_POINT('',(97.6500000184854,-155.000000017465,1.65));
#2460=CARTESIAN_POINT('',(97.6500000184854,-155.000000017465,1.65));
#2461=CARTESIAN_POINT('',(97.6500000181427,-155.550000045263,1.65));
#2462=CARTESIAN_POINT('',(97.6500000181427,-155.550000045263,1.65));
#2463=CARTESIAN_POINT('',(97.6500000181427,-155.550000045263,3.15));
#2464=CARTESIAN_POINT('',(97.6500000181427,-155.550000045263,1.65));
#2465=CARTESIAN_POINT('',(97.6500000313752,-134.312500017462,3.15));
#2466=CARTESIAN_POINT('Origin',(69.625000000033,-113.624999999998,3.15));
#2467=CARTESIAN_POINT('',(41.6000000154273,-155.450000011331,3.15));
#2468=CARTESIAN_POINT('Origin',(42.6000000154274,-155.450000010962,3.15));
#2469=CARTESIAN_POINT('',(41.6000000081024,-135.587500005301,3.15));
#2470=CARTESIAN_POINT('Origin',(69.625000000033,-113.624999999998,3.15));
#2471=CARTESIAN_POINT('Origin',(96.7500000181427,-155.550000044702,3.15));
#2472=CARTESIAN_POINT('Origin',(96.7500000168966,-157.549999999997,3.15));
#2473=CARTESIAN_POINT('',(96.7500000168956,-158.449999999997,7.25));
#2474=CARTESIAN_POINT('',(96.7500000168956,-158.449999999997,3.15));
#2475=CARTESIAN_POINT('Origin',(96.7500000168966,-157.549999999997,7.25));
#2476=CARTESIAN_POINT('Origin',(96.7500000168956,-158.449999999997,3.15));
#2477=CARTESIAN_POINT('',(42.5000000162008,-158.449999999937,7.25));
#2478=CARTESIAN_POINT('',(42.5000000162008,-158.449999999937,3.15));
#2479=CARTESIAN_POINT('',(96.7500000168956,-158.449999999997,7.25));
#2480=CARTESIAN_POINT('Origin',(69.6249999999229,-68.7999999999772,5.53350522863557));
#2481=CARTESIAN_POINT('',(41.5999999999999,-70.7999984173138,3.14999992959201));
#2482=CARTESIAN_POINT('',(41.5999999999998,-69.6999999999999,4.46092699527379));
#2483=CARTESIAN_POINT('',(41.5999999999999,-70.4688549612506,3.54464133301942));
#2484=CARTESIAN_POINT('',(42.5999999999999,-70.7999999722028,3.15));
#2485=CARTESIAN_POINT('',(69.6249999999779,-70.7999983582345,3.15));
#2486=CARTESIAN_POINT('',(96.6500000027776,-70.7999999721991,3.15));
#2487=CARTESIAN_POINT('',(96.6500000027776,-70.7999999721991,3.15));
#2488=CARTESIAN_POINT('',(97.6500000017857,-70.7999984173138,3.14999992959201));
#2489=CARTESIAN_POINT('',(69.6249999999779,-70.7999983582345,3.15));
#2490=CARTESIAN_POINT('',(97.6500000007938,-69.7999999990043,4.34175163720092));
#2491=CARTESIAN_POINT('',(97.6500000013651,-70.3758903695466,3.65543221916667));
#2492=CARTESIAN_POINT('',(96.6500000007938,-68.7999999999772,5.53350522863557));
#2493=CARTESIAN_POINT('Origin',(96.6500000007938,-69.7999999999962,4.3417516360188));
#2494=CARTESIAN_POINT('',(42.4999999999998,-68.7999999999998,5.53350522860866));
#2495=CARTESIAN_POINT('',(56.0624999999612,-68.7999999999989,5.53350522860974));
#2496=CARTESIAN_POINT('Origin',(42.4999999999998,-69.6999999999998,4.46092699527386));
#2497=CARTESIAN_POINT('Origin',(41.6,-72.2499999999998,1.65));
#2498=CARTESIAN_POINT('',(41.5999999999998,-69.6999999999999,7.25));
#2499=CARTESIAN_POINT('',(41.5999999999998,-69.6999999999999,3.15));
#2500=CARTESIAN_POINT('',(41.6,-72.2499999999998,7.25));
#2501=CARTESIAN_POINT('',(41.6,-72.2499999999998,7.25));
#2502=CARTESIAN_POINT('',(41.6,-72.2499999999998,1.65));
#2503=CARTESIAN_POINT('',(41.6,-72.2499999999998,1.65));
#2504=CARTESIAN_POINT('',(41.6,-71.7999999722028,1.65));
#2505=CARTESIAN_POINT('',(41.6,-71.7999999722028,1.65));
#2506=CARTESIAN_POINT('',(41.6,-71.7999999722028,3.15));
#2507=CARTESIAN_POINT('',(41.6,-71.7999999722028,1.65));
#2508=CARTESIAN_POINT('',(41.6000000000015,-92.9374999999999,3.15));
#2509=CARTESIAN_POINT('Origin',(69.625000000033,-113.624999999998,3.15));
#2510=CARTESIAN_POINT('',(97.6500000027777,-71.7999999712072,3.15));
#2511=CARTESIAN_POINT('Origin',(96.6500000027777,-71.7999999721991,3.15));
#2512=CARTESIAN_POINT('',(97.6500000225295,-91.7124999856017,3.15));
#2513=CARTESIAN_POINT('Origin',(69.625000000033,-113.624999999998,3.15));
#2514=CARTESIAN_POINT('Origin',(42.5999999999999,-71.7999999722028,3.15));
#2515=CARTESIAN_POINT('Origin',(42.4999999999998,-69.6999999999998,3.15));
#2516=CARTESIAN_POINT('',(42.4999999999998,-68.7999999999998,7.25));
#2517=CARTESIAN_POINT('',(42.4999999999998,-68.7999999999998,3.15));
#2518=CARTESIAN_POINT('Origin',(42.4999999999998,-69.6999999999998,7.25));
#2519=CARTESIAN_POINT('Origin',(42.4999999999998,-68.7999999999998,3.15));
#2520=CARTESIAN_POINT('',(96.6500000007937,-68.7999999999962,7.25));
#2521=CARTESIAN_POINT('',(96.6500000007937,-68.7999999999962,3.15));
#2522=CARTESIAN_POINT('',(42.4999999999998,-68.7999999999998,7.25));
#2523=CARTESIAN_POINT('Origin',(34.8000000000742,-113.625000000079,5.5334930449119));
#2524=CARTESIAN_POINT('',(36.7999880095348,-151.649998582066,3.15000014961697));
#2525=CARTESIAN_POINT('',(35.6999991127266,-151.649997497632,4.46091586920185));
#2526=CARTESIAN_POINT('',(36.0995413128253,-151.649997891524,3.98476001684126));
#2527=CARTESIAN_POINT('',(36.7999880093249,-75.5999999999999,3.15000014961697));
#2528=CARTESIAN_POINT('',(36.7999881349734,-113.625000000081,3.15));
#2529=CARTESIAN_POINT('',(35.7000000000039,-75.5999999999999,4.46091481153587));
#2530=CARTESIAN_POINT('',(36.3758873787759,-75.5999999999999,3.65542359969534));
#2531=CARTESIAN_POINT('',(34.7999999999718,-76.5000000000024,5.5334930449119));
#2532=CARTESIAN_POINT('Origin',(35.7000000000039,-76.4999999999999,4.46091481153883));
#2533=CARTESIAN_POINT('',(34.8000000000001,-150.749997497632,5.53349304512229));
#2534=CARTESIAN_POINT('',(34.800000000001,-132.187498748852,5.53349304506015));
#2535=CARTESIAN_POINT('Origin',(35.7000000000001,-150.749997497632,4.46091481178746));
#2536=CARTESIAN_POINT('Origin',(38.2500000140255,-151.650000011574,3.15));
#2537=CARTESIAN_POINT('',(35.6999991127266,-151.649997497632,7.25));
#2538=CARTESIAN_POINT('',(35.6999991127266,-151.649997497632,3.15));
#2539=CARTESIAN_POINT('',(38.2500000140256,-151.650000011574,7.25));
#2540=CARTESIAN_POINT('',(38.2500000140256,-151.650000011574,7.25));
#2541=CARTESIAN_POINT('',(38.2500000140256,-151.650000011574,3.15));
#2542=CARTESIAN_POINT('',(38.2500000140256,-151.650000011574,3.15));
#2543=CARTESIAN_POINT('',(37.8000000140296,-151.65000001174,3.15));
#2544=CARTESIAN_POINT('',(37.8000000140296,-151.65000001174,3.15));
#2545=CARTESIAN_POINT('',(53.9374812633613,-151.650015477226,3.15));
#2546=CARTESIAN_POINT('Origin',(35.7000000000001,-150.749997497632,3.15));
#2547=CARTESIAN_POINT('',(34.8000000000001,-150.749997497632,7.25));
#2548=CARTESIAN_POINT('',(34.8000000000001,-150.749997497632,3.15));
#2549=CARTESIAN_POINT('Origin',(35.7000000000001,-150.749997497632,7.25));
#2550=CARTESIAN_POINT('Origin',(34.8000000000001,-150.749997497632,3.15));
#2551=CARTESIAN_POINT('',(34.8000000000039,-76.4999999999998,7.25));
#2552=CARTESIAN_POINT('',(34.8000000000039,-76.4999999999998,3.15));
#2553=CARTESIAN_POINT('',(34.8000000000001,-150.749997497632,7.25));
#2554=CARTESIAN_POINT('Origin',(104.449999999961,-113.625000000021,5.5334930449119));
#2555=CARTESIAN_POINT('',(102.450011990647,-75.5999999674375,3.15000014961697));
#2556=CARTESIAN_POINT('',(103.549999999109,-75.5999999663462,4.46091481051284));
#2557=CARTESIAN_POINT('',(102.781148031941,-75.599999967109,3.54463271646701));
#2558=CARTESIAN_POINT('',(102.450011990563,-151.650000020456,3.15000014961697));
#2559=CARTESIAN_POINT('',(102.450011865062,-113.625000000026,3.15));
#2560=CARTESIAN_POINT('',(103.549999999503,-151.650000021142,4.46091481108121));
#2561=CARTESIAN_POINT('',(102.894771412957,-151.650000020733,3.68004378909426));
#2562=CARTESIAN_POINT('',(104.44999999992,-150.750000021143,5.5334930449119));
#2563=CARTESIAN_POINT('Origin',(103.550000000064,-150.750000021142,4.46091481174849));
#2564=CARTESIAN_POINT('',(104.450000000002,-76.4999999663455,5.53349304491279));
#2565=CARTESIAN_POINT('',(104.450000000018,-95.0624999831806,5.53349304495541));
#2566=CARTESIAN_POINT('Origin',(103.550000000002,-76.4999999663462,4.46091481157805));
#2567=CARTESIAN_POINT('Origin',(101.000000006547,-75.599999968876,1.65));
#2568=CARTESIAN_POINT('',(103.549999999109,-75.5999999663462,7.25));
#2569=CARTESIAN_POINT('',(103.549999999109,-75.5999999663462,3.15));
#2570=CARTESIAN_POINT('',(101.000000006547,-75.5999999688759,7.25));
#2571=CARTESIAN_POINT('',(101.000000006547,-75.5999999688759,7.25));
#2572=CARTESIAN_POINT('',(101.000000006547,-75.5999999688759,1.65));
#2573=CARTESIAN_POINT('',(101.000000006547,-75.5999999688759,1.65));
#2574=CARTESIAN_POINT('',(101.449999945123,-75.5999999684295,1.65));
#2575=CARTESIAN_POINT('',(101.449999945123,-75.5999999684295,1.65));
#2576=CARTESIAN_POINT('',(101.449999945123,-75.5999999684295,3.15));
#2577=CARTESIAN_POINT('',(101.449999945123,-75.5999999684295,1.65));
#2578=CARTESIAN_POINT('',(85.3124999844287,-75.5999999844388,3.15));
#2579=CARTESIAN_POINT('Origin',(103.550000000002,-76.4999999663462,3.15));
#2580=CARTESIAN_POINT('',(104.450000000002,-76.4999999663455,7.25));
#2581=CARTESIAN_POINT('',(104.450000000002,-76.4999999663455,3.15));
#2582=CARTESIAN_POINT('Origin',(103.550000000002,-76.4999999663461,7.25));
#2583=CARTESIAN_POINT('Origin',(104.450000000002,-76.4999999663455,3.15));
#2584=CARTESIAN_POINT('',(104.450000000064,-150.750000021141,7.25));
#2585=CARTESIAN_POINT('',(104.450000000064,-150.750000021141,3.15));
#2586=CARTESIAN_POINT('',(104.450000000002,-76.4999999663455,7.25));
#2587=CARTESIAN_POINT('Origin',(69.625000000033,-113.624999999998,7.25));
#2588=CARTESIAN_POINT('',(97.6500000007938,-69.7999999990043,7.25));
#2589=CARTESIAN_POINT('Origin',(96.6500000007938,-69.7999999999962,7.25));
#2590=CARTESIAN_POINT('',(97.650000003224,-72.2499999721989,7.25));
#2591=CARTESIAN_POINT('',(97.6500000007938,-69.7999999990043,7.25));
#2592=CARTESIAN_POINT('Origin',(101.000000003224,-72.249999968876,7.25));
#2593=CARTESIAN_POINT('',(103.549999999503,-151.650000021142,7.25));
#2594=CARTESIAN_POINT('Origin',(103.550000000064,-150.750000021142,7.25));
#2595=CARTESIAN_POINT('',(101.000000020573,-151.650000019553,7.25));
#2596=CARTESIAN_POINT('',(103.549999999503,-151.650000021142,7.25));
#2597=CARTESIAN_POINT('Origin',(101.000000018485,-155.000000019553,7.25));
#2598=CARTESIAN_POINT('',(41.6000000162018,-157.550000000269,7.25));
#2599=CARTESIAN_POINT('Origin',(42.5000000162018,-157.549999999937,7.25));
#2600=CARTESIAN_POINT('',(41.6000000152614,-155.000000010339,7.25));
#2601=CARTESIAN_POINT('',(41.6000000162018,-157.550000000269,7.25));
#2602=CARTESIAN_POINT('Origin',(38.2500000152614,-155.000000011574,7.25));
#2603=CARTESIAN_POINT('',(35.7000000000039,-75.5999999999999,7.25));
#2604=CARTESIAN_POINT('Origin',(35.7000000000039,-76.4999999999999,7.25));
#2605=CARTESIAN_POINT('',(38.2499999999998,-75.6,7.25));
#2606=CARTESIAN_POINT('',(35.7000000000039,-75.5999999999999,7.25));
#2607=CARTESIAN_POINT('Origin',(38.25,-72.25,7.25));
#2608=CARTESIAN_POINT('',(82.9840266128932,-88.3000333613297,7.25));
#2609=CARTESIAN_POINT('',(81.7840266128931,-87.1000333613297,7.25));
#2610=CARTESIAN_POINT('Origin',(82.9840266128932,-87.1000333613297,7.25));
#2611=CARTESIAN_POINT('',(94.1000266128932,-88.3000333613297,7.25));
#2612=CARTESIAN_POINT('',(82.9840266128932,-88.3000333613297,7.25));
#2613=CARTESIAN_POINT('',(95.3000266128932,-87.1000333613297,7.25));
#2614=CARTESIAN_POINT('Origin',(94.1000266128932,-87.1000333613297,7.25));
#2615=CARTESIAN_POINT('',(95.3000266128932,-75.8450333613297,7.25));
#2616=CARTESIAN_POINT('',(95.3000266128932,-87.1000333613297,7.25));
#2617=CARTESIAN_POINT('',(94.1000266128932,-74.6450333613297,7.25));
#2618=CARTESIAN_POINT('Origin',(94.1000266128931,-75.8450333613297,7.25));
#2619=CARTESIAN_POINT('',(82.9840266128932,-74.6450333613297,7.25));
#2620=CARTESIAN_POINT('',(94.1000266128932,-74.6450333613297,7.25));
#2621=CARTESIAN_POINT('',(81.7840266128931,-75.8450333613297,7.25));
#2622=CARTESIAN_POINT('Origin',(82.9840266128932,-75.8450333613297,7.25));
#2623=CARTESIAN_POINT('',(81.7840266128931,-75.8450333613297,7.25));
#2624=CARTESIAN_POINT('',(44.18,-152.000083043706,7.25));
#2625=CARTESIAN_POINT('',(42.18,-150.000083043706,7.25));
#2626=CARTESIAN_POINT('Origin',(44.18,-150.000083043706,7.25));
#2627=CARTESIAN_POINT('',(95.,-152.000083043706,7.25));
#2628=CARTESIAN_POINT('',(95.,-152.000083043706,7.25));
#2629=CARTESIAN_POINT('',(97.,-150.000083043706,7.25));
#2630=CARTESIAN_POINT('Origin',(95.,-150.000083043706,7.25));
#2631=CARTESIAN_POINT('',(97.,-116.482083043706,7.25));
#2632=CARTESIAN_POINT('',(97.,-116.482083043706,7.25));
#2633=CARTESIAN_POINT('',(95.,-114.482083043706,7.25));
#2634=CARTESIAN_POINT('Origin',(95.,-116.482083043706,7.25));
#2635=CARTESIAN_POINT('',(44.18,-114.482083043706,7.25));
#2636=CARTESIAN_POINT('',(44.18,-114.482083043706,7.25));
#2637=CARTESIAN_POINT('',(42.18,-116.482083043706,7.25));
#2638=CARTESIAN_POINT('Origin',(44.18,-116.482083043706,7.25));
#2639=CARTESIAN_POINT('',(42.18,-150.000083043706,7.25));
#2640=CARTESIAN_POINT('Origin',(94.1000266128932,-88.3000333613297,7.25));
#2641=CARTESIAN_POINT('',(82.9840266128932,-88.3000333613297,8.25));
#2642=CARTESIAN_POINT('',(82.9840266128932,-88.3000333613297,7.25));
#2643=CARTESIAN_POINT('',(94.1000266128932,-88.3000333613297,8.25));
#2644=CARTESIAN_POINT('',(82.9840266128932,-88.3000333613297,8.25));
#2645=CARTESIAN_POINT('',(94.1000266128932,-88.3000333613297,7.25));
#2646=CARTESIAN_POINT('Origin',(94.1000266128932,-87.1000333613297,7.25));
#2647=CARTESIAN_POINT('',(95.3000266128932,-87.1000333613297,8.25));
#2648=CARTESIAN_POINT('Origin',(94.1000266128932,-87.1000333613297,8.25));
#2649=CARTESIAN_POINT('',(95.3000266128932,-87.1000333613297,7.25));
#2650=CARTESIAN_POINT('Origin',(95.3000266128932,-75.8450333613297,7.25));
#2651=CARTESIAN_POINT('',(95.3000266128932,-75.8450333613297,8.25));
#2652=CARTESIAN_POINT('',(95.3000266128932,-87.1000333613297,8.25));
#2653=CARTESIAN_POINT('',(95.3000266128932,-75.8450333613297,7.25));
#2654=CARTESIAN_POINT('Origin',(94.1000266128931,-75.8450333613297,7.25));
#2655=CARTESIAN_POINT('',(94.1000266128932,-74.6450333613297,8.25));
#2656=CARTESIAN_POINT('Origin',(94.1000266128931,-75.8450333613297,8.25));
#2657=CARTESIAN_POINT('',(94.1000266128932,-74.6450333613297,7.25));
#2658=CARTESIAN_POINT('Origin',(82.9840266128932,-74.6450333613297,7.25));
#2659=CARTESIAN_POINT('',(82.9840266128932,-74.6450333613297,8.25));
#2660=CARTESIAN_POINT('',(94.1000266128932,-74.6450333613297,8.25));
#2661=CARTESIAN_POINT('',(82.9840266128932,-74.6450333613297,7.25));
#2662=CARTESIAN_POINT('Origin',(82.9840266128932,-75.8450333613297,7.25));
#2663=CARTESIAN_POINT('',(81.7840266128931,-75.8450333613297,8.25));
#2664=CARTESIAN_POINT('Origin',(82.9840266128932,-75.8450333613297,8.25));
#2665=CARTESIAN_POINT('',(81.7840266128931,-75.8450333613297,7.25));
#2666=CARTESIAN_POINT('Origin',(81.7840266128931,-87.1000333613297,7.25));
#2667=CARTESIAN_POINT('',(81.7840266128931,-87.1000333613297,8.25));
#2668=CARTESIAN_POINT('',(81.7840266128931,-75.8450333613297,8.25));
#2669=CARTESIAN_POINT('',(81.7840266128931,-87.1000333613297,7.25));
#2670=CARTESIAN_POINT('Origin',(82.9840266128932,-87.1000333613297,7.25));
#2671=CARTESIAN_POINT('Origin',(82.9840266128932,-87.1000333613297,8.25));
#2672=CARTESIAN_POINT('Origin',(95.,-152.000083043706,7.25));
#2673=CARTESIAN_POINT('',(44.18,-152.000083043706,8.25));
#2674=CARTESIAN_POINT('',(44.18,-152.000083043706,7.25));
#2675=CARTESIAN_POINT('',(95.,-152.000083043706,8.25));
#2676=CARTESIAN_POINT('',(95.,-152.000083043706,8.25));
#2677=CARTESIAN_POINT('',(95.,-152.000083043706,7.25));
#2678=CARTESIAN_POINT('Origin',(95.,-150.000083043706,7.25));
#2679=CARTESIAN_POINT('',(97.,-150.000083043706,8.25));
#2680=CARTESIAN_POINT('Origin',(95.,-150.000083043706,8.25));
#2681=CARTESIAN_POINT('',(97.,-150.000083043706,7.25));
#2682=CARTESIAN_POINT('Origin',(97.,-116.482083043706,7.25));
#2683=CARTESIAN_POINT('',(97.,-116.482083043706,8.25));
#2684=CARTESIAN_POINT('',(97.,-116.482083043706,8.25));
#2685=CARTESIAN_POINT('',(97.,-116.482083043706,7.25));
#2686=CARTESIAN_POINT('Origin',(95.,-116.482083043706,7.25));
#2687=CARTESIAN_POINT('',(95.,-114.482083043706,8.25));
#2688=CARTESIAN_POINT('Origin',(95.,-116.482083043706,8.25));
#2689=CARTESIAN_POINT('',(95.,-114.482083043706,7.25));
#2690=CARTESIAN_POINT('Origin',(44.18,-114.482083043706,7.25));
#2691=CARTESIAN_POINT('',(44.18,-114.482083043706,8.25));
#2692=CARTESIAN_POINT('',(44.18,-114.482083043706,8.25));
#2693=CARTESIAN_POINT('',(44.18,-114.482083043706,7.25));
#2694=CARTESIAN_POINT('Origin',(44.18,-116.482083043706,7.25));
#2695=CARTESIAN_POINT('',(42.18,-116.482083043706,8.25));
#2696=CARTESIAN_POINT('Origin',(44.18,-116.482083043706,8.25));
#2697=CARTESIAN_POINT('',(42.18,-116.482083043706,7.25));
#2698=CARTESIAN_POINT('Origin',(42.18,-150.000083043706,7.25));
#2699=CARTESIAN_POINT('',(42.18,-150.000083043706,8.25));
#2700=CARTESIAN_POINT('',(42.18,-150.000083043706,8.25));
#2701=CARTESIAN_POINT('',(42.18,-150.000083043706,7.25));
#2702=CARTESIAN_POINT('Origin',(44.18,-150.000083043706,7.25));
#2703=CARTESIAN_POINT('Origin',(44.18,-150.000083043706,8.25));
#2704=CARTESIAN_POINT('Origin',(69.625000000033,-113.624999999998,8.25));
#2705=CARTESIAN_POINT('',(33.8,-153.25,8.25));
#2706=CARTESIAN_POINT('',(40.0000000899267,-159.449999999934,8.25));
#2707=CARTESIAN_POINT('Origin',(39.999999678834,-153.2500003211,8.25));
#2708=CARTESIAN_POINT('',(99.2499999999987,-159.45,8.25));
#2709=CARTESIAN_POINT('',(54.8125000449543,-159.449999999951,8.25));
#2710=CARTESIAN_POINT('',(105.450000000066,-153.249999910092,8.25));
#2711=CARTESIAN_POINT('Origin',(99.250000321166,-153.2500003211,8.25));
#2712=CARTESIAN_POINT('',(105.45,-73.9999999999992,8.25));
#2713=CARTESIAN_POINT('',(105.450000000049,-133.43749995503,8.25));
#2714=CARTESIAN_POINT('',(99.2499999100735,-67.799999999996,8.25));
#2715=CARTESIAN_POINT('Origin',(99.250000321166,-73.99999967883,8.25));
#2716=CARTESIAN_POINT('',(39.9999999999999,-67.8,8.25));
#2717=CARTESIAN_POINT('',(84.4374999550517,-67.799999999997,8.25));
#2718=CARTESIAN_POINT('',(33.800000000004,-74.0000000899276,8.25));
#2719=CARTESIAN_POINT('Origin',(39.999999678834,-73.99999967883,8.25));
#2720=CARTESIAN_POINT('',(33.800000000003,-93.8125000449619,8.25));
#2721=CARTESIAN_POINT('Origin',(69.625000000033,-113.624999999998,5.65));
#2722=CARTESIAN_POINT('',(103.350000003224,-72.249999968876,5.65));
#2723=CARTESIAN_POINT('Origin',(101.000000003224,-72.249999968876,5.65));
#2724=CARTESIAN_POINT('Origin',(69.625000000033,-113.624999999998,5.65));
#2725=CARTESIAN_POINT('',(40.6,-72.25,5.65));
#2726=CARTESIAN_POINT('Origin',(38.25,-72.25,5.65));
#2727=CARTESIAN_POINT('Origin',(69.625000000033,-113.624999999998,5.65));
#2728=CARTESIAN_POINT('',(40.6000000152614,-155.000000011574,5.65));
#2729=CARTESIAN_POINT('Origin',(38.2500000152614,-155.000000011574,5.65));
#2730=CARTESIAN_POINT('Origin',(69.625000000033,-113.624999999998,5.65));
#2731=CARTESIAN_POINT('',(103.350000018485,-155.000000019553,5.65));
#2732=CARTESIAN_POINT('Origin',(101.000000018485,-155.000000019553,5.65));
#2733=CARTESIAN_POINT('Origin',(35.7000000000039,-76.4999999999999,3.15));
#2734=CARTESIAN_POINT('',(35.7000000000039,-75.5999999999999,3.15));
#2735=CARTESIAN_POINT('Origin',(42.5000000162018,-157.549999999937,3.15));
#2736=CARTESIAN_POINT('',(41.6000000162018,-157.550000000269,3.15));
#2737=CARTESIAN_POINT('Origin',(103.550000000064,-150.750000021142,3.15));
#2738=CARTESIAN_POINT('',(103.549999999503,-151.650000021142,3.15));
#2739=CARTESIAN_POINT('Origin',(96.6500000007938,-69.7999999999962,3.15));
#2740=CARTESIAN_POINT('',(97.6500000007938,-69.7999999990043,3.15));
#2741=CARTESIAN_POINT('Origin',(69.625000000033,-113.624999999998,3.15));
#2742=CARTESIAN_POINT('',(36.8000000136607,-150.650000012109,3.15));
#2743=CARTESIAN_POINT('Origin',(37.8000000136607,-150.65000001174,3.15));
#2744=CARTESIAN_POINT('',(36.7999999863433,-76.6000000003689,3.15));
#2745=CARTESIAN_POINT('',(36.7999999863433,-76.6000000003689,3.15));
#2746=CARTESIAN_POINT('',(37.7999999863433,-75.6,3.15));
#2747=CARTESIAN_POINT('Origin',(37.7999999863433,-76.6,3.15));
#2748=CARTESIAN_POINT('',(52.6625000000195,-75.6000000000008,3.15));
#2749=CARTESIAN_POINT('Origin',(69.625000000033,-113.624999999998,3.15));
#2750=CARTESIAN_POINT('',(102.449999946115,-76.5999999674375,3.15));
#2751=CARTESIAN_POINT('Origin',(101.449999946115,-76.5999999684296,3.15));
#2752=CARTESIAN_POINT('',(102.450000019676,-150.750000019003,3.15));
#2753=CARTESIAN_POINT('',(102.450000019676,-150.750000019003,3.15));
#2754=CARTESIAN_POINT('',(101.550000019115,-151.650000019895,3.15));
#2755=CARTESIAN_POINT('Origin',(101.550000019676,-150.750000019895,3.15));
#2756=CARTESIAN_POINT('',(86.5874999879195,-151.650000010571,3.15));
#2757=CARTESIAN_POINT('Origin',(101.000000018485,-155.000000019553,1.65));
#2758=CARTESIAN_POINT('',(103.350000018485,-155.000000019553,1.65));
#2759=CARTESIAN_POINT('',(103.350000018485,-155.000000019553,1.65));
#2760=CARTESIAN_POINT('Origin',(101.000000018485,-155.000000019553,1.65));
#2761=CARTESIAN_POINT('Origin',(38.2500000152614,-155.000000011574,1.65));
#2762=CARTESIAN_POINT('',(40.6000000152614,-155.000000011574,1.65));
#2763=CARTESIAN_POINT('',(40.6000000152614,-155.000000011574,1.65));
#2764=CARTESIAN_POINT('Origin',(38.2500000152614,-155.000000011574,1.65));
#2765=CARTESIAN_POINT('Origin',(36.8000000136607,-150.650000012109,1.65));
#2766=CARTESIAN_POINT('',(36.8000000136607,-150.650000012109,1.65));
#2767=CARTESIAN_POINT('',(36.7999999863433,-76.6000000003689,1.65));
#2768=CARTESIAN_POINT('',(36.7999999863433,-76.6000000003689,1.65));
#2769=CARTESIAN_POINT('',(36.7999999863433,-76.6000000003689,1.65));
#2770=CARTESIAN_POINT('',(36.8000000136607,-150.650000012109,1.65));
#2771=CARTESIAN_POINT('Origin',(37.8000000136607,-150.65000001174,1.65));
#2772=CARTESIAN_POINT('',(37.8000000140296,-151.65000001174,1.65));
#2773=CARTESIAN_POINT('Origin',(37.8000000136607,-150.65000001174,1.65));
#2774=CARTESIAN_POINT('',(37.8000000140296,-151.65000001174,1.65));
#2775=CARTESIAN_POINT('Origin',(38.2500000140256,-151.650000011574,1.65));
#2776=CARTESIAN_POINT('',(38.2500000140256,-151.650000011574,1.65));
#2777=CARTESIAN_POINT('',(37.8000000140296,-151.65000001174,1.65));
#2778=CARTESIAN_POINT('',(38.2500000140256,-151.650000011574,1.65));
#2779=CARTESIAN_POINT('Origin',(38.2500000152614,-155.000000011574,1.65));
#2780=CARTESIAN_POINT('',(41.6000000152614,-155.000000010339,1.65));
#2781=CARTESIAN_POINT('Origin',(38.2500000152614,-155.000000011574,1.65));
#2782=CARTESIAN_POINT('',(41.6000000152614,-155.000000010339,1.65));
#2783=CARTESIAN_POINT('Origin',(41.6000000154273,-155.450000011331,1.65));
#2784=CARTESIAN_POINT('',(41.6000000154273,-155.450000011331,1.65));
#2785=CARTESIAN_POINT('',(41.6000000154273,-155.450000011331,1.65));
#2786=CARTESIAN_POINT('',(41.6000000152614,-155.000000010339,1.65));
#2787=CARTESIAN_POINT('Origin',(42.6000000154274,-155.450000010962,1.65));
#2788=CARTESIAN_POINT('',(42.6000000148043,-156.450000010962,1.65));
#2789=CARTESIAN_POINT('Origin',(42.6000000154274,-155.450000010962,1.65));
#2790=CARTESIAN_POINT('',(42.6000000148043,-156.450000010962,1.65));
#2791=CARTESIAN_POINT('Origin',(96.7500000175819,-156.450000044702,1.65));
#2792=CARTESIAN_POINT('',(96.7500000175819,-156.450000044702,1.65));
#2793=CARTESIAN_POINT('',(42.6000000148043,-156.450000010962,1.65));
#2794=CARTESIAN_POINT('',(96.7500000175819,-156.450000044702,1.65));
#2795=CARTESIAN_POINT('Origin',(96.7500000181427,-155.550000044702,1.65));
#2796=CARTESIAN_POINT('Origin',(96.7500000181427,-155.550000044702,1.65));
#2797=CARTESIAN_POINT('Origin',(101.000000018485,-155.000000019553,1.65));
#2798=CARTESIAN_POINT('',(101.000000020573,-151.650000019553,1.65));
#2799=CARTESIAN_POINT('Origin',(101.000000018485,-155.000000019553,1.65));
#2800=CARTESIAN_POINT('',(101.000000020573,-151.650000019553,1.65));
#2801=CARTESIAN_POINT('Origin',(101.550000019115,-151.650000019895,1.65));
#2802=CARTESIAN_POINT('',(101.550000019115,-151.650000019895,1.65));
#2803=CARTESIAN_POINT('',(101.550000019115,-151.650000019895,1.65));
#2804=CARTESIAN_POINT('',(101.000000020573,-151.650000019553,1.65));
#2805=CARTESIAN_POINT('Origin',(101.550000019676,-150.750000019895,1.65));
#2806=CARTESIAN_POINT('',(102.450000019676,-150.750000019003,1.65));
#2807=CARTESIAN_POINT('Origin',(101.550000019676,-150.750000019895,1.65));
#2808=CARTESIAN_POINT('',(102.450000019676,-150.750000019003,1.65));
#2809=CARTESIAN_POINT('Origin',(102.449999946115,-76.5999999674375,1.65));
#2810=CARTESIAN_POINT('',(102.449999946115,-76.5999999674375,1.65));
#2811=CARTESIAN_POINT('',(102.450000019676,-150.750000019003,1.65));
#2812=CARTESIAN_POINT('',(102.449999946115,-76.5999999674375,1.65));
#2813=CARTESIAN_POINT('Origin',(101.449999946115,-76.5999999684296,1.65));
#2814=CARTESIAN_POINT('Origin',(101.449999946115,-76.5999999684296,1.65));
#2815=CARTESIAN_POINT('Origin',(101.000000003224,-72.249999968876,1.65));
#2816=CARTESIAN_POINT('',(97.650000003224,-72.2499999721989,1.65));
#2817=CARTESIAN_POINT('Origin',(101.000000003224,-72.249999968876,1.65));
#2818=CARTESIAN_POINT('',(97.650000003224,-72.2499999721989,1.65));
#2819=CARTESIAN_POINT('Origin',(97.6500000027777,-71.7999999712072,1.65));
#2820=CARTESIAN_POINT('',(97.6500000027777,-71.7999999712072,1.65));
#2821=CARTESIAN_POINT('',(97.6500000027777,-71.7999999712072,1.65));
#2822=CARTESIAN_POINT('',(97.650000003224,-72.2499999721989,1.65));
#2823=CARTESIAN_POINT('Origin',(96.6500000027777,-71.7999999721991,1.65));
#2824=CARTESIAN_POINT('',(96.6500000027776,-70.7999999721991,1.65));
#2825=CARTESIAN_POINT('Origin',(96.6500000027777,-71.7999999721991,1.65));
#2826=CARTESIAN_POINT('',(96.6500000027776,-70.7999999721991,1.65));
#2827=CARTESIAN_POINT('Origin',(42.5999999999999,-70.7999999722028,1.65));
#2828=CARTESIAN_POINT('',(42.5999999999999,-70.7999999722028,1.65));
#2829=CARTESIAN_POINT('',(96.6500000027776,-70.7999999721991,1.65));
#2830=CARTESIAN_POINT('',(42.5999999999999,-70.7999999722028,1.65));
#2831=CARTESIAN_POINT('Origin',(42.5999999999999,-71.7999999722028,1.65));
#2832=CARTESIAN_POINT('Origin',(42.5999999999999,-71.7999999722028,1.65));
#2833=CARTESIAN_POINT('Origin',(38.25,-72.25,1.65));
#2834=CARTESIAN_POINT('',(38.2499999999998,-75.6,1.65));
#2835=CARTESIAN_POINT('Origin',(38.25,-72.25,1.65));
#2836=CARTESIAN_POINT('',(38.2499999999998,-75.6,1.65));
#2837=CARTESIAN_POINT('Origin',(37.7999999863433,-75.6,1.65));
#2838=CARTESIAN_POINT('',(37.7999999863433,-75.6,1.65));
#2839=CARTESIAN_POINT('',(37.7999999863433,-75.6,1.65));
#2840=CARTESIAN_POINT('',(38.2499999999998,-75.6,1.65));
#2841=CARTESIAN_POINT('Origin',(37.7999999863433,-76.6,1.65));
#2842=CARTESIAN_POINT('Origin',(37.7999999863433,-76.6,1.65));
#2843=CARTESIAN_POINT('Origin',(38.25,-72.25,1.65));
#2844=CARTESIAN_POINT('',(40.6,-72.25,1.65));
#2845=CARTESIAN_POINT('',(40.6,-72.25,1.65));
#2846=CARTESIAN_POINT('Origin',(38.25,-72.25,1.65));
#2847=CARTESIAN_POINT('Origin',(101.000000003224,-72.249999968876,1.65));
#2848=CARTESIAN_POINT('',(103.350000003224,-72.249999968876,1.65));
#2849=CARTESIAN_POINT('',(103.350000003224,-72.249999968876,1.65));
#2850=CARTESIAN_POINT('Origin',(101.000000003224,-72.249999968876,1.65));
#2851=CARTESIAN_POINT('Origin',(40.0000000899267,-159.449999999934,1.65));
#2852=CARTESIAN_POINT('',(99.2499999999987,-159.45,1.65));
#2853=CARTESIAN_POINT('',(40.0000000899267,-159.449999999934,1.65));
#2854=CARTESIAN_POINT('',(54.8125000449543,-159.449999999951,1.65));
#2855=CARTESIAN_POINT('',(99.2499999999987,-159.45,1.65));
#2856=CARTESIAN_POINT('',(40.0000000899267,-159.449999999934,1.65));
#2857=CARTESIAN_POINT('Origin',(39.999999678834,-153.2500003211,1.65));
#2858=CARTESIAN_POINT('',(33.8,-153.25,1.65));
#2859=CARTESIAN_POINT('Origin',(39.999999678834,-153.2500003211,1.65));
#2860=CARTESIAN_POINT('',(33.8,-153.25,1.65));
#2861=CARTESIAN_POINT('Origin',(33.800000000004,-74.0000000899276,1.65));
#2862=CARTESIAN_POINT('',(33.800000000004,-74.0000000899276,1.65));
#2863=CARTESIAN_POINT('',(33.800000000003,-93.8125000449619,1.65));
#2864=CARTESIAN_POINT('',(33.800000000004,-74.0000000899276,1.65));
#2865=CARTESIAN_POINT('Origin',(39.999999678834,-73.99999967883,1.65));
#2866=CARTESIAN_POINT('',(39.9999999999999,-67.8,1.65));
#2867=CARTESIAN_POINT('Origin',(39.999999678834,-73.99999967883,1.65));
#2868=CARTESIAN_POINT('',(39.9999999999999,-67.8,1.65));
#2869=CARTESIAN_POINT('Origin',(99.2499999100735,-67.799999999996,1.65));
#2870=CARTESIAN_POINT('',(99.2499999100735,-67.799999999996,1.65));
#2871=CARTESIAN_POINT('',(84.4374999550517,-67.799999999997,1.65));
#2872=CARTESIAN_POINT('',(99.2499999100735,-67.799999999996,1.65));
#2873=CARTESIAN_POINT('Origin',(99.250000321166,-73.99999967883,1.65));
#2874=CARTESIAN_POINT('',(105.45,-73.9999999999992,1.65));
#2875=CARTESIAN_POINT('Origin',(99.250000321166,-73.99999967883,1.65));
#2876=CARTESIAN_POINT('',(105.45,-73.9999999999992,1.65));
#2877=CARTESIAN_POINT('Origin',(105.450000000066,-153.249999910092,1.65));
#2878=CARTESIAN_POINT('',(105.450000000066,-153.249999910092,1.65));
#2879=CARTESIAN_POINT('',(105.450000000049,-133.43749995503,1.65));
#2880=CARTESIAN_POINT('',(105.450000000066,-153.249999910092,1.65));
#2881=CARTESIAN_POINT('Origin',(99.250000321166,-153.2500003211,1.65));
#2882=CARTESIAN_POINT('Origin',(99.250000321166,-153.2500003211,1.65));
#2883=CARTESIAN_POINT('Origin',(69.625000000033,-113.624999999998,1.65));
#2884=UNCERTAINTY_MEASURE_WITH_UNIT(LENGTH_MEASURE(0.01),#2888,
'DISTANCE_ACCURACY_VALUE',
'Maximum model space distance between geometric entities at asserted c
onnectivities');
#2885=UNCERTAINTY_MEASURE_WITH_UNIT(LENGTH_MEASURE(0.01),#2888,
'DISTANCE_ACCURACY_VALUE',
'Maximum model space distance between geometric entities at asserted c
onnectivities');
#2886=(
GEOMETRIC_REPRESENTATION_CONTEXT(3)
GLOBAL_UNCERTAINTY_ASSIGNED_CONTEXT((#2884))
GLOBAL_UNIT_ASSIGNED_CONTEXT((#2888,#2890,#2891))
REPRESENTATION_CONTEXT('','3D')
);
#2887=(
GEOMETRIC_REPRESENTATION_CONTEXT(3)
GLOBAL_UNCERTAINTY_ASSIGNED_CONTEXT((#2885))
GLOBAL_UNIT_ASSIGNED_CONTEXT((#2888,#2890,#2891))
REPRESENTATION_CONTEXT('','3D')
);
#2888=(
LENGTH_UNIT()
NAMED_UNIT(*)
SI_UNIT(.MILLI.,.METRE.)
);
#2889=(
LENGTH_UNIT()
NAMED_UNIT(*)
SI_UNIT($,.METRE.)
);
#2890=(
NAMED_UNIT(*)
PLANE_ANGLE_UNIT()
SI_UNIT($,.RADIAN.)
);
#2891=(
NAMED_UNIT(*)
SI_UNIT($,.STERADIAN.)
SOLID_ANGLE_UNIT()
);
#2892=SHAPE_DEFINITION_REPRESENTATION(#2893,#2894);
#2893=PRODUCT_DEFINITION_SHAPE('',$,#2896);
#2894=SHAPE_REPRESENTATION('',(#1711),#2886);
#2895=PRODUCT_DEFINITION_CONTEXT('part definition',#2900,'design');
#2896=PRODUCT_DEFINITION('2026-08-30-17-52-22-961','(Unsaved)',#2897,#2895);
#2897=PRODUCT_DEFINITION_FORMATION('',$,#2902);
#2898=PRODUCT_RELATED_PRODUCT_CATEGORY('(Unsaved)','(Unsaved)',(#2902));
#2899=APPLICATION_PROTOCOL_DEFINITION('international standard',
'automotive_design',2009,#2900);
#2900=APPLICATION_CONTEXT(
'Core Data for Automotive Mechanical Design Process');
#2901=PRODUCT_CONTEXT('part definition',#2900,'mechanical');
#2902=PRODUCT('2026-08-30-17-52-22-961','(Unsaved)',$,(#2901));
#2903=PRESENTATION_STYLE_ASSIGNMENT((#2906));
#2904=PRESENTATION_STYLE_ASSIGNMENT((#2907));
#2905=PRESENTATION_STYLE_ASSIGNMENT((#2908));
#2906=SURFACE_STYLE_USAGE(.BOTH.,#2909);
#2907=SURFACE_STYLE_USAGE(.BOTH.,#2910);
#2908=SURFACE_STYLE_USAGE(.BOTH.,#2911);
#2909=SURFACE_SIDE_STYLE('',(#2912));
#2910=SURFACE_SIDE_STYLE('',(#2913));
#2911=SURFACE_SIDE_STYLE('',(#2914));
#2912=SURFACE_STYLE_FILL_AREA(#2915);
#2913=SURFACE_STYLE_FILL_AREA(#2916);
#2914=SURFACE_STYLE_FILL_AREA(#2917);
#2915=FILL_AREA_STYLE('Steel - Satin',(#2918));
#2916=FILL_AREA_STYLE('ABS (White)',(#2919));
#2917=FILL_AREA_STYLE('Acrylic (Clear)',(#2920));
#2918=FILL_AREA_STYLE_COLOUR('Steel - Satin',#2921);
#2919=FILL_AREA_STYLE_COLOUR('ABS (White)',#2922);
#2920=FILL_AREA_STYLE_COLOUR('Acrylic (Clear)',#2923);
#2921=COLOUR_RGB('Steel - Satin',0.627450980392157,0.627450980392157,0.627450980392157);
#2922=COLOUR_RGB('ABS (White)',0.964705882352941,0.964705882352941,0.952941176470588);
#2923=COLOUR_RGB('Acrylic (Clear)',0.384313725490196,0.388235294117647,
0.392156862745098);
ENDSEC;
END-ISO-10303-21;
