ISO-10303-21;
HEADER;
/* Generated by software containing ST-Developer
 * from STEP Tools, Inc. (www.steptools.com) 
 */

FILE_DESCRIPTION(
/* description */ (''),
/* implementation_level */ '2;1');

FILE_NAME(
/* name */ 'CaseCover.step',
/* time_stamp */ '2026-08-22T17:30:09+02:00',
/* author */ (''),
/* organization */ (''),
/* preprocessor_version */ 'ST-DEVELOPER v20.1',
/* originating_system */ 'Autodesk Translation Framework v15.8.0.0',
/* authorisation */ '');

FILE_SCHEMA (('AUTOMOTIVE_DESIGN { 1 0 10303 214 3 1 1 }'));
ENDSEC;

DATA;
#10=MECHANICAL_DESIGN_GEOMETRIC_PRESENTATION_REPRESENTATION('',(#13),#2887);
#11=SHAPE_REPRESENTATION_RELATIONSHIP('SRR','None',#2894,#12);
#12=ADVANCED_BREP_SHAPE_REPRESENTATION('',(#14),#2886);
#13=STYLED_ITEM('',(#2904),#14);
#14=MANIFOLD_SOLID_BREP('TopCaseV2',#1698);
#15=FACE_BOUND('',#249,.T.);
#16=FACE_BOUND('',#250,.T.);
#17=FACE_BOUND('',#251,.T.);
#18=FACE_BOUND('',#277,.T.);
#19=FACE_BOUND('',#278,.T.);
#20=FACE_BOUND('',#279,.T.);
#21=FACE_BOUND('',#324,.T.);
#22=FACE_BOUND('',#325,.T.);
#23=FACE_BOUND('',#326,.T.);
#24=FACE_BOUND('',#327,.T.);
#25=FACE_BOUND('',#328,.T.);
#26=CYLINDRICAL_SURFACE('',#1720,0.899999999999963);
#27=CYLINDRICAL_SURFACE('',#1731,0.900000000000007);
#28=CYLINDRICAL_SURFACE('',#1738,0.900000000000034);
#29=CYLINDRICAL_SURFACE('',#1745,0.899999999999945);
#30=CYLINDRICAL_SURFACE('',#1770,1.19999999999999);
#31=CYLINDRICAL_SURFACE('',#1773,1.20000000000001);
#32=CYLINDRICAL_SURFACE('',#1776,1.2);
#33=CYLINDRICAL_SURFACE('',#1779,1.19999999999999);
#34=CYLINDRICAL_SURFACE('',#1782,1.99999999999999);
#35=CYLINDRICAL_SURFACE('',#1785,1.99999999999999);
#36=CYLINDRICAL_SURFACE('',#1788,1.99999999999998);
#37=CYLINDRICAL_SURFACE('',#1791,1.99999999999998);
#38=CYLINDRICAL_SURFACE('',#1794,0.999999999999996);
#39=CYLINDRICAL_SURFACE('',#1797,0.999999999999996);
#40=CYLINDRICAL_SURFACE('',#1800,0.999999999999996);
#41=CYLINDRICAL_SURFACE('',#1803,0.999999999999996);
#42=CYLINDRICAL_SURFACE('',#1818,0.900000000000007);
#43=CYLINDRICAL_SURFACE('',#1819,0.899999999999999);
#44=CYLINDRICAL_SURFACE('',#1820,0.899999999999963);
#45=CYLINDRICAL_SURFACE('',#1821,0.999999999999979);
#46=CYLINDRICAL_SURFACE('',#1828,2.35000000000001);
#47=CYLINDRICAL_SURFACE('',#1830,2.35);
#48=CYLINDRICAL_SURFACE('',#1833,0.999999999999983);
#49=CYLINDRICAL_SURFACE('',#1836,3.35);
#50=CYLINDRICAL_SURFACE('',#1839,1.00000000000002);
#51=CYLINDRICAL_SURFACE('',#1842,0.900000000000052);
#52=CYLINDRICAL_SURFACE('',#1844,3.34999999999999);
#53=CYLINDRICAL_SURFACE('',#1847,0.899999999999981);
#54=CYLINDRICAL_SURFACE('',#1850,1.00000000000001);
#55=CYLINDRICAL_SURFACE('',#1852,3.34999999999999);
#56=CYLINDRICAL_SURFACE('',#1855,0.999999999999943);
#57=CYLINDRICAL_SURFACE('',#1858,0.999999999999988);
#58=CYLINDRICAL_SURFACE('',#1860,3.35);
#59=CYLINDRICAL_SURFACE('',#1863,1.00000000000001);
#60=CYLINDRICAL_SURFACE('',#1865,2.35);
#61=CYLINDRICAL_SURFACE('',#1867,2.34999999999999);
#62=CYLINDRICAL_SURFACE('',#1870,6.19999967883402);
#63=CYLINDRICAL_SURFACE('',#1873,6.19999967882999);
#64=CYLINDRICAL_SURFACE('',#1876,6.199999678834);
#65=CYLINDRICAL_SURFACE('',#1879,6.1999996789);
#66=CIRCLE('',#1717,1.00000000000002);
#67=CIRCLE('',#1719,0.900000000000052);
#68=CIRCLE('',#1721,0.899999999999963);
#69=CIRCLE('',#1728,0.999999999999943);
#70=CIRCLE('',#1730,0.999999999999988);
#71=CIRCLE('',#1732,0.900000000000007);
#72=CIRCLE('',#1739,0.900000000000039);
#73=CIRCLE('',#1746,0.899999999999928);
#74=CIRCLE('',#1749,0.999999999999979);
#75=CIRCLE('',#1750,3.34999999999999);
#76=CIRCLE('',#1751,0.899999999999963);
#77=CIRCLE('',#1752,3.34999999999999);
#78=CIRCLE('',#1753,0.900000000000007);
#79=CIRCLE('',#1754,3.35);
#80=CIRCLE('',#1755,0.900000000000007);
#81=CIRCLE('',#1756,3.35);
#82=CIRCLE('',#1757,1.19999999999999);
#83=CIRCLE('',#1758,1.19999999999999);
#84=CIRCLE('',#1759,1.20000000000001);
#85=CIRCLE('',#1760,1.2);
#86=CIRCLE('',#1761,1.99999999999998);
#87=CIRCLE('',#1762,1.99999999999999);
#88=CIRCLE('',#1763,1.99999999999999);
#89=CIRCLE('',#1764,1.99999999999998);
#90=CIRCLE('',#1765,0.999999999999996);
#91=CIRCLE('',#1766,0.999999999999996);
#92=CIRCLE('',#1767,0.999999999999996);
#93=CIRCLE('',#1768,0.999999999999996);
#94=CIRCLE('',#1771,1.19999999999999);
#95=CIRCLE('',#1774,1.20000000000001);
#96=CIRCLE('',#1777,1.2);
#97=CIRCLE('',#1780,1.19999999999999);
#98=CIRCLE('',#1783,1.99999999999999);
#99=CIRCLE('',#1786,1.99999999999999);
#100=CIRCLE('',#1789,1.99999999999998);
#101=CIRCLE('',#1792,1.99999999999998);
#102=CIRCLE('',#1795,0.999999999999996);
#103=CIRCLE('',#1798,0.999999999999996);
#104=CIRCLE('',#1801,0.999999999999996);
#105=CIRCLE('',#1804,0.999999999999996);
#106=CIRCLE('',#1806,6.19999967883402);
#107=CIRCLE('',#1807,6.1999996789);
#108=CIRCLE('',#1808,6.199999678834);
#109=CIRCLE('',#1809,6.19999967882999);
#110=CIRCLE('',#1811,2.34999999999999);
#111=CIRCLE('',#1813,2.35);
#112=CIRCLE('',#1815,2.35);
#113=CIRCLE('',#1817,2.35000000000001);
#114=CIRCLE('',#1823,0.999999999999983);
#115=CIRCLE('',#1824,1.00000000000001);
#116=CIRCLE('',#1826,1.00000000000001);
#117=CIRCLE('',#1827,0.899999999999981);
#118=CIRCLE('',#1829,2.35000000000001);
#119=CIRCLE('',#1831,2.35);
#120=CIRCLE('',#1834,0.999999999999983);
#121=CIRCLE('',#1837,3.35);
#122=CIRCLE('',#1840,1.00000000000002);
#123=CIRCLE('',#1843,0.900000000000052);
#124=CIRCLE('',#1845,3.34999999999999);
#125=CIRCLE('',#1848,0.899999999999981);
#126=CIRCLE('',#1851,1.00000000000001);
#127=CIRCLE('',#1853,3.34999999999999);
#128=CIRCLE('',#1856,0.999999999999943);
#129=CIRCLE('',#1859,0.999999999999988);
#130=CIRCLE('',#1861,3.35);
#131=CIRCLE('',#1864,1.00000000000001);
#132=CIRCLE('',#1866,2.35);
#133=CIRCLE('',#1868,2.34999999999999);
#134=CIRCLE('',#1871,6.19999967883402);
#135=CIRCLE('',#1874,6.19999967882999);
#136=CIRCLE('',#1877,6.199999678834);
#137=CIRCLE('',#1880,6.1999996789);
#138=FACE_OUTER_BOUND('',#228,.T.);
#139=FACE_OUTER_BOUND('',#229,.T.);
#140=FACE_OUTER_BOUND('',#230,.T.);
#141=FACE_OUTER_BOUND('',#231,.T.);
#142=FACE_OUTER_BOUND('',#232,.T.);
#143=FACE_OUTER_BOUND('',#233,.T.);
#144=FACE_OUTER_BOUND('',#234,.T.);
#145=FACE_OUTER_BOUND('',#235,.T.);
#146=FACE_OUTER_BOUND('',#236,.T.);
#147=FACE_OUTER_BOUND('',#237,.T.);
#148=FACE_OUTER_BOUND('',#238,.T.);
#149=FACE_OUTER_BOUND('',#239,.T.);
#150=FACE_OUTER_BOUND('',#240,.T.);
#151=FACE_OUTER_BOUND('',#241,.T.);
#152=FACE_OUTER_BOUND('',#242,.T.);
#153=FACE_OUTER_BOUND('',#243,.T.);
#154=FACE_OUTER_BOUND('',#244,.T.);
#155=FACE_OUTER_BOUND('',#245,.T.);
#156=FACE_OUTER_BOUND('',#246,.T.);
#157=FACE_OUTER_BOUND('',#247,.T.);
#158=FACE_OUTER_BOUND('',#248,.T.);
#159=FACE_OUTER_BOUND('',#252,.T.);
#160=FACE_OUTER_BOUND('',#253,.T.);
#161=FACE_OUTER_BOUND('',#254,.T.);
#162=FACE_OUTER_BOUND('',#255,.T.);
#163=FACE_OUTER_BOUND('',#256,.T.);
#164=FACE_OUTER_BOUND('',#257,.T.);
#165=FACE_OUTER_BOUND('',#258,.T.);
#166=FACE_OUTER_BOUND('',#259,.T.);
#167=FACE_OUTER_BOUND('',#260,.T.);
#168=FACE_OUTER_BOUND('',#261,.T.);
#169=FACE_OUTER_BOUND('',#262,.T.);
#170=FACE_OUTER_BOUND('',#263,.T.);
#171=FACE_OUTER_BOUND('',#264,.T.);
#172=FACE_OUTER_BOUND('',#265,.T.);
#173=FACE_OUTER_BOUND('',#266,.T.);
#174=FACE_OUTER_BOUND('',#267,.T.);
#175=FACE_OUTER_BOUND('',#268,.T.);
#176=FACE_OUTER_BOUND('',#269,.T.);
#177=FACE_OUTER_BOUND('',#270,.T.);
#178=FACE_OUTER_BOUND('',#271,.T.);
#179=FACE_OUTER_BOUND('',#272,.T.);
#180=FACE_OUTER_BOUND('',#273,.T.);
#181=FACE_OUTER_BOUND('',#274,.T.);
#182=FACE_OUTER_BOUND('',#275,.T.);
#183=FACE_OUTER_BOUND('',#276,.T.);
#184=FACE_OUTER_BOUND('',#280,.T.);
#185=FACE_OUTER_BOUND('',#281,.T.);
#186=FACE_OUTER_BOUND('',#282,.T.);
#187=FACE_OUTER_BOUND('',#283,.T.);
#188=FACE_OUTER_BOUND('',#284,.T.);
#189=FACE_OUTER_BOUND('',#285,.T.);
#190=FACE_OUTER_BOUND('',#286,.T.);
#191=FACE_OUTER_BOUND('',#287,.T.);
#192=FACE_OUTER_BOUND('',#288,.T.);
#193=FACE_OUTER_BOUND('',#289,.T.);
#194=FACE_OUTER_BOUND('',#290,.T.);
#195=FACE_OUTER_BOUND('',#291,.T.);
#196=FACE_OUTER_BOUND('',#292,.T.);
#197=FACE_OUTER_BOUND('',#293,.T.);
#198=FACE_OUTER_BOUND('',#294,.T.);
#199=FACE_OUTER_BOUND('',#295,.T.);
#200=FACE_OUTER_BOUND('',#296,.T.);
#201=FACE_OUTER_BOUND('',#297,.T.);
#202=FACE_OUTER_BOUND('',#298,.T.);
#203=FACE_OUTER_BOUND('',#299,.T.);
#204=FACE_OUTER_BOUND('',#300,.T.);
#205=FACE_OUTER_BOUND('',#301,.T.);
#206=FACE_OUTER_BOUND('',#302,.T.);
#207=FACE_OUTER_BOUND('',#303,.T.);
#208=FACE_OUTER_BOUND('',#304,.T.);
#209=FACE_OUTER_BOUND('',#305,.T.);
#210=FACE_OUTER_BOUND('',#306,.T.);
#211=FACE_OUTER_BOUND('',#307,.T.);
#212=FACE_OUTER_BOUND('',#308,.T.);
#213=FACE_OUTER_BOUND('',#309,.T.);
#214=FACE_OUTER_BOUND('',#310,.T.);
#215=FACE_OUTER_BOUND('',#311,.T.);
#216=FACE_OUTER_BOUND('',#312,.T.);
#217=FACE_OUTER_BOUND('',#313,.T.);
#218=FACE_OUTER_BOUND('',#314,.T.);
#219=FACE_OUTER_BOUND('',#315,.T.);
#220=FACE_OUTER_BOUND('',#316,.T.);
#221=FACE_OUTER_BOUND('',#317,.T.);
#222=FACE_OUTER_BOUND('',#318,.T.);
#223=FACE_OUTER_BOUND('',#319,.T.);
#224=FACE_OUTER_BOUND('',#320,.T.);
#225=FACE_OUTER_BOUND('',#321,.T.);
#226=FACE_OUTER_BOUND('',#322,.T.);
#227=FACE_OUTER_BOUND('',#323,.T.);
#228=EDGE_LOOP('',(#1070,#1071,#1072,#1073,#1074,#1075,#1076,#1077));
#229=EDGE_LOOP('',(#1078,#1079,#1080,#1081,#1082,#1083,#1084));
#230=EDGE_LOOP('',(#1085,#1086,#1087));
#231=EDGE_LOOP('',(#1088,#1089,#1090));
#232=EDGE_LOOP('',(#1091,#1092,#1093,#1094));
#233=EDGE_LOOP('',(#1095,#1096,#1097,#1098));
#234=EDGE_LOOP('',(#1099,#1100,#1101,#1102,#1103,#1104,#1105,#1106));
#235=EDGE_LOOP('',(#1107,#1108,#1109,#1110,#1111,#1112,#1113));
#236=EDGE_LOOP('',(#1114,#1115,#1116));
#237=EDGE_LOOP('',(#1117,#1118,#1119));
#238=EDGE_LOOP('',(#1120,#1121,#1122,#1123));
#239=EDGE_LOOP('',(#1124,#1125,#1126,#1127));
#240=EDGE_LOOP('',(#1128,#1129,#1130,#1131,#1132,#1133));
#241=EDGE_LOOP('',(#1134,#1135,#1136,#1137,#1138,#1139));
#242=EDGE_LOOP('',(#1140,#1141,#1142,#1143));
#243=EDGE_LOOP('',(#1144,#1145,#1146,#1147));
#244=EDGE_LOOP('',(#1148,#1149,#1150,#1151,#1152,#1153));
#245=EDGE_LOOP('',(#1154,#1155,#1156,#1157,#1158,#1159,#1160));
#246=EDGE_LOOP('',(#1161,#1162,#1163,#1164));
#247=EDGE_LOOP('',(#1165,#1166,#1167,#1168));
#248=EDGE_LOOP('',(#1169,#1170,#1171,#1172,#1173,#1174,#1175,#1176,#1177,
#1178,#1179,#1180,#1181,#1182,#1183,#1184,#1185,#1186,#1187,#1188,#1189,
#1190,#1191,#1192));
#249=EDGE_LOOP('',(#1193,#1194,#1195,#1196,#1197,#1198,#1199,#1200));
#250=EDGE_LOOP('',(#1201,#1202,#1203,#1204,#1205,#1206,#1207,#1208));
#251=EDGE_LOOP('',(#1209,#1210,#1211,#1212,#1213,#1214,#1215,#1216));
#252=EDGE_LOOP('',(#1217,#1218,#1219,#1220));
#253=EDGE_LOOP('',(#1221,#1222,#1223,#1224));
#254=EDGE_LOOP('',(#1225,#1226,#1227,#1228));
#255=EDGE_LOOP('',(#1229,#1230,#1231,#1232));
#256=EDGE_LOOP('',(#1233,#1234,#1235,#1236));
#257=EDGE_LOOP('',(#1237,#1238,#1239,#1240));
#258=EDGE_LOOP('',(#1241,#1242,#1243,#1244));
#259=EDGE_LOOP('',(#1245,#1246,#1247,#1248));
#260=EDGE_LOOP('',(#1249,#1250,#1251,#1252));
#261=EDGE_LOOP('',(#1253,#1254,#1255,#1256));
#262=EDGE_LOOP('',(#1257,#1258,#1259,#1260));
#263=EDGE_LOOP('',(#1261,#1262,#1263,#1264));
#264=EDGE_LOOP('',(#1265,#1266,#1267,#1268));
#265=EDGE_LOOP('',(#1269,#1270,#1271,#1272));
#266=EDGE_LOOP('',(#1273,#1274,#1275,#1276));
#267=EDGE_LOOP('',(#1277,#1278,#1279,#1280));
#268=EDGE_LOOP('',(#1281,#1282,#1283,#1284));
#269=EDGE_LOOP('',(#1285,#1286,#1287,#1288));
#270=EDGE_LOOP('',(#1289,#1290,#1291,#1292));
#271=EDGE_LOOP('',(#1293,#1294,#1295,#1296));
#272=EDGE_LOOP('',(#1297,#1298,#1299,#1300));
#273=EDGE_LOOP('',(#1301,#1302,#1303,#1304));
#274=EDGE_LOOP('',(#1305,#1306,#1307,#1308));
#275=EDGE_LOOP('',(#1309,#1310,#1311,#1312));
#276=EDGE_LOOP('',(#1313,#1314,#1315,#1316,#1317,#1318,#1319,#1320));
#277=EDGE_LOOP('',(#1321,#1322,#1323,#1324,#1325,#1326,#1327,#1328));
#278=EDGE_LOOP('',(#1329,#1330,#1331,#1332,#1333,#1334,#1335,#1336));
#279=EDGE_LOOP('',(#1337,#1338,#1339,#1340,#1341,#1342,#1343,#1344));
#280=EDGE_LOOP('',(#1345));
#281=EDGE_LOOP('',(#1346));
#282=EDGE_LOOP('',(#1347));
#283=EDGE_LOOP('',(#1348));
#284=EDGE_LOOP('',(#1349,#1350,#1351,#1352));
#285=EDGE_LOOP('',(#1353,#1354,#1355,#1356));
#286=EDGE_LOOP('',(#1357,#1358,#1359,#1360));
#287=EDGE_LOOP('',(#1361,#1362,#1363,#1364));
#288=EDGE_LOOP('',(#1365,#1366,#1367,#1368,#1369,#1370));
#289=EDGE_LOOP('',(#1371,#1372,#1373,#1374,#1375,#1376));
#290=EDGE_LOOP('',(#1377,#1378,#1379,#1380));
#291=EDGE_LOOP('',(#1381,#1382,#1383,#1384));
#292=EDGE_LOOP('',(#1385,#1386,#1387,#1388));
#293=EDGE_LOOP('',(#1389,#1390,#1391,#1392));
#294=EDGE_LOOP('',(#1393,#1394,#1395,#1396));
#295=EDGE_LOOP('',(#1397,#1398,#1399,#1400,#1401));
#296=EDGE_LOOP('',(#1402,#1403,#1404,#1405,#1406,#1407,#1408));
#297=EDGE_LOOP('',(#1409,#1410,#1411,#1412));
#298=EDGE_LOOP('',(#1413,#1414,#1415,#1416));
#299=EDGE_LOOP('',(#1417,#1418,#1419,#1420));
#300=EDGE_LOOP('',(#1421,#1422,#1423,#1424));
#301=EDGE_LOOP('',(#1425,#1426,#1427,#1428,#1429,#1430,#1431));
#302=EDGE_LOOP('',(#1432,#1433,#1434,#1435));
#303=EDGE_LOOP('',(#1436,#1437,#1438,#1439));
#304=EDGE_LOOP('',(#1440,#1441,#1442,#1443));
#305=EDGE_LOOP('',(#1444,#1445,#1446,#1447));
#306=EDGE_LOOP('',(#1448,#1449,#1450,#1451,#1452,#1453,#1454));
#307=EDGE_LOOP('',(#1455,#1456,#1457,#1458));
#308=EDGE_LOOP('',(#1459,#1460,#1461,#1462));
#309=EDGE_LOOP('',(#1463,#1464,#1465,#1466));
#310=EDGE_LOOP('',(#1467,#1468,#1469,#1470));
#311=EDGE_LOOP('',(#1471,#1472,#1473,#1474,#1475,#1476,#1477));
#312=EDGE_LOOP('',(#1478,#1479,#1480,#1481));
#313=EDGE_LOOP('',(#1482,#1483,#1484,#1485));
#314=EDGE_LOOP('',(#1486,#1487,#1488,#1489));
#315=EDGE_LOOP('',(#1490,#1491,#1492,#1493));
#316=EDGE_LOOP('',(#1494,#1495,#1496,#1497));
#317=EDGE_LOOP('',(#1498,#1499,#1500,#1501));
#318=EDGE_LOOP('',(#1502,#1503,#1504,#1505));
#319=EDGE_LOOP('',(#1506,#1507,#1508,#1509));
#320=EDGE_LOOP('',(#1510,#1511,#1512,#1513));
#321=EDGE_LOOP('',(#1514,#1515,#1516,#1517));
#322=EDGE_LOOP('',(#1518,#1519,#1520,#1521));
#323=EDGE_LOOP('',(#1522,#1523,#1524,#1525,#1526,#1527,#1528,#1529));
#324=EDGE_LOOP('',(#1530));
#325=EDGE_LOOP('',(#1531));
#326=EDGE_LOOP('',(#1532,#1533,#1534,#1535,#1536,#1537,#1538,#1539,#1540,
#1541,#1542,#1543,#1544,#1545,#1546,#1547,#1548,#1549,#1550,#1551,#1552,
#1553,#1554,#1555));
#327=EDGE_LOOP('',(#1556));
#328=EDGE_LOOP('',(#1557));
#329=ELLIPSE('',#1713,1.40015144417437,0.899999999999999);
#330=ELLIPSE('',#1714,1.40015144417431,0.899999999999963);
#331=ELLIPSE('',#1724,1.55572382686038,0.999999999999979);
#332=ELLIPSE('',#1725,1.40015144417438,0.900000000000007);
#333=ELLIPSE('',#1735,1.40015144417438,0.900000000000007);
#334=ELLIPSE('',#1736,1.40015144417442,0.900000000000034);
#335=ELLIPSE('',#1742,1.40015144417431,0.899999999999963);
#336=ELLIPSE('',#1743,1.40015144417429,0.899999999999945);
#337=LINE('',#2392,#501);
#338=LINE('',#2394,#502);
#339=LINE('',#2396,#503);
#340=LINE('',#2398,#504);
#341=LINE('',#2400,#505);
#342=LINE('',#2404,#506);
#343=LINE('',#2408,#507);
#344=LINE('',#2410,#508);
#345=LINE('',#2412,#509);
#346=LINE('',#2414,#510);
#347=LINE('',#2416,#511);
#348=LINE('',#2417,#512);
#349=LINE('',#2421,#513);
#350=LINE('',#2426,#514);
#351=LINE('',#2430,#515);
#352=LINE('',#2431,#516);
#353=LINE('',#2435,#517);
#354=LINE('',#2437,#518);
#355=LINE('',#2439,#519);
#356=LINE('',#2441,#520);
#357=LINE('',#2443,#521);
#358=LINE('',#2447,#522);
#359=LINE('',#2451,#523);
#360=LINE('',#2453,#524);
#361=LINE('',#2455,#525);
#362=LINE('',#2457,#526);
#363=LINE('',#2459,#527);
#364=LINE('',#2460,#528);
#365=LINE('',#2464,#529);
#366=LINE('',#2469,#530);
#367=LINE('',#2473,#531);
#368=LINE('',#2474,#532);
#369=LINE('',#2478,#533);
#370=LINE('',#2480,#534);
#371=LINE('',#2482,#535);
#372=LINE('',#2486,#536);
#373=LINE('',#2490,#537);
#374=LINE('',#2492,#538);
#375=LINE('',#2494,#539);
#376=LINE('',#2496,#540);
#377=LINE('',#2497,#541);
#378=LINE('',#2500,#542);
#379=LINE('',#2504,#543);
#380=LINE('',#2505,#544);
#381=LINE('',#2509,#545);
#382=LINE('',#2511,#546);
#383=LINE('',#2513,#547);
#384=LINE('',#2517,#548);
#385=LINE('',#2521,#549);
#386=LINE('',#2523,#550);
#387=LINE('',#2525,#551);
#388=LINE('',#2527,#552);
#389=LINE('',#2529,#553);
#390=LINE('',#2530,#554);
#391=LINE('',#2533,#555);
#392=LINE('',#2537,#556);
#393=LINE('',#2538,#557);
#394=LINE('',#2543,#558);
#395=LINE('',#2548,#559);
#396=LINE('',#2553,#560);
#397=LINE('',#2558,#561);
#398=LINE('',#2564,#562);
#399=LINE('',#2568,#563);
#400=LINE('',#2572,#564);
#401=LINE('',#2575,#565);
#402=LINE('',#2580,#566);
#403=LINE('',#2584,#567);
#404=LINE('',#2588,#568);
#405=LINE('',#2591,#569);
#406=LINE('',#2596,#570);
#407=LINE('',#2600,#571);
#408=LINE('',#2604,#572);
#409=LINE('',#2607,#573);
#410=LINE('',#2610,#574);
#411=LINE('',#2612,#575);
#412=LINE('',#2613,#576);
#413=LINE('',#2617,#577);
#414=LINE('',#2620,#578);
#415=LINE('',#2621,#579);
#416=LINE('',#2625,#580);
#417=LINE('',#2628,#581);
#418=LINE('',#2629,#582);
#419=LINE('',#2633,#583);
#420=LINE('',#2636,#584);
#421=LINE('',#2637,#585);
#422=LINE('',#2642,#586);
#423=LINE('',#2644,#587);
#424=LINE('',#2645,#588);
#425=LINE('',#2649,#589);
#426=LINE('',#2652,#590);
#427=LINE('',#2653,#591);
#428=LINE('',#2657,#592);
#429=LINE('',#2660,#593);
#430=LINE('',#2661,#594);
#431=LINE('',#2665,#595);
#432=LINE('',#2668,#596);
#433=LINE('',#2669,#597);
#434=LINE('',#2674,#598);
#435=LINE('',#2676,#599);
#436=LINE('',#2677,#600);
#437=LINE('',#2681,#601);
#438=LINE('',#2684,#602);
#439=LINE('',#2685,#603);
#440=LINE('',#2689,#604);
#441=LINE('',#2692,#605);
#442=LINE('',#2693,#606);
#443=LINE('',#2697,#607);
#444=LINE('',#2700,#608);
#445=LINE('',#2701,#609);
#446=LINE('',#2709,#610);
#447=LINE('',#2713,#611);
#448=LINE('',#2717,#612);
#449=LINE('',#2720,#613);
#450=LINE('',#2734,#614);
#451=LINE('',#2736,#615);
#452=LINE('',#2738,#616);
#453=LINE('',#2740,#617);
#454=LINE('',#2745,#618);
#455=LINE('',#2748,#619);
#456=LINE('',#2753,#620);
#457=LINE('',#2756,#621);
#458=LINE('',#2759,#622);
#459=LINE('',#2763,#623);
#460=LINE('',#2768,#624);
#461=LINE('',#2769,#625);
#462=LINE('',#2770,#626);
#463=LINE('',#2774,#627);
#464=LINE('',#2777,#628);
#465=LINE('',#2778,#629);
#466=LINE('',#2782,#630);
#467=LINE('',#2785,#631);
#468=LINE('',#2786,#632);
#469=LINE('',#2790,#633);
#470=LINE('',#2793,#634);
#471=LINE('',#2794,#635);
#472=LINE('',#2800,#636);
#473=LINE('',#2803,#637);
#474=LINE('',#2804,#638);
#475=LINE('',#2808,#639);
#476=LINE('',#2811,#640);
#477=LINE('',#2812,#641);
#478=LINE('',#2818,#642);
#479=LINE('',#2821,#643);
#480=LINE('',#2822,#644);
#481=LINE('',#2826,#645);
#482=LINE('',#2829,#646);
#483=LINE('',#2830,#647);
#484=LINE('',#2836,#648);
#485=LINE('',#2839,#649);
#486=LINE('',#2840,#650);
#487=LINE('',#2845,#651);
#488=LINE('',#2849,#652);
#489=LINE('',#2854,#653);
#490=LINE('',#2855,#654);
#491=LINE('',#2856,#655);
#492=LINE('',#2860,#656);
#493=LINE('',#2863,#657);
#494=LINE('',#2864,#658);
#495=LINE('',#2868,#659);
#496=LINE('',#2871,#660);
#497=LINE('',#2872,#661);
#498=LINE('',#2876,#662);
#499=LINE('',#2879,#663);
#500=LINE('',#2880,#664);
#501=VECTOR('',#1886,10.);
#502=VECTOR('',#1887,10.);
#503=VECTOR('',#1888,10.);
#504=VECTOR('',#1889,10.);
#505=VECTOR('',#1890,10.);
#506=VECTOR('',#1893,10.);
#507=VECTOR('',#1898,10.);
#508=VECTOR('',#1899,10.);
#509=VECTOR('',#1900,10.);
#510=VECTOR('',#1901,10.);
#511=VECTOR('',#1902,10.);
#512=VECTOR('',#1903,10.);
#513=VECTOR('',#1908,10.);
#514=VECTOR('',#1915,10.);
#515=VECTOR('',#1920,10.);
#516=VECTOR('',#1921,10.);
#517=VECTOR('',#1924,10.);
#518=VECTOR('',#1925,10.);
#519=VECTOR('',#1926,10.);
#520=VECTOR('',#1927,10.);
#521=VECTOR('',#1928,10.);
#522=VECTOR('',#1931,10.);
#523=VECTOR('',#1936,10.);
#524=VECTOR('',#1937,10.);
#525=VECTOR('',#1938,10.);
#526=VECTOR('',#1939,10.);
#527=VECTOR('',#1940,10.);
#528=VECTOR('',#1941,10.);
#529=VECTOR('',#1946,10.);
#530=VECTOR('',#1953,10.);
#531=VECTOR('',#1958,10.);
#532=VECTOR('',#1959,10.);
#533=VECTOR('',#1962,10.);
#534=VECTOR('',#1963,10.);
#535=VECTOR('',#1964,10.);
#536=VECTOR('',#1967,10.);
#537=VECTOR('',#1972,10.);
#538=VECTOR('',#1973,10.);
#539=VECTOR('',#1974,10.);
#540=VECTOR('',#1975,10.);
#541=VECTOR('',#1976,10.);
#542=VECTOR('',#1979,10.);
#543=VECTOR('',#1984,10.);
#544=VECTOR('',#1985,10.);
#545=VECTOR('',#1988,10.);
#546=VECTOR('',#1989,10.);
#547=VECTOR('',#1990,10.);
#548=VECTOR('',#1993,10.);
#549=VECTOR('',#1998,10.);
#550=VECTOR('',#1999,10.);
#551=VECTOR('',#2000,10.);
#552=VECTOR('',#2001,10.);
#553=VECTOR('',#2002,10.);
#554=VECTOR('',#2003,10.);
#555=VECTOR('',#2006,10.);
#556=VECTOR('',#2011,10.);
#557=VECTOR('',#2012,10.);
#558=VECTOR('',#2017,10.);
#559=VECTOR('',#2022,10.);
#560=VECTOR('',#2027,10.);
#561=VECTOR('',#2032,10.);
#562=VECTOR('',#2037,10.);
#563=VECTOR('',#2040,10.);
#564=VECTOR('',#2043,10.);
#565=VECTOR('',#2046,10.);
#566=VECTOR('',#2049,10.);
#567=VECTOR('',#2052,10.);
#568=VECTOR('',#2055,10.);
#569=VECTOR('',#2058,10.);
#570=VECTOR('',#2061,10.);
#571=VECTOR('',#2064,10.);
#572=VECTOR('',#2067,10.);
#573=VECTOR('',#2070,10.);
#574=VECTOR('',#2073,10.);
#575=VECTOR('',#2074,10.);
#576=VECTOR('',#2075,10.);
#577=VECTOR('',#2080,10.);
#578=VECTOR('',#2083,10.);
#579=VECTOR('',#2084,10.);
#580=VECTOR('',#2089,10.);
#581=VECTOR('',#2092,10.);
#582=VECTOR('',#2093,10.);
#583=VECTOR('',#2098,10.);
#584=VECTOR('',#2101,10.);
#585=VECTOR('',#2102,10.);
#586=VECTOR('',#2109,10.);
#587=VECTOR('',#2110,10.);
#588=VECTOR('',#2111,10.);
#589=VECTOR('',#2116,10.);
#590=VECTOR('',#2119,10.);
#591=VECTOR('',#2120,10.);
#592=VECTOR('',#2125,10.);
#593=VECTOR('',#2128,10.);
#594=VECTOR('',#2129,10.);
#595=VECTOR('',#2134,10.);
#596=VECTOR('',#2137,10.);
#597=VECTOR('',#2138,10.);
#598=VECTOR('',#2145,10.);
#599=VECTOR('',#2146,10.);
#600=VECTOR('',#2147,10.);
#601=VECTOR('',#2152,10.);
#602=VECTOR('',#2155,10.);
#603=VECTOR('',#2156,10.);
#604=VECTOR('',#2161,10.);
#605=VECTOR('',#2164,10.);
#606=VECTOR('',#2165,10.);
#607=VECTOR('',#2170,10.);
#608=VECTOR('',#2173,10.);
#609=VECTOR('',#2174,10.);
#610=VECTOR('',#2183,10.);
#611=VECTOR('',#2186,10.);
#612=VECTOR('',#2189,10.);
#613=VECTOR('',#2192,10.);
#614=VECTOR('',#2211,10.);
#615=VECTOR('',#2214,10.);
#616=VECTOR('',#2217,10.);
#617=VECTOR('',#2220,10.);
#618=VECTOR('',#2225,10.);
#619=VECTOR('',#2228,10.);
#620=VECTOR('',#2233,10.);
#621=VECTOR('',#2236,10.);
#622=VECTOR('',#2239,2.35000000000001);
#623=VECTOR('',#2244,2.35);
#624=VECTOR('',#2249,10.);
#625=VECTOR('',#2250,10.);
#626=VECTOR('',#2251,10.);
#627=VECTOR('',#2256,10.);
#628=VECTOR('',#2259,10.);
#629=VECTOR('',#2260,10.);
#630=VECTOR('',#2265,10.);
#631=VECTOR('',#2268,10.);
#632=VECTOR('',#2269,10.);
#633=VECTOR('',#2274,10.);
#634=VECTOR('',#2277,10.);
#635=VECTOR('',#2278,10.);
#636=VECTOR('',#2287,10.);
#637=VECTOR('',#2290,10.);
#638=VECTOR('',#2291,10.);
#639=VECTOR('',#2296,10.);
#640=VECTOR('',#2299,10.);
#641=VECTOR('',#2300,10.);
#642=VECTOR('',#2309,10.);
#643=VECTOR('',#2312,10.);
#644=VECTOR('',#2313,10.);
#645=VECTOR('',#2318,10.);
#646=VECTOR('',#2321,10.);
#647=VECTOR('',#2322,10.);
#648=VECTOR('',#2331,10.);
#649=VECTOR('',#2334,10.);
#650=VECTOR('',#2335,10.);
#651=VECTOR('',#2342,2.35);
#652=VECTOR('',#2347,2.34999999999999);
#653=VECTOR('',#2352,10.);
#654=VECTOR('',#2353,10.);
#655=VECTOR('',#2354,10.);
#656=VECTOR('',#2359,10.);
#657=VECTOR('',#2362,10.);
#658=VECTOR('',#2363,10.);
#659=VECTOR('',#2368,10.);
#660=VECTOR('',#2371,10.);
#661=VECTOR('',#2372,10.);
#662=VECTOR('',#2377,10.);
#663=VECTOR('',#2380,10.);
#664=VECTOR('',#2381,10.);
#665=VERTEX_POINT('',#2390);
#666=VERTEX_POINT('',#2391);
#667=VERTEX_POINT('',#2393);
#668=VERTEX_POINT('',#2395);
#669=VERTEX_POINT('',#2397);
#670=VERTEX_POINT('',#2399);
#671=VERTEX_POINT('',#2401);
#672=VERTEX_POINT('',#2403);
#673=VERTEX_POINT('',#2407);
#674=VERTEX_POINT('',#2409);
#675=VERTEX_POINT('',#2411);
#676=VERTEX_POINT('',#2413);
#677=VERTEX_POINT('',#2415);
#678=VERTEX_POINT('',#2419);
#679=VERTEX_POINT('',#2425);
#680=VERTEX_POINT('',#2429);
#681=VERTEX_POINT('',#2433);
#682=VERTEX_POINT('',#2434);
#683=VERTEX_POINT('',#2436);
#684=VERTEX_POINT('',#2438);
#685=VERTEX_POINT('',#2440);
#686=VERTEX_POINT('',#2442);
#687=VERTEX_POINT('',#2444);
#688=VERTEX_POINT('',#2446);
#689=VERTEX_POINT('',#2450);
#690=VERTEX_POINT('',#2452);
#691=VERTEX_POINT('',#2454);
#692=VERTEX_POINT('',#2456);
#693=VERTEX_POINT('',#2458);
#694=VERTEX_POINT('',#2462);
#695=VERTEX_POINT('',#2468);
#696=VERTEX_POINT('',#2472);
#697=VERTEX_POINT('',#2476);
#698=VERTEX_POINT('',#2477);
#699=VERTEX_POINT('',#2479);
#700=VERTEX_POINT('',#2481);
#701=VERTEX_POINT('',#2483);
#702=VERTEX_POINT('',#2485);
#703=VERTEX_POINT('',#2489);
#704=VERTEX_POINT('',#2491);
#705=VERTEX_POINT('',#2493);
#706=VERTEX_POINT('',#2495);
#707=VERTEX_POINT('',#2499);
#708=VERTEX_POINT('',#2503);
#709=VERTEX_POINT('',#2507);
#710=VERTEX_POINT('',#2508);
#711=VERTEX_POINT('',#2510);
#712=VERTEX_POINT('',#2512);
#713=VERTEX_POINT('',#2514);
#714=VERTEX_POINT('',#2516);
#715=VERTEX_POINT('',#2520);
#716=VERTEX_POINT('',#2522);
#717=VERTEX_POINT('',#2524);
#718=VERTEX_POINT('',#2526);
#719=VERTEX_POINT('',#2528);
#720=VERTEX_POINT('',#2532);
#721=VERTEX_POINT('',#2536);
#722=VERTEX_POINT('',#2540);
#723=VERTEX_POINT('',#2542);
#724=VERTEX_POINT('',#2545);
#725=VERTEX_POINT('',#2547);
#726=VERTEX_POINT('',#2550);
#727=VERTEX_POINT('',#2552);
#728=VERTEX_POINT('',#2555);
#729=VERTEX_POINT('',#2557);
#730=VERTEX_POINT('',#2560);
#731=VERTEX_POINT('',#2561);
#732=VERTEX_POINT('',#2563);
#733=VERTEX_POINT('',#2565);
#734=VERTEX_POINT('',#2567);
#735=VERTEX_POINT('',#2569);
#736=VERTEX_POINT('',#2571);
#737=VERTEX_POINT('',#2573);
#738=VERTEX_POINT('',#2576);
#739=VERTEX_POINT('',#2577);
#740=VERTEX_POINT('',#2579);
#741=VERTEX_POINT('',#2581);
#742=VERTEX_POINT('',#2583);
#743=VERTEX_POINT('',#2585);
#744=VERTEX_POINT('',#2587);
#745=VERTEX_POINT('',#2589);
#746=VERTEX_POINT('',#2592);
#747=VERTEX_POINT('',#2593);
#748=VERTEX_POINT('',#2595);
#749=VERTEX_POINT('',#2597);
#750=VERTEX_POINT('',#2599);
#751=VERTEX_POINT('',#2601);
#752=VERTEX_POINT('',#2603);
#753=VERTEX_POINT('',#2605);
#754=VERTEX_POINT('',#2609);
#755=VERTEX_POINT('',#2611);
#756=VERTEX_POINT('',#2615);
#757=VERTEX_POINT('',#2619);
#758=VERTEX_POINT('',#2623);
#759=VERTEX_POINT('',#2627);
#760=VERTEX_POINT('',#2631);
#761=VERTEX_POINT('',#2635);
#762=VERTEX_POINT('',#2641);
#763=VERTEX_POINT('',#2643);
#764=VERTEX_POINT('',#2647);
#765=VERTEX_POINT('',#2651);
#766=VERTEX_POINT('',#2655);
#767=VERTEX_POINT('',#2659);
#768=VERTEX_POINT('',#2663);
#769=VERTEX_POINT('',#2667);
#770=VERTEX_POINT('',#2673);
#771=VERTEX_POINT('',#2675);
#772=VERTEX_POINT('',#2679);
#773=VERTEX_POINT('',#2683);
#774=VERTEX_POINT('',#2687);
#775=VERTEX_POINT('',#2691);
#776=VERTEX_POINT('',#2695);
#777=VERTEX_POINT('',#2699);
#778=VERTEX_POINT('',#2705);
#779=VERTEX_POINT('',#2706);
#780=VERTEX_POINT('',#2708);
#781=VERTEX_POINT('',#2710);
#782=VERTEX_POINT('',#2712);
#783=VERTEX_POINT('',#2714);
#784=VERTEX_POINT('',#2716);
#785=VERTEX_POINT('',#2718);
#786=VERTEX_POINT('',#2722);
#787=VERTEX_POINT('',#2725);
#788=VERTEX_POINT('',#2728);
#789=VERTEX_POINT('',#2731);
#790=VERTEX_POINT('',#2742);
#791=VERTEX_POINT('',#2744);
#792=VERTEX_POINT('',#2746);
#793=VERTEX_POINT('',#2750);
#794=VERTEX_POINT('',#2752);
#795=VERTEX_POINT('',#2754);
#796=VERTEX_POINT('',#2758);
#797=VERTEX_POINT('',#2762);
#798=VERTEX_POINT('',#2766);
#799=VERTEX_POINT('',#2767);
#800=VERTEX_POINT('',#2772);
#801=VERTEX_POINT('',#2776);
#802=VERTEX_POINT('',#2780);
#803=VERTEX_POINT('',#2784);
#804=VERTEX_POINT('',#2788);
#805=VERTEX_POINT('',#2792);
#806=VERTEX_POINT('',#2798);
#807=VERTEX_POINT('',#2802);
#808=VERTEX_POINT('',#2806);
#809=VERTEX_POINT('',#2810);
#810=VERTEX_POINT('',#2816);
#811=VERTEX_POINT('',#2820);
#812=VERTEX_POINT('',#2824);
#813=VERTEX_POINT('',#2828);
#814=VERTEX_POINT('',#2834);
#815=VERTEX_POINT('',#2838);
#816=VERTEX_POINT('',#2844);
#817=VERTEX_POINT('',#2848);
#818=VERTEX_POINT('',#2852);
#819=VERTEX_POINT('',#2853);
#820=VERTEX_POINT('',#2858);
#821=VERTEX_POINT('',#2862);
#822=VERTEX_POINT('',#2866);
#823=VERTEX_POINT('',#2870);
#824=VERTEX_POINT('',#2874);
#825=VERTEX_POINT('',#2878);
#826=EDGE_CURVE('',#665,#666,#337,.T.);
#827=EDGE_CURVE('',#667,#665,#338,.T.);
#828=EDGE_CURVE('',#667,#668,#339,.T.);
#829=EDGE_CURVE('',#669,#668,#340,.T.);
#830=EDGE_CURVE('',#670,#669,#341,.T.);
#831=EDGE_CURVE('',#671,#670,#329,.T.);
#832=EDGE_CURVE('',#672,#671,#342,.T.);
#833=EDGE_CURVE('',#666,#672,#330,.T.);
#834=EDGE_CURVE('',#666,#673,#343,.T.);
#835=EDGE_CURVE('',#674,#673,#344,.T.);
#836=EDGE_CURVE('',#675,#674,#345,.T.);
#837=EDGE_CURVE('',#675,#676,#346,.T.);
#838=EDGE_CURVE('',#676,#677,#347,.T.);
#839=EDGE_CURVE('',#665,#677,#348,.T.);
#840=EDGE_CURVE('',#668,#678,#66,.T.);
#841=EDGE_CURVE('',#678,#669,#349,.T.);
#842=EDGE_CURVE('',#677,#667,#67,.T.);
#843=EDGE_CURVE('',#672,#679,#350,.T.);
#844=EDGE_CURVE('',#673,#679,#68,.T.);
#845=EDGE_CURVE('',#671,#680,#351,.T.);
#846=EDGE_CURVE('',#679,#680,#352,.T.);
#847=EDGE_CURVE('',#681,#682,#353,.T.);
#848=EDGE_CURVE('',#683,#681,#354,.T.);
#849=EDGE_CURVE('',#683,#684,#355,.T.);
#850=EDGE_CURVE('',#685,#684,#356,.T.);
#851=EDGE_CURVE('',#686,#685,#357,.T.);
#852=EDGE_CURVE('',#687,#686,#331,.T.);
#853=EDGE_CURVE('',#688,#687,#358,.T.);
#854=EDGE_CURVE('',#682,#688,#332,.T.);
#855=EDGE_CURVE('',#682,#689,#359,.T.);
#856=EDGE_CURVE('',#690,#689,#360,.T.);
#857=EDGE_CURVE('',#691,#690,#361,.T.);
#858=EDGE_CURVE('',#691,#692,#362,.T.);
#859=EDGE_CURVE('',#692,#693,#363,.T.);
#860=EDGE_CURVE('',#681,#693,#364,.T.);
#861=EDGE_CURVE('',#684,#694,#69,.T.);
#862=EDGE_CURVE('',#694,#685,#365,.T.);
#863=EDGE_CURVE('',#693,#683,#70,.T.);
#864=EDGE_CURVE('',#688,#695,#366,.T.);
#865=EDGE_CURVE('',#689,#695,#71,.T.);
#866=EDGE_CURVE('',#687,#696,#367,.T.);
#867=EDGE_CURVE('',#695,#696,#368,.T.);
#868=EDGE_CURVE('',#697,#698,#369,.T.);
#869=EDGE_CURVE('',#699,#697,#370,.T.);
#870=EDGE_CURVE('',#700,#699,#371,.T.);
#871=EDGE_CURVE('',#701,#700,#333,.T.);
#872=EDGE_CURVE('',#702,#701,#372,.T.);
#873=EDGE_CURVE('',#698,#702,#334,.T.);
#874=EDGE_CURVE('',#698,#703,#373,.T.);
#875=EDGE_CURVE('',#704,#703,#374,.T.);
#876=EDGE_CURVE('',#705,#704,#375,.T.);
#877=EDGE_CURVE('',#705,#706,#376,.T.);
#878=EDGE_CURVE('',#697,#706,#377,.T.);
#879=EDGE_CURVE('',#702,#707,#378,.T.);
#880=EDGE_CURVE('',#703,#707,#72,.T.);
#881=EDGE_CURVE('',#701,#708,#379,.T.);
#882=EDGE_CURVE('',#707,#708,#380,.T.);
#883=EDGE_CURVE('',#709,#710,#381,.T.);
#884=EDGE_CURVE('',#711,#709,#382,.T.);
#885=EDGE_CURVE('',#712,#711,#383,.T.);
#886=EDGE_CURVE('',#713,#712,#335,.T.);
#887=EDGE_CURVE('',#714,#713,#384,.T.);
#888=EDGE_CURVE('',#710,#714,#336,.T.);
#889=EDGE_CURVE('',#710,#715,#385,.T.);
#890=EDGE_CURVE('',#716,#715,#386,.T.);
#891=EDGE_CURVE('',#717,#716,#387,.T.);
#892=EDGE_CURVE('',#717,#718,#388,.T.);
#893=EDGE_CURVE('',#718,#719,#389,.T.);
#894=EDGE_CURVE('',#709,#719,#390,.T.);
#895=EDGE_CURVE('',#714,#720,#391,.T.);
#896=EDGE_CURVE('',#715,#720,#73,.T.);
#897=EDGE_CURVE('',#713,#721,#392,.T.);
#898=EDGE_CURVE('',#720,#721,#393,.T.);
#899=EDGE_CURVE('',#696,#722,#74,.T.);
#900=EDGE_CURVE('',#722,#723,#394,.T.);
#901=EDGE_CURVE('',#723,#716,#75,.T.);
#902=EDGE_CURVE('',#721,#724,#76,.T.);
#903=EDGE_CURVE('',#724,#725,#395,.T.);
#904=EDGE_CURVE('',#725,#674,#77,.T.);
#905=EDGE_CURVE('',#680,#726,#78,.T.);
#906=EDGE_CURVE('',#726,#727,#396,.T.);
#907=EDGE_CURVE('',#727,#704,#79,.T.);
#908=EDGE_CURVE('',#708,#728,#80,.T.);
#909=EDGE_CURVE('',#728,#729,#397,.T.);
#910=EDGE_CURVE('',#729,#690,#81,.T.);
#911=EDGE_CURVE('',#730,#731,#82,.T.);
#912=EDGE_CURVE('',#732,#730,#398,.T.);
#913=EDGE_CURVE('',#733,#732,#83,.T.);
#914=EDGE_CURVE('',#734,#733,#399,.T.);
#915=EDGE_CURVE('',#735,#734,#84,.T.);
#916=EDGE_CURVE('',#736,#735,#400,.T.);
#917=EDGE_CURVE('',#737,#736,#85,.T.);
#918=EDGE_CURVE('',#731,#737,#401,.T.);
#919=EDGE_CURVE('',#738,#739,#86,.T.);
#920=EDGE_CURVE('',#740,#738,#402,.T.);
#921=EDGE_CURVE('',#741,#740,#87,.T.);
#922=EDGE_CURVE('',#742,#741,#403,.T.);
#923=EDGE_CURVE('',#743,#742,#88,.T.);
#924=EDGE_CURVE('',#744,#743,#404,.T.);
#925=EDGE_CURVE('',#745,#744,#89,.T.);
#926=EDGE_CURVE('',#739,#745,#405,.T.);
#927=EDGE_CURVE('',#746,#747,#90,.T.);
#928=EDGE_CURVE('',#748,#746,#406,.T.);
#929=EDGE_CURVE('',#749,#748,#91,.T.);
#930=EDGE_CURVE('',#750,#749,#407,.T.);
#931=EDGE_CURVE('',#751,#750,#92,.T.);
#932=EDGE_CURVE('',#752,#751,#408,.T.);
#933=EDGE_CURVE('',#753,#752,#93,.T.);
#934=EDGE_CURVE('',#747,#753,#409,.T.);
#935=EDGE_CURVE('',#730,#754,#410,.T.);
#936=EDGE_CURVE('',#755,#754,#411,.T.);
#937=EDGE_CURVE('',#732,#755,#412,.T.);
#938=EDGE_CURVE('',#756,#755,#94,.T.);
#939=EDGE_CURVE('',#733,#756,#413,.T.);
#940=EDGE_CURVE('',#757,#756,#414,.T.);
#941=EDGE_CURVE('',#734,#757,#415,.T.);
#942=EDGE_CURVE('',#758,#757,#95,.T.);
#943=EDGE_CURVE('',#735,#758,#416,.T.);
#944=EDGE_CURVE('',#759,#758,#417,.T.);
#945=EDGE_CURVE('',#736,#759,#418,.T.);
#946=EDGE_CURVE('',#760,#759,#96,.T.);
#947=EDGE_CURVE('',#737,#760,#419,.T.);
#948=EDGE_CURVE('',#761,#760,#420,.T.);
#949=EDGE_CURVE('',#731,#761,#421,.T.);
#950=EDGE_CURVE('',#754,#761,#97,.T.);
#951=EDGE_CURVE('',#738,#762,#422,.T.);
#952=EDGE_CURVE('',#763,#762,#423,.T.);
#953=EDGE_CURVE('',#740,#763,#424,.T.);
#954=EDGE_CURVE('',#764,#763,#98,.T.);
#955=EDGE_CURVE('',#741,#764,#425,.T.);
#956=EDGE_CURVE('',#765,#764,#426,.T.);
#957=EDGE_CURVE('',#742,#765,#427,.T.);
#958=EDGE_CURVE('',#766,#765,#99,.T.);
#959=EDGE_CURVE('',#743,#766,#428,.T.);
#960=EDGE_CURVE('',#767,#766,#429,.T.);
#961=EDGE_CURVE('',#744,#767,#430,.T.);
#962=EDGE_CURVE('',#768,#767,#100,.T.);
#963=EDGE_CURVE('',#745,#768,#431,.T.);
#964=EDGE_CURVE('',#769,#768,#432,.T.);
#965=EDGE_CURVE('',#739,#769,#433,.T.);
#966=EDGE_CURVE('',#762,#769,#101,.T.);
#967=EDGE_CURVE('',#746,#770,#434,.T.);
#968=EDGE_CURVE('',#771,#770,#435,.T.);
#969=EDGE_CURVE('',#748,#771,#436,.T.);
#970=EDGE_CURVE('',#772,#771,#102,.T.);
#971=EDGE_CURVE('',#749,#772,#437,.T.);
#972=EDGE_CURVE('',#773,#772,#438,.T.);
#973=EDGE_CURVE('',#750,#773,#439,.T.);
#974=EDGE_CURVE('',#774,#773,#103,.T.);
#975=EDGE_CURVE('',#751,#774,#440,.T.);
#976=EDGE_CURVE('',#775,#774,#441,.T.);
#977=EDGE_CURVE('',#752,#775,#442,.T.);
#978=EDGE_CURVE('',#776,#775,#104,.T.);
#979=EDGE_CURVE('',#753,#776,#443,.T.);
#980=EDGE_CURVE('',#777,#776,#444,.T.);
#981=EDGE_CURVE('',#747,#777,#445,.T.);
#982=EDGE_CURVE('',#770,#777,#105,.T.);
#983=EDGE_CURVE('',#778,#779,#106,.F.);
#984=EDGE_CURVE('',#779,#780,#446,.F.);
#985=EDGE_CURVE('',#780,#781,#107,.F.);
#986=EDGE_CURVE('',#781,#782,#447,.F.);
#987=EDGE_CURVE('',#782,#783,#108,.F.);
#988=EDGE_CURVE('',#783,#784,#448,.F.);
#989=EDGE_CURVE('',#784,#785,#109,.F.);
#990=EDGE_CURVE('',#785,#778,#449,.F.);
#991=EDGE_CURVE('',#786,#786,#110,.T.);
#992=EDGE_CURVE('',#787,#787,#111,.T.);
#993=EDGE_CURVE('',#788,#788,#112,.T.);
#994=EDGE_CURVE('',#789,#789,#113,.T.);
#995=EDGE_CURVE('',#700,#728,#450,.T.);
#996=EDGE_CURVE('',#670,#726,#451,.T.);
#997=EDGE_CURVE('',#712,#724,#452,.T.);
#998=EDGE_CURVE('',#686,#722,#453,.T.);
#999=EDGE_CURVE('',#706,#790,#114,.T.);
#1000=EDGE_CURVE('',#790,#791,#454,.T.);
#1001=EDGE_CURVE('',#791,#792,#115,.T.);
#1002=EDGE_CURVE('',#792,#699,#455,.T.);
#1003=EDGE_CURVE('',#719,#793,#116,.T.);
#1004=EDGE_CURVE('',#793,#794,#456,.T.);
#1005=EDGE_CURVE('',#794,#795,#117,.T.);
#1006=EDGE_CURVE('',#795,#711,#457,.T.);
#1007=EDGE_CURVE('',#789,#796,#458,.T.);
#1008=EDGE_CURVE('',#796,#796,#118,.T.);
#1009=EDGE_CURVE('',#788,#797,#459,.T.);
#1010=EDGE_CURVE('',#797,#797,#119,.T.);
#1011=EDGE_CURVE('',#798,#799,#460,.T.);
#1012=EDGE_CURVE('',#799,#791,#461,.T.);
#1013=EDGE_CURVE('',#798,#790,#462,.T.);
#1014=EDGE_CURVE('',#800,#798,#120,.T.);
#1015=EDGE_CURVE('',#800,#706,#463,.T.);
#1016=EDGE_CURVE('',#801,#800,#464,.T.);
#1017=EDGE_CURVE('',#801,#705,#465,.T.);
#1018=EDGE_CURVE('',#802,#801,#121,.T.);
#1019=EDGE_CURVE('',#802,#727,#466,.T.);
#1020=EDGE_CURVE('',#803,#678,#467,.T.);
#1021=EDGE_CURVE('',#803,#802,#468,.T.);
#1022=EDGE_CURVE('',#804,#803,#122,.T.);
#1023=EDGE_CURVE('',#804,#668,#469,.T.);
#1024=EDGE_CURVE('',#805,#804,#470,.T.);
#1025=EDGE_CURVE('',#805,#667,#471,.T.);
#1026=EDGE_CURVE('',#676,#805,#123,.T.);
#1027=EDGE_CURVE('',#806,#675,#124,.T.);
#1028=EDGE_CURVE('',#806,#725,#472,.T.);
#1029=EDGE_CURVE('',#807,#795,#473,.T.);
#1030=EDGE_CURVE('',#807,#806,#474,.T.);
#1031=EDGE_CURVE('',#808,#807,#125,.T.);
#1032=EDGE_CURVE('',#808,#794,#475,.T.);
#1033=EDGE_CURVE('',#809,#808,#476,.T.);
#1034=EDGE_CURVE('',#809,#793,#477,.T.);
#1035=EDGE_CURVE('',#718,#809,#126,.T.);
#1036=EDGE_CURVE('',#810,#717,#127,.T.);
#1037=EDGE_CURVE('',#810,#723,#478,.T.);
#1038=EDGE_CURVE('',#811,#694,#479,.T.);
#1039=EDGE_CURVE('',#811,#810,#480,.T.);
#1040=EDGE_CURVE('',#812,#811,#128,.T.);
#1041=EDGE_CURVE('',#812,#684,#481,.T.);
#1042=EDGE_CURVE('',#813,#812,#482,.T.);
#1043=EDGE_CURVE('',#813,#683,#483,.T.);
#1044=EDGE_CURVE('',#692,#813,#129,.T.);
#1045=EDGE_CURVE('',#814,#691,#130,.T.);
#1046=EDGE_CURVE('',#814,#729,#484,.T.);
#1047=EDGE_CURVE('',#815,#792,#485,.T.);
#1048=EDGE_CURVE('',#815,#814,#486,.T.);
#1049=EDGE_CURVE('',#799,#815,#131,.T.);
#1050=EDGE_CURVE('',#787,#816,#487,.T.);
#1051=EDGE_CURVE('',#816,#816,#132,.T.);
#1052=EDGE_CURVE('',#786,#817,#488,.T.);
#1053=EDGE_CURVE('',#817,#817,#133,.T.);
#1054=EDGE_CURVE('',#818,#819,#489,.T.);
#1055=EDGE_CURVE('',#818,#780,#490,.T.);
#1056=EDGE_CURVE('',#819,#779,#491,.T.);
#1057=EDGE_CURVE('',#820,#819,#134,.F.);
#1058=EDGE_CURVE('',#820,#778,#492,.T.);
#1059=EDGE_CURVE('',#820,#821,#493,.T.);
#1060=EDGE_CURVE('',#821,#785,#494,.T.);
#1061=EDGE_CURVE('',#822,#821,#135,.F.);
#1062=EDGE_CURVE('',#822,#784,#495,.T.);
#1063=EDGE_CURVE('',#822,#823,#496,.T.);
#1064=EDGE_CURVE('',#823,#783,#497,.T.);
#1065=EDGE_CURVE('',#824,#823,#136,.F.);
#1066=EDGE_CURVE('',#824,#782,#498,.T.);
#1067=EDGE_CURVE('',#824,#825,#499,.T.);
#1068=EDGE_CURVE('',#825,#781,#500,.T.);
#1069=EDGE_CURVE('',#818,#825,#137,.F.);
#1070=ORIENTED_EDGE('',*,*,#826,.F.);
#1071=ORIENTED_EDGE('',*,*,#827,.F.);
#1072=ORIENTED_EDGE('',*,*,#828,.T.);
#1073=ORIENTED_EDGE('',*,*,#829,.F.);
#1074=ORIENTED_EDGE('',*,*,#830,.F.);
#1075=ORIENTED_EDGE('',*,*,#831,.F.);
#1076=ORIENTED_EDGE('',*,*,#832,.F.);
#1077=ORIENTED_EDGE('',*,*,#833,.F.);
#1078=ORIENTED_EDGE('',*,*,#826,.T.);
#1079=ORIENTED_EDGE('',*,*,#834,.T.);
#1080=ORIENTED_EDGE('',*,*,#835,.F.);
#1081=ORIENTED_EDGE('',*,*,#836,.F.);
#1082=ORIENTED_EDGE('',*,*,#837,.T.);
#1083=ORIENTED_EDGE('',*,*,#838,.T.);
#1084=ORIENTED_EDGE('',*,*,#839,.F.);
#1085=ORIENTED_EDGE('',*,*,#829,.T.);
#1086=ORIENTED_EDGE('',*,*,#840,.T.);
#1087=ORIENTED_EDGE('',*,*,#841,.T.);
#1088=ORIENTED_EDGE('',*,*,#827,.T.);
#1089=ORIENTED_EDGE('',*,*,#839,.T.);
#1090=ORIENTED_EDGE('',*,*,#842,.T.);
#1091=ORIENTED_EDGE('',*,*,#833,.T.);
#1092=ORIENTED_EDGE('',*,*,#843,.T.);
#1093=ORIENTED_EDGE('',*,*,#844,.F.);
#1094=ORIENTED_EDGE('',*,*,#834,.F.);
#1095=ORIENTED_EDGE('',*,*,#832,.T.);
#1096=ORIENTED_EDGE('',*,*,#845,.T.);
#1097=ORIENTED_EDGE('',*,*,#846,.F.);
#1098=ORIENTED_EDGE('',*,*,#843,.F.);
#1099=ORIENTED_EDGE('',*,*,#847,.F.);
#1100=ORIENTED_EDGE('',*,*,#848,.F.);
#1101=ORIENTED_EDGE('',*,*,#849,.T.);
#1102=ORIENTED_EDGE('',*,*,#850,.F.);
#1103=ORIENTED_EDGE('',*,*,#851,.F.);
#1104=ORIENTED_EDGE('',*,*,#852,.F.);
#1105=ORIENTED_EDGE('',*,*,#853,.F.);
#1106=ORIENTED_EDGE('',*,*,#854,.F.);
#1107=ORIENTED_EDGE('',*,*,#847,.T.);
#1108=ORIENTED_EDGE('',*,*,#855,.T.);
#1109=ORIENTED_EDGE('',*,*,#856,.F.);
#1110=ORIENTED_EDGE('',*,*,#857,.F.);
#1111=ORIENTED_EDGE('',*,*,#858,.T.);
#1112=ORIENTED_EDGE('',*,*,#859,.T.);
#1113=ORIENTED_EDGE('',*,*,#860,.F.);
#1114=ORIENTED_EDGE('',*,*,#850,.T.);
#1115=ORIENTED_EDGE('',*,*,#861,.T.);
#1116=ORIENTED_EDGE('',*,*,#862,.T.);
#1117=ORIENTED_EDGE('',*,*,#848,.T.);
#1118=ORIENTED_EDGE('',*,*,#860,.T.);
#1119=ORIENTED_EDGE('',*,*,#863,.T.);
#1120=ORIENTED_EDGE('',*,*,#854,.T.);
#1121=ORIENTED_EDGE('',*,*,#864,.T.);
#1122=ORIENTED_EDGE('',*,*,#865,.F.);
#1123=ORIENTED_EDGE('',*,*,#855,.F.);
#1124=ORIENTED_EDGE('',*,*,#853,.T.);
#1125=ORIENTED_EDGE('',*,*,#866,.T.);
#1126=ORIENTED_EDGE('',*,*,#867,.F.);
#1127=ORIENTED_EDGE('',*,*,#864,.F.);
#1128=ORIENTED_EDGE('',*,*,#868,.F.);
#1129=ORIENTED_EDGE('',*,*,#869,.F.);
#1130=ORIENTED_EDGE('',*,*,#870,.F.);
#1131=ORIENTED_EDGE('',*,*,#871,.F.);
#1132=ORIENTED_EDGE('',*,*,#872,.F.);
#1133=ORIENTED_EDGE('',*,*,#873,.F.);
#1134=ORIENTED_EDGE('',*,*,#868,.T.);
#1135=ORIENTED_EDGE('',*,*,#874,.T.);
#1136=ORIENTED_EDGE('',*,*,#875,.F.);
#1137=ORIENTED_EDGE('',*,*,#876,.F.);
#1138=ORIENTED_EDGE('',*,*,#877,.T.);
#1139=ORIENTED_EDGE('',*,*,#878,.F.);
#1140=ORIENTED_EDGE('',*,*,#873,.T.);
#1141=ORIENTED_EDGE('',*,*,#879,.T.);
#1142=ORIENTED_EDGE('',*,*,#880,.F.);
#1143=ORIENTED_EDGE('',*,*,#874,.F.);
#1144=ORIENTED_EDGE('',*,*,#872,.T.);
#1145=ORIENTED_EDGE('',*,*,#881,.T.);
#1146=ORIENTED_EDGE('',*,*,#882,.F.);
#1147=ORIENTED_EDGE('',*,*,#879,.F.);
#1148=ORIENTED_EDGE('',*,*,#883,.F.);
#1149=ORIENTED_EDGE('',*,*,#884,.F.);
#1150=ORIENTED_EDGE('',*,*,#885,.F.);
#1151=ORIENTED_EDGE('',*,*,#886,.F.);
#1152=ORIENTED_EDGE('',*,*,#887,.F.);
#1153=ORIENTED_EDGE('',*,*,#888,.F.);
#1154=ORIENTED_EDGE('',*,*,#883,.T.);
#1155=ORIENTED_EDGE('',*,*,#889,.T.);
#1156=ORIENTED_EDGE('',*,*,#890,.F.);
#1157=ORIENTED_EDGE('',*,*,#891,.F.);
#1158=ORIENTED_EDGE('',*,*,#892,.T.);
#1159=ORIENTED_EDGE('',*,*,#893,.T.);
#1160=ORIENTED_EDGE('',*,*,#894,.F.);
#1161=ORIENTED_EDGE('',*,*,#888,.T.);
#1162=ORIENTED_EDGE('',*,*,#895,.T.);
#1163=ORIENTED_EDGE('',*,*,#896,.F.);
#1164=ORIENTED_EDGE('',*,*,#889,.F.);
#1165=ORIENTED_EDGE('',*,*,#887,.T.);
#1166=ORIENTED_EDGE('',*,*,#897,.T.);
#1167=ORIENTED_EDGE('',*,*,#898,.F.);
#1168=ORIENTED_EDGE('',*,*,#895,.F.);
#1169=ORIENTED_EDGE('',*,*,#899,.T.);
#1170=ORIENTED_EDGE('',*,*,#900,.T.);
#1171=ORIENTED_EDGE('',*,*,#901,.T.);
#1172=ORIENTED_EDGE('',*,*,#890,.T.);
#1173=ORIENTED_EDGE('',*,*,#896,.T.);
#1174=ORIENTED_EDGE('',*,*,#898,.T.);
#1175=ORIENTED_EDGE('',*,*,#902,.T.);
#1176=ORIENTED_EDGE('',*,*,#903,.T.);
#1177=ORIENTED_EDGE('',*,*,#904,.T.);
#1178=ORIENTED_EDGE('',*,*,#835,.T.);
#1179=ORIENTED_EDGE('',*,*,#844,.T.);
#1180=ORIENTED_EDGE('',*,*,#846,.T.);
#1181=ORIENTED_EDGE('',*,*,#905,.T.);
#1182=ORIENTED_EDGE('',*,*,#906,.T.);
#1183=ORIENTED_EDGE('',*,*,#907,.T.);
#1184=ORIENTED_EDGE('',*,*,#875,.T.);
#1185=ORIENTED_EDGE('',*,*,#880,.T.);
#1186=ORIENTED_EDGE('',*,*,#882,.T.);
#1187=ORIENTED_EDGE('',*,*,#908,.T.);
#1188=ORIENTED_EDGE('',*,*,#909,.T.);
#1189=ORIENTED_EDGE('',*,*,#910,.T.);
#1190=ORIENTED_EDGE('',*,*,#856,.T.);
#1191=ORIENTED_EDGE('',*,*,#865,.T.);
#1192=ORIENTED_EDGE('',*,*,#867,.T.);
#1193=ORIENTED_EDGE('',*,*,#911,.F.);
#1194=ORIENTED_EDGE('',*,*,#912,.F.);
#1195=ORIENTED_EDGE('',*,*,#913,.F.);
#1196=ORIENTED_EDGE('',*,*,#914,.F.);
#1197=ORIENTED_EDGE('',*,*,#915,.F.);
#1198=ORIENTED_EDGE('',*,*,#916,.F.);
#1199=ORIENTED_EDGE('',*,*,#917,.F.);
#1200=ORIENTED_EDGE('',*,*,#918,.F.);
#1201=ORIENTED_EDGE('',*,*,#919,.F.);
#1202=ORIENTED_EDGE('',*,*,#920,.F.);
#1203=ORIENTED_EDGE('',*,*,#921,.F.);
#1204=ORIENTED_EDGE('',*,*,#922,.F.);
#1205=ORIENTED_EDGE('',*,*,#923,.F.);
#1206=ORIENTED_EDGE('',*,*,#924,.F.);
#1207=ORIENTED_EDGE('',*,*,#925,.F.);
#1208=ORIENTED_EDGE('',*,*,#926,.F.);
#1209=ORIENTED_EDGE('',*,*,#927,.F.);
#1210=ORIENTED_EDGE('',*,*,#928,.F.);
#1211=ORIENTED_EDGE('',*,*,#929,.F.);
#1212=ORIENTED_EDGE('',*,*,#930,.F.);
#1213=ORIENTED_EDGE('',*,*,#931,.F.);
#1214=ORIENTED_EDGE('',*,*,#932,.F.);
#1215=ORIENTED_EDGE('',*,*,#933,.F.);
#1216=ORIENTED_EDGE('',*,*,#934,.F.);
#1217=ORIENTED_EDGE('',*,*,#912,.T.);
#1218=ORIENTED_EDGE('',*,*,#935,.T.);
#1219=ORIENTED_EDGE('',*,*,#936,.F.);
#1220=ORIENTED_EDGE('',*,*,#937,.F.);
#1221=ORIENTED_EDGE('',*,*,#913,.T.);
#1222=ORIENTED_EDGE('',*,*,#937,.T.);
#1223=ORIENTED_EDGE('',*,*,#938,.F.);
#1224=ORIENTED_EDGE('',*,*,#939,.F.);
#1225=ORIENTED_EDGE('',*,*,#914,.T.);
#1226=ORIENTED_EDGE('',*,*,#939,.T.);
#1227=ORIENTED_EDGE('',*,*,#940,.F.);
#1228=ORIENTED_EDGE('',*,*,#941,.F.);
#1229=ORIENTED_EDGE('',*,*,#915,.T.);
#1230=ORIENTED_EDGE('',*,*,#941,.T.);
#1231=ORIENTED_EDGE('',*,*,#942,.F.);
#1232=ORIENTED_EDGE('',*,*,#943,.F.);
#1233=ORIENTED_EDGE('',*,*,#916,.T.);
#1234=ORIENTED_EDGE('',*,*,#943,.T.);
#1235=ORIENTED_EDGE('',*,*,#944,.F.);
#1236=ORIENTED_EDGE('',*,*,#945,.F.);
#1237=ORIENTED_EDGE('',*,*,#917,.T.);
#1238=ORIENTED_EDGE('',*,*,#945,.T.);
#1239=ORIENTED_EDGE('',*,*,#946,.F.);
#1240=ORIENTED_EDGE('',*,*,#947,.F.);
#1241=ORIENTED_EDGE('',*,*,#918,.T.);
#1242=ORIENTED_EDGE('',*,*,#947,.T.);
#1243=ORIENTED_EDGE('',*,*,#948,.F.);
#1244=ORIENTED_EDGE('',*,*,#949,.F.);
#1245=ORIENTED_EDGE('',*,*,#911,.T.);
#1246=ORIENTED_EDGE('',*,*,#949,.T.);
#1247=ORIENTED_EDGE('',*,*,#950,.F.);
#1248=ORIENTED_EDGE('',*,*,#935,.F.);
#1249=ORIENTED_EDGE('',*,*,#920,.T.);
#1250=ORIENTED_EDGE('',*,*,#951,.T.);
#1251=ORIENTED_EDGE('',*,*,#952,.F.);
#1252=ORIENTED_EDGE('',*,*,#953,.F.);
#1253=ORIENTED_EDGE('',*,*,#921,.T.);
#1254=ORIENTED_EDGE('',*,*,#953,.T.);
#1255=ORIENTED_EDGE('',*,*,#954,.F.);
#1256=ORIENTED_EDGE('',*,*,#955,.F.);
#1257=ORIENTED_EDGE('',*,*,#922,.T.);
#1258=ORIENTED_EDGE('',*,*,#955,.T.);
#1259=ORIENTED_EDGE('',*,*,#956,.F.);
#1260=ORIENTED_EDGE('',*,*,#957,.F.);
#1261=ORIENTED_EDGE('',*,*,#923,.T.);
#1262=ORIENTED_EDGE('',*,*,#957,.T.);
#1263=ORIENTED_EDGE('',*,*,#958,.F.);
#1264=ORIENTED_EDGE('',*,*,#959,.F.);
#1265=ORIENTED_EDGE('',*,*,#924,.T.);
#1266=ORIENTED_EDGE('',*,*,#959,.T.);
#1267=ORIENTED_EDGE('',*,*,#960,.F.);
#1268=ORIENTED_EDGE('',*,*,#961,.F.);
#1269=ORIENTED_EDGE('',*,*,#925,.T.);
#1270=ORIENTED_EDGE('',*,*,#961,.T.);
#1271=ORIENTED_EDGE('',*,*,#962,.F.);
#1272=ORIENTED_EDGE('',*,*,#963,.F.);
#1273=ORIENTED_EDGE('',*,*,#926,.T.);
#1274=ORIENTED_EDGE('',*,*,#963,.T.);
#1275=ORIENTED_EDGE('',*,*,#964,.F.);
#1276=ORIENTED_EDGE('',*,*,#965,.F.);
#1277=ORIENTED_EDGE('',*,*,#919,.T.);
#1278=ORIENTED_EDGE('',*,*,#965,.T.);
#1279=ORIENTED_EDGE('',*,*,#966,.F.);
#1280=ORIENTED_EDGE('',*,*,#951,.F.);
#1281=ORIENTED_EDGE('',*,*,#928,.T.);
#1282=ORIENTED_EDGE('',*,*,#967,.T.);
#1283=ORIENTED_EDGE('',*,*,#968,.F.);
#1284=ORIENTED_EDGE('',*,*,#969,.F.);
#1285=ORIENTED_EDGE('',*,*,#929,.T.);
#1286=ORIENTED_EDGE('',*,*,#969,.T.);
#1287=ORIENTED_EDGE('',*,*,#970,.F.);
#1288=ORIENTED_EDGE('',*,*,#971,.F.);
#1289=ORIENTED_EDGE('',*,*,#930,.T.);
#1290=ORIENTED_EDGE('',*,*,#971,.T.);
#1291=ORIENTED_EDGE('',*,*,#972,.F.);
#1292=ORIENTED_EDGE('',*,*,#973,.F.);
#1293=ORIENTED_EDGE('',*,*,#931,.T.);
#1294=ORIENTED_EDGE('',*,*,#973,.T.);
#1295=ORIENTED_EDGE('',*,*,#974,.F.);
#1296=ORIENTED_EDGE('',*,*,#975,.F.);
#1297=ORIENTED_EDGE('',*,*,#932,.T.);
#1298=ORIENTED_EDGE('',*,*,#975,.T.);
#1299=ORIENTED_EDGE('',*,*,#976,.F.);
#1300=ORIENTED_EDGE('',*,*,#977,.F.);
#1301=ORIENTED_EDGE('',*,*,#933,.T.);
#1302=ORIENTED_EDGE('',*,*,#977,.T.);
#1303=ORIENTED_EDGE('',*,*,#978,.F.);
#1304=ORIENTED_EDGE('',*,*,#979,.F.);
#1305=ORIENTED_EDGE('',*,*,#934,.T.);
#1306=ORIENTED_EDGE('',*,*,#979,.T.);
#1307=ORIENTED_EDGE('',*,*,#980,.F.);
#1308=ORIENTED_EDGE('',*,*,#981,.F.);
#1309=ORIENTED_EDGE('',*,*,#927,.T.);
#1310=ORIENTED_EDGE('',*,*,#981,.T.);
#1311=ORIENTED_EDGE('',*,*,#982,.F.);
#1312=ORIENTED_EDGE('',*,*,#967,.F.);
#1313=ORIENTED_EDGE('',*,*,#983,.T.);
#1314=ORIENTED_EDGE('',*,*,#984,.T.);
#1315=ORIENTED_EDGE('',*,*,#985,.T.);
#1316=ORIENTED_EDGE('',*,*,#986,.T.);
#1317=ORIENTED_EDGE('',*,*,#987,.T.);
#1318=ORIENTED_EDGE('',*,*,#988,.T.);
#1319=ORIENTED_EDGE('',*,*,#989,.T.);
#1320=ORIENTED_EDGE('',*,*,#990,.T.);
#1321=ORIENTED_EDGE('',*,*,#982,.T.);
#1322=ORIENTED_EDGE('',*,*,#980,.T.);
#1323=ORIENTED_EDGE('',*,*,#978,.T.);
#1324=ORIENTED_EDGE('',*,*,#976,.T.);
#1325=ORIENTED_EDGE('',*,*,#974,.T.);
#1326=ORIENTED_EDGE('',*,*,#972,.T.);
#1327=ORIENTED_EDGE('',*,*,#970,.T.);
#1328=ORIENTED_EDGE('',*,*,#968,.T.);
#1329=ORIENTED_EDGE('',*,*,#966,.T.);
#1330=ORIENTED_EDGE('',*,*,#964,.T.);
#1331=ORIENTED_EDGE('',*,*,#962,.T.);
#1332=ORIENTED_EDGE('',*,*,#960,.T.);
#1333=ORIENTED_EDGE('',*,*,#958,.T.);
#1334=ORIENTED_EDGE('',*,*,#956,.T.);
#1335=ORIENTED_EDGE('',*,*,#954,.T.);
#1336=ORIENTED_EDGE('',*,*,#952,.T.);
#1337=ORIENTED_EDGE('',*,*,#950,.T.);
#1338=ORIENTED_EDGE('',*,*,#948,.T.);
#1339=ORIENTED_EDGE('',*,*,#946,.T.);
#1340=ORIENTED_EDGE('',*,*,#944,.T.);
#1341=ORIENTED_EDGE('',*,*,#942,.T.);
#1342=ORIENTED_EDGE('',*,*,#940,.T.);
#1343=ORIENTED_EDGE('',*,*,#938,.T.);
#1344=ORIENTED_EDGE('',*,*,#936,.T.);
#1345=ORIENTED_EDGE('',*,*,#991,.T.);
#1346=ORIENTED_EDGE('',*,*,#992,.T.);
#1347=ORIENTED_EDGE('',*,*,#993,.T.);
#1348=ORIENTED_EDGE('',*,*,#994,.T.);
#1349=ORIENTED_EDGE('',*,*,#871,.T.);
#1350=ORIENTED_EDGE('',*,*,#995,.T.);
#1351=ORIENTED_EDGE('',*,*,#908,.F.);
#1352=ORIENTED_EDGE('',*,*,#881,.F.);
#1353=ORIENTED_EDGE('',*,*,#831,.T.);
#1354=ORIENTED_EDGE('',*,*,#996,.T.);
#1355=ORIENTED_EDGE('',*,*,#905,.F.);
#1356=ORIENTED_EDGE('',*,*,#845,.F.);
#1357=ORIENTED_EDGE('',*,*,#886,.T.);
#1358=ORIENTED_EDGE('',*,*,#997,.T.);
#1359=ORIENTED_EDGE('',*,*,#902,.F.);
#1360=ORIENTED_EDGE('',*,*,#897,.F.);
#1361=ORIENTED_EDGE('',*,*,#852,.T.);
#1362=ORIENTED_EDGE('',*,*,#998,.T.);
#1363=ORIENTED_EDGE('',*,*,#899,.F.);
#1364=ORIENTED_EDGE('',*,*,#866,.F.);
#1365=ORIENTED_EDGE('',*,*,#869,.T.);
#1366=ORIENTED_EDGE('',*,*,#878,.T.);
#1367=ORIENTED_EDGE('',*,*,#999,.T.);
#1368=ORIENTED_EDGE('',*,*,#1000,.T.);
#1369=ORIENTED_EDGE('',*,*,#1001,.T.);
#1370=ORIENTED_EDGE('',*,*,#1002,.T.);
#1371=ORIENTED_EDGE('',*,*,#884,.T.);
#1372=ORIENTED_EDGE('',*,*,#894,.T.);
#1373=ORIENTED_EDGE('',*,*,#1003,.T.);
#1374=ORIENTED_EDGE('',*,*,#1004,.T.);
#1375=ORIENTED_EDGE('',*,*,#1005,.T.);
#1376=ORIENTED_EDGE('',*,*,#1006,.T.);
#1377=ORIENTED_EDGE('',*,*,#994,.F.);
#1378=ORIENTED_EDGE('',*,*,#1007,.T.);
#1379=ORIENTED_EDGE('',*,*,#1008,.T.);
#1380=ORIENTED_EDGE('',*,*,#1007,.F.);
#1381=ORIENTED_EDGE('',*,*,#993,.F.);
#1382=ORIENTED_EDGE('',*,*,#1009,.T.);
#1383=ORIENTED_EDGE('',*,*,#1010,.T.);
#1384=ORIENTED_EDGE('',*,*,#1009,.F.);
#1385=ORIENTED_EDGE('',*,*,#1011,.T.);
#1386=ORIENTED_EDGE('',*,*,#1012,.T.);
#1387=ORIENTED_EDGE('',*,*,#1000,.F.);
#1388=ORIENTED_EDGE('',*,*,#1013,.F.);
#1389=ORIENTED_EDGE('',*,*,#1014,.T.);
#1390=ORIENTED_EDGE('',*,*,#1013,.T.);
#1391=ORIENTED_EDGE('',*,*,#999,.F.);
#1392=ORIENTED_EDGE('',*,*,#1015,.F.);
#1393=ORIENTED_EDGE('',*,*,#1016,.T.);
#1394=ORIENTED_EDGE('',*,*,#1015,.T.);
#1395=ORIENTED_EDGE('',*,*,#877,.F.);
#1396=ORIENTED_EDGE('',*,*,#1017,.F.);
#1397=ORIENTED_EDGE('',*,*,#1018,.T.);
#1398=ORIENTED_EDGE('',*,*,#1017,.T.);
#1399=ORIENTED_EDGE('',*,*,#876,.T.);
#1400=ORIENTED_EDGE('',*,*,#907,.F.);
#1401=ORIENTED_EDGE('',*,*,#1019,.F.);
#1402=ORIENTED_EDGE('',*,*,#830,.T.);
#1403=ORIENTED_EDGE('',*,*,#841,.F.);
#1404=ORIENTED_EDGE('',*,*,#1020,.F.);
#1405=ORIENTED_EDGE('',*,*,#1021,.T.);
#1406=ORIENTED_EDGE('',*,*,#1019,.T.);
#1407=ORIENTED_EDGE('',*,*,#906,.F.);
#1408=ORIENTED_EDGE('',*,*,#996,.F.);
#1409=ORIENTED_EDGE('',*,*,#1022,.T.);
#1410=ORIENTED_EDGE('',*,*,#1020,.T.);
#1411=ORIENTED_EDGE('',*,*,#840,.F.);
#1412=ORIENTED_EDGE('',*,*,#1023,.F.);
#1413=ORIENTED_EDGE('',*,*,#1024,.T.);
#1414=ORIENTED_EDGE('',*,*,#1023,.T.);
#1415=ORIENTED_EDGE('',*,*,#828,.F.);
#1416=ORIENTED_EDGE('',*,*,#1025,.F.);
#1417=ORIENTED_EDGE('',*,*,#1026,.T.);
#1418=ORIENTED_EDGE('',*,*,#1025,.T.);
#1419=ORIENTED_EDGE('',*,*,#842,.F.);
#1420=ORIENTED_EDGE('',*,*,#838,.F.);
#1421=ORIENTED_EDGE('',*,*,#1027,.T.);
#1422=ORIENTED_EDGE('',*,*,#836,.T.);
#1423=ORIENTED_EDGE('',*,*,#904,.F.);
#1424=ORIENTED_EDGE('',*,*,#1028,.F.);
#1425=ORIENTED_EDGE('',*,*,#885,.T.);
#1426=ORIENTED_EDGE('',*,*,#1006,.F.);
#1427=ORIENTED_EDGE('',*,*,#1029,.F.);
#1428=ORIENTED_EDGE('',*,*,#1030,.T.);
#1429=ORIENTED_EDGE('',*,*,#1028,.T.);
#1430=ORIENTED_EDGE('',*,*,#903,.F.);
#1431=ORIENTED_EDGE('',*,*,#997,.F.);
#1432=ORIENTED_EDGE('',*,*,#1031,.T.);
#1433=ORIENTED_EDGE('',*,*,#1029,.T.);
#1434=ORIENTED_EDGE('',*,*,#1005,.F.);
#1435=ORIENTED_EDGE('',*,*,#1032,.F.);
#1436=ORIENTED_EDGE('',*,*,#1033,.T.);
#1437=ORIENTED_EDGE('',*,*,#1032,.T.);
#1438=ORIENTED_EDGE('',*,*,#1004,.F.);
#1439=ORIENTED_EDGE('',*,*,#1034,.F.);
#1440=ORIENTED_EDGE('',*,*,#1035,.T.);
#1441=ORIENTED_EDGE('',*,*,#1034,.T.);
#1442=ORIENTED_EDGE('',*,*,#1003,.F.);
#1443=ORIENTED_EDGE('',*,*,#893,.F.);
#1444=ORIENTED_EDGE('',*,*,#1036,.T.);
#1445=ORIENTED_EDGE('',*,*,#891,.T.);
#1446=ORIENTED_EDGE('',*,*,#901,.F.);
#1447=ORIENTED_EDGE('',*,*,#1037,.F.);
#1448=ORIENTED_EDGE('',*,*,#851,.T.);
#1449=ORIENTED_EDGE('',*,*,#862,.F.);
#1450=ORIENTED_EDGE('',*,*,#1038,.F.);
#1451=ORIENTED_EDGE('',*,*,#1039,.T.);
#1452=ORIENTED_EDGE('',*,*,#1037,.T.);
#1453=ORIENTED_EDGE('',*,*,#900,.F.);
#1454=ORIENTED_EDGE('',*,*,#998,.F.);
#1455=ORIENTED_EDGE('',*,*,#1040,.T.);
#1456=ORIENTED_EDGE('',*,*,#1038,.T.);
#1457=ORIENTED_EDGE('',*,*,#861,.F.);
#1458=ORIENTED_EDGE('',*,*,#1041,.F.);
#1459=ORIENTED_EDGE('',*,*,#1042,.T.);
#1460=ORIENTED_EDGE('',*,*,#1041,.T.);
#1461=ORIENTED_EDGE('',*,*,#849,.F.);
#1462=ORIENTED_EDGE('',*,*,#1043,.F.);
#1463=ORIENTED_EDGE('',*,*,#1044,.T.);
#1464=ORIENTED_EDGE('',*,*,#1043,.T.);
#1465=ORIENTED_EDGE('',*,*,#863,.F.);
#1466=ORIENTED_EDGE('',*,*,#859,.F.);
#1467=ORIENTED_EDGE('',*,*,#1045,.T.);
#1468=ORIENTED_EDGE('',*,*,#857,.T.);
#1469=ORIENTED_EDGE('',*,*,#910,.F.);
#1470=ORIENTED_EDGE('',*,*,#1046,.F.);
#1471=ORIENTED_EDGE('',*,*,#870,.T.);
#1472=ORIENTED_EDGE('',*,*,#1002,.F.);
#1473=ORIENTED_EDGE('',*,*,#1047,.F.);
#1474=ORIENTED_EDGE('',*,*,#1048,.T.);
#1475=ORIENTED_EDGE('',*,*,#1046,.T.);
#1476=ORIENTED_EDGE('',*,*,#909,.F.);
#1477=ORIENTED_EDGE('',*,*,#995,.F.);
#1478=ORIENTED_EDGE('',*,*,#1049,.T.);
#1479=ORIENTED_EDGE('',*,*,#1047,.T.);
#1480=ORIENTED_EDGE('',*,*,#1001,.F.);
#1481=ORIENTED_EDGE('',*,*,#1012,.F.);
#1482=ORIENTED_EDGE('',*,*,#992,.F.);
#1483=ORIENTED_EDGE('',*,*,#1050,.T.);
#1484=ORIENTED_EDGE('',*,*,#1051,.T.);
#1485=ORIENTED_EDGE('',*,*,#1050,.F.);
#1486=ORIENTED_EDGE('',*,*,#991,.F.);
#1487=ORIENTED_EDGE('',*,*,#1052,.T.);
#1488=ORIENTED_EDGE('',*,*,#1053,.T.);
#1489=ORIENTED_EDGE('',*,*,#1052,.F.);
#1490=ORIENTED_EDGE('',*,*,#1054,.F.);
#1491=ORIENTED_EDGE('',*,*,#1055,.T.);
#1492=ORIENTED_EDGE('',*,*,#984,.F.);
#1493=ORIENTED_EDGE('',*,*,#1056,.F.);
#1494=ORIENTED_EDGE('',*,*,#1057,.T.);
#1495=ORIENTED_EDGE('',*,*,#1056,.T.);
#1496=ORIENTED_EDGE('',*,*,#983,.F.);
#1497=ORIENTED_EDGE('',*,*,#1058,.F.);
#1498=ORIENTED_EDGE('',*,*,#1059,.F.);
#1499=ORIENTED_EDGE('',*,*,#1058,.T.);
#1500=ORIENTED_EDGE('',*,*,#990,.F.);
#1501=ORIENTED_EDGE('',*,*,#1060,.F.);
#1502=ORIENTED_EDGE('',*,*,#1061,.T.);
#1503=ORIENTED_EDGE('',*,*,#1060,.T.);
#1504=ORIENTED_EDGE('',*,*,#989,.F.);
#1505=ORIENTED_EDGE('',*,*,#1062,.F.);
#1506=ORIENTED_EDGE('',*,*,#1063,.F.);
#1507=ORIENTED_EDGE('',*,*,#1062,.T.);
#1508=ORIENTED_EDGE('',*,*,#988,.F.);
#1509=ORIENTED_EDGE('',*,*,#1064,.F.);
#1510=ORIENTED_EDGE('',*,*,#1065,.T.);
#1511=ORIENTED_EDGE('',*,*,#1064,.T.);
#1512=ORIENTED_EDGE('',*,*,#987,.F.);
#1513=ORIENTED_EDGE('',*,*,#1066,.F.);
#1514=ORIENTED_EDGE('',*,*,#1067,.F.);
#1515=ORIENTED_EDGE('',*,*,#1066,.T.);
#1516=ORIENTED_EDGE('',*,*,#986,.F.);
#1517=ORIENTED_EDGE('',*,*,#1068,.F.);
#1518=ORIENTED_EDGE('',*,*,#1069,.T.);
#1519=ORIENTED_EDGE('',*,*,#1068,.T.);
#1520=ORIENTED_EDGE('',*,*,#985,.F.);
#1521=ORIENTED_EDGE('',*,*,#1055,.F.);
#1522=ORIENTED_EDGE('',*,*,#1069,.F.);
#1523=ORIENTED_EDGE('',*,*,#1054,.T.);
#1524=ORIENTED_EDGE('',*,*,#1057,.F.);
#1525=ORIENTED_EDGE('',*,*,#1059,.T.);
#1526=ORIENTED_EDGE('',*,*,#1061,.F.);
#1527=ORIENTED_EDGE('',*,*,#1063,.T.);
#1528=ORIENTED_EDGE('',*,*,#1065,.F.);
#1529=ORIENTED_EDGE('',*,*,#1067,.T.);
#1530=ORIENTED_EDGE('',*,*,#1053,.F.);
#1531=ORIENTED_EDGE('',*,*,#1051,.F.);
#1532=ORIENTED_EDGE('',*,*,#1049,.F.);
#1533=ORIENTED_EDGE('',*,*,#1011,.F.);
#1534=ORIENTED_EDGE('',*,*,#1014,.F.);
#1535=ORIENTED_EDGE('',*,*,#1016,.F.);
#1536=ORIENTED_EDGE('',*,*,#1018,.F.);
#1537=ORIENTED_EDGE('',*,*,#1021,.F.);
#1538=ORIENTED_EDGE('',*,*,#1022,.F.);
#1539=ORIENTED_EDGE('',*,*,#1024,.F.);
#1540=ORIENTED_EDGE('',*,*,#1026,.F.);
#1541=ORIENTED_EDGE('',*,*,#837,.F.);
#1542=ORIENTED_EDGE('',*,*,#1027,.F.);
#1543=ORIENTED_EDGE('',*,*,#1030,.F.);
#1544=ORIENTED_EDGE('',*,*,#1031,.F.);
#1545=ORIENTED_EDGE('',*,*,#1033,.F.);
#1546=ORIENTED_EDGE('',*,*,#1035,.F.);
#1547=ORIENTED_EDGE('',*,*,#892,.F.);
#1548=ORIENTED_EDGE('',*,*,#1036,.F.);
#1549=ORIENTED_EDGE('',*,*,#1039,.F.);
#1550=ORIENTED_EDGE('',*,*,#1040,.F.);
#1551=ORIENTED_EDGE('',*,*,#1042,.F.);
#1552=ORIENTED_EDGE('',*,*,#1044,.F.);
#1553=ORIENTED_EDGE('',*,*,#858,.F.);
#1554=ORIENTED_EDGE('',*,*,#1045,.F.);
#1555=ORIENTED_EDGE('',*,*,#1048,.F.);
#1556=ORIENTED_EDGE('',*,*,#1010,.F.);
#1557=ORIENTED_EDGE('',*,*,#1008,.F.);
#1558=PLANE('',#1712);
#1559=PLANE('',#1715);
#1560=PLANE('',#1716);
#1561=PLANE('',#1718);
#1562=PLANE('',#1722);
#1563=PLANE('',#1723);
#1564=PLANE('',#1726);
#1565=PLANE('',#1727);
#1566=PLANE('',#1729);
#1567=PLANE('',#1733);
#1568=PLANE('',#1734);
#1569=PLANE('',#1737);
#1570=PLANE('',#1740);
#1571=PLANE('',#1741);
#1572=PLANE('',#1744);
#1573=PLANE('',#1747);
#1574=PLANE('',#1748);
#1575=PLANE('',#1769);
#1576=PLANE('',#1772);
#1577=PLANE('',#1775);
#1578=PLANE('',#1778);
#1579=PLANE('',#1781);
#1580=PLANE('',#1784);
#1581=PLANE('',#1787);
#1582=PLANE('',#1790);
#1583=PLANE('',#1793);
#1584=PLANE('',#1796);
#1585=PLANE('',#1799);
#1586=PLANE('',#1802);
#1587=PLANE('',#1805);
#1588=PLANE('',#1810);
#1589=PLANE('',#1812);
#1590=PLANE('',#1814);
#1591=PLANE('',#1816);
#1592=PLANE('',#1822);
#1593=PLANE('',#1825);
#1594=PLANE('',#1832);
#1595=PLANE('',#1835);
#1596=PLANE('',#1838);
#1597=PLANE('',#1841);
#1598=PLANE('',#1846);
#1599=PLANE('',#1849);
#1600=PLANE('',#1854);
#1601=PLANE('',#1857);
#1602=PLANE('',#1862);
#1603=PLANE('',#1869);
#1604=PLANE('',#1872);
#1605=PLANE('',#1875);
#1606=PLANE('',#1878);
#1607=PLANE('',#1881);
#1608=ADVANCED_FACE('',(#138),#1558,.F.);
#1609=ADVANCED_FACE('',(#139),#1559,.T.);
#1610=ADVANCED_FACE('',(#140),#1560,.T.);
#1611=ADVANCED_FACE('',(#141),#1561,.T.);
#1612=ADVANCED_FACE('',(#142),#26,.F.);
#1613=ADVANCED_FACE('',(#143),#1562,.T.);
#1614=ADVANCED_FACE('',(#144),#1563,.T.);
#1615=ADVANCED_FACE('',(#145),#1564,.T.);
#1616=ADVANCED_FACE('',(#146),#1565,.T.);
#1617=ADVANCED_FACE('',(#147),#1566,.T.);
#1618=ADVANCED_FACE('',(#148),#27,.F.);
#1619=ADVANCED_FACE('',(#149),#1567,.T.);
#1620=ADVANCED_FACE('',(#150),#1568,.F.);
#1621=ADVANCED_FACE('',(#151),#1569,.T.);
#1622=ADVANCED_FACE('',(#152),#28,.F.);
#1623=ADVANCED_FACE('',(#153),#1570,.T.);
#1624=ADVANCED_FACE('',(#154),#1571,.T.);
#1625=ADVANCED_FACE('',(#155),#1572,.T.);
#1626=ADVANCED_FACE('',(#156),#29,.F.);
#1627=ADVANCED_FACE('',(#157),#1573,.T.);
#1628=ADVANCED_FACE('',(#158,#15,#16,#17),#1574,.F.);
#1629=ADVANCED_FACE('',(#159),#1575,.T.);
#1630=ADVANCED_FACE('',(#160),#30,.F.);
#1631=ADVANCED_FACE('',(#161),#1576,.T.);
#1632=ADVANCED_FACE('',(#162),#31,.F.);
#1633=ADVANCED_FACE('',(#163),#1577,.T.);
#1634=ADVANCED_FACE('',(#164),#32,.F.);
#1635=ADVANCED_FACE('',(#165),#1578,.T.);
#1636=ADVANCED_FACE('',(#166),#33,.F.);
#1637=ADVANCED_FACE('',(#167),#1579,.T.);
#1638=ADVANCED_FACE('',(#168),#34,.F.);
#1639=ADVANCED_FACE('',(#169),#1580,.T.);
#1640=ADVANCED_FACE('',(#170),#35,.F.);
#1641=ADVANCED_FACE('',(#171),#1581,.T.);
#1642=ADVANCED_FACE('',(#172),#36,.F.);
#1643=ADVANCED_FACE('',(#173),#1582,.T.);
#1644=ADVANCED_FACE('',(#174),#37,.F.);
#1645=ADVANCED_FACE('',(#175),#1583,.T.);
#1646=ADVANCED_FACE('',(#176),#38,.F.);
#1647=ADVANCED_FACE('',(#177),#1584,.T.);
#1648=ADVANCED_FACE('',(#178),#39,.F.);
#1649=ADVANCED_FACE('',(#179),#1585,.T.);
#1650=ADVANCED_FACE('',(#180),#40,.F.);
#1651=ADVANCED_FACE('',(#181),#1586,.T.);
#1652=ADVANCED_FACE('',(#182),#41,.F.);
#1653=ADVANCED_FACE('',(#183,#18,#19,#20),#1587,.T.);
#1654=ADVANCED_FACE('',(#184),#1588,.F.);
#1655=ADVANCED_FACE('',(#185),#1589,.F.);
#1656=ADVANCED_FACE('',(#186),#1590,.F.);
#1657=ADVANCED_FACE('',(#187),#1591,.F.);
#1658=ADVANCED_FACE('',(#188),#42,.F.);
#1659=ADVANCED_FACE('',(#189),#43,.F.);
#1660=ADVANCED_FACE('',(#190),#44,.F.);
#1661=ADVANCED_FACE('',(#191),#45,.F.);
#1662=ADVANCED_FACE('',(#192),#1592,.T.);
#1663=ADVANCED_FACE('',(#193),#1593,.T.);
#1664=ADVANCED_FACE('',(#194),#46,.F.);
#1665=ADVANCED_FACE('',(#195),#47,.F.);
#1666=ADVANCED_FACE('',(#196),#1594,.T.);
#1667=ADVANCED_FACE('',(#197),#48,.F.);
#1668=ADVANCED_FACE('',(#198),#1595,.T.);
#1669=ADVANCED_FACE('',(#199),#49,.T.);
#1670=ADVANCED_FACE('',(#200),#1596,.T.);
#1671=ADVANCED_FACE('',(#201),#50,.F.);
#1672=ADVANCED_FACE('',(#202),#1597,.T.);
#1673=ADVANCED_FACE('',(#203),#51,.F.);
#1674=ADVANCED_FACE('',(#204),#52,.T.);
#1675=ADVANCED_FACE('',(#205),#1598,.T.);
#1676=ADVANCED_FACE('',(#206),#53,.F.);
#1677=ADVANCED_FACE('',(#207),#1599,.T.);
#1678=ADVANCED_FACE('',(#208),#54,.F.);
#1679=ADVANCED_FACE('',(#209),#55,.T.);
#1680=ADVANCED_FACE('',(#210),#1600,.T.);
#1681=ADVANCED_FACE('',(#211),#56,.F.);
#1682=ADVANCED_FACE('',(#212),#1601,.T.);
#1683=ADVANCED_FACE('',(#213),#57,.F.);
#1684=ADVANCED_FACE('',(#214),#58,.T.);
#1685=ADVANCED_FACE('',(#215),#1602,.T.);
#1686=ADVANCED_FACE('',(#216),#59,.F.);
#1687=ADVANCED_FACE('',(#217),#60,.F.);
#1688=ADVANCED_FACE('',(#218),#61,.F.);
#1689=ADVANCED_FACE('',(#219),#1603,.T.);
#1690=ADVANCED_FACE('',(#220),#62,.T.);
#1691=ADVANCED_FACE('',(#221),#1604,.T.);
#1692=ADVANCED_FACE('',(#222),#63,.T.);
#1693=ADVANCED_FACE('',(#223),#1605,.T.);
#1694=ADVANCED_FACE('',(#224),#64,.T.);
#1695=ADVANCED_FACE('',(#225),#1606,.T.);
#1696=ADVANCED_FACE('',(#226),#65,.T.);
#1697=ADVANCED_FACE('',(#227,#21,#22,#23,#24,#25),#1607,.F.);
#1698=CLOSED_SHELL('',(#1608,#1609,#1610,#1611,#1612,#1613,#1614,#1615,
#1616,#1617,#1618,#1619,#1620,#1621,#1622,#1623,#1624,#1625,#1626,#1627,
#1628,#1629,#1630,#1631,#1632,#1633,#1634,#1635,#1636,#1637,#1638,#1639,
#1640,#1641,#1642,#1643,#1644,#1645,#1646,#1647,#1648,#1649,#1650,#1651,
#1652,#1653,#1654,#1655,#1656,#1657,#1658,#1659,#1660,#1661,#1662,#1663,
#1664,#1665,#1666,#1667,#1668,#1669,#1670,#1671,#1672,#1673,#1674,#1675,
#1676,#1677,#1678,#1679,#1680,#1681,#1682,#1683,#1684,#1685,#1686,#1687,
#1688,#1689,#1690,#1691,#1692,#1693,#1694,#1695,#1696,#1697));
#1699=DERIVED_UNIT_ELEMENT(#1701,1.);
#1700=DERIVED_UNIT_ELEMENT(#2889,-3.);
#1701=(
MASS_UNIT()
NAMED_UNIT(*)
SI_UNIT(.KILO.,.GRAM.)
);
#1702=DERIVED_UNIT((#1699,#1700));
#1703=MEASURE_REPRESENTATION_ITEM('density measure',
POSITIVE_RATIO_MEASURE(7850.),#1702);
#1704=PROPERTY_DEFINITION_REPRESENTATION(#1709,#1706);
#1705=PROPERTY_DEFINITION_REPRESENTATION(#1710,#1707);
#1706=REPRESENTATION('material name',(#1708),#2886);
#1707=REPRESENTATION('density',(#1703),#2886);
#1708=DESCRIPTIVE_REPRESENTATION_ITEM('Steel','Steel');
#1709=PROPERTY_DEFINITION('material property','material name',#2896);
#1710=PROPERTY_DEFINITION('material property','density of part',#2896);
#1711=AXIS2_PLACEMENT_3D('',#2388,#1882,#1883);
#1712=AXIS2_PLACEMENT_3D('',#2389,#1884,#1885);
#1713=AXIS2_PLACEMENT_3D('',#2402,#1891,#1892);
#1714=AXIS2_PLACEMENT_3D('',#2405,#1894,#1895);
#1715=AXIS2_PLACEMENT_3D('',#2406,#1896,#1897);
#1716=AXIS2_PLACEMENT_3D('',#2418,#1904,#1905);
#1717=AXIS2_PLACEMENT_3D('',#2420,#1906,#1907);
#1718=AXIS2_PLACEMENT_3D('',#2422,#1909,#1910);
#1719=AXIS2_PLACEMENT_3D('',#2423,#1911,#1912);
#1720=AXIS2_PLACEMENT_3D('',#2424,#1913,#1914);
#1721=AXIS2_PLACEMENT_3D('',#2427,#1916,#1917);
#1722=AXIS2_PLACEMENT_3D('',#2428,#1918,#1919);
#1723=AXIS2_PLACEMENT_3D('',#2432,#1922,#1923);
#1724=AXIS2_PLACEMENT_3D('',#2445,#1929,#1930);
#1725=AXIS2_PLACEMENT_3D('',#2448,#1932,#1933);
#1726=AXIS2_PLACEMENT_3D('',#2449,#1934,#1935);
#1727=AXIS2_PLACEMENT_3D('',#2461,#1942,#1943);
#1728=AXIS2_PLACEMENT_3D('',#2463,#1944,#1945);
#1729=AXIS2_PLACEMENT_3D('',#2465,#1947,#1948);
#1730=AXIS2_PLACEMENT_3D('',#2466,#1949,#1950);
#1731=AXIS2_PLACEMENT_3D('',#2467,#1951,#1952);
#1732=AXIS2_PLACEMENT_3D('',#2470,#1954,#1955);
#1733=AXIS2_PLACEMENT_3D('',#2471,#1956,#1957);
#1734=AXIS2_PLACEMENT_3D('',#2475,#1960,#1961);
#1735=AXIS2_PLACEMENT_3D('',#2484,#1965,#1966);
#1736=AXIS2_PLACEMENT_3D('',#2487,#1968,#1969);
#1737=AXIS2_PLACEMENT_3D('',#2488,#1970,#1971);
#1738=AXIS2_PLACEMENT_3D('',#2498,#1977,#1978);
#1739=AXIS2_PLACEMENT_3D('',#2501,#1980,#1981);
#1740=AXIS2_PLACEMENT_3D('',#2502,#1982,#1983);
#1741=AXIS2_PLACEMENT_3D('',#2506,#1986,#1987);
#1742=AXIS2_PLACEMENT_3D('',#2515,#1991,#1992);
#1743=AXIS2_PLACEMENT_3D('',#2518,#1994,#1995);
#1744=AXIS2_PLACEMENT_3D('',#2519,#1996,#1997);
#1745=AXIS2_PLACEMENT_3D('',#2531,#2004,#2005);
#1746=AXIS2_PLACEMENT_3D('',#2534,#2007,#2008);
#1747=AXIS2_PLACEMENT_3D('',#2535,#2009,#2010);
#1748=AXIS2_PLACEMENT_3D('',#2539,#2013,#2014);
#1749=AXIS2_PLACEMENT_3D('',#2541,#2015,#2016);
#1750=AXIS2_PLACEMENT_3D('',#2544,#2018,#2019);
#1751=AXIS2_PLACEMENT_3D('',#2546,#2020,#2021);
#1752=AXIS2_PLACEMENT_3D('',#2549,#2023,#2024);
#1753=AXIS2_PLACEMENT_3D('',#2551,#2025,#2026);
#1754=AXIS2_PLACEMENT_3D('',#2554,#2028,#2029);
#1755=AXIS2_PLACEMENT_3D('',#2556,#2030,#2031);
#1756=AXIS2_PLACEMENT_3D('',#2559,#2033,#2034);
#1757=AXIS2_PLACEMENT_3D('',#2562,#2035,#2036);
#1758=AXIS2_PLACEMENT_3D('',#2566,#2038,#2039);
#1759=AXIS2_PLACEMENT_3D('',#2570,#2041,#2042);
#1760=AXIS2_PLACEMENT_3D('',#2574,#2044,#2045);
#1761=AXIS2_PLACEMENT_3D('',#2578,#2047,#2048);
#1762=AXIS2_PLACEMENT_3D('',#2582,#2050,#2051);
#1763=AXIS2_PLACEMENT_3D('',#2586,#2053,#2054);
#1764=AXIS2_PLACEMENT_3D('',#2590,#2056,#2057);
#1765=AXIS2_PLACEMENT_3D('',#2594,#2059,#2060);
#1766=AXIS2_PLACEMENT_3D('',#2598,#2062,#2063);
#1767=AXIS2_PLACEMENT_3D('',#2602,#2065,#2066);
#1768=AXIS2_PLACEMENT_3D('',#2606,#2068,#2069);
#1769=AXIS2_PLACEMENT_3D('',#2608,#2071,#2072);
#1770=AXIS2_PLACEMENT_3D('',#2614,#2076,#2077);
#1771=AXIS2_PLACEMENT_3D('',#2616,#2078,#2079);
#1772=AXIS2_PLACEMENT_3D('',#2618,#2081,#2082);
#1773=AXIS2_PLACEMENT_3D('',#2622,#2085,#2086);
#1774=AXIS2_PLACEMENT_3D('',#2624,#2087,#2088);
#1775=AXIS2_PLACEMENT_3D('',#2626,#2090,#2091);
#1776=AXIS2_PLACEMENT_3D('',#2630,#2094,#2095);
#1777=AXIS2_PLACEMENT_3D('',#2632,#2096,#2097);
#1778=AXIS2_PLACEMENT_3D('',#2634,#2099,#2100);
#1779=AXIS2_PLACEMENT_3D('',#2638,#2103,#2104);
#1780=AXIS2_PLACEMENT_3D('',#2639,#2105,#2106);
#1781=AXIS2_PLACEMENT_3D('',#2640,#2107,#2108);
#1782=AXIS2_PLACEMENT_3D('',#2646,#2112,#2113);
#1783=AXIS2_PLACEMENT_3D('',#2648,#2114,#2115);
#1784=AXIS2_PLACEMENT_3D('',#2650,#2117,#2118);
#1785=AXIS2_PLACEMENT_3D('',#2654,#2121,#2122);
#1786=AXIS2_PLACEMENT_3D('',#2656,#2123,#2124);
#1787=AXIS2_PLACEMENT_3D('',#2658,#2126,#2127);
#1788=AXIS2_PLACEMENT_3D('',#2662,#2130,#2131);
#1789=AXIS2_PLACEMENT_3D('',#2664,#2132,#2133);
#1790=AXIS2_PLACEMENT_3D('',#2666,#2135,#2136);
#1791=AXIS2_PLACEMENT_3D('',#2670,#2139,#2140);
#1792=AXIS2_PLACEMENT_3D('',#2671,#2141,#2142);
#1793=AXIS2_PLACEMENT_3D('',#2672,#2143,#2144);
#1794=AXIS2_PLACEMENT_3D('',#2678,#2148,#2149);
#1795=AXIS2_PLACEMENT_3D('',#2680,#2150,#2151);
#1796=AXIS2_PLACEMENT_3D('',#2682,#2153,#2154);
#1797=AXIS2_PLACEMENT_3D('',#2686,#2157,#2158);
#1798=AXIS2_PLACEMENT_3D('',#2688,#2159,#2160);
#1799=AXIS2_PLACEMENT_3D('',#2690,#2162,#2163);
#1800=AXIS2_PLACEMENT_3D('',#2694,#2166,#2167);
#1801=AXIS2_PLACEMENT_3D('',#2696,#2168,#2169);
#1802=AXIS2_PLACEMENT_3D('',#2698,#2171,#2172);
#1803=AXIS2_PLACEMENT_3D('',#2702,#2175,#2176);
#1804=AXIS2_PLACEMENT_3D('',#2703,#2177,#2178);
#1805=AXIS2_PLACEMENT_3D('',#2704,#2179,#2180);
#1806=AXIS2_PLACEMENT_3D('',#2707,#2181,#2182);
#1807=AXIS2_PLACEMENT_3D('',#2711,#2184,#2185);
#1808=AXIS2_PLACEMENT_3D('',#2715,#2187,#2188);
#1809=AXIS2_PLACEMENT_3D('',#2719,#2190,#2191);
#1810=AXIS2_PLACEMENT_3D('',#2721,#2193,#2194);
#1811=AXIS2_PLACEMENT_3D('',#2723,#2195,#2196);
#1812=AXIS2_PLACEMENT_3D('',#2724,#2197,#2198);
#1813=AXIS2_PLACEMENT_3D('',#2726,#2199,#2200);
#1814=AXIS2_PLACEMENT_3D('',#2727,#2201,#2202);
#1815=AXIS2_PLACEMENT_3D('',#2729,#2203,#2204);
#1816=AXIS2_PLACEMENT_3D('',#2730,#2205,#2206);
#1817=AXIS2_PLACEMENT_3D('',#2732,#2207,#2208);
#1818=AXIS2_PLACEMENT_3D('',#2733,#2209,#2210);
#1819=AXIS2_PLACEMENT_3D('',#2735,#2212,#2213);
#1820=AXIS2_PLACEMENT_3D('',#2737,#2215,#2216);
#1821=AXIS2_PLACEMENT_3D('',#2739,#2218,#2219);
#1822=AXIS2_PLACEMENT_3D('',#2741,#2221,#2222);
#1823=AXIS2_PLACEMENT_3D('',#2743,#2223,#2224);
#1824=AXIS2_PLACEMENT_3D('',#2747,#2226,#2227);
#1825=AXIS2_PLACEMENT_3D('',#2749,#2229,#2230);
#1826=AXIS2_PLACEMENT_3D('',#2751,#2231,#2232);
#1827=AXIS2_PLACEMENT_3D('',#2755,#2234,#2235);
#1828=AXIS2_PLACEMENT_3D('',#2757,#2237,#2238);
#1829=AXIS2_PLACEMENT_3D('',#2760,#2240,#2241);
#1830=AXIS2_PLACEMENT_3D('',#2761,#2242,#2243);
#1831=AXIS2_PLACEMENT_3D('',#2764,#2245,#2246);
#1832=AXIS2_PLACEMENT_3D('',#2765,#2247,#2248);
#1833=AXIS2_PLACEMENT_3D('',#2771,#2252,#2253);
#1834=AXIS2_PLACEMENT_3D('',#2773,#2254,#2255);
#1835=AXIS2_PLACEMENT_3D('',#2775,#2257,#2258);
#1836=AXIS2_PLACEMENT_3D('',#2779,#2261,#2262);
#1837=AXIS2_PLACEMENT_3D('',#2781,#2263,#2264);
#1838=AXIS2_PLACEMENT_3D('',#2783,#2266,#2267);
#1839=AXIS2_PLACEMENT_3D('',#2787,#2270,#2271);
#1840=AXIS2_PLACEMENT_3D('',#2789,#2272,#2273);
#1841=AXIS2_PLACEMENT_3D('',#2791,#2275,#2276);
#1842=AXIS2_PLACEMENT_3D('',#2795,#2279,#2280);
#1843=AXIS2_PLACEMENT_3D('',#2796,#2281,#2282);
#1844=AXIS2_PLACEMENT_3D('',#2797,#2283,#2284);
#1845=AXIS2_PLACEMENT_3D('',#2799,#2285,#2286);
#1846=AXIS2_PLACEMENT_3D('',#2801,#2288,#2289);
#1847=AXIS2_PLACEMENT_3D('',#2805,#2292,#2293);
#1848=AXIS2_PLACEMENT_3D('',#2807,#2294,#2295);
#1849=AXIS2_PLACEMENT_3D('',#2809,#2297,#2298);
#1850=AXIS2_PLACEMENT_3D('',#2813,#2301,#2302);
#1851=AXIS2_PLACEMENT_3D('',#2814,#2303,#2304);
#1852=AXIS2_PLACEMENT_3D('',#2815,#2305,#2306);
#1853=AXIS2_PLACEMENT_3D('',#2817,#2307,#2308);
#1854=AXIS2_PLACEMENT_3D('',#2819,#2310,#2311);
#1855=AXIS2_PLACEMENT_3D('',#2823,#2314,#2315);
#1856=AXIS2_PLACEMENT_3D('',#2825,#2316,#2317);
#1857=AXIS2_PLACEMENT_3D('',#2827,#2319,#2320);
#1858=AXIS2_PLACEMENT_3D('',#2831,#2323,#2324);
#1859=AXIS2_PLACEMENT_3D('',#2832,#2325,#2326);
#1860=AXIS2_PLACEMENT_3D('',#2833,#2327,#2328);
#1861=AXIS2_PLACEMENT_3D('',#2835,#2329,#2330);
#1862=AXIS2_PLACEMENT_3D('',#2837,#2332,#2333);
#1863=AXIS2_PLACEMENT_3D('',#2841,#2336,#2337);
#1864=AXIS2_PLACEMENT_3D('',#2842,#2338,#2339);
#1865=AXIS2_PLACEMENT_3D('',#2843,#2340,#2341);
#1866=AXIS2_PLACEMENT_3D('',#2846,#2343,#2344);
#1867=AXIS2_PLACEMENT_3D('',#2847,#2345,#2346);
#1868=AXIS2_PLACEMENT_3D('',#2850,#2348,#2349);
#1869=AXIS2_PLACEMENT_3D('',#2851,#2350,#2351);
#1870=AXIS2_PLACEMENT_3D('',#2857,#2355,#2356);
#1871=AXIS2_PLACEMENT_3D('',#2859,#2357,#2358);
#1872=AXIS2_PLACEMENT_3D('',#2861,#2360,#2361);
#1873=AXIS2_PLACEMENT_3D('',#2865,#2364,#2365);
#1874=AXIS2_PLACEMENT_3D('',#2867,#2366,#2367);
#1875=AXIS2_PLACEMENT_3D('',#2869,#2369,#2370);
#1876=AXIS2_PLACEMENT_3D('',#2873,#2373,#2374);
#1877=AXIS2_PLACEMENT_3D('',#2875,#2375,#2376);
#1878=AXIS2_PLACEMENT_3D('',#2877,#2378,#2379);
#1879=AXIS2_PLACEMENT_3D('',#2881,#2382,#2383);
#1880=AXIS2_PLACEMENT_3D('',#2882,#2384,#2385);
#1881=AXIS2_PLACEMENT_3D('',#2883,#2386,#2387);
#1882=DIRECTION('axis',(0.,0.,1.));
#1883=DIRECTION('refdir',(1.,0.,0.));
#1884=DIRECTION('center_axis',(-1.70595558521595E-12,-0.766044443118978,
-0.642787609686539));
#1885=DIRECTION('ref_axis',(1.43146670235952E-12,0.642787609686539,-0.766044443118978));
#1886=DIRECTION('',(-4.00508973520082E-10,-0.642787609686539,0.766044443118978));
#1887=DIRECTION('',(1.,-2.22696685621801E-12,0.));
#1888=DIRECTION('',(-1.,6.23084307006967E-10,0.));
#1889=DIRECTION('',(1.,-2.22696685621801E-12,0.));
#1890=DIRECTION('',(-2.37054552985269E-10,0.642787609686539,-0.766044443118978));
#1891=DIRECTION('center_axis',(-1.70595558521595E-12,-0.766044443118978,
-0.642787609686539));
#1892=DIRECTION('ref_axis',(2.37029179726231E-10,-0.642787609686539,0.766044443118978));
#1893=DIRECTION('',(-1.,1.11362020474154E-12,1.32683487169982E-12));
#1894=DIRECTION('center_axis',(-1.70595558521595E-12,-0.766044443118978,
-0.642787609686539));
#1895=DIRECTION('ref_axis',(-7.4852655375733E-13,-0.642787609686539,0.766044443118978));
#1896=DIRECTION('center_axis',(-1.,6.23081352976597E-10,0.));
#1897=DIRECTION('ref_axis',(-6.23081352976597E-10,-1.,0.));
#1898=DIRECTION('',(0.,0.,1.));
#1899=DIRECTION('',(-6.2306935623498E-10,-1.,0.));
#1900=DIRECTION('',(0.,0.,1.));
#1901=DIRECTION('',(-6.23081352976597E-10,-1.,0.));
#1902=DIRECTION('',(0.,0.,1.));
#1903=DIRECTION('',(6.2306935623498E-10,1.,0.));
#1904=DIRECTION('center_axis',(0.,0.,1.));
#1905=DIRECTION('ref_axis',(-1.,0.,0.));
#1906=DIRECTION('center_axis',(0.,0.,-1.));
#1907=DIRECTION('ref_axis',(-1.,-3.68807206996271E-10,0.));
#1908=DIRECTION('',(3.68785613526359E-10,-1.,0.));
#1909=DIRECTION('center_axis',(0.,0.,1.));
#1910=DIRECTION('ref_axis',(-1.,0.,0.));
#1911=DIRECTION('center_axis',(0.,0.,-1.));
#1912=DIRECTION('ref_axis',(-6.23047292770494E-10,-1.,0.));
#1913=DIRECTION('center_axis',(0.,0.,1.));
#1914=DIRECTION('ref_axis',(-1.16450059471799E-12,-1.,0.));
#1915=DIRECTION('',(0.,0.,1.));
#1916=DIRECTION('center_axis',(0.,0.,-1.));
#1917=DIRECTION('ref_axis',(-1.16450059471799E-12,-1.,0.));
#1918=DIRECTION('center_axis',(1.11362020474154E-12,1.,0.));
#1919=DIRECTION('ref_axis',(-1.,1.11362020474154E-12,0.));
#1920=DIRECTION('',(0.,0.,1.));
#1921=DIRECTION('',(-1.,1.11362020474154E-12,0.));
#1922=DIRECTION('center_axis',(0.,-0.766044443118978,0.642787609686539));
#1923=DIRECTION('ref_axis',(0.,-0.642787609686539,-0.766044443118978));
#1924=DIRECTION('',(-5.07475598318715E-14,0.642787609686539,0.766044443118978));
#1925=DIRECTION('',(-1.,0.,0.));
#1926=DIRECTION('',(1.,6.77020367988244E-14,0.));
#1927=DIRECTION('',(-1.,0.,0.));
#1928=DIRECTION('',(6.37592379707139E-10,-0.642787609686539,-0.766044443118978));
#1929=DIRECTION('center_axis',(0.,0.766044443118978,-0.642787609686539));
#1930=DIRECTION('ref_axis',(-6.37592381112333E-10,0.642787609686539,0.766044443118978));
#1931=DIRECTION('',(1.,6.70849443494044E-14,7.99487234373854E-14));
#1932=DIRECTION('center_axis',(0.,0.766044443118978,-0.642787609686539));
#1933=DIRECTION('ref_axis',(-5.07475629665961E-14,0.642787609686539,0.766044443118978));
#1934=DIRECTION('center_axis',(1.,7.89491879854668E-14,0.));
#1935=DIRECTION('ref_axis',(-7.89491879854668E-14,1.,0.));
#1936=DIRECTION('',(0.,0.,1.));
#1937=DIRECTION('',(-7.31441051517789E-14,1.,0.));
#1938=DIRECTION('',(0.,0.,1.));
#1939=DIRECTION('',(-7.89491879854668E-14,1.,0.));
#1940=DIRECTION('',(0.,0.,1.));
#1941=DIRECTION('',(7.31441051517789E-14,-1.,0.));
#1942=DIRECTION('center_axis',(0.,0.,1.));
#1943=DIRECTION('ref_axis',(-1.,0.,0.));
#1944=DIRECTION('center_axis',(0.,0.,-1.));
#1945=DIRECTION('ref_axis',(1.,9.91873250200172E-10,0.));
#1946=DIRECTION('',(-9.91932170845943E-10,1.,0.));
#1947=DIRECTION('center_axis',(0.,0.,1.));
#1948=DIRECTION('ref_axis',(-1.,0.,0.));
#1949=DIRECTION('center_axis',(0.,0.,-1.));
#1950=DIRECTION('ref_axis',(-4.44089209850068E-14,1.,0.));
#1951=DIRECTION('center_axis',(0.,0.,1.));
#1952=DIRECTION('ref_axis',(-7.89491928622327E-14,1.,0.));
#1953=DIRECTION('',(0.,0.,1.));
#1954=DIRECTION('center_axis',(0.,0.,-1.));
#1955=DIRECTION('ref_axis',(-7.89491928622327E-14,1.,0.));
#1956=DIRECTION('center_axis',(6.70849443494044E-14,-1.,0.));
#1957=DIRECTION('ref_axis',(1.,6.70849443494044E-14,0.));
#1958=DIRECTION('',(0.,0.,1.));
#1959=DIRECTION('',(1.,6.70849443494044E-14,0.));
#1960=DIRECTION('center_axis',(-0.766044443118978,-2.1135524177873E-12,
-0.642787609686539));
#1961=DIRECTION('ref_axis',(0.642787609686539,1.78052564811355E-12,-0.766044443118978));
#1962=DIRECTION('',(-0.64278760968641,6.33698236921751E-7,0.766044443118824));
#1963=DIRECTION('',(2.7590467325654E-12,-1.,0.));
#1964=DIRECTION('',(0.642787609686539,-3.80606710698924E-14,-0.766044443118978));
#1965=DIRECTION('center_axis',(-0.766044443118978,-2.1135524177873E-12,
-0.642787609686539));
#1966=DIRECTION('ref_axis',(-0.642787609686539,2.53737814832981E-14,0.766044443118978));
#1967=DIRECTION('',(5.0659067127241E-14,1.,-3.3484769809165E-12));
#1968=DIRECTION('center_axis',(-0.766044443118978,-2.1135524177873E-12,
-0.642787609686539));
#1969=DIRECTION('ref_axis',(-0.642787609686539,2.53737814832973E-14,0.766044443118978));
#1970=DIRECTION('center_axis',(9.85859446218322E-7,0.999999999999514,0.));
#1971=DIRECTION('ref_axis',(-0.999999999999514,9.85859446218321E-7,0.));
#1972=DIRECTION('',(0.,0.,1.));
#1973=DIRECTION('',(-0.999999999999514,9.85859446218321E-7,0.));
#1974=DIRECTION('',(0.,0.,1.));
#1975=DIRECTION('',(-1.,-3.68890103652142E-10,0.));
#1976=DIRECTION('',(0.999999999999514,-9.85859446218321E-7,0.));
#1977=DIRECTION('center_axis',(0.,0.,1.));
#1978=DIRECTION('ref_axis',(-1.,3.94745964311152E-14,0.));
#1979=DIRECTION('',(0.,0.,1.));
#1980=DIRECTION('center_axis',(0.,0.,-1.));
#1981=DIRECTION('ref_axis',(-1.,1.97372982155575E-14,0.));
#1982=DIRECTION('center_axis',(1.,-5.0659067127241E-14,0.));
#1983=DIRECTION('ref_axis',(5.0659067127241E-14,1.,0.));
#1984=DIRECTION('',(0.,0.,1.));
#1985=DIRECTION('',(5.0659067127241E-14,1.,0.));
#1986=DIRECTION('center_axis',(-0.766044443118978,8.37778490329267E-13,
0.642787609686539));
#1987=DIRECTION('ref_axis',(-0.642787609686539,7.10024216117926E-13,-0.766044443118978));
#1988=DIRECTION('',(0.642787609686539,6.37668589497247E-10,0.766044443118978));
#1989=DIRECTION('',(1.09364214812162E-12,1.,0.));
#1990=DIRECTION('',(-0.642787609686539,4.00592036290487E-10,-0.766044443118978));
#1991=DIRECTION('center_axis',(0.766044443118978,-8.37778490329267E-13,
-0.642787609686539));
#1992=DIRECTION('ref_axis',(0.642787609686539,-4.00575888276847E-10,0.766044443118978));
#1993=DIRECTION('',(8.32315884136397E-13,-1.,2.29526740412916E-12));
#1994=DIRECTION('center_axis',(0.766044443118978,-8.37778490329267E-13,
-0.642787609686539));
#1995=DIRECTION('ref_axis',(0.642787609686539,5.01132184295172E-13,0.766044443118978));
#1996=DIRECTION('center_axis',(9.92036218321338E-10,-1.,0.));
#1997=DIRECTION('ref_axis',(1.,9.92036218321338E-10,0.));
#1998=DIRECTION('',(0.,0.,1.));
#1999=DIRECTION('',(1.,9.92056984119896E-10,0.));
#2000=DIRECTION('',(0.,0.,1.));
#2001=DIRECTION('',(1.,9.92036218321338E-10,0.));
#2002=DIRECTION('',(0.,0.,1.));
#2003=DIRECTION('',(-1.,-9.92056984119903E-10,0.));
#2004=DIRECTION('center_axis',(0.,0.,1.));
#2005=DIRECTION('ref_axis',(1.,7.79623279514602E-13,0.));
#2006=DIRECTION('',(0.,0.,1.));
#2007=DIRECTION('center_axis',(0.,0.,-1.));
#2008=DIRECTION('ref_axis',(1.,7.69754630406837E-13,0.));
#2009=DIRECTION('center_axis',(-1.,-8.32315884136397E-13,0.));
#2010=DIRECTION('ref_axis',(8.32315884136397E-13,-1.,0.));
#2011=DIRECTION('',(0.,0.,1.));
#2012=DIRECTION('',(8.32315884136397E-13,-1.,0.));
#2013=DIRECTION('center_axis',(0.,0.,1.));
#2014=DIRECTION('ref_axis',(-1.,0.,0.));
#2015=DIRECTION('center_axis',(0.,0.,-1.));
#2016=DIRECTION('ref_axis',(1.,9.91917659121121E-10,0.));
#2017=DIRECTION('',(9.91932170845943E-10,-1.,0.));
#2018=DIRECTION('center_axis',(0.,0.,1.));
#2019=DIRECTION('ref_axis',(-1.,-9.91930915515427E-10,0.));
#2020=DIRECTION('center_axis',(0.,0.,-1.));
#2021=DIRECTION('ref_axis',(-6.23185453858065E-10,-1.,0.));
#2022=DIRECTION('',(-1.,6.23194747147693E-10,0.));
#2023=DIRECTION('center_axis',(0.,0.,1.));
#2024=DIRECTION('ref_axis',(6.23193702281176E-10,1.,0.));
#2025=DIRECTION('center_axis',(0.,0.,-1.));
#2026=DIRECTION('ref_axis',(-1.,-3.68732205263058E-10,0.));
#2027=DIRECTION('',(-3.68785613526362E-10,1.,0.));
#2028=DIRECTION('center_axis',(0.,0.,1.));
#2029=DIRECTION('ref_axis',(1.,3.68782284974951E-10,0.));
#2030=DIRECTION('center_axis',(0.,0.,-1.));
#2031=DIRECTION('ref_axis',(4.44089209850059E-14,1.,0.));
#2032=DIRECTION('',(1.,-5.22457893942089E-14,0.));
#2033=DIRECTION('center_axis',(0.,0.,1.));
#2034=DIRECTION('ref_axis',(-5.03742984307534E-14,-1.,0.));
#2035=DIRECTION('center_axis',(0.,0.,-1.));
#2036=DIRECTION('ref_axis',(-1.,0.,0.));
#2037=DIRECTION('',(-1.,0.,0.));
#2038=DIRECTION('center_axis',(0.,0.,-1.));
#2039=DIRECTION('ref_axis',(0.,-1.,0.));
#2040=DIRECTION('',(0.,-1.,0.));
#2041=DIRECTION('center_axis',(0.,0.,-1.));
#2042=DIRECTION('ref_axis',(1.,0.,0.));
#2043=DIRECTION('',(1.,7.99009013764054E-16,0.));
#2044=DIRECTION('center_axis',(0.,0.,-1.));
#2045=DIRECTION('ref_axis',(-1.48029736616687E-14,1.,0.));
#2046=DIRECTION('',(0.,1.,0.));
#2047=DIRECTION('center_axis',(0.,0.,-1.));
#2048=DIRECTION('ref_axis',(-1.,8.88178419700132E-15,0.));
#2049=DIRECTION('',(-1.,0.,0.));
#2050=DIRECTION('center_axis',(0.,0.,-1.));
#2051=DIRECTION('ref_axis',(0.,-1.,0.));
#2052=DIRECTION('',(0.,-1.,0.));
#2053=DIRECTION('center_axis',(0.,0.,-1.));
#2054=DIRECTION('ref_axis',(1.,0.,0.));
#2055=DIRECTION('',(1.,0.,0.));
#2056=DIRECTION('center_axis',(0.,0.,-1.));
#2057=DIRECTION('ref_axis',(8.88178419700136E-15,1.,0.));
#2058=DIRECTION('',(2.64985506205658E-16,1.,0.));
#2059=DIRECTION('center_axis',(0.,0.,-1.));
#2060=DIRECTION('ref_axis',(1.,0.,0.));
#2061=DIRECTION('',(1.,0.,0.));
#2062=DIRECTION('center_axis',(0.,0.,-1.));
#2063=DIRECTION('ref_axis',(0.,1.,0.));
#2064=DIRECTION('',(1.5917175980289E-15,1.,0.));
#2065=DIRECTION('center_axis',(0.,0.,-1.));
#2066=DIRECTION('ref_axis',(-1.,0.,0.));
#2067=DIRECTION('',(-1.,0.,0.));
#2068=DIRECTION('center_axis',(0.,0.,-1.));
#2069=DIRECTION('ref_axis',(-8.88178419700128E-15,-1.,0.));
#2070=DIRECTION('',(1.5917175980289E-15,-1.,0.));
#2071=DIRECTION('center_axis',(0.,1.,0.));
#2072=DIRECTION('ref_axis',(-1.,0.,0.));
#2073=DIRECTION('',(0.,0.,1.));
#2074=DIRECTION('',(-1.,0.,0.));
#2075=DIRECTION('',(0.,0.,1.));
#2076=DIRECTION('center_axis',(0.,0.,1.));
#2077=DIRECTION('ref_axis',(0.,-1.,0.));
#2078=DIRECTION('center_axis',(0.,0.,-1.));
#2079=DIRECTION('ref_axis',(0.,-1.,0.));
#2080=DIRECTION('',(0.,0.,1.));
#2081=DIRECTION('center_axis',(-1.,0.,0.));
#2082=DIRECTION('ref_axis',(0.,-1.,0.));
#2083=DIRECTION('',(0.,-1.,0.));
#2084=DIRECTION('',(0.,0.,1.));
#2085=DIRECTION('center_axis',(0.,0.,1.));
#2086=DIRECTION('ref_axis',(1.,0.,0.));
#2087=DIRECTION('center_axis',(0.,0.,-1.));
#2088=DIRECTION('ref_axis',(1.,0.,0.));
#2089=DIRECTION('',(0.,0.,1.));
#2090=DIRECTION('center_axis',(7.99009013764054E-16,-1.,0.));
#2091=DIRECTION('ref_axis',(1.,7.99009013764054E-16,0.));
#2092=DIRECTION('',(1.,7.99009013764054E-16,0.));
#2093=DIRECTION('',(0.,0.,1.));
#2094=DIRECTION('center_axis',(0.,0.,1.));
#2095=DIRECTION('ref_axis',(-1.48029736616687E-14,1.,0.));
#2096=DIRECTION('center_axis',(0.,0.,-1.));
#2097=DIRECTION('ref_axis',(-1.48029736616687E-14,1.,0.));
#2098=DIRECTION('',(0.,0.,1.));
#2099=DIRECTION('center_axis',(1.,0.,0.));
#2100=DIRECTION('ref_axis',(0.,1.,0.));
#2101=DIRECTION('',(0.,1.,0.));
#2102=DIRECTION('',(0.,0.,1.));
#2103=DIRECTION('center_axis',(0.,0.,1.));
#2104=DIRECTION('ref_axis',(-1.,0.,0.));
#2105=DIRECTION('center_axis',(0.,0.,-1.));
#2106=DIRECTION('ref_axis',(-1.,0.,0.));
#2107=DIRECTION('center_axis',(0.,1.,0.));
#2108=DIRECTION('ref_axis',(-1.,0.,0.));
#2109=DIRECTION('',(0.,0.,1.));
#2110=DIRECTION('',(-1.,0.,0.));
#2111=DIRECTION('',(0.,0.,1.));
#2112=DIRECTION('center_axis',(0.,0.,1.));
#2113=DIRECTION('ref_axis',(0.,-1.,0.));
#2114=DIRECTION('center_axis',(0.,0.,-1.));
#2115=DIRECTION('ref_axis',(0.,-1.,0.));
#2116=DIRECTION('',(0.,0.,1.));
#2117=DIRECTION('center_axis',(-1.,0.,0.));
#2118=DIRECTION('ref_axis',(0.,-1.,0.));
#2119=DIRECTION('',(0.,-1.,0.));
#2120=DIRECTION('',(0.,0.,1.));
#2121=DIRECTION('center_axis',(0.,0.,1.));
#2122=DIRECTION('ref_axis',(1.,0.,0.));
#2123=DIRECTION('center_axis',(0.,0.,-1.));
#2124=DIRECTION('ref_axis',(1.,0.,0.));
#2125=DIRECTION('',(0.,0.,1.));
#2126=DIRECTION('center_axis',(0.,-1.,0.));
#2127=DIRECTION('ref_axis',(1.,0.,0.));
#2128=DIRECTION('',(1.,0.,0.));
#2129=DIRECTION('',(0.,0.,1.));
#2130=DIRECTION('center_axis',(0.,0.,1.));
#2131=DIRECTION('ref_axis',(8.88178419700136E-15,1.,0.));
#2132=DIRECTION('center_axis',(0.,0.,-1.));
#2133=DIRECTION('ref_axis',(8.88178419700136E-15,1.,0.));
#2134=DIRECTION('',(0.,0.,1.));
#2135=DIRECTION('center_axis',(1.,-2.64985506205658E-16,0.));
#2136=DIRECTION('ref_axis',(2.64985506205658E-16,1.,0.));
#2137=DIRECTION('',(2.64985506205658E-16,1.,0.));
#2138=DIRECTION('',(0.,0.,1.));
#2139=DIRECTION('center_axis',(0.,0.,1.));
#2140=DIRECTION('ref_axis',(-1.,8.88178419700132E-15,0.));
#2141=DIRECTION('center_axis',(0.,0.,-1.));
#2142=DIRECTION('ref_axis',(-1.,8.88178419700132E-15,0.));
#2143=DIRECTION('center_axis',(0.,-1.,0.));
#2144=DIRECTION('ref_axis',(1.,0.,0.));
#2145=DIRECTION('',(0.,0.,1.));
#2146=DIRECTION('',(1.,0.,0.));
#2147=DIRECTION('',(0.,0.,1.));
#2148=DIRECTION('center_axis',(0.,0.,1.));
#2149=DIRECTION('ref_axis',(0.,1.,0.));
#2150=DIRECTION('center_axis',(0.,0.,-1.));
#2151=DIRECTION('ref_axis',(0.,1.,0.));
#2152=DIRECTION('',(0.,0.,1.));
#2153=DIRECTION('center_axis',(1.,-1.5917175980289E-15,0.));
#2154=DIRECTION('ref_axis',(1.5917175980289E-15,1.,0.));
#2155=DIRECTION('',(1.5917175980289E-15,1.,0.));
#2156=DIRECTION('',(0.,0.,1.));
#2157=DIRECTION('center_axis',(0.,0.,1.));
#2158=DIRECTION('ref_axis',(-1.,0.,0.));
#2159=DIRECTION('center_axis',(0.,0.,-1.));
#2160=DIRECTION('ref_axis',(-1.,0.,0.));
#2161=DIRECTION('',(0.,0.,1.));
#2162=DIRECTION('center_axis',(0.,1.,0.));
#2163=DIRECTION('ref_axis',(-1.,0.,0.));
#2164=DIRECTION('',(-1.,0.,0.));
#2165=DIRECTION('',(0.,0.,1.));
#2166=DIRECTION('center_axis',(0.,0.,1.));
#2167=DIRECTION('ref_axis',(-8.88178419700128E-15,-1.,0.));
#2168=DIRECTION('center_axis',(0.,0.,-1.));
#2169=DIRECTION('ref_axis',(-8.88178419700128E-15,-1.,0.));
#2170=DIRECTION('',(0.,0.,1.));
#2171=DIRECTION('center_axis',(-1.,-1.5917175980289E-15,0.));
#2172=DIRECTION('ref_axis',(1.5917175980289E-15,-1.,0.));
#2173=DIRECTION('',(1.5917175980289E-15,-1.,0.));
#2174=DIRECTION('',(0.,0.,1.));
#2175=DIRECTION('center_axis',(0.,0.,1.));
#2176=DIRECTION('ref_axis',(1.,0.,0.));
#2177=DIRECTION('center_axis',(0.,0.,-1.));
#2178=DIRECTION('ref_axis',(1.,0.,0.));
#2179=DIRECTION('center_axis',(0.,0.,1.));
#2180=DIRECTION('ref_axis',(-1.,0.,0.));
#2181=DIRECTION('center_axis',(0.,0.,-1.));
#2182=DIRECTION('ref_axis',(-0.999999999999999,5.01718858323107E-8,0.));
#2183=DIRECTION('',(-1.,1.11348342810901E-12,0.));
#2184=DIRECTION('center_axis',(0.,0.,-1.));
#2185=DIRECTION('ref_axis',(-5.01824273999412E-8,-0.999999999999999,0.));
#2186=DIRECTION('',(8.32702292221893E-13,-1.,0.));
#2187=DIRECTION('center_axis',(0.,0.,-1.));
#2188=DIRECTION('ref_axis',(0.999999999999999,-5.0182656383969E-8,0.));
#2189=DIRECTION('',(1.,6.71567818784089E-14,0.));
#2190=DIRECTION('center_axis',(0.,0.,-1.));
#2191=DIRECTION('ref_axis',(5.01821741308499E-8,0.999999999999999,0.));
#2192=DIRECTION('',(5.07130265451555E-14,1.,0.));
#2193=DIRECTION('center_axis',(0.,0.,1.));
#2194=DIRECTION('ref_axis',(-1.,0.,0.));
#2195=DIRECTION('center_axis',(0.,0.,-1.));
#2196=DIRECTION('ref_axis',(-1.,0.,0.));
#2197=DIRECTION('center_axis',(0.,0.,1.));
#2198=DIRECTION('ref_axis',(-1.,0.,0.));
#2199=DIRECTION('center_axis',(0.,0.,-1.));
#2200=DIRECTION('ref_axis',(-1.,0.,0.));
#2201=DIRECTION('center_axis',(0.,0.,1.));
#2202=DIRECTION('ref_axis',(-1.,0.,0.));
#2203=DIRECTION('center_axis',(0.,0.,-1.));
#2204=DIRECTION('ref_axis',(-1.,0.,0.));
#2205=DIRECTION('center_axis',(0.,0.,1.));
#2206=DIRECTION('ref_axis',(-1.,0.,0.));
#2207=DIRECTION('center_axis',(0.,0.,-1.));
#2208=DIRECTION('ref_axis',(-1.,0.,0.));
#2209=DIRECTION('center_axis',(0.,0.,1.));
#2210=DIRECTION('ref_axis',(3.94745964311163E-14,1.,0.));
#2211=DIRECTION('',(0.,0.,1.));
#2212=DIRECTION('center_axis',(0.,0.,1.));
#2213=DIRECTION('ref_axis',(-1.,-3.68751942561277E-10,0.));
#2214=DIRECTION('',(0.,0.,1.));
#2215=DIRECTION('center_axis',(0.,0.,1.));
#2216=DIRECTION('ref_axis',(-6.23185453858065E-10,-1.,0.));
#2217=DIRECTION('',(0.,0.,1.));
#2218=DIRECTION('center_axis',(0.,0.,1.));
#2219=DIRECTION('ref_axis',(1.,9.91917659121121E-10,0.));
#2220=DIRECTION('',(0.,0.,1.));
#2221=DIRECTION('center_axis',(0.,0.,1.));
#2222=DIRECTION('ref_axis',(-1.,0.,0.));
#2223=DIRECTION('center_axis',(0.,0.,-1.));
#2224=DIRECTION('ref_axis',(-1.,-3.68878261269862E-10,0.));
#2225=DIRECTION('',(-3.68905416321998E-10,1.,0.));
#2226=DIRECTION('center_axis',(0.,0.,-1.));
#2227=DIRECTION('ref_axis',(4.4408920985006E-14,1.,0.));
#2228=DIRECTION('',(-1.,5.22457893942089E-14,0.));
#2229=DIRECTION('center_axis',(0.,0.,1.));
#2230=DIRECTION('ref_axis',(-1.,0.,0.));
#2231=DIRECTION('center_axis',(0.,0.,-1.));
#2232=DIRECTION('ref_axis',(1.,9.92068649452435E-10,0.));
#2233=DIRECTION('',(9.92053730000298E-10,-1.,0.));
#2234=DIRECTION('center_axis',(0.,0.,-1.));
#2235=DIRECTION('ref_axis',(-6.23205191156268E-10,-1.,0.));
#2236=DIRECTION('',(1.,-6.23194747147693E-10,0.));
#2237=DIRECTION('center_axis',(0.,0.,1.));
#2238=DIRECTION('ref_axis',(-1.,0.,0.));
#2239=DIRECTION('',(0.,0.,-1.));
#2240=DIRECTION('center_axis',(0.,0.,-1.));
#2241=DIRECTION('ref_axis',(-1.,0.,0.));
#2242=DIRECTION('center_axis',(0.,0.,1.));
#2243=DIRECTION('ref_axis',(-1.,0.,0.));
#2244=DIRECTION('',(0.,0.,-1.));
#2245=DIRECTION('center_axis',(0.,0.,-1.));
#2246=DIRECTION('ref_axis',(-1.,0.,0.));
#2247=DIRECTION('center_axis',(1.,3.68905416321998E-10,0.));
#2248=DIRECTION('ref_axis',(-3.68905416321998E-10,1.,0.));
#2249=DIRECTION('',(-3.68905416321998E-10,1.,0.));
#2250=DIRECTION('',(0.,0.,1.));
#2251=DIRECTION('',(0.,0.,1.));
#2252=DIRECTION('center_axis',(0.,0.,1.));
#2253=DIRECTION('ref_axis',(-1.,-3.68878261269862E-10,0.));
#2254=DIRECTION('center_axis',(0.,0.,-1.));
#2255=DIRECTION('ref_axis',(-1.,-3.68878261269862E-10,0.));
#2256=DIRECTION('',(0.,0.,1.));
#2257=DIRECTION('center_axis',(-3.68890103652142E-10,1.,0.));
#2258=DIRECTION('ref_axis',(-1.,-3.68890103652142E-10,0.));
#2259=DIRECTION('',(-1.,-3.68890103652142E-10,0.));
#2260=DIRECTION('',(0.,0.,1.));
#2261=DIRECTION('center_axis',(0.,0.,1.));
#2262=DIRECTION('ref_axis',(1.,3.68782284974951E-10,0.));
#2263=DIRECTION('center_axis',(0.,0.,1.));
#2264=DIRECTION('ref_axis',(1.,3.68782284974951E-10,0.));
#2265=DIRECTION('',(0.,0.,1.));
#2266=DIRECTION('center_axis',(1.,3.68791416344926E-10,0.));
#2267=DIRECTION('ref_axis',(-3.68791416344926E-10,1.,0.));
#2268=DIRECTION('',(0.,0.,1.));
#2269=DIRECTION('',(-3.68791416344926E-10,1.,0.));
#2270=DIRECTION('center_axis',(0.,0.,1.));
#2271=DIRECTION('ref_axis',(-1.,-3.68807206996271E-10,0.));
#2272=DIRECTION('center_axis',(0.,0.,-1.));
#2273=DIRECTION('ref_axis',(-1.,-3.68807206996271E-10,0.));
#2274=DIRECTION('',(0.,0.,1.));
#2275=DIRECTION('center_axis',(6.23084307006967E-10,1.,0.));
#2276=DIRECTION('ref_axis',(-1.,6.23084307006967E-10,0.));
#2277=DIRECTION('',(-1.,6.23084307006967E-10,0.));
#2278=DIRECTION('',(0.,0.,1.));
#2279=DIRECTION('center_axis',(0.,0.,1.));
#2280=DIRECTION('ref_axis',(-6.23047292770494E-10,-1.,0.));
#2281=DIRECTION('center_axis',(0.,0.,-1.));
#2282=DIRECTION('ref_axis',(-6.23047292770494E-10,-1.,0.));
#2283=DIRECTION('center_axis',(0.,0.,1.));
#2284=DIRECTION('ref_axis',(6.23193702281176E-10,1.,0.));
#2285=DIRECTION('center_axis',(0.,0.,1.));
#2286=DIRECTION('ref_axis',(6.23193702281176E-10,1.,0.));
#2287=DIRECTION('',(0.,0.,1.));
#2288=DIRECTION('center_axis',(6.23210575707642E-10,1.,0.));
#2289=DIRECTION('ref_axis',(-1.,6.23210575707642E-10,0.));
#2290=DIRECTION('',(0.,0.,1.));
#2291=DIRECTION('',(-1.,6.23210575707642E-10,0.));
#2292=DIRECTION('center_axis',(0.,0.,1.));
#2293=DIRECTION('ref_axis',(-6.23205191156268E-10,-1.,0.));
#2294=DIRECTION('center_axis',(0.,0.,-1.));
#2295=DIRECTION('ref_axis',(-6.23205191156268E-10,-1.,0.));
#2296=DIRECTION('',(0.,0.,1.));
#2297=DIRECTION('center_axis',(-1.,-9.92053730000298E-10,0.));
#2298=DIRECTION('ref_axis',(9.92053730000298E-10,-1.,0.));
#2299=DIRECTION('',(9.92053730000298E-10,-1.,0.));
#2300=DIRECTION('',(0.,0.,1.));
#2301=DIRECTION('center_axis',(0.,0.,1.));
#2302=DIRECTION('ref_axis',(1.,9.92068649452435E-10,0.));
#2303=DIRECTION('center_axis',(0.,0.,-1.));
#2304=DIRECTION('ref_axis',(1.,9.92068649452435E-10,0.));
#2305=DIRECTION('center_axis',(0.,0.,1.));
#2306=DIRECTION('ref_axis',(-1.,-9.91930915515427E-10,0.));
#2307=DIRECTION('center_axis',(0.,0.,1.));
#2308=DIRECTION('ref_axis',(-1.,-9.91930915515427E-10,0.));
#2309=DIRECTION('',(0.,0.,1.));
#2310=DIRECTION('center_axis',(-1.,-9.91917656935028E-10,0.));
#2311=DIRECTION('ref_axis',(9.91917656935028E-10,-1.,0.));
#2312=DIRECTION('',(0.,0.,1.));
#2313=DIRECTION('',(9.91917656935028E-10,-1.,0.));
#2314=DIRECTION('center_axis',(0.,0.,1.));
#2315=DIRECTION('ref_axis',(1.,9.91873250200172E-10,0.));
#2316=DIRECTION('center_axis',(0.,0.,-1.));
#2317=DIRECTION('ref_axis',(1.,9.91873250200172E-10,0.));
#2318=DIRECTION('',(0.,0.,1.));
#2319=DIRECTION('center_axis',(6.77020367988244E-14,-1.,0.));
#2320=DIRECTION('ref_axis',(1.,6.77020367988244E-14,0.));
#2321=DIRECTION('',(1.,6.77020367988244E-14,0.));
#2322=DIRECTION('',(0.,0.,1.));
#2323=DIRECTION('center_axis',(0.,0.,1.));
#2324=DIRECTION('ref_axis',(-4.44089209850068E-14,1.,0.));
#2325=DIRECTION('center_axis',(0.,0.,-1.));
#2326=DIRECTION('ref_axis',(-4.44089209850068E-14,1.,0.));
#2327=DIRECTION('center_axis',(0.,0.,1.));
#2328=DIRECTION('ref_axis',(-5.03742984307534E-14,-1.,0.));
#2329=DIRECTION('center_axis',(0.,0.,1.));
#2330=DIRECTION('ref_axis',(-5.03742984307534E-14,-1.,0.));
#2331=DIRECTION('',(0.,0.,1.));
#2332=DIRECTION('center_axis',(-5.92118928497283E-14,-1.,0.));
#2333=DIRECTION('ref_axis',(1.,-5.92118928497283E-14,0.));
#2334=DIRECTION('',(0.,0.,1.));
#2335=DIRECTION('',(1.,-5.92118928497283E-14,0.));
#2336=DIRECTION('center_axis',(0.,0.,1.));
#2337=DIRECTION('ref_axis',(4.4408920985006E-14,1.,0.));
#2338=DIRECTION('center_axis',(0.,0.,-1.));
#2339=DIRECTION('ref_axis',(4.4408920985006E-14,1.,0.));
#2340=DIRECTION('center_axis',(0.,0.,1.));
#2341=DIRECTION('ref_axis',(-1.,0.,0.));
#2342=DIRECTION('',(0.,0.,-1.));
#2343=DIRECTION('center_axis',(0.,0.,-1.));
#2344=DIRECTION('ref_axis',(-1.,0.,0.));
#2345=DIRECTION('center_axis',(0.,0.,1.));
#2346=DIRECTION('ref_axis',(-1.,0.,0.));
#2347=DIRECTION('',(0.,0.,-1.));
#2348=DIRECTION('center_axis',(0.,0.,-1.));
#2349=DIRECTION('ref_axis',(-1.,0.,0.));
#2350=DIRECTION('center_axis',(-1.11348342810901E-12,-1.,0.));
#2351=DIRECTION('ref_axis',(1.,-1.11348342810901E-12,0.));
#2352=DIRECTION('',(-1.,1.11348342810901E-12,0.));
#2353=DIRECTION('',(0.,0.,1.));
#2354=DIRECTION('',(0.,0.,1.));
#2355=DIRECTION('center_axis',(0.,0.,1.));
#2356=DIRECTION('ref_axis',(-0.999999999999999,5.01718858323107E-8,0.));
#2357=DIRECTION('center_axis',(0.,0.,-1.));
#2358=DIRECTION('ref_axis',(-0.999999999999999,5.01718858323107E-8,0.));
#2359=DIRECTION('',(0.,0.,1.));
#2360=DIRECTION('center_axis',(-1.,5.07130265451555E-14,0.));
#2361=DIRECTION('ref_axis',(-5.07130265451555E-14,-1.,0.));
#2362=DIRECTION('',(5.07130265451555E-14,1.,0.));
#2363=DIRECTION('',(0.,0.,1.));
#2364=DIRECTION('center_axis',(0.,0.,1.));
#2365=DIRECTION('ref_axis',(5.01821741308499E-8,0.999999999999999,0.));
#2366=DIRECTION('center_axis',(0.,0.,-1.));
#2367=DIRECTION('ref_axis',(5.01821741308499E-8,0.999999999999999,0.));
#2368=DIRECTION('',(0.,0.,1.));
#2369=DIRECTION('center_axis',(-6.71567818784089E-14,1.,0.));
#2370=DIRECTION('ref_axis',(-1.,-6.71567818784089E-14,0.));
#2371=DIRECTION('',(1.,6.71567818784089E-14,0.));
#2372=DIRECTION('',(0.,0.,1.));
#2373=DIRECTION('center_axis',(0.,0.,1.));
#2374=DIRECTION('ref_axis',(0.999999999999999,-5.0182656383969E-8,0.));
#2375=DIRECTION('center_axis',(0.,0.,-1.));
#2376=DIRECTION('ref_axis',(0.999999999999999,-5.0182656383969E-8,0.));
#2377=DIRECTION('',(0.,0.,1.));
#2378=DIRECTION('center_axis',(1.,8.32702292221893E-13,0.));
#2379=DIRECTION('ref_axis',(-8.32702292221893E-13,1.,0.));
#2380=DIRECTION('',(8.32702292221893E-13,-1.,0.));
#2381=DIRECTION('',(0.,0.,1.));
#2382=DIRECTION('center_axis',(0.,0.,1.));
#2383=DIRECTION('ref_axis',(-5.01824273999412E-8,-0.999999999999999,0.));
#2384=DIRECTION('center_axis',(0.,0.,-1.));
#2385=DIRECTION('ref_axis',(-5.01824273999412E-8,-0.999999999999999,0.));
#2386=DIRECTION('center_axis',(0.,0.,1.));
#2387=DIRECTION('ref_axis',(-1.,0.,0.));
#2388=CARTESIAN_POINT('',(0.,0.,0.));
#2389=CARTESIAN_POINT('Origin',(69.6249999998231,-158.449999999988,5.53350522863557));
#2390=CARTESIAN_POINT('',(97.650000017582,-156.450001582714,3.14999992959201));
#2391=CARTESIAN_POINT('',(97.6500000168966,-157.550000000558,4.46092699590598));
#2392=CARTESIAN_POINT('',(97.6500000173756,-156.781145045974,3.54464134159693));
#2393=CARTESIAN_POINT('',(96.7500000175819,-156.450000044702,3.15));
#2394=CARTESIAN_POINT('',(69.6249999998825,-156.450001641731,3.15));
#2395=CARTESIAN_POINT('',(42.6000000148043,-156.450000010962,3.15));
#2396=CARTESIAN_POINT('',(42.6000000148043,-156.450000010962,3.15));
#2397=CARTESIAN_POINT('',(41.6000000157961,-156.450001582589,3.14999992959201));
#2398=CARTESIAN_POINT('',(69.6249999998825,-156.450001641731,3.15));
#2399=CARTESIAN_POINT('',(41.6000000162018,-157.550000000269,4.46092699570994));
#2400=CARTESIAN_POINT('',(41.6000000159525,-156.874109623174,3.65543221060733));
#2401=CARTESIAN_POINT('',(42.5000000161998,-158.449999999927,5.53350522863557));
#2402=CARTESIAN_POINT('Origin',(42.5000000162018,-157.549999999937,4.46092699531204));
#2403=CARTESIAN_POINT('',(96.7500000168956,-158.449999999997,5.53350522857485));
#2404=CARTESIAN_POINT('',(83.1875000083609,-158.449999999982,5.53350522859285));
#2405=CARTESIAN_POINT('Origin',(96.7500000168966,-157.549999999997,4.4609269952401));
#2406=CARTESIAN_POINT('Origin',(97.6500000184854,-155.000000017465,1.65));
#2407=CARTESIAN_POINT('',(97.6500000168966,-157.550000000558,7.25));
#2408=CARTESIAN_POINT('',(97.6500000168966,-157.550000000558,3.15));
#2409=CARTESIAN_POINT('',(97.6500000184854,-155.000000017465,7.25));
#2410=CARTESIAN_POINT('',(97.6500000184854,-155.000000017465,7.25));
#2411=CARTESIAN_POINT('',(97.6500000184854,-155.000000017465,1.65));
#2412=CARTESIAN_POINT('',(97.6500000184854,-155.000000017465,1.65));
#2413=CARTESIAN_POINT('',(97.6500000181427,-155.550000045263,1.65));
#2414=CARTESIAN_POINT('',(97.6500000181427,-155.550000045263,1.65));
#2415=CARTESIAN_POINT('',(97.6500000181427,-155.550000045263,3.15));
#2416=CARTESIAN_POINT('',(97.6500000181427,-155.550000045263,1.65));
#2417=CARTESIAN_POINT('',(97.6500000313752,-134.312500017462,3.15));
#2418=CARTESIAN_POINT('Origin',(69.625000000033,-113.624999999998,3.15));
#2419=CARTESIAN_POINT('',(41.6000000154273,-155.450000011331,3.15));
#2420=CARTESIAN_POINT('Origin',(42.6000000154274,-155.450000010962,3.15));
#2421=CARTESIAN_POINT('',(41.6000000081024,-135.587500005301,3.15));
#2422=CARTESIAN_POINT('Origin',(69.625000000033,-113.624999999998,3.15));
#2423=CARTESIAN_POINT('Origin',(96.7500000181427,-155.550000044702,3.15));
#2424=CARTESIAN_POINT('Origin',(96.7500000168966,-157.549999999997,3.15));
#2425=CARTESIAN_POINT('',(96.7500000168956,-158.449999999997,7.25));
#2426=CARTESIAN_POINT('',(96.7500000168956,-158.449999999997,3.15));
#2427=CARTESIAN_POINT('Origin',(96.7500000168966,-157.549999999997,7.25));
#2428=CARTESIAN_POINT('Origin',(96.7500000168956,-158.449999999997,3.15));
#2429=CARTESIAN_POINT('',(42.5000000162008,-158.449999999937,7.25));
#2430=CARTESIAN_POINT('',(42.5000000162008,-158.449999999937,3.15));
#2431=CARTESIAN_POINT('',(96.7500000168956,-158.449999999997,7.25));
#2432=CARTESIAN_POINT('Origin',(69.6249999999229,-68.7999999999772,5.53350522863557));
#2433=CARTESIAN_POINT('',(41.5999999999999,-70.7999984173138,3.14999992959201));
#2434=CARTESIAN_POINT('',(41.5999999999998,-69.6999999999999,4.46092699527379));
#2435=CARTESIAN_POINT('',(41.5999999999999,-70.4688549612506,3.54464133301942));
#2436=CARTESIAN_POINT('',(42.5999999999999,-70.7999999722028,3.15));
#2437=CARTESIAN_POINT('',(69.6249999999779,-70.7999983582345,3.15));
#2438=CARTESIAN_POINT('',(96.6500000027776,-70.7999999721991,3.15));
#2439=CARTESIAN_POINT('',(96.6500000027776,-70.7999999721991,3.15));
#2440=CARTESIAN_POINT('',(97.6500000017857,-70.7999984173138,3.14999992959201));
#2441=CARTESIAN_POINT('',(69.6249999999779,-70.7999983582345,3.15));
#2442=CARTESIAN_POINT('',(97.6500000007938,-69.7999999990043,4.34175163720092));
#2443=CARTESIAN_POINT('',(97.6500000013651,-70.3758903695466,3.65543221916667));
#2444=CARTESIAN_POINT('',(96.6500000007938,-68.7999999999772,5.53350522863557));
#2445=CARTESIAN_POINT('Origin',(96.6500000007938,-69.7999999999962,4.3417516360188));
#2446=CARTESIAN_POINT('',(42.4999999999998,-68.7999999999998,5.53350522860866));
#2447=CARTESIAN_POINT('',(56.0624999999612,-68.7999999999989,5.53350522860974));
#2448=CARTESIAN_POINT('Origin',(42.4999999999998,-69.6999999999998,4.46092699527386));
#2449=CARTESIAN_POINT('Origin',(41.6,-72.2499999999998,1.65));
#2450=CARTESIAN_POINT('',(41.5999999999998,-69.6999999999999,7.25));
#2451=CARTESIAN_POINT('',(41.5999999999998,-69.6999999999999,3.15));
#2452=CARTESIAN_POINT('',(41.6,-72.2499999999998,7.25));
#2453=CARTESIAN_POINT('',(41.6,-72.2499999999998,7.25));
#2454=CARTESIAN_POINT('',(41.6,-72.2499999999998,1.65));
#2455=CARTESIAN_POINT('',(41.6,-72.2499999999998,1.65));
#2456=CARTESIAN_POINT('',(41.6,-71.7999999722028,1.65));
#2457=CARTESIAN_POINT('',(41.6,-71.7999999722028,1.65));
#2458=CARTESIAN_POINT('',(41.6,-71.7999999722028,3.15));
#2459=CARTESIAN_POINT('',(41.6,-71.7999999722028,1.65));
#2460=CARTESIAN_POINT('',(41.6000000000015,-92.9374999999999,3.15));
#2461=CARTESIAN_POINT('Origin',(69.625000000033,-113.624999999998,3.15));
#2462=CARTESIAN_POINT('',(97.6500000027777,-71.7999999712072,3.15));
#2463=CARTESIAN_POINT('Origin',(96.6500000027777,-71.7999999721991,3.15));
#2464=CARTESIAN_POINT('',(97.6500000225295,-91.7124999856017,3.15));
#2465=CARTESIAN_POINT('Origin',(69.625000000033,-113.624999999998,3.15));
#2466=CARTESIAN_POINT('Origin',(42.5999999999999,-71.7999999722028,3.15));
#2467=CARTESIAN_POINT('Origin',(42.4999999999998,-69.6999999999998,3.15));
#2468=CARTESIAN_POINT('',(42.4999999999998,-68.7999999999998,7.25));
#2469=CARTESIAN_POINT('',(42.4999999999998,-68.7999999999998,3.15));
#2470=CARTESIAN_POINT('Origin',(42.4999999999998,-69.6999999999998,7.25));
#2471=CARTESIAN_POINT('Origin',(42.4999999999998,-68.7999999999998,3.15));
#2472=CARTESIAN_POINT('',(96.6500000007937,-68.7999999999962,7.25));
#2473=CARTESIAN_POINT('',(96.6500000007937,-68.7999999999962,3.15));
#2474=CARTESIAN_POINT('',(42.4999999999998,-68.7999999999998,7.25));
#2475=CARTESIAN_POINT('Origin',(34.8000000000742,-113.625000000079,5.5334930449119));
#2476=CARTESIAN_POINT('',(36.7999880095348,-151.649998582066,3.15000014961697));
#2477=CARTESIAN_POINT('',(35.6999991127266,-151.649997497632,4.46091586920185));
#2478=CARTESIAN_POINT('',(36.0995413128253,-151.649997891524,3.98476001684126));
#2479=CARTESIAN_POINT('',(36.7999880093249,-75.5999999999999,3.15000014961697));
#2480=CARTESIAN_POINT('',(36.7999881349734,-113.625000000081,3.15));
#2481=CARTESIAN_POINT('',(35.7000000000039,-75.5999999999999,4.46091481153587));
#2482=CARTESIAN_POINT('',(36.3758873787759,-75.5999999999999,3.65542359969534));
#2483=CARTESIAN_POINT('',(34.7999999999718,-76.5000000000024,5.5334930449119));
#2484=CARTESIAN_POINT('Origin',(35.7000000000039,-76.4999999999999,4.46091481153883));
#2485=CARTESIAN_POINT('',(34.8000000000001,-150.749997497632,5.53349304512229));
#2486=CARTESIAN_POINT('',(34.800000000001,-132.187498748852,5.53349304506015));
#2487=CARTESIAN_POINT('Origin',(35.7000000000001,-150.749997497632,4.46091481178746));
#2488=CARTESIAN_POINT('Origin',(38.2500000140255,-151.650000011574,3.15));
#2489=CARTESIAN_POINT('',(35.6999991127266,-151.649997497632,7.25));
#2490=CARTESIAN_POINT('',(35.6999991127266,-151.649997497632,3.15));
#2491=CARTESIAN_POINT('',(38.2500000140256,-151.650000011574,7.25));
#2492=CARTESIAN_POINT('',(38.2500000140256,-151.650000011574,7.25));
#2493=CARTESIAN_POINT('',(38.2500000140256,-151.650000011574,3.15));
#2494=CARTESIAN_POINT('',(38.2500000140256,-151.650000011574,3.15));
#2495=CARTESIAN_POINT('',(37.8000000140296,-151.65000001174,3.15));
#2496=CARTESIAN_POINT('',(37.8000000140296,-151.65000001174,3.15));
#2497=CARTESIAN_POINT('',(53.9374812633613,-151.650015477226,3.15));
#2498=CARTESIAN_POINT('Origin',(35.7000000000001,-150.749997497632,3.15));
#2499=CARTESIAN_POINT('',(34.8000000000001,-150.749997497632,7.25));
#2500=CARTESIAN_POINT('',(34.8000000000001,-150.749997497632,3.15));
#2501=CARTESIAN_POINT('Origin',(35.7000000000001,-150.749997497632,7.25));
#2502=CARTESIAN_POINT('Origin',(34.8000000000001,-150.749997497632,3.15));
#2503=CARTESIAN_POINT('',(34.8000000000039,-76.4999999999998,7.25));
#2504=CARTESIAN_POINT('',(34.8000000000039,-76.4999999999998,3.15));
#2505=CARTESIAN_POINT('',(34.8000000000001,-150.749997497632,7.25));
#2506=CARTESIAN_POINT('Origin',(104.449999999961,-113.625000000021,5.5334930449119));
#2507=CARTESIAN_POINT('',(102.450011990647,-75.5999999674375,3.15000014961697));
#2508=CARTESIAN_POINT('',(103.549999999109,-75.5999999663462,4.46091481051284));
#2509=CARTESIAN_POINT('',(102.781148031941,-75.599999967109,3.54463271646701));
#2510=CARTESIAN_POINT('',(102.450011990563,-151.650000020456,3.15000014961697));
#2511=CARTESIAN_POINT('',(102.450011865062,-113.625000000026,3.15));
#2512=CARTESIAN_POINT('',(103.549999999503,-151.650000021142,4.46091481108121));
#2513=CARTESIAN_POINT('',(102.894771412957,-151.650000020733,3.68004378909426));
#2514=CARTESIAN_POINT('',(104.44999999992,-150.750000021143,5.5334930449119));
#2515=CARTESIAN_POINT('Origin',(103.550000000064,-150.750000021142,4.46091481174849));
#2516=CARTESIAN_POINT('',(104.450000000002,-76.4999999663455,5.53349304491279));
#2517=CARTESIAN_POINT('',(104.450000000018,-95.0624999831806,5.53349304495541));
#2518=CARTESIAN_POINT('Origin',(103.550000000002,-76.4999999663462,4.46091481157805));
#2519=CARTESIAN_POINT('Origin',(101.000000006547,-75.599999968876,1.65));
#2520=CARTESIAN_POINT('',(103.549999999109,-75.5999999663462,7.25));
#2521=CARTESIAN_POINT('',(103.549999999109,-75.5999999663462,3.15));
#2522=CARTESIAN_POINT('',(101.000000006547,-75.5999999688759,7.25));
#2523=CARTESIAN_POINT('',(101.000000006547,-75.5999999688759,7.25));
#2524=CARTESIAN_POINT('',(101.000000006547,-75.5999999688759,1.65));
#2525=CARTESIAN_POINT('',(101.000000006547,-75.5999999688759,1.65));
#2526=CARTESIAN_POINT('',(101.449999945123,-75.5999999684295,1.65));
#2527=CARTESIAN_POINT('',(101.449999945123,-75.5999999684295,1.65));
#2528=CARTESIAN_POINT('',(101.449999945123,-75.5999999684295,3.15));
#2529=CARTESIAN_POINT('',(101.449999945123,-75.5999999684295,1.65));
#2530=CARTESIAN_POINT('',(85.3124999844287,-75.5999999844388,3.15));
#2531=CARTESIAN_POINT('Origin',(103.550000000002,-76.4999999663462,3.15));
#2532=CARTESIAN_POINT('',(104.450000000002,-76.4999999663455,7.25));
#2533=CARTESIAN_POINT('',(104.450000000002,-76.4999999663455,3.15));
#2534=CARTESIAN_POINT('Origin',(103.550000000002,-76.4999999663461,7.25));
#2535=CARTESIAN_POINT('Origin',(104.450000000002,-76.4999999663455,3.15));
#2536=CARTESIAN_POINT('',(104.450000000064,-150.750000021141,7.25));
#2537=CARTESIAN_POINT('',(104.450000000064,-150.750000021141,3.15));
#2538=CARTESIAN_POINT('',(104.450000000002,-76.4999999663455,7.25));
#2539=CARTESIAN_POINT('Origin',(69.625000000033,-113.624999999998,7.25));
#2540=CARTESIAN_POINT('',(97.6500000007938,-69.7999999990043,7.25));
#2541=CARTESIAN_POINT('Origin',(96.6500000007938,-69.7999999999962,7.25));
#2542=CARTESIAN_POINT('',(97.650000003224,-72.2499999721989,7.25));
#2543=CARTESIAN_POINT('',(97.6500000007938,-69.7999999990043,7.25));
#2544=CARTESIAN_POINT('Origin',(101.000000003224,-72.249999968876,7.25));
#2545=CARTESIAN_POINT('',(103.549999999503,-151.650000021142,7.25));
#2546=CARTESIAN_POINT('Origin',(103.550000000064,-150.750000021142,7.25));
#2547=CARTESIAN_POINT('',(101.000000020573,-151.650000019553,7.25));
#2548=CARTESIAN_POINT('',(103.549999999503,-151.650000021142,7.25));
#2549=CARTESIAN_POINT('Origin',(101.000000018485,-155.000000019553,7.25));
#2550=CARTESIAN_POINT('',(41.6000000162018,-157.550000000269,7.25));
#2551=CARTESIAN_POINT('Origin',(42.5000000162018,-157.549999999937,7.25));
#2552=CARTESIAN_POINT('',(41.6000000152614,-155.000000010339,7.25));
#2553=CARTESIAN_POINT('',(41.6000000162018,-157.550000000269,7.25));
#2554=CARTESIAN_POINT('Origin',(38.2500000152614,-155.000000011574,7.25));
#2555=CARTESIAN_POINT('',(35.7000000000039,-75.5999999999999,7.25));
#2556=CARTESIAN_POINT('Origin',(35.7000000000039,-76.4999999999999,7.25));
#2557=CARTESIAN_POINT('',(38.2499999999998,-75.6,7.25));
#2558=CARTESIAN_POINT('',(35.7000000000039,-75.5999999999999,7.25));
#2559=CARTESIAN_POINT('Origin',(38.25,-72.25,7.25));
#2560=CARTESIAN_POINT('',(82.9840266128932,-88.3000333613297,7.25));
#2561=CARTESIAN_POINT('',(81.7840266128931,-87.1000333613297,7.25));
#2562=CARTESIAN_POINT('Origin',(82.9840266128932,-87.1000333613297,7.25));
#2563=CARTESIAN_POINT('',(94.1000266128932,-88.3000333613297,7.25));
#2564=CARTESIAN_POINT('',(82.9840266128932,-88.3000333613297,7.25));
#2565=CARTESIAN_POINT('',(95.3000266128932,-87.1000333613297,7.25));
#2566=CARTESIAN_POINT('Origin',(94.1000266128932,-87.1000333613297,7.25));
#2567=CARTESIAN_POINT('',(95.3000266128932,-75.8450333613297,7.25));
#2568=CARTESIAN_POINT('',(95.3000266128932,-87.1000333613297,7.25));
#2569=CARTESIAN_POINT('',(94.1000266128932,-74.6450333613297,7.25));
#2570=CARTESIAN_POINT('Origin',(94.1000266128931,-75.8450333613297,7.25));
#2571=CARTESIAN_POINT('',(82.9840266128932,-74.6450333613297,7.25));
#2572=CARTESIAN_POINT('',(94.1000266128932,-74.6450333613297,7.25));
#2573=CARTESIAN_POINT('',(81.7840266128931,-75.8450333613297,7.25));
#2574=CARTESIAN_POINT('Origin',(82.9840266128932,-75.8450333613297,7.25));
#2575=CARTESIAN_POINT('',(81.7840266128931,-75.8450333613297,7.25));
#2576=CARTESIAN_POINT('',(44.18,-152.000083043706,7.25));
#2577=CARTESIAN_POINT('',(42.18,-150.000083043706,7.25));
#2578=CARTESIAN_POINT('Origin',(44.18,-150.000083043706,7.25));
#2579=CARTESIAN_POINT('',(95.,-152.000083043706,7.25));
#2580=CARTESIAN_POINT('',(95.,-152.000083043706,7.25));
#2581=CARTESIAN_POINT('',(97.,-150.000083043706,7.25));
#2582=CARTESIAN_POINT('Origin',(95.,-150.000083043706,7.25));
#2583=CARTESIAN_POINT('',(97.,-116.482083043706,7.25));
#2584=CARTESIAN_POINT('',(97.,-116.482083043706,7.25));
#2585=CARTESIAN_POINT('',(95.,-114.482083043706,7.25));
#2586=CARTESIAN_POINT('Origin',(95.,-116.482083043706,7.25));
#2587=CARTESIAN_POINT('',(44.18,-114.482083043706,7.25));
#2588=CARTESIAN_POINT('',(44.18,-114.482083043706,7.25));
#2589=CARTESIAN_POINT('',(42.18,-116.482083043706,7.25));
#2590=CARTESIAN_POINT('Origin',(44.18,-116.482083043706,7.25));
#2591=CARTESIAN_POINT('',(42.18,-150.000083043706,7.25));
#2592=CARTESIAN_POINT('',(70.01,-78.87,7.25));
#2593=CARTESIAN_POINT('',(71.01,-79.87,7.25));
#2594=CARTESIAN_POINT('Origin',(70.01,-79.87,7.25));
#2595=CARTESIAN_POINT('',(47.63,-78.87,7.25));
#2596=CARTESIAN_POINT('',(70.01,-78.87,7.25));
#2597=CARTESIAN_POINT('',(46.63,-79.87,7.25));
#2598=CARTESIAN_POINT('Origin',(47.63,-79.87,7.25));
#2599=CARTESIAN_POINT('',(46.63,-85.45,7.25));
#2600=CARTESIAN_POINT('',(46.63,-79.87,7.25));
#2601=CARTESIAN_POINT('',(47.63,-86.45,7.25));
#2602=CARTESIAN_POINT('Origin',(47.63,-85.45,7.25));
#2603=CARTESIAN_POINT('',(70.01,-86.45,7.25));
#2604=CARTESIAN_POINT('',(47.63,-86.45,7.25));
#2605=CARTESIAN_POINT('',(71.01,-85.45,7.25));
#2606=CARTESIAN_POINT('Origin',(70.01,-85.45,7.25));
#2607=CARTESIAN_POINT('',(71.01,-85.45,7.25));
#2608=CARTESIAN_POINT('Origin',(94.1000266128932,-88.3000333613297,7.25));
#2609=CARTESIAN_POINT('',(82.9840266128932,-88.3000333613297,8.25));
#2610=CARTESIAN_POINT('',(82.9840266128932,-88.3000333613297,7.25));
#2611=CARTESIAN_POINT('',(94.1000266128932,-88.3000333613297,8.25));
#2612=CARTESIAN_POINT('',(82.9840266128932,-88.3000333613297,8.25));
#2613=CARTESIAN_POINT('',(94.1000266128932,-88.3000333613297,7.25));
#2614=CARTESIAN_POINT('Origin',(94.1000266128932,-87.1000333613297,7.25));
#2615=CARTESIAN_POINT('',(95.3000266128932,-87.1000333613297,8.25));
#2616=CARTESIAN_POINT('Origin',(94.1000266128932,-87.1000333613297,8.25));
#2617=CARTESIAN_POINT('',(95.3000266128932,-87.1000333613297,7.25));
#2618=CARTESIAN_POINT('Origin',(95.3000266128932,-75.8450333613297,7.25));
#2619=CARTESIAN_POINT('',(95.3000266128932,-75.8450333613297,8.25));
#2620=CARTESIAN_POINT('',(95.3000266128932,-87.1000333613297,8.25));
#2621=CARTESIAN_POINT('',(95.3000266128932,-75.8450333613297,7.25));
#2622=CARTESIAN_POINT('Origin',(94.1000266128931,-75.8450333613297,7.25));
#2623=CARTESIAN_POINT('',(94.1000266128932,-74.6450333613297,8.25));
#2624=CARTESIAN_POINT('Origin',(94.1000266128931,-75.8450333613297,8.25));
#2625=CARTESIAN_POINT('',(94.1000266128932,-74.6450333613297,7.25));
#2626=CARTESIAN_POINT('Origin',(82.9840266128932,-74.6450333613297,7.25));
#2627=CARTESIAN_POINT('',(82.9840266128932,-74.6450333613297,8.25));
#2628=CARTESIAN_POINT('',(94.1000266128932,-74.6450333613297,8.25));
#2629=CARTESIAN_POINT('',(82.9840266128932,-74.6450333613297,7.25));
#2630=CARTESIAN_POINT('Origin',(82.9840266128932,-75.8450333613297,7.25));
#2631=CARTESIAN_POINT('',(81.7840266128931,-75.8450333613297,8.25));
#2632=CARTESIAN_POINT('Origin',(82.9840266128932,-75.8450333613297,8.25));
#2633=CARTESIAN_POINT('',(81.7840266128931,-75.8450333613297,7.25));
#2634=CARTESIAN_POINT('Origin',(81.7840266128931,-87.1000333613297,7.25));
#2635=CARTESIAN_POINT('',(81.7840266128931,-87.1000333613297,8.25));
#2636=CARTESIAN_POINT('',(81.7840266128931,-75.8450333613297,8.25));
#2637=CARTESIAN_POINT('',(81.7840266128931,-87.1000333613297,7.25));
#2638=CARTESIAN_POINT('Origin',(82.9840266128932,-87.1000333613297,7.25));
#2639=CARTESIAN_POINT('Origin',(82.9840266128932,-87.1000333613297,8.25));
#2640=CARTESIAN_POINT('Origin',(95.,-152.000083043706,7.25));
#2641=CARTESIAN_POINT('',(44.18,-152.000083043706,8.25));
#2642=CARTESIAN_POINT('',(44.18,-152.000083043706,7.25));
#2643=CARTESIAN_POINT('',(95.,-152.000083043706,8.25));
#2644=CARTESIAN_POINT('',(95.,-152.000083043706,8.25));
#2645=CARTESIAN_POINT('',(95.,-152.000083043706,7.25));
#2646=CARTESIAN_POINT('Origin',(95.,-150.000083043706,7.25));
#2647=CARTESIAN_POINT('',(97.,-150.000083043706,8.25));
#2648=CARTESIAN_POINT('Origin',(95.,-150.000083043706,8.25));
#2649=CARTESIAN_POINT('',(97.,-150.000083043706,7.25));
#2650=CARTESIAN_POINT('Origin',(97.,-116.482083043706,7.25));
#2651=CARTESIAN_POINT('',(97.,-116.482083043706,8.25));
#2652=CARTESIAN_POINT('',(97.,-116.482083043706,8.25));
#2653=CARTESIAN_POINT('',(97.,-116.482083043706,7.25));
#2654=CARTESIAN_POINT('Origin',(95.,-116.482083043706,7.25));
#2655=CARTESIAN_POINT('',(95.,-114.482083043706,8.25));
#2656=CARTESIAN_POINT('Origin',(95.,-116.482083043706,8.25));
#2657=CARTESIAN_POINT('',(95.,-114.482083043706,7.25));
#2658=CARTESIAN_POINT('Origin',(44.18,-114.482083043706,7.25));
#2659=CARTESIAN_POINT('',(44.18,-114.482083043706,8.25));
#2660=CARTESIAN_POINT('',(44.18,-114.482083043706,8.25));
#2661=CARTESIAN_POINT('',(44.18,-114.482083043706,7.25));
#2662=CARTESIAN_POINT('Origin',(44.18,-116.482083043706,7.25));
#2663=CARTESIAN_POINT('',(42.18,-116.482083043706,8.25));
#2664=CARTESIAN_POINT('Origin',(44.18,-116.482083043706,8.25));
#2665=CARTESIAN_POINT('',(42.18,-116.482083043706,7.25));
#2666=CARTESIAN_POINT('Origin',(42.18,-150.000083043706,7.25));
#2667=CARTESIAN_POINT('',(42.18,-150.000083043706,8.25));
#2668=CARTESIAN_POINT('',(42.18,-150.000083043706,8.25));
#2669=CARTESIAN_POINT('',(42.18,-150.000083043706,7.25));
#2670=CARTESIAN_POINT('Origin',(44.18,-150.000083043706,7.25));
#2671=CARTESIAN_POINT('Origin',(44.18,-150.000083043706,8.25));
#2672=CARTESIAN_POINT('Origin',(47.63,-78.87,7.25));
#2673=CARTESIAN_POINT('',(70.01,-78.87,8.25));
#2674=CARTESIAN_POINT('',(70.01,-78.87,7.25));
#2675=CARTESIAN_POINT('',(47.63,-78.87,8.25));
#2676=CARTESIAN_POINT('',(70.01,-78.87,8.25));
#2677=CARTESIAN_POINT('',(47.63,-78.87,7.25));
#2678=CARTESIAN_POINT('Origin',(47.63,-79.87,7.25));
#2679=CARTESIAN_POINT('',(46.63,-79.87,8.25));
#2680=CARTESIAN_POINT('Origin',(47.63,-79.87,8.25));
#2681=CARTESIAN_POINT('',(46.63,-79.87,7.25));
#2682=CARTESIAN_POINT('Origin',(46.63,-85.45,7.25));
#2683=CARTESIAN_POINT('',(46.63,-85.45,8.25));
#2684=CARTESIAN_POINT('',(46.63,-79.87,8.25));
#2685=CARTESIAN_POINT('',(46.63,-85.45,7.25));
#2686=CARTESIAN_POINT('Origin',(47.63,-85.45,7.25));
#2687=CARTESIAN_POINT('',(47.63,-86.45,8.25));
#2688=CARTESIAN_POINT('Origin',(47.63,-85.45,8.25));
#2689=CARTESIAN_POINT('',(47.63,-86.45,7.25));
#2690=CARTESIAN_POINT('Origin',(70.01,-86.45,7.25));
#2691=CARTESIAN_POINT('',(70.01,-86.45,8.25));
#2692=CARTESIAN_POINT('',(47.63,-86.45,8.25));
#2693=CARTESIAN_POINT('',(70.01,-86.45,7.25));
#2694=CARTESIAN_POINT('Origin',(70.01,-85.45,7.25));
#2695=CARTESIAN_POINT('',(71.01,-85.45,8.25));
#2696=CARTESIAN_POINT('Origin',(70.01,-85.45,8.25));
#2697=CARTESIAN_POINT('',(71.01,-85.45,7.25));
#2698=CARTESIAN_POINT('Origin',(71.01,-79.87,7.25));
#2699=CARTESIAN_POINT('',(71.01,-79.87,8.25));
#2700=CARTESIAN_POINT('',(71.01,-85.45,8.25));
#2701=CARTESIAN_POINT('',(71.01,-79.87,7.25));
#2702=CARTESIAN_POINT('Origin',(70.01,-79.87,7.25));
#2703=CARTESIAN_POINT('Origin',(70.01,-79.87,8.25));
#2704=CARTESIAN_POINT('Origin',(69.625000000033,-113.624999999998,8.25));
#2705=CARTESIAN_POINT('',(33.8,-153.25,8.25));
#2706=CARTESIAN_POINT('',(40.0000000899267,-159.449999999934,8.25));
#2707=CARTESIAN_POINT('Origin',(39.999999678834,-153.2500003211,8.25));
#2708=CARTESIAN_POINT('',(99.2499999999987,-159.45,8.25));
#2709=CARTESIAN_POINT('',(54.8125000449543,-159.449999999951,8.25));
#2710=CARTESIAN_POINT('',(105.450000000066,-153.249999910092,8.25));
#2711=CARTESIAN_POINT('Origin',(99.250000321166,-153.2500003211,8.25));
#2712=CARTESIAN_POINT('',(105.45,-73.9999999999992,8.25));
#2713=CARTESIAN_POINT('',(105.450000000049,-133.43749995503,8.25));
#2714=CARTESIAN_POINT('',(99.2499999100735,-67.799999999996,8.25));
#2715=CARTESIAN_POINT('Origin',(99.250000321166,-73.99999967883,8.25));
#2716=CARTESIAN_POINT('',(39.9999999999999,-67.8,8.25));
#2717=CARTESIAN_POINT('',(84.4374999550517,-67.799999999997,8.25));
#2718=CARTESIAN_POINT('',(33.800000000004,-74.0000000899276,8.25));
#2719=CARTESIAN_POINT('Origin',(39.999999678834,-73.99999967883,8.25));
#2720=CARTESIAN_POINT('',(33.800000000003,-93.8125000449619,8.25));
#2721=CARTESIAN_POINT('Origin',(69.625000000033,-113.624999999998,5.65));
#2722=CARTESIAN_POINT('',(103.350000003224,-72.249999968876,5.65));
#2723=CARTESIAN_POINT('Origin',(101.000000003224,-72.249999968876,5.65));
#2724=CARTESIAN_POINT('Origin',(69.625000000033,-113.624999999998,5.65));
#2725=CARTESIAN_POINT('',(40.6,-72.25,5.65));
#2726=CARTESIAN_POINT('Origin',(38.25,-72.25,5.65));
#2727=CARTESIAN_POINT('Origin',(69.625000000033,-113.624999999998,5.65));
#2728=CARTESIAN_POINT('',(40.6000000152614,-155.000000011574,5.65));
#2729=CARTESIAN_POINT('Origin',(38.2500000152614,-155.000000011574,5.65));
#2730=CARTESIAN_POINT('Origin',(69.625000000033,-113.624999999998,5.65));
#2731=CARTESIAN_POINT('',(103.350000018485,-155.000000019553,5.65));
#2732=CARTESIAN_POINT('Origin',(101.000000018485,-155.000000019553,5.65));
#2733=CARTESIAN_POINT('Origin',(35.7000000000039,-76.4999999999999,3.15));
#2734=CARTESIAN_POINT('',(35.7000000000039,-75.5999999999999,3.15));
#2735=CARTESIAN_POINT('Origin',(42.5000000162018,-157.549999999937,3.15));
#2736=CARTESIAN_POINT('',(41.6000000162018,-157.550000000269,3.15));
#2737=CARTESIAN_POINT('Origin',(103.550000000064,-150.750000021142,3.15));
#2738=CARTESIAN_POINT('',(103.549999999503,-151.650000021142,3.15));
#2739=CARTESIAN_POINT('Origin',(96.6500000007938,-69.7999999999962,3.15));
#2740=CARTESIAN_POINT('',(97.6500000007938,-69.7999999990043,3.15));
#2741=CARTESIAN_POINT('Origin',(69.625000000033,-113.624999999998,3.15));
#2742=CARTESIAN_POINT('',(36.8000000136607,-150.650000012109,3.15));
#2743=CARTESIAN_POINT('Origin',(37.8000000136607,-150.65000001174,3.15));
#2744=CARTESIAN_POINT('',(36.7999999863433,-76.6000000003689,3.15));
#2745=CARTESIAN_POINT('',(36.7999999863433,-76.6000000003689,3.15));
#2746=CARTESIAN_POINT('',(37.7999999863433,-75.6,3.15));
#2747=CARTESIAN_POINT('Origin',(37.7999999863433,-76.6,3.15));
#2748=CARTESIAN_POINT('',(52.6625000000195,-75.6000000000008,3.15));
#2749=CARTESIAN_POINT('Origin',(69.625000000033,-113.624999999998,3.15));
#2750=CARTESIAN_POINT('',(102.449999946115,-76.5999999674375,3.15));
#2751=CARTESIAN_POINT('Origin',(101.449999946115,-76.5999999684296,3.15));
#2752=CARTESIAN_POINT('',(102.450000019676,-150.750000019003,3.15));
#2753=CARTESIAN_POINT('',(102.450000019676,-150.750000019003,3.15));
#2754=CARTESIAN_POINT('',(101.550000019115,-151.650000019895,3.15));
#2755=CARTESIAN_POINT('Origin',(101.550000019676,-150.750000019895,3.15));
#2756=CARTESIAN_POINT('',(86.5874999879195,-151.650000010571,3.15));
#2757=CARTESIAN_POINT('Origin',(101.000000018485,-155.000000019553,1.65));
#2758=CARTESIAN_POINT('',(103.350000018485,-155.000000019553,1.65));
#2759=CARTESIAN_POINT('',(103.350000018485,-155.000000019553,1.65));
#2760=CARTESIAN_POINT('Origin',(101.000000018485,-155.000000019553,1.65));
#2761=CARTESIAN_POINT('Origin',(38.2500000152614,-155.000000011574,1.65));
#2762=CARTESIAN_POINT('',(40.6000000152614,-155.000000011574,1.65));
#2763=CARTESIAN_POINT('',(40.6000000152614,-155.000000011574,1.65));
#2764=CARTESIAN_POINT('Origin',(38.2500000152614,-155.000000011574,1.65));
#2765=CARTESIAN_POINT('Origin',(36.8000000136607,-150.650000012109,1.65));
#2766=CARTESIAN_POINT('',(36.8000000136607,-150.650000012109,1.65));
#2767=CARTESIAN_POINT('',(36.7999999863433,-76.6000000003689,1.65));
#2768=CARTESIAN_POINT('',(36.7999999863433,-76.6000000003689,1.65));
#2769=CARTESIAN_POINT('',(36.7999999863433,-76.6000000003689,1.65));
#2770=CARTESIAN_POINT('',(36.8000000136607,-150.650000012109,1.65));
#2771=CARTESIAN_POINT('Origin',(37.8000000136607,-150.65000001174,1.65));
#2772=CARTESIAN_POINT('',(37.8000000140296,-151.65000001174,1.65));
#2773=CARTESIAN_POINT('Origin',(37.8000000136607,-150.65000001174,1.65));
#2774=CARTESIAN_POINT('',(37.8000000140296,-151.65000001174,1.65));
#2775=CARTESIAN_POINT('Origin',(38.2500000140256,-151.650000011574,1.65));
#2776=CARTESIAN_POINT('',(38.2500000140256,-151.650000011574,1.65));
#2777=CARTESIAN_POINT('',(37.8000000140296,-151.65000001174,1.65));
#2778=CARTESIAN_POINT('',(38.2500000140256,-151.650000011574,1.65));
#2779=CARTESIAN_POINT('Origin',(38.2500000152614,-155.000000011574,1.65));
#2780=CARTESIAN_POINT('',(41.6000000152614,-155.000000010339,1.65));
#2781=CARTESIAN_POINT('Origin',(38.2500000152614,-155.000000011574,1.65));
#2782=CARTESIAN_POINT('',(41.6000000152614,-155.000000010339,1.65));
#2783=CARTESIAN_POINT('Origin',(41.6000000154273,-155.450000011331,1.65));
#2784=CARTESIAN_POINT('',(41.6000000154273,-155.450000011331,1.65));
#2785=CARTESIAN_POINT('',(41.6000000154273,-155.450000011331,1.65));
#2786=CARTESIAN_POINT('',(41.6000000152614,-155.000000010339,1.65));
#2787=CARTESIAN_POINT('Origin',(42.6000000154274,-155.450000010962,1.65));
#2788=CARTESIAN_POINT('',(42.6000000148043,-156.450000010962,1.65));
#2789=CARTESIAN_POINT('Origin',(42.6000000154274,-155.450000010962,1.65));
#2790=CARTESIAN_POINT('',(42.6000000148043,-156.450000010962,1.65));
#2791=CARTESIAN_POINT('Origin',(96.7500000175819,-156.450000044702,1.65));
#2792=CARTESIAN_POINT('',(96.7500000175819,-156.450000044702,1.65));
#2793=CARTESIAN_POINT('',(42.6000000148043,-156.450000010962,1.65));
#2794=CARTESIAN_POINT('',(96.7500000175819,-156.450000044702,1.65));
#2795=CARTESIAN_POINT('Origin',(96.7500000181427,-155.550000044702,1.65));
#2796=CARTESIAN_POINT('Origin',(96.7500000181427,-155.550000044702,1.65));
#2797=CARTESIAN_POINT('Origin',(101.000000018485,-155.000000019553,1.65));
#2798=CARTESIAN_POINT('',(101.000000020573,-151.650000019553,1.65));
#2799=CARTESIAN_POINT('Origin',(101.000000018485,-155.000000019553,1.65));
#2800=CARTESIAN_POINT('',(101.000000020573,-151.650000019553,1.65));
#2801=CARTESIAN_POINT('Origin',(101.550000019115,-151.650000019895,1.65));
#2802=CARTESIAN_POINT('',(101.550000019115,-151.650000019895,1.65));
#2803=CARTESIAN_POINT('',(101.550000019115,-151.650000019895,1.65));
#2804=CARTESIAN_POINT('',(101.000000020573,-151.650000019553,1.65));
#2805=CARTESIAN_POINT('Origin',(101.550000019676,-150.750000019895,1.65));
#2806=CARTESIAN_POINT('',(102.450000019676,-150.750000019003,1.65));
#2807=CARTESIAN_POINT('Origin',(101.550000019676,-150.750000019895,1.65));
#2808=CARTESIAN_POINT('',(102.450000019676,-150.750000019003,1.65));
#2809=CARTESIAN_POINT('Origin',(102.449999946115,-76.5999999674375,1.65));
#2810=CARTESIAN_POINT('',(102.449999946115,-76.5999999674375,1.65));
#2811=CARTESIAN_POINT('',(102.450000019676,-150.750000019003,1.65));
#2812=CARTESIAN_POINT('',(102.449999946115,-76.5999999674375,1.65));
#2813=CARTESIAN_POINT('Origin',(101.449999946115,-76.5999999684296,1.65));
#2814=CARTESIAN_POINT('Origin',(101.449999946115,-76.5999999684296,1.65));
#2815=CARTESIAN_POINT('Origin',(101.000000003224,-72.249999968876,1.65));
#2816=CARTESIAN_POINT('',(97.650000003224,-72.2499999721989,1.65));
#2817=CARTESIAN_POINT('Origin',(101.000000003224,-72.249999968876,1.65));
#2818=CARTESIAN_POINT('',(97.650000003224,-72.2499999721989,1.65));
#2819=CARTESIAN_POINT('Origin',(97.6500000027777,-71.7999999712072,1.65));
#2820=CARTESIAN_POINT('',(97.6500000027777,-71.7999999712072,1.65));
#2821=CARTESIAN_POINT('',(97.6500000027777,-71.7999999712072,1.65));
#2822=CARTESIAN_POINT('',(97.650000003224,-72.2499999721989,1.65));
#2823=CARTESIAN_POINT('Origin',(96.6500000027777,-71.7999999721991,1.65));
#2824=CARTESIAN_POINT('',(96.6500000027776,-70.7999999721991,1.65));
#2825=CARTESIAN_POINT('Origin',(96.6500000027777,-71.7999999721991,1.65));
#2826=CARTESIAN_POINT('',(96.6500000027776,-70.7999999721991,1.65));
#2827=CARTESIAN_POINT('Origin',(42.5999999999999,-70.7999999722028,1.65));
#2828=CARTESIAN_POINT('',(42.5999999999999,-70.7999999722028,1.65));
#2829=CARTESIAN_POINT('',(96.6500000027776,-70.7999999721991,1.65));
#2830=CARTESIAN_POINT('',(42.5999999999999,-70.7999999722028,1.65));
#2831=CARTESIAN_POINT('Origin',(42.5999999999999,-71.7999999722028,1.65));
#2832=CARTESIAN_POINT('Origin',(42.5999999999999,-71.7999999722028,1.65));
#2833=CARTESIAN_POINT('Origin',(38.25,-72.25,1.65));
#2834=CARTESIAN_POINT('',(38.2499999999998,-75.6,1.65));
#2835=CARTESIAN_POINT('Origin',(38.25,-72.25,1.65));
#2836=CARTESIAN_POINT('',(38.2499999999998,-75.6,1.65));
#2837=CARTESIAN_POINT('Origin',(37.7999999863433,-75.6,1.65));
#2838=CARTESIAN_POINT('',(37.7999999863433,-75.6,1.65));
#2839=CARTESIAN_POINT('',(37.7999999863433,-75.6,1.65));
#2840=CARTESIAN_POINT('',(38.2499999999998,-75.6,1.65));
#2841=CARTESIAN_POINT('Origin',(37.7999999863433,-76.6,1.65));
#2842=CARTESIAN_POINT('Origin',(37.7999999863433,-76.6,1.65));
#2843=CARTESIAN_POINT('Origin',(38.25,-72.25,1.65));
#2844=CARTESIAN_POINT('',(40.6,-72.25,1.65));
#2845=CARTESIAN_POINT('',(40.6,-72.25,1.65));
#2846=CARTESIAN_POINT('Origin',(38.25,-72.25,1.65));
#2847=CARTESIAN_POINT('Origin',(101.000000003224,-72.249999968876,1.65));
#2848=CARTESIAN_POINT('',(103.350000003224,-72.249999968876,1.65));
#2849=CARTESIAN_POINT('',(103.350000003224,-72.249999968876,1.65));
#2850=CARTESIAN_POINT('Origin',(101.000000003224,-72.249999968876,1.65));
#2851=CARTESIAN_POINT('Origin',(40.0000000899267,-159.449999999934,1.65));
#2852=CARTESIAN_POINT('',(99.2499999999987,-159.45,1.65));
#2853=CARTESIAN_POINT('',(40.0000000899267,-159.449999999934,1.65));
#2854=CARTESIAN_POINT('',(54.8125000449543,-159.449999999951,1.65));
#2855=CARTESIAN_POINT('',(99.2499999999987,-159.45,1.65));
#2856=CARTESIAN_POINT('',(40.0000000899267,-159.449999999934,1.65));
#2857=CARTESIAN_POINT('Origin',(39.999999678834,-153.2500003211,1.65));
#2858=CARTESIAN_POINT('',(33.8,-153.25,1.65));
#2859=CARTESIAN_POINT('Origin',(39.999999678834,-153.2500003211,1.65));
#2860=CARTESIAN_POINT('',(33.8,-153.25,1.65));
#2861=CARTESIAN_POINT('Origin',(33.800000000004,-74.0000000899276,1.65));
#2862=CARTESIAN_POINT('',(33.800000000004,-74.0000000899276,1.65));
#2863=CARTESIAN_POINT('',(33.800000000003,-93.8125000449619,1.65));
#2864=CARTESIAN_POINT('',(33.800000000004,-74.0000000899276,1.65));
#2865=CARTESIAN_POINT('Origin',(39.999999678834,-73.99999967883,1.65));
#2866=CARTESIAN_POINT('',(39.9999999999999,-67.8,1.65));
#2867=CARTESIAN_POINT('Origin',(39.999999678834,-73.99999967883,1.65));
#2868=CARTESIAN_POINT('',(39.9999999999999,-67.8,1.65));
#2869=CARTESIAN_POINT('Origin',(99.2499999100735,-67.799999999996,1.65));
#2870=CARTESIAN_POINT('',(99.2499999100735,-67.799999999996,1.65));
#2871=CARTESIAN_POINT('',(84.4374999550517,-67.799999999997,1.65));
#2872=CARTESIAN_POINT('',(99.2499999100735,-67.799999999996,1.65));
#2873=CARTESIAN_POINT('Origin',(99.250000321166,-73.99999967883,1.65));
#2874=CARTESIAN_POINT('',(105.45,-73.9999999999992,1.65));
#2875=CARTESIAN_POINT('Origin',(99.250000321166,-73.99999967883,1.65));
#2876=CARTESIAN_POINT('',(105.45,-73.9999999999992,1.65));
#2877=CARTESIAN_POINT('Origin',(105.450000000066,-153.249999910092,1.65));
#2878=CARTESIAN_POINT('',(105.450000000066,-153.249999910092,1.65));
#2879=CARTESIAN_POINT('',(105.450000000049,-133.43749995503,1.65));
#2880=CARTESIAN_POINT('',(105.450000000066,-153.249999910092,1.65));
#2881=CARTESIAN_POINT('Origin',(99.250000321166,-153.2500003211,1.65));
#2882=CARTESIAN_POINT('Origin',(99.250000321166,-153.2500003211,1.65));
#2883=CARTESIAN_POINT('Origin',(69.625000000033,-113.624999999998,1.65));
#2884=UNCERTAINTY_MEASURE_WITH_UNIT(LENGTH_MEASURE(0.01),#2888,
'DISTANCE_ACCURACY_VALUE',
'Maximum model space distance between geometric entities at asserted c
onnectivities');
#2885=UNCERTAINTY_MEASURE_WITH_UNIT(LENGTH_MEASURE(0.01),#2888,
'DISTANCE_ACCURACY_VALUE',
'Maximum model space distance between geometric entities at asserted c
onnectivities');
#2886=(
GEOMETRIC_REPRESENTATION_CONTEXT(3)
GLOBAL_UNCERTAINTY_ASSIGNED_CONTEXT((#2884))
GLOBAL_UNIT_ASSIGNED_CONTEXT((#2888,#2890,#2891))
REPRESENTATION_CONTEXT('','3D')
);
#2887=(
GEOMETRIC_REPRESENTATION_CONTEXT(3)
GLOBAL_UNCERTAINTY_ASSIGNED_CONTEXT((#2885))
GLOBAL_UNIT_ASSIGNED_CONTEXT((#2888,#2890,#2891))
REPRESENTATION_CONTEXT('','3D')
);
#2888=(
LENGTH_UNIT()
NAMED_UNIT(*)
SI_UNIT(.MILLI.,.METRE.)
);
#2889=(
LENGTH_UNIT()
NAMED_UNIT(*)
SI_UNIT($,.METRE.)
);
#2890=(
NAMED_UNIT(*)
PLANE_ANGLE_UNIT()
SI_UNIT($,.RADIAN.)
);
#2891=(
NAMED_UNIT(*)
SI_UNIT($,.STERADIAN.)
SOLID_ANGLE_UNIT()
);
#2892=SHAPE_DEFINITION_REPRESENTATION(#2893,#2894);
#2893=PRODUCT_DEFINITION_SHAPE('',$,#2896);
#2894=SHAPE_REPRESENTATION('',(#1711),#2886);
#2895=PRODUCT_DEFINITION_CONTEXT('part definition',#2900,'design');
#2896=PRODUCT_DEFINITION('2026-08-22-16-51-27-190','MacropadExample',#2897,
#2895);
#2897=PRODUCT_DEFINITION_FORMATION('',$,#2902);
#2898=PRODUCT_RELATED_PRODUCT_CATEGORY('MacropadExample',
'MacropadExample',(#2902));
#2899=APPLICATION_PROTOCOL_DEFINITION('international standard',
'automotive_design',2009,#2900);
#2900=APPLICATION_CONTEXT(
'Core Data for Automotive Mechanical Design Process');
#2901=PRODUCT_CONTEXT('part definition',#2900,'mechanical');
#2902=PRODUCT('2026-08-22-16-51-27-190','MacropadExample',$,(#2901));
#2903=PRESENTATION_STYLE_ASSIGNMENT((#2906));
#2904=PRESENTATION_STYLE_ASSIGNMENT((#2907));
#2905=PRESENTATION_STYLE_ASSIGNMENT((#2908));
#2906=SURFACE_STYLE_USAGE(.BOTH.,#2909);
#2907=SURFACE_STYLE_USAGE(.BOTH.,#2910);
#2908=SURFACE_STYLE_USAGE(.BOTH.,#2911);
#2909=SURFACE_SIDE_STYLE('',(#2912));
#2910=SURFACE_SIDE_STYLE('',(#2913));
#2911=SURFACE_SIDE_STYLE('',(#2914));
#2912=SURFACE_STYLE_FILL_AREA(#2915);
#2913=SURFACE_STYLE_FILL_AREA(#2916);
#2914=SURFACE_STYLE_FILL_AREA(#2917);
#2915=FILL_AREA_STYLE('Steel - Satin',(#2918));
#2916=FILL_AREA_STYLE('Acrylic (Clear)',(#2919));
#2917=FILL_AREA_STYLE('ABS (White)',(#2920));
#2918=FILL_AREA_STYLE_COLOUR('Steel - Satin',#2921);
#2919=FILL_AREA_STYLE_COLOUR('Acrylic (Clear)',#2922);
#2920=FILL_AREA_STYLE_COLOUR('ABS (White)',#2923);
#2921=COLOUR_RGB('Steel - Satin',0.627450980392157,0.627450980392157,0.627450980392157);
#2922=COLOUR_RGB('Acrylic (Clear)',0.905882352941176,0.905882352941176,
0.905882352941176);
#2923=COLOUR_RGB('ABS (White)',0.964705882352941,0.964705882352941,0.952941176470588);
ENDSEC;
END-ISO-10303-21;
