ISO-10303-21;
HEADER;
/* Generated by software containing ST-Developer
 * from STEP Tools, Inc. (www.steptools.com) 
 */

FILE_DESCRIPTION(
/* description */ (''),
/* implementation_level */ '2;1');

FILE_NAME(
/* name */ 'CaseMain.step',
/* time_stamp */ '2026-08-22T17:31:07+02:00',
/* author */ (''),
/* organization */ (''),
/* preprocessor_version */ 'ST-DEVELOPER v20.1',
/* originating_system */ 'Autodesk Translation Framework v15.8.0.0',
/* authorisation */ '');

FILE_SCHEMA (('AUTOMOTIVE_DESIGN { 1 0 10303 214 3 1 1 }'));
ENDSEC;

DATA;
#10=MECHANICAL_DESIGN_GEOMETRIC_PRESENTATION_REPRESENTATION('',(#13),#4340);
#11=SHAPE_REPRESENTATION_RELATIONSHIP('SRR','None',#4347,#12);
#12=ADVANCED_BREP_SHAPE_REPRESENTATION('',(#14),#4339);
#13=STYLED_ITEM('',(#4357),#14);
#14=MANIFOLD_SOLID_BREP('LowerCaseV2',#2584);
#15=FACE_BOUND('',#329,.T.);
#16=FACE_BOUND('',#336,.T.);
#17=FACE_BOUND('',#343,.T.);
#18=FACE_BOUND('',#350,.T.);
#19=FACE_BOUND('',#419,.T.);
#20=FACE_BOUND('',#439,.T.);
#21=FACE_BOUND('',#440,.T.);
#22=FACE_BOUND('',#441,.T.);
#23=FACE_BOUND('',#442,.T.);
#24=FACE_BOUND('',#443,.T.);
#25=CYLINDRICAL_SURFACE('',#2605,0.900000000000007);
#26=CYLINDRICAL_SURFACE('',#2621,0.900000000000027);
#27=CYLINDRICAL_SURFACE('',#2630,0.899999999999963);
#28=CYLINDRICAL_SURFACE('',#2639,0.899999999999945);
#29=CYLINDRICAL_SURFACE('',#2642,3.2500034114302);
#30=CYLINDRICAL_SURFACE('',#2646,2.00000000000003);
#31=CYLINDRICAL_SURFACE('',#2649,2.00000000000003);
#32=CYLINDRICAL_SURFACE('',#2656,2.00000000000003);
#33=CYLINDRICAL_SURFACE('',#2660,3.25000341143021);
#34=CYLINDRICAL_SURFACE('',#2664,2.00000000000003);
#35=CYLINDRICAL_SURFACE('',#2670,3.25000341143021);
#36=CYLINDRICAL_SURFACE('',#2674,2.00000000000003);
#37=CYLINDRICAL_SURFACE('',#2677,2.00000000000003);
#38=CYLINDRICAL_SURFACE('',#2685,2.00000000000003);
#39=CYLINDRICAL_SURFACE('',#2688,2.00000000000003);
#40=CYLINDRICAL_SURFACE('',#2692,3.25000341143021);
#41=CYLINDRICAL_SURFACE('',#2698,6.199999678834);
#42=CYLINDRICAL_SURFACE('',#2701,6.19999967882999);
#43=CYLINDRICAL_SURFACE('',#2703,6.1999996789);
#44=CYLINDRICAL_SURFACE('',#2708,0.899999999999999);
#45=CYLINDRICAL_SURFACE('',#2715,0.900000000000007);
#46=CYLINDRICAL_SURFACE('',#2734,1.80000000000001);
#47=CYLINDRICAL_SURFACE('',#2737,1.79999999999999);
#48=CYLINDRICAL_SURFACE('',#2747,2.80000000000001);
#49=CYLINDRICAL_SURFACE('',#2751,2.79999999999998);
#50=CYLINDRICAL_SURFACE('',#2753,2.80000000000001);
#51=CYLINDRICAL_SURFACE('',#2757,1.80000000000001);
#52=CYLINDRICAL_SURFACE('',#2761,0.999999999999979);
#53=CYLINDRICAL_SURFACE('',#2762,0.899999999999963);
#54=CYLINDRICAL_SURFACE('',#2772,3.34999999999999);
#55=CYLINDRICAL_SURFACE('',#2774,0.900000000000034);
#56=CYLINDRICAL_SURFACE('',#2777,1.00000000000001);
#57=CYLINDRICAL_SURFACE('',#2779,3.35);
#58=CYLINDRICAL_SURFACE('',#2782,0.999999999999996);
#59=CYLINDRICAL_SURFACE('',#2785,1.00000000000001);
#60=CYLINDRICAL_SURFACE('',#2789,5.19999967883402);
#61=CYLINDRICAL_SURFACE('',#2793,5.19999967890001);
#62=CYLINDRICAL_SURFACE('',#2797,5.19999967883401);
#63=CYLINDRICAL_SURFACE('',#2801,5.19999967882999);
#64=CYLINDRICAL_SURFACE('',#2806,3.35);
#65=CYLINDRICAL_SURFACE('',#2809,1.00000000000001);
#66=CYLINDRICAL_SURFACE('',#2812,0.999999999999943);
#67=CYLINDRICAL_SURFACE('',#2815,3.34999999999999);
#68=CYLINDRICAL_SURFACE('',#2817,1.00000000000003);
#69=CYLINDRICAL_SURFACE('',#2820,0.900000000000016);
#70=CYLINDRICAL_SURFACE('',#2823,1.7);
#71=CYLINDRICAL_SURFACE('',#2825,1.7);
#72=CYLINDRICAL_SURFACE('',#2827,1.7);
#73=CYLINDRICAL_SURFACE('',#2829,1.7);
#74=CYLINDRICAL_SURFACE('',#2832,6.19999967883402);
#75=CIRCLE('',#2601,5.15);
#76=CIRCLE('',#2602,3.35);
#77=CIRCLE('',#2606,0.900000000000007);
#78=CIRCLE('',#2609,5.15);
#79=CIRCLE('',#2610,5.14999999999999);
#80=CIRCLE('',#2611,5.15000000000002);
#81=CIRCLE('',#2612,2.79999999999998);
#82=CIRCLE('',#2613,2.80000000000001);
#83=CIRCLE('',#2614,2.80000000000001);
#84=CIRCLE('',#2618,3.35);
#85=CIRCLE('',#2625,3.34999999999999);
#86=CIRCLE('',#2634,3.34999999999999);
#87=CIRCLE('',#2643,3.2500034114302);
#88=CIRCLE('',#2644,3.2500034114302);
#89=CIRCLE('',#2647,2.00000000000003);
#90=CIRCLE('',#2648,2.00000000000003);
#91=CIRCLE('',#2650,2.00000000000003);
#92=CIRCLE('',#2651,2.00000000000003);
#93=CIRCLE('',#2654,6.199999678834);
#94=CIRCLE('',#2655,1.7);
#95=CIRCLE('',#2657,2.00000000000003);
#96=CIRCLE('',#2658,2.00000000000003);
#97=CIRCLE('',#2661,3.25000341143021);
#98=CIRCLE('',#2662,3.25000341143021);
#99=CIRCLE('',#2665,2.00000000000003);
#100=CIRCLE('',#2666,2.00000000000003);
#101=CIRCLE('',#2668,6.19999967883402);
#102=CIRCLE('',#2669,1.7);
#103=CIRCLE('',#2671,3.25000341143021);
#104=CIRCLE('',#2672,3.25000341143021);
#105=CIRCLE('',#2675,2.00000000000003);
#106=CIRCLE('',#2676,2.00000000000003);
#107=CIRCLE('',#2678,2.00000000000003);
#108=CIRCLE('',#2679,2.00000000000003);
#109=CIRCLE('',#2682,6.19999967882999);
#110=CIRCLE('',#2683,1.7);
#111=CIRCLE('',#2686,2.00000000000003);
#112=CIRCLE('',#2687,2.00000000000003);
#113=CIRCLE('',#2689,2.00000000000003);
#114=CIRCLE('',#2690,2.00000000000003);
#115=CIRCLE('',#2693,3.25000341143021);
#116=CIRCLE('',#2694,3.25000341143021);
#117=CIRCLE('',#2696,6.1999996789);
#118=CIRCLE('',#2697,1.7);
#119=CIRCLE('',#2699,6.199999678834);
#120=CIRCLE('',#2702,6.19999967882999);
#121=CIRCLE('',#2704,6.1999996789);
#122=CIRCLE('',#2711,0.900000000000034);
#123=CIRCLE('',#2722,2.80000000000001);
#124=CIRCLE('',#2723,1.80000000000001);
#125=CIRCLE('',#2725,1.00000000000001);
#126=CIRCLE('',#2729,1.79999999999999);
#127=CIRCLE('',#2730,1.80000000000001);
#128=CIRCLE('',#2731,2.80000000000001);
#129=CIRCLE('',#2732,2.79999999999998);
#130=CIRCLE('',#2735,1.80000000000001);
#131=CIRCLE('',#2738,1.79999999999999);
#132=CIRCLE('',#2741,2.79999999999998);
#133=CIRCLE('',#2742,0.999999999999979);
#134=CIRCLE('',#2743,0.999999999999943);
#135=CIRCLE('',#2758,1.80000000000001);
#136=CIRCLE('',#2765,1.00000000000001);
#137=CIRCLE('',#2767,1.00000000000001);
#138=CIRCLE('',#2768,0.999999999999996);
#139=CIRCLE('',#2770,0.900000000000016);
#140=CIRCLE('',#2771,1.00000000000003);
#141=CIRCLE('',#2773,3.34999999999999);
#142=CIRCLE('',#2775,0.900000000000034);
#143=CIRCLE('',#2778,1.00000000000001);
#144=CIRCLE('',#2780,3.35);
#145=CIRCLE('',#2783,0.999999999999996);
#146=CIRCLE('',#2786,1.00000000000001);
#147=CIRCLE('',#2790,5.19999967883402);
#148=CIRCLE('',#2791,5.19999967883402);
#149=CIRCLE('',#2794,5.19999967890001);
#150=CIRCLE('',#2795,5.19999967890001);
#151=CIRCLE('',#2798,5.19999967883401);
#152=CIRCLE('',#2799,5.19999967883401);
#153=CIRCLE('',#2802,5.19999967882999);
#154=CIRCLE('',#2803,5.19999967882999);
#155=CIRCLE('',#2805,6.19999967883402);
#156=CIRCLE('',#2807,3.35);
#157=CIRCLE('',#2810,1.00000000000001);
#158=CIRCLE('',#2813,0.999999999999943);
#159=CIRCLE('',#2816,3.34999999999999);
#160=CIRCLE('',#2818,1.00000000000003);
#161=CIRCLE('',#2821,0.900000000000016);
#162=CIRCLE('',#2824,1.7);
#163=CIRCLE('',#2826,1.7);
#164=CIRCLE('',#2828,1.7);
#165=CIRCLE('',#2830,1.7);
#166=CONICAL_SURFACE('',#2600,4.25,0.60554466360497);
#167=CONICAL_SURFACE('',#2617,4.25,0.60554466360497);
#168=CONICAL_SURFACE('',#2624,4.24999999999999,0.60554466360497);
#169=CONICAL_SURFACE('',#2633,4.25000000000001,0.605544663604978);
#170=FACE_OUTER_BOUND('',#302,.T.);
#171=FACE_OUTER_BOUND('',#303,.T.);
#172=FACE_OUTER_BOUND('',#304,.T.);
#173=FACE_OUTER_BOUND('',#305,.T.);
#174=FACE_OUTER_BOUND('',#306,.T.);
#175=FACE_OUTER_BOUND('',#307,.T.);
#176=FACE_OUTER_BOUND('',#308,.T.);
#177=FACE_OUTER_BOUND('',#309,.T.);
#178=FACE_OUTER_BOUND('',#310,.T.);
#179=FACE_OUTER_BOUND('',#311,.T.);
#180=FACE_OUTER_BOUND('',#312,.T.);
#181=FACE_OUTER_BOUND('',#313,.T.);
#182=FACE_OUTER_BOUND('',#314,.T.);
#183=FACE_OUTER_BOUND('',#315,.T.);
#184=FACE_OUTER_BOUND('',#316,.T.);
#185=FACE_OUTER_BOUND('',#317,.T.);
#186=FACE_OUTER_BOUND('',#318,.T.);
#187=FACE_OUTER_BOUND('',#319,.T.);
#188=FACE_OUTER_BOUND('',#320,.T.);
#189=FACE_OUTER_BOUND('',#321,.T.);
#190=FACE_OUTER_BOUND('',#322,.T.);
#191=FACE_OUTER_BOUND('',#323,.T.);
#192=FACE_OUTER_BOUND('',#324,.T.);
#193=FACE_OUTER_BOUND('',#325,.T.);
#194=FACE_OUTER_BOUND('',#326,.T.);
#195=FACE_OUTER_BOUND('',#327,.T.);
#196=FACE_OUTER_BOUND('',#328,.T.);
#197=FACE_OUTER_BOUND('',#330,.T.);
#198=FACE_OUTER_BOUND('',#331,.T.);
#199=FACE_OUTER_BOUND('',#332,.T.);
#200=FACE_OUTER_BOUND('',#333,.T.);
#201=FACE_OUTER_BOUND('',#334,.T.);
#202=FACE_OUTER_BOUND('',#335,.T.);
#203=FACE_OUTER_BOUND('',#337,.T.);
#204=FACE_OUTER_BOUND('',#338,.T.);
#205=FACE_OUTER_BOUND('',#339,.T.);
#206=FACE_OUTER_BOUND('',#340,.T.);
#207=FACE_OUTER_BOUND('',#341,.T.);
#208=FACE_OUTER_BOUND('',#342,.T.);
#209=FACE_OUTER_BOUND('',#344,.T.);
#210=FACE_OUTER_BOUND('',#345,.T.);
#211=FACE_OUTER_BOUND('',#346,.T.);
#212=FACE_OUTER_BOUND('',#347,.T.);
#213=FACE_OUTER_BOUND('',#348,.T.);
#214=FACE_OUTER_BOUND('',#349,.T.);
#215=FACE_OUTER_BOUND('',#351,.T.);
#216=FACE_OUTER_BOUND('',#352,.T.);
#217=FACE_OUTER_BOUND('',#353,.T.);
#218=FACE_OUTER_BOUND('',#354,.T.);
#219=FACE_OUTER_BOUND('',#355,.T.);
#220=FACE_OUTER_BOUND('',#356,.T.);
#221=FACE_OUTER_BOUND('',#357,.T.);
#222=FACE_OUTER_BOUND('',#358,.T.);
#223=FACE_OUTER_BOUND('',#359,.T.);
#224=FACE_OUTER_BOUND('',#360,.T.);
#225=FACE_OUTER_BOUND('',#361,.T.);
#226=FACE_OUTER_BOUND('',#362,.T.);
#227=FACE_OUTER_BOUND('',#363,.T.);
#228=FACE_OUTER_BOUND('',#364,.T.);
#229=FACE_OUTER_BOUND('',#365,.T.);
#230=FACE_OUTER_BOUND('',#366,.T.);
#231=FACE_OUTER_BOUND('',#367,.T.);
#232=FACE_OUTER_BOUND('',#368,.T.);
#233=FACE_OUTER_BOUND('',#369,.T.);
#234=FACE_OUTER_BOUND('',#370,.T.);
#235=FACE_OUTER_BOUND('',#371,.T.);
#236=FACE_OUTER_BOUND('',#372,.T.);
#237=FACE_OUTER_BOUND('',#373,.T.);
#238=FACE_OUTER_BOUND('',#374,.T.);
#239=FACE_OUTER_BOUND('',#375,.T.);
#240=FACE_OUTER_BOUND('',#376,.T.);
#241=FACE_OUTER_BOUND('',#377,.T.);
#242=FACE_OUTER_BOUND('',#378,.T.);
#243=FACE_OUTER_BOUND('',#379,.T.);
#244=FACE_OUTER_BOUND('',#380,.T.);
#245=FACE_OUTER_BOUND('',#381,.T.);
#246=FACE_OUTER_BOUND('',#382,.T.);
#247=FACE_OUTER_BOUND('',#383,.T.);
#248=FACE_OUTER_BOUND('',#384,.T.);
#249=FACE_OUTER_BOUND('',#385,.T.);
#250=FACE_OUTER_BOUND('',#386,.T.);
#251=FACE_OUTER_BOUND('',#387,.T.);
#252=FACE_OUTER_BOUND('',#388,.T.);
#253=FACE_OUTER_BOUND('',#389,.T.);
#254=FACE_OUTER_BOUND('',#390,.T.);
#255=FACE_OUTER_BOUND('',#391,.T.);
#256=FACE_OUTER_BOUND('',#392,.T.);
#257=FACE_OUTER_BOUND('',#393,.T.);
#258=FACE_OUTER_BOUND('',#394,.T.);
#259=FACE_OUTER_BOUND('',#395,.T.);
#260=FACE_OUTER_BOUND('',#396,.T.);
#261=FACE_OUTER_BOUND('',#397,.T.);
#262=FACE_OUTER_BOUND('',#398,.T.);
#263=FACE_OUTER_BOUND('',#399,.T.);
#264=FACE_OUTER_BOUND('',#400,.T.);
#265=FACE_OUTER_BOUND('',#401,.T.);
#266=FACE_OUTER_BOUND('',#402,.T.);
#267=FACE_OUTER_BOUND('',#403,.T.);
#268=FACE_OUTER_BOUND('',#404,.T.);
#269=FACE_OUTER_BOUND('',#405,.T.);
#270=FACE_OUTER_BOUND('',#406,.T.);
#271=FACE_OUTER_BOUND('',#407,.T.);
#272=FACE_OUTER_BOUND('',#408,.T.);
#273=FACE_OUTER_BOUND('',#409,.T.);
#274=FACE_OUTER_BOUND('',#410,.T.);
#275=FACE_OUTER_BOUND('',#411,.T.);
#276=FACE_OUTER_BOUND('',#412,.T.);
#277=FACE_OUTER_BOUND('',#413,.T.);
#278=FACE_OUTER_BOUND('',#414,.T.);
#279=FACE_OUTER_BOUND('',#415,.T.);
#280=FACE_OUTER_BOUND('',#416,.T.);
#281=FACE_OUTER_BOUND('',#417,.T.);
#282=FACE_OUTER_BOUND('',#418,.T.);
#283=FACE_OUTER_BOUND('',#420,.T.);
#284=FACE_OUTER_BOUND('',#421,.T.);
#285=FACE_OUTER_BOUND('',#422,.T.);
#286=FACE_OUTER_BOUND('',#423,.T.);
#287=FACE_OUTER_BOUND('',#424,.T.);
#288=FACE_OUTER_BOUND('',#425,.T.);
#289=FACE_OUTER_BOUND('',#426,.T.);
#290=FACE_OUTER_BOUND('',#427,.T.);
#291=FACE_OUTER_BOUND('',#428,.T.);
#292=FACE_OUTER_BOUND('',#429,.T.);
#293=FACE_OUTER_BOUND('',#430,.T.);
#294=FACE_OUTER_BOUND('',#431,.T.);
#295=FACE_OUTER_BOUND('',#432,.T.);
#296=FACE_OUTER_BOUND('',#433,.T.);
#297=FACE_OUTER_BOUND('',#434,.T.);
#298=FACE_OUTER_BOUND('',#435,.T.);
#299=FACE_OUTER_BOUND('',#436,.T.);
#300=FACE_OUTER_BOUND('',#437,.T.);
#301=FACE_OUTER_BOUND('',#438,.T.);
#302=EDGE_LOOP('',(#1622,#1623,#1624,#1625,#1626));
#303=EDGE_LOOP('',(#1627,#1628,#1629,#1630));
#304=EDGE_LOOP('',(#1631,#1632,#1633,#1634,#1635));
#305=EDGE_LOOP('',(#1636,#1637,#1638,#1639));
#306=EDGE_LOOP('',(#1640,#1641,#1642,#1643,#1644));
#307=EDGE_LOOP('',(#1645,#1646,#1647,#1648,#1649,#1650,#1651,#1652,#1653,
#1654,#1655,#1656,#1657,#1658,#1659,#1660,#1661,#1662,#1663,#1664,#1665,
#1666,#1667,#1668,#1669,#1670,#1671,#1672));
#308=EDGE_LOOP('',(#1673,#1674,#1675,#1676,#1677));
#309=EDGE_LOOP('',(#1678,#1679,#1680,#1681));
#310=EDGE_LOOP('',(#1682,#1683,#1684,#1685,#1686));
#311=EDGE_LOOP('',(#1687,#1688,#1689,#1690));
#312=EDGE_LOOP('',(#1691,#1692,#1693,#1694,#1695,#1696));
#313=EDGE_LOOP('',(#1697,#1698,#1699,#1700));
#314=EDGE_LOOP('',(#1701,#1702,#1703,#1704,#1705));
#315=EDGE_LOOP('',(#1706,#1707,#1708,#1709,#1710));
#316=EDGE_LOOP('',(#1711,#1712,#1713,#1714));
#317=EDGE_LOOP('',(#1715,#1716,#1717,#1718,#1719,#1720));
#318=EDGE_LOOP('',(#1721,#1722,#1723,#1724));
#319=EDGE_LOOP('',(#1725,#1726,#1727,#1728,#1729));
#320=EDGE_LOOP('',(#1730,#1731,#1732,#1733,#1734));
#321=EDGE_LOOP('',(#1735,#1736,#1737,#1738));
#322=EDGE_LOOP('',(#1739,#1740,#1741,#1742,#1743,#1744));
#323=EDGE_LOOP('',(#1745,#1746,#1747,#1748));
#324=EDGE_LOOP('',(#1749,#1750,#1751,#1752));
#325=EDGE_LOOP('',(#1753,#1754,#1755,#1756));
#326=EDGE_LOOP('',(#1757,#1758,#1759,#1760));
#327=EDGE_LOOP('',(#1761,#1762,#1763,#1764));
#328=EDGE_LOOP('',(#1765,#1766,#1767,#1768,#1769,#1770,#1771,#1772));
#329=EDGE_LOOP('',(#1773));
#330=EDGE_LOOP('',(#1774,#1775,#1776,#1777));
#331=EDGE_LOOP('',(#1778,#1779,#1780,#1781));
#332=EDGE_LOOP('',(#1782,#1783,#1784,#1785));
#333=EDGE_LOOP('',(#1786,#1787,#1788,#1789));
#334=EDGE_LOOP('',(#1790,#1791,#1792,#1793));
#335=EDGE_LOOP('',(#1794,#1795,#1796,#1797,#1798,#1799,#1800,#1801));
#336=EDGE_LOOP('',(#1802));
#337=EDGE_LOOP('',(#1803,#1804,#1805,#1806));
#338=EDGE_LOOP('',(#1807,#1808,#1809,#1810));
#339=EDGE_LOOP('',(#1811,#1812,#1813,#1814));
#340=EDGE_LOOP('',(#1815,#1816,#1817,#1818));
#341=EDGE_LOOP('',(#1819,#1820,#1821,#1822));
#342=EDGE_LOOP('',(#1823,#1824,#1825,#1826,#1827,#1828,#1829,#1830));
#343=EDGE_LOOP('',(#1831));
#344=EDGE_LOOP('',(#1832,#1833,#1834,#1835));
#345=EDGE_LOOP('',(#1836,#1837,#1838,#1839));
#346=EDGE_LOOP('',(#1840,#1841,#1842,#1843));
#347=EDGE_LOOP('',(#1844,#1845,#1846,#1847));
#348=EDGE_LOOP('',(#1848,#1849,#1850,#1851));
#349=EDGE_LOOP('',(#1852,#1853,#1854,#1855,#1856,#1857,#1858,#1859));
#350=EDGE_LOOP('',(#1860));
#351=EDGE_LOOP('',(#1861,#1862,#1863,#1864));
#352=EDGE_LOOP('',(#1865,#1866,#1867,#1868,#1869,#1870,#1871,#1872,#1873,
#1874,#1875,#1876));
#353=EDGE_LOOP('',(#1877,#1878,#1879,#1880));
#354=EDGE_LOOP('',(#1881,#1882,#1883,#1884));
#355=EDGE_LOOP('',(#1885,#1886,#1887,#1888,#1889,#1890,#1891,#1892));
#356=EDGE_LOOP('',(#1893,#1894,#1895,#1896,#1897,#1898,#1899));
#357=EDGE_LOOP('',(#1900,#1901,#1902,#1903));
#358=EDGE_LOOP('',(#1904,#1905,#1906,#1907,#1908,#1909,#1910));
#359=EDGE_LOOP('',(#1911,#1912,#1913));
#360=EDGE_LOOP('',(#1914,#1915,#1916,#1917,#1918,#1919));
#361=EDGE_LOOP('',(#1920,#1921,#1922,#1923,#1924,#1925,#1926));
#362=EDGE_LOOP('',(#1927,#1928,#1929,#1930));
#363=EDGE_LOOP('',(#1931,#1932,#1933,#1934,#1935,#1936));
#364=EDGE_LOOP('',(#1937,#1938,#1939,#1940,#1941,#1942,#1943));
#365=EDGE_LOOP('',(#1944,#1945,#1946,#1947));
#366=EDGE_LOOP('',(#1948,#1949,#1950,#1951));
#367=EDGE_LOOP('',(#1952,#1953,#1954,#1955));
#368=EDGE_LOOP('',(#1956,#1957,#1958,#1959,#1960,#1961));
#369=EDGE_LOOP('',(#1962,#1963,#1964,#1965));
#370=EDGE_LOOP('',(#1966,#1967,#1968,#1969));
#371=EDGE_LOOP('',(#1970,#1971,#1972,#1973,#1974,#1975,#1976,#1977,#1978,
#1979,#1980,#1981));
#372=EDGE_LOOP('',(#1982,#1983,#1984,#1985,#1986,#1987,#1988,#1989));
#373=EDGE_LOOP('',(#1990,#1991,#1992,#1993));
#374=EDGE_LOOP('',(#1994,#1995,#1996,#1997));
#375=EDGE_LOOP('',(#1998,#1999,#2000,#2001));
#376=EDGE_LOOP('',(#2002,#2003,#2004,#2005));
#377=EDGE_LOOP('',(#2006,#2007,#2008,#2009,#2010,#2011,#2012,#2013));
#378=EDGE_LOOP('',(#2014,#2015,#2016,#2017,#2018,#2019));
#379=EDGE_LOOP('',(#2020,#2021,#2022,#2023,#2024));
#380=EDGE_LOOP('',(#2025,#2026,#2027,#2028));
#381=EDGE_LOOP('',(#2029,#2030,#2031,#2032));
#382=EDGE_LOOP('',(#2033,#2034,#2035,#2036,#2037,#2038,#2039));
#383=EDGE_LOOP('',(#2040,#2041,#2042,#2043));
#384=EDGE_LOOP('',(#2044,#2045,#2046,#2047));
#385=EDGE_LOOP('',(#2048,#2049,#2050,#2051,#2052,#2053));
#386=EDGE_LOOP('',(#2054,#2055,#2056,#2057));
#387=EDGE_LOOP('',(#2058,#2059,#2060,#2061));
#388=EDGE_LOOP('',(#2062,#2063,#2064,#2065,#2066,#2067));
#389=EDGE_LOOP('',(#2068,#2069,#2070,#2071));
#390=EDGE_LOOP('',(#2072,#2073,#2074,#2075));
#391=EDGE_LOOP('',(#2076,#2077,#2078,#2079,#2080));
#392=EDGE_LOOP('',(#2081,#2082,#2083,#2084,#2085,#2086,#2087));
#393=EDGE_LOOP('',(#2088,#2089,#2090,#2091,#2092,#2093,#2094,#2095,#2096,
#2097,#2098,#2099,#2100,#2101,#2102,#2103,#2104,#2105,#2106,#2107,#2108,
#2109,#2110,#2111,#2112,#2113,#2114,#2115,#2116,#2117,#2118,#2119,#2120));
#394=EDGE_LOOP('',(#2121,#2122,#2123,#2124));
#395=EDGE_LOOP('',(#2125,#2126,#2127,#2128));
#396=EDGE_LOOP('',(#2129,#2130,#2131,#2132,#2133,#2134));
#397=EDGE_LOOP('',(#2135,#2136,#2137));
#398=EDGE_LOOP('',(#2138,#2139,#2140,#2141,#2142,#2143));
#399=EDGE_LOOP('',(#2144,#2145,#2146,#2147,#2148,#2149));
#400=EDGE_LOOP('',(#2150,#2151,#2152,#2153));
#401=EDGE_LOOP('',(#2154,#2155,#2156,#2157));
#402=EDGE_LOOP('',(#2158,#2159,#2160,#2161));
#403=EDGE_LOOP('',(#2162,#2163,#2164,#2165));
#404=EDGE_LOOP('',(#2166,#2167,#2168,#2169,#2170));
#405=EDGE_LOOP('',(#2171,#2172,#2173,#2174));
#406=EDGE_LOOP('',(#2175,#2176,#2177,#2178));
#407=EDGE_LOOP('',(#2179,#2180,#2181,#2182));
#408=EDGE_LOOP('',(#2183,#2184,#2185,#2186));
#409=EDGE_LOOP('',(#2187,#2188,#2189,#2190,#2191,#2192,#2193,#2194));
#410=EDGE_LOOP('',(#2195,#2196,#2197,#2198));
#411=EDGE_LOOP('',(#2199,#2200,#2201,#2202));
#412=EDGE_LOOP('',(#2203,#2204,#2205,#2206));
#413=EDGE_LOOP('',(#2207,#2208,#2209,#2210));
#414=EDGE_LOOP('',(#2211,#2212,#2213,#2214));
#415=EDGE_LOOP('',(#2215,#2216,#2217,#2218));
#416=EDGE_LOOP('',(#2219,#2220,#2221,#2222));
#417=EDGE_LOOP('',(#2223,#2224,#2225,#2226));
#418=EDGE_LOOP('',(#2227,#2228,#2229,#2230,#2231,#2232,#2233,#2234));
#419=EDGE_LOOP('',(#2235,#2236,#2237,#2238,#2239,#2240,#2241,#2242));
#420=EDGE_LOOP('',(#2243,#2244,#2245,#2246));
#421=EDGE_LOOP('',(#2247,#2248,#2249,#2250,#2251,#2252));
#422=EDGE_LOOP('',(#2253,#2254,#2255,#2256));
#423=EDGE_LOOP('',(#2257,#2258,#2259,#2260,#2261,#2262,#2263,#2264,#2265,
#2266,#2267,#2268));
#424=EDGE_LOOP('',(#2269,#2270,#2271,#2272));
#425=EDGE_LOOP('',(#2273,#2274,#2275,#2276,#2277,#2278));
#426=EDGE_LOOP('',(#2279,#2280,#2281,#2282));
#427=EDGE_LOOP('',(#2283,#2284,#2285,#2286));
#428=EDGE_LOOP('',(#2287,#2288,#2289,#2290));
#429=EDGE_LOOP('',(#2291,#2292,#2293,#2294));
#430=EDGE_LOOP('',(#2295,#2296,#2297,#2298,#2299,#2300,#2301));
#431=EDGE_LOOP('',(#2302,#2303,#2304,#2305));
#432=EDGE_LOOP('',(#2306,#2307,#2308,#2309));
#433=EDGE_LOOP('',(#2310,#2311,#2312,#2313));
#434=EDGE_LOOP('',(#2314,#2315,#2316,#2317));
#435=EDGE_LOOP('',(#2318,#2319,#2320,#2321,#2322,#2323,#2324,#2325));
#436=EDGE_LOOP('',(#2326,#2327,#2328,#2329));
#437=EDGE_LOOP('',(#2330,#2331,#2332,#2333,#2334,#2335,#2336,#2337));
#438=EDGE_LOOP('',(#2338,#2339,#2340,#2341,#2342,#2343,#2344,#2345));
#439=EDGE_LOOP('',(#2346));
#440=EDGE_LOOP('',(#2347));
#441=EDGE_LOOP('',(#2348));
#442=EDGE_LOOP('',(#2349));
#443=EDGE_LOOP('',(#2350,#2351,#2352,#2353,#2354,#2355,#2356,#2357,#2358,
#2359,#2360,#2361,#2362,#2363,#2364,#2365,#2366,#2367,#2368,#2369,#2370,
#2371,#2372,#2373));
#444=LINE('',#3588,#715);
#445=LINE('',#3590,#716);
#446=LINE('',#3592,#717);
#447=LINE('',#3593,#718);
#448=LINE('',#3597,#719);
#449=LINE('',#3603,#720);
#450=LINE('',#3604,#721);
#451=LINE('',#3606,#722);
#452=LINE('',#3610,#723);
#453=LINE('',#3613,#724);
#454=LINE('',#3616,#725);
#455=LINE('',#3618,#726);
#456=LINE('',#3619,#727);
#457=LINE('',#3622,#728);
#458=LINE('',#3624,#729);
#459=LINE('',#3628,#730);
#460=LINE('',#3630,#731);
#461=LINE('',#3632,#732);
#462=LINE('',#3636,#733);
#463=LINE('',#3638,#734);
#464=LINE('',#3640,#735);
#465=LINE('',#3644,#736);
#466=LINE('',#3646,#737);
#467=LINE('',#3648,#738);
#468=LINE('',#3650,#739);
#469=LINE('',#3654,#740);
#470=LINE('',#3658,#741);
#471=LINE('',#3660,#742);
#472=LINE('',#3662,#743);
#473=LINE('',#3664,#744);
#474=LINE('',#3667,#745);
#475=LINE('',#3673,#746);
#476=LINE('',#3674,#747);
#477=LINE('',#3675,#748);
#478=LINE('',#3678,#749);
#479=LINE('',#3682,#750);
#480=LINE('',#3684,#751);
#481=LINE('',#3688,#752);
#482=LINE('',#3691,#753);
#483=LINE('',#3694,#754);
#484=LINE('',#3695,#755);
#485=LINE('',#3698,#756);
#486=LINE('',#3700,#757);
#487=LINE('',#3706,#758);
#488=LINE('',#3707,#759);
#489=LINE('',#3710,#760);
#490=LINE('',#3712,#761);
#491=LINE('',#3716,#762);
#492=LINE('',#3719,#763);
#493=LINE('',#3722,#764);
#494=LINE('',#3723,#765);
#495=LINE('',#3726,#766);
#496=LINE('',#3728,#767);
#497=LINE('',#3734,#768);
#498=LINE('',#3735,#769);
#499=LINE('',#3738,#770);
#500=LINE('',#3740,#771);
#501=LINE('',#3744,#772);
#502=LINE('',#3747,#773);
#503=LINE('',#3750,#774);
#504=LINE('',#3751,#775);
#505=LINE('',#3757,#776);
#506=LINE('',#3760,#777);
#507=LINE('',#3763,#778);
#508=LINE('',#3765,#779);
#509=LINE('',#3766,#780);
#510=LINE('',#3771,#781);
#511=LINE('',#3778,#782);
#512=LINE('',#3781,#783);
#513=LINE('',#3783,#784);
#514=LINE('',#3784,#785);
#515=LINE('',#3787,#786);
#516=LINE('',#3790,#787);
#517=LINE('',#3798,#788);
#518=LINE('',#3801,#789);
#519=LINE('',#3804,#790);
#520=LINE('',#3806,#791);
#521=LINE('',#3807,#792);
#522=LINE('',#3812,#793);
#523=LINE('',#3816,#794);
#524=LINE('',#3818,#795);
#525=LINE('',#3819,#796);
#526=LINE('',#3824,#797);
#527=LINE('',#3830,#798);
#528=LINE('',#3831,#799);
#529=LINE('',#3839,#800);
#530=LINE('',#3842,#801);
#531=LINE('',#3845,#802);
#532=LINE('',#3847,#803);
#533=LINE('',#3848,#804);
#534=LINE('',#3853,#805);
#535=LINE('',#3860,#806);
#536=LINE('',#3863,#807);
#537=LINE('',#3865,#808);
#538=LINE('',#3866,#809);
#539=LINE('',#3869,#810);
#540=LINE('',#3872,#811);
#541=LINE('',#3878,#812);
#542=LINE('',#3880,#813);
#543=LINE('',#3882,#814);
#544=LINE('',#3883,#815);
#545=LINE('',#3888,#816);
#546=LINE('',#3895,#817);
#547=LINE('',#3898,#818);
#548=LINE('',#3901,#819);
#549=LINE('',#3903,#820);
#550=LINE('',#3904,#821);
#551=LINE('',#3910,#822);
#552=LINE('',#3913,#823);
#553=LINE('',#3918,#824);
#554=LINE('',#3921,#825);
#555=LINE('',#3924,#826);
#556=LINE('',#3926,#827);
#557=LINE('',#3928,#828);
#558=LINE('',#3930,#829);
#559=LINE('',#3931,#830);
#560=LINE('',#3933,#831);
#561=LINE('',#3934,#832);
#562=LINE('',#3937,#833);
#563=LINE('',#3941,#834);
#564=LINE('',#3944,#835);
#565=LINE('',#3948,#836);
#566=LINE('',#3950,#837);
#567=LINE('',#3952,#838);
#568=LINE('',#3954,#839);
#569=LINE('',#3955,#840);
#570=LINE('',#3959,#841);
#571=LINE('',#3961,#842);
#572=LINE('',#3963,#843);
#573=LINE('',#3964,#844);
#574=LINE('',#3965,#845);
#575=LINE('',#3969,#846);
#576=LINE('',#3971,#847);
#577=LINE('',#3973,#848);
#578=LINE('',#3974,#849);
#579=LINE('',#3980,#850);
#580=LINE('',#3982,#851);
#581=LINE('',#3983,#852);
#582=LINE('',#3987,#853);
#583=LINE('',#3989,#854);
#584=LINE('',#3991,#855);
#585=LINE('',#3992,#856);
#586=LINE('',#3993,#857);
#587=LINE('',#3999,#858);
#588=LINE('',#4001,#859);
#589=LINE('',#4002,#860);
#590=LINE('',#4005,#861);
#591=LINE('',#4007,#862);
#592=LINE('',#4009,#863);
#593=LINE('',#4010,#864);
#594=LINE('',#4014,#865);
#595=LINE('',#4016,#866);
#596=LINE('',#4018,#867);
#597=LINE('',#4019,#868);
#598=LINE('',#4023,#869);
#599=LINE('',#4024,#870);
#600=LINE('',#4025,#871);
#601=LINE('',#4030,#872);
#602=LINE('',#4034,#873);
#603=LINE('',#4036,#874);
#604=LINE('',#4039,#875);
#605=LINE('',#4042,#876);
#606=LINE('',#4044,#877);
#607=LINE('',#4045,#878);
#608=LINE('',#4049,#879);
#609=LINE('',#4051,#880);
#610=LINE('',#4053,#881);
#611=LINE('',#4054,#882);
#612=LINE('',#4058,#883);
#613=LINE('',#4060,#884);
#614=LINE('',#4062,#885);
#615=LINE('',#4066,#886);
#616=LINE('',#4069,#887);
#617=LINE('',#4071,#888);
#618=LINE('',#4075,#889);
#619=LINE('',#4079,#890);
#620=LINE('',#4081,#891);
#621=LINE('',#4082,#892);
#622=LINE('',#4084,#893);
#623=LINE('',#4085,#894);
#624=LINE('',#4088,#895);
#625=LINE('',#4092,#896);
#626=LINE('',#4093,#897);
#627=LINE('',#4096,#898);
#628=LINE('',#4100,#899);
#629=LINE('',#4101,#900);
#630=LINE('',#4107,#901);
#631=LINE('',#4109,#902);
#632=LINE('',#4111,#903);
#633=LINE('',#4115,#904);
#634=LINE('',#4118,#905);
#635=LINE('',#4120,#906);
#636=LINE('',#4121,#907);
#637=LINE('',#4123,#908);
#638=LINE('',#4124,#909);
#639=LINE('',#4126,#910);
#640=LINE('',#4127,#911);
#641=LINE('',#4129,#912);
#642=LINE('',#4131,#913);
#643=LINE('',#4133,#914);
#644=LINE('',#4135,#915);
#645=LINE('',#4137,#916);
#646=LINE('',#4138,#917);
#647=LINE('',#4140,#918);
#648=LINE('',#4142,#919);
#649=LINE('',#4145,#920);
#650=LINE('',#4146,#921);
#651=LINE('',#4148,#922);
#652=LINE('',#4153,#923);
#653=LINE('',#4155,#924);
#654=LINE('',#4156,#925);
#655=LINE('',#4158,#926);
#656=LINE('',#4159,#927);
#657=LINE('',#4160,#928);
#658=LINE('',#4162,#929);
#659=LINE('',#4164,#930);
#660=LINE('',#4167,#931);
#661=LINE('',#4169,#932);
#662=LINE('',#4170,#933);
#663=LINE('',#4177,#934);
#664=LINE('',#4181,#935);
#665=LINE('',#4185,#936);
#666=LINE('',#4190,#937);
#667=LINE('',#4193,#938);
#668=LINE('',#4197,#939);
#669=LINE('',#4198,#940);
#670=LINE('',#4203,#941);
#671=LINE('',#4207,#942);
#672=LINE('',#4208,#943);
#673=LINE('',#4211,#944);
#674=LINE('',#4215,#945);
#675=LINE('',#4216,#946);
#676=LINE('',#4220,#947);
#677=LINE('',#4224,#948);
#678=LINE('',#4226,#949);
#679=LINE('',#4228,#950);
#680=LINE('',#4229,#951);
#681=LINE('',#4235,#952);
#682=LINE('',#4238,#953);
#683=LINE('',#4240,#954);
#684=LINE('',#4241,#955);
#685=LINE('',#4247,#956);
#686=LINE('',#4250,#957);
#687=LINE('',#4252,#958);
#688=LINE('',#4253,#959);
#689=LINE('',#4259,#960);
#690=LINE('',#4262,#961);
#691=LINE('',#4264,#962);
#692=LINE('',#4265,#963);
#693=LINE('',#4271,#964);
#694=LINE('',#4274,#965);
#695=LINE('',#4277,#966);
#696=LINE('',#4281,#967);
#697=LINE('',#4282,#968);
#698=LINE('',#4285,#969);
#699=LINE('',#4289,#970);
#700=LINE('',#4290,#971);
#701=LINE('',#4293,#972);
#702=LINE('',#4297,#973);
#703=LINE('',#4298,#974);
#704=LINE('',#4303,#975);
#705=LINE('',#4307,#976);
#706=LINE('',#4308,#977);
#707=LINE('',#4311,#978);
#708=LINE('',#4314,#979);
#709=LINE('',#4317,#980);
#710=LINE('',#4321,#981);
#711=LINE('',#4325,#982);
#712=LINE('',#4329,#983);
#713=LINE('',#4332,#984);
#714=LINE('',#4334,#985);
#715=VECTOR('',#2841,10.);
#716=VECTOR('',#2842,10.);
#717=VECTOR('',#2843,10.);
#718=VECTOR('',#2844,10.);
#719=VECTOR('',#2847,10.);
#720=VECTOR('',#2854,10.);
#721=VECTOR('',#2855,10.);
#722=VECTOR('',#2856,10.);
#723=VECTOR('',#2861,10.);
#724=VECTOR('',#2864,10.);
#725=VECTOR('',#2867,10.);
#726=VECTOR('',#2868,10.);
#727=VECTOR('',#2869,10.);
#728=VECTOR('',#2872,10.);
#729=VECTOR('',#2873,10.);
#730=VECTOR('',#2876,10.);
#731=VECTOR('',#2877,10.);
#732=VECTOR('',#2878,10.);
#733=VECTOR('',#2881,10.);
#734=VECTOR('',#2882,10.);
#735=VECTOR('',#2883,10.);
#736=VECTOR('',#2886,10.);
#737=VECTOR('',#2887,10.);
#738=VECTOR('',#2888,10.);
#739=VECTOR('',#2889,10.);
#740=VECTOR('',#2892,10.);
#741=VECTOR('',#2895,10.);
#742=VECTOR('',#2896,10.);
#743=VECTOR('',#2897,10.);
#744=VECTOR('',#2898,10.);
#745=VECTOR('',#2901,10.);
#746=VECTOR('',#2906,10.);
#747=VECTOR('',#2907,10.);
#748=VECTOR('',#2908,10.);
#749=VECTOR('',#2911,10.);
#750=VECTOR('',#2916,10.);
#751=VECTOR('',#2917,10.);
#752=VECTOR('',#2922,10.);
#753=VECTOR('',#2925,10.);
#754=VECTOR('',#2928,10.);
#755=VECTOR('',#2929,10.);
#756=VECTOR('',#2932,10.);
#757=VECTOR('',#2933,10.);
#758=VECTOR('',#2940,10.);
#759=VECTOR('',#2941,10.);
#760=VECTOR('',#2944,10.);
#761=VECTOR('',#2945,10.);
#762=VECTOR('',#2950,10.);
#763=VECTOR('',#2953,10.);
#764=VECTOR('',#2956,10.);
#765=VECTOR('',#2957,10.);
#766=VECTOR('',#2960,10.);
#767=VECTOR('',#2961,10.);
#768=VECTOR('',#2968,10.);
#769=VECTOR('',#2969,10.);
#770=VECTOR('',#2972,10.);
#771=VECTOR('',#2973,10.);
#772=VECTOR('',#2978,10.);
#773=VECTOR('',#2981,10.);
#774=VECTOR('',#2984,10.);
#775=VECTOR('',#2985,10.);
#776=VECTOR('',#2990,10.);
#777=VECTOR('',#2993,10.);
#778=VECTOR('',#2996,10.);
#779=VECTOR('',#2997,10.);
#780=VECTOR('',#2998,10.);
#781=VECTOR('',#3003,10.);
#782=VECTOR('',#3010,10.);
#783=VECTOR('',#3013,10.);
#784=VECTOR('',#3016,10.);
#785=VECTOR('',#3017,10.);
#786=VECTOR('',#3020,10.);
#787=VECTOR('',#3023,10.);
#788=VECTOR('',#3030,10.);
#789=VECTOR('',#3033,10.);
#790=VECTOR('',#3036,10.);
#791=VECTOR('',#3037,10.);
#792=VECTOR('',#3038,10.);
#793=VECTOR('',#3043,10.);
#794=VECTOR('',#3048,10.);
#795=VECTOR('',#3049,10.);
#796=VECTOR('',#3050,10.);
#797=VECTOR('',#3055,10.);
#798=VECTOR('',#3062,10.);
#799=VECTOR('',#3063,10.);
#800=VECTOR('',#3070,10.);
#801=VECTOR('',#3073,10.);
#802=VECTOR('',#3076,10.);
#803=VECTOR('',#3077,10.);
#804=VECTOR('',#3078,10.);
#805=VECTOR('',#3083,10.);
#806=VECTOR('',#3090,10.);
#807=VECTOR('',#3093,10.);
#808=VECTOR('',#3096,10.);
#809=VECTOR('',#3097,10.);
#810=VECTOR('',#3100,10.);
#811=VECTOR('',#3103,10.);
#812=VECTOR('',#3108,10.);
#813=VECTOR('',#3109,10.);
#814=VECTOR('',#3110,10.);
#815=VECTOR('',#3111,10.);
#816=VECTOR('',#3116,10.);
#817=VECTOR('',#3123,10.);
#818=VECTOR('',#3126,10.);
#819=VECTOR('',#3129,10.);
#820=VECTOR('',#3130,10.);
#821=VECTOR('',#3131,10.);
#822=VECTOR('',#3140,10.);
#823=VECTOR('',#3143,10.);
#824=VECTOR('',#3148,10.);
#825=VECTOR('',#3151,10.);
#826=VECTOR('',#3154,10.);
#827=VECTOR('',#3155,10.);
#828=VECTOR('',#3156,10.);
#829=VECTOR('',#3157,10.);
#830=VECTOR('',#3158,10.);
#831=VECTOR('',#3159,10.);
#832=VECTOR('',#3160,10.);
#833=VECTOR('',#3163,10.);
#834=VECTOR('',#3168,10.);
#835=VECTOR('',#3171,10.);
#836=VECTOR('',#3174,10.);
#837=VECTOR('',#3175,10.);
#838=VECTOR('',#3176,10.);
#839=VECTOR('',#3177,10.);
#840=VECTOR('',#3178,10.);
#841=VECTOR('',#3183,10.);
#842=VECTOR('',#3184,10.);
#843=VECTOR('',#3185,10.);
#844=VECTOR('',#3186,10.);
#845=VECTOR('',#3187,10.);
#846=VECTOR('',#3192,10.);
#847=VECTOR('',#3193,10.);
#848=VECTOR('',#3194,10.);
#849=VECTOR('',#3195,10.);
#850=VECTOR('',#3202,10.);
#851=VECTOR('',#3203,10.);
#852=VECTOR('',#3204,10.);
#853=VECTOR('',#3209,10.);
#854=VECTOR('',#3210,10.);
#855=VECTOR('',#3211,10.);
#856=VECTOR('',#3212,10.);
#857=VECTOR('',#3213,10.);
#858=VECTOR('',#3220,10.);
#859=VECTOR('',#3221,10.);
#860=VECTOR('',#3222,10.);
#861=VECTOR('',#3225,10.);
#862=VECTOR('',#3226,10.);
#863=VECTOR('',#3227,10.);
#864=VECTOR('',#3228,10.);
#865=VECTOR('',#3231,10.);
#866=VECTOR('',#3232,10.);
#867=VECTOR('',#3233,10.);
#868=VECTOR('',#3234,10.);
#869=VECTOR('',#3237,10.);
#870=VECTOR('',#3238,10.);
#871=VECTOR('',#3239,10.);
#872=VECTOR('',#3244,10.);
#873=VECTOR('',#3249,10.);
#874=VECTOR('',#3250,10.);
#875=VECTOR('',#3253,10.);
#876=VECTOR('',#3256,10.);
#877=VECTOR('',#3257,10.);
#878=VECTOR('',#3258,10.);
#879=VECTOR('',#3261,10.);
#880=VECTOR('',#3262,10.);
#881=VECTOR('',#3263,10.);
#882=VECTOR('',#3264,10.);
#883=VECTOR('',#3267,10.);
#884=VECTOR('',#3268,10.);
#885=VECTOR('',#3269,10.);
#886=VECTOR('',#3272,10.);
#887=VECTOR('',#3275,10.);
#888=VECTOR('',#3276,10.);
#889=VECTOR('',#3279,10.);
#890=VECTOR('',#3284,10.);
#891=VECTOR('',#3285,10.);
#892=VECTOR('',#3286,10.);
#893=VECTOR('',#3287,10.);
#894=VECTOR('',#3288,10.);
#895=VECTOR('',#3291,10.);
#896=VECTOR('',#3296,10.);
#897=VECTOR('',#3297,10.);
#898=VECTOR('',#3300,10.);
#899=VECTOR('',#3305,10.);
#900=VECTOR('',#3306,10.);
#901=VECTOR('',#3311,10.);
#902=VECTOR('',#3312,10.);
#903=VECTOR('',#3313,10.);
#904=VECTOR('',#3316,10.);
#905=VECTOR('',#3319,10.);
#906=VECTOR('',#3322,10.);
#907=VECTOR('',#3323,10.);
#908=VECTOR('',#3326,10.);
#909=VECTOR('',#3327,10.);
#910=VECTOR('',#3330,10.);
#911=VECTOR('',#3331,10.);
#912=VECTOR('',#3334,10.);
#913=VECTOR('',#3337,10.);
#914=VECTOR('',#3340,10.);
#915=VECTOR('',#3343,10.);
#916=VECTOR('',#3346,10.);
#917=VECTOR('',#3347,10.);
#918=VECTOR('',#3350,10.);
#919=VECTOR('',#3353,10.);
#920=VECTOR('',#3356,10.);
#921=VECTOR('',#3357,10.);
#922=VECTOR('',#3360,10.);
#923=VECTOR('',#3367,10.);
#924=VECTOR('',#3370,10.);
#925=VECTOR('',#3371,10.);
#926=VECTOR('',#3374,10.);
#927=VECTOR('',#3375,10.);
#928=VECTOR('',#3376,10.);
#929=VECTOR('',#3379,10.);
#930=VECTOR('',#3382,10.);
#931=VECTOR('',#3385,10.);
#932=VECTOR('',#3386,10.);
#933=VECTOR('',#3387,10.);
#934=VECTOR('',#3396,10.);
#935=VECTOR('',#3401,10.);
#936=VECTOR('',#3404,10.);
#937=VECTOR('',#3411,10.);
#938=VECTOR('',#3414,10.);
#939=VECTOR('',#3419,10.);
#940=VECTOR('',#3420,10.);
#941=VECTOR('',#3427,10.);
#942=VECTOR('',#3432,10.);
#943=VECTOR('',#3433,10.);
#944=VECTOR('',#3436,10.);
#945=VECTOR('',#3441,10.);
#946=VECTOR('',#3442,10.);
#947=VECTOR('',#3449,10.);
#948=VECTOR('',#3452,10.);
#949=VECTOR('',#3453,10.);
#950=VECTOR('',#3454,10.);
#951=VECTOR('',#3455,10.);
#952=VECTOR('',#3462,10.);
#953=VECTOR('',#3465,10.);
#954=VECTOR('',#3466,10.);
#955=VECTOR('',#3467,10.);
#956=VECTOR('',#3474,10.);
#957=VECTOR('',#3477,10.);
#958=VECTOR('',#3478,10.);
#959=VECTOR('',#3479,10.);
#960=VECTOR('',#3486,10.);
#961=VECTOR('',#3489,10.);
#962=VECTOR('',#3490,10.);
#963=VECTOR('',#3491,10.);
#964=VECTOR('',#3500,10.);
#965=VECTOR('',#3503,10.);
#966=VECTOR('',#3506,10.);
#967=VECTOR('',#3511,10.);
#968=VECTOR('',#3512,10.);
#969=VECTOR('',#3515,10.);
#970=VECTOR('',#3520,10.);
#971=VECTOR('',#3521,10.);
#972=VECTOR('',#3524,10.);
#973=VECTOR('',#3529,10.);
#974=VECTOR('',#3530,10.);
#975=VECTOR('',#3537,10.);
#976=VECTOR('',#3542,10.);
#977=VECTOR('',#3543,10.);
#978=VECTOR('',#3546,10.);
#979=VECTOR('',#3551,10.);
#980=VECTOR('',#3554,1.7);
#981=VECTOR('',#3559,1.7);
#982=VECTOR('',#3564,1.7);
#983=VECTOR('',#3569,1.7);
#984=VECTOR('',#3574,10.);
#985=VECTOR('',#3577,10.);
#986=ELLIPSE('',#2599,1.5811388300842,0.900000000000007);
#987=ELLIPSE('',#2604,1.58113883008421,0.900000000000007);
#988=ELLIPSE('',#2616,1.58113883008424,0.900000000000027);
#989=ELLIPSE('',#2620,1.58113883008423,0.899999999999999);
#990=ELLIPSE('',#2622,1.40015144417401,0.900000000000649);
#991=ELLIPSE('',#2627,1.58113883008413,0.899999999999963);
#992=ELLIPSE('',#2629,1.58113883008412,0.899999999999963);
#993=ELLIPSE('',#2631,1.40015144417431,0.899999999999963);
#994=ELLIPSE('',#2636,1.5811388300841,0.899999999999945);
#995=ELLIPSE('',#2638,1.75682092231573,0.999999999999979);
#996=ELLIPSE('',#2640,1.40015144417429,0.899999999999945);
#997=ELLIPSE('',#2706,1.40015144417437,0.899999999999999);
#998=ELLIPSE('',#2713,1.40015144417438,0.900000000000008);
#999=ELLIPSE('',#2717,1.40015144417431,0.899999999999963);
#1000=VERTEX_POINT('',#3584);
#1001=VERTEX_POINT('',#3585);
#1002=VERTEX_POINT('',#3587);
#1003=VERTEX_POINT('',#3589);
#1004=VERTEX_POINT('',#3591);
#1005=VERTEX_POINT('',#3595);
#1006=VERTEX_POINT('',#3596);
#1007=VERTEX_POINT('',#3601);
#1008=VERTEX_POINT('',#3602);
#1009=VERTEX_POINT('',#3605);
#1010=VERTEX_POINT('',#3609);
#1011=VERTEX_POINT('',#3611);
#1012=VERTEX_POINT('',#3615);
#1013=VERTEX_POINT('',#3617);
#1014=VERTEX_POINT('',#3621);
#1015=VERTEX_POINT('',#3623);
#1016=VERTEX_POINT('',#3625);
#1017=VERTEX_POINT('',#3627);
#1018=VERTEX_POINT('',#3629);
#1019=VERTEX_POINT('',#3631);
#1020=VERTEX_POINT('',#3633);
#1021=VERTEX_POINT('',#3635);
#1022=VERTEX_POINT('',#3637);
#1023=VERTEX_POINT('',#3639);
#1024=VERTEX_POINT('',#3641);
#1025=VERTEX_POINT('',#3643);
#1026=VERTEX_POINT('',#3645);
#1027=VERTEX_POINT('',#3647);
#1028=VERTEX_POINT('',#3649);
#1029=VERTEX_POINT('',#3651);
#1030=VERTEX_POINT('',#3653);
#1031=VERTEX_POINT('',#3655);
#1032=VERTEX_POINT('',#3657);
#1033=VERTEX_POINT('',#3659);
#1034=VERTEX_POINT('',#3661);
#1035=VERTEX_POINT('',#3663);
#1036=VERTEX_POINT('',#3665);
#1037=VERTEX_POINT('',#3669);
#1038=VERTEX_POINT('',#3670);
#1039=VERTEX_POINT('',#3672);
#1040=VERTEX_POINT('',#3677);
#1041=VERTEX_POINT('',#3681);
#1042=VERTEX_POINT('',#3683);
#1043=VERTEX_POINT('',#3687);
#1044=VERTEX_POINT('',#3689);
#1045=VERTEX_POINT('',#3693);
#1046=VERTEX_POINT('',#3697);
#1047=VERTEX_POINT('',#3699);
#1048=VERTEX_POINT('',#3703);
#1049=VERTEX_POINT('',#3704);
#1050=VERTEX_POINT('',#3709);
#1051=VERTEX_POINT('',#3711);
#1052=VERTEX_POINT('',#3715);
#1053=VERTEX_POINT('',#3717);
#1054=VERTEX_POINT('',#3721);
#1055=VERTEX_POINT('',#3725);
#1056=VERTEX_POINT('',#3727);
#1057=VERTEX_POINT('',#3731);
#1058=VERTEX_POINT('',#3732);
#1059=VERTEX_POINT('',#3737);
#1060=VERTEX_POINT('',#3739);
#1061=VERTEX_POINT('',#3743);
#1062=VERTEX_POINT('',#3745);
#1063=VERTEX_POINT('',#3749);
#1064=VERTEX_POINT('',#3753);
#1065=VERTEX_POINT('',#3754);
#1066=VERTEX_POINT('',#3756);
#1067=VERTEX_POINT('',#3758);
#1068=VERTEX_POINT('',#3762);
#1069=VERTEX_POINT('',#3764);
#1070=VERTEX_POINT('',#3768);
#1071=VERTEX_POINT('',#3770);
#1072=VERTEX_POINT('',#3774);
#1073=VERTEX_POINT('',#3775);
#1074=VERTEX_POINT('',#3777);
#1075=VERTEX_POINT('',#3779);
#1076=VERTEX_POINT('',#3786);
#1077=VERTEX_POINT('',#3788);
#1078=VERTEX_POINT('',#3791);
#1079=VERTEX_POINT('',#3794);
#1080=VERTEX_POINT('',#3795);
#1081=VERTEX_POINT('',#3797);
#1082=VERTEX_POINT('',#3799);
#1083=VERTEX_POINT('',#3803);
#1084=VERTEX_POINT('',#3805);
#1085=VERTEX_POINT('',#3809);
#1086=VERTEX_POINT('',#3811);
#1087=VERTEX_POINT('',#3815);
#1088=VERTEX_POINT('',#3817);
#1089=VERTEX_POINT('',#3821);
#1090=VERTEX_POINT('',#3823);
#1091=VERTEX_POINT('',#3827);
#1092=VERTEX_POINT('',#3828);
#1093=VERTEX_POINT('',#3832);
#1094=VERTEX_POINT('',#3835);
#1095=VERTEX_POINT('',#3836);
#1096=VERTEX_POINT('',#3838);
#1097=VERTEX_POINT('',#3840);
#1098=VERTEX_POINT('',#3844);
#1099=VERTEX_POINT('',#3846);
#1100=VERTEX_POINT('',#3850);
#1101=VERTEX_POINT('',#3852);
#1102=VERTEX_POINT('',#3856);
#1103=VERTEX_POINT('',#3857);
#1104=VERTEX_POINT('',#3859);
#1105=VERTEX_POINT('',#3861);
#1106=VERTEX_POINT('',#3868);
#1107=VERTEX_POINT('',#3870);
#1108=VERTEX_POINT('',#3873);
#1109=VERTEX_POINT('',#3876);
#1110=VERTEX_POINT('',#3877);
#1111=VERTEX_POINT('',#3879);
#1112=VERTEX_POINT('',#3881);
#1113=VERTEX_POINT('',#3885);
#1114=VERTEX_POINT('',#3887);
#1115=VERTEX_POINT('',#3891);
#1116=VERTEX_POINT('',#3892);
#1117=VERTEX_POINT('',#3894);
#1118=VERTEX_POINT('',#3896);
#1119=VERTEX_POINT('',#3900);
#1120=VERTEX_POINT('',#3902);
#1121=VERTEX_POINT('',#3909);
#1122=VERTEX_POINT('',#3911);
#1123=VERTEX_POINT('',#3914);
#1124=VERTEX_POINT('',#3917);
#1125=VERTEX_POINT('',#3919);
#1126=VERTEX_POINT('',#3923);
#1127=VERTEX_POINT('',#3925);
#1128=VERTEX_POINT('',#3927);
#1129=VERTEX_POINT('',#3929);
#1130=VERTEX_POINT('',#3932);
#1131=VERTEX_POINT('',#3936);
#1132=VERTEX_POINT('',#3940);
#1133=VERTEX_POINT('',#3942);
#1134=VERTEX_POINT('',#3946);
#1135=VERTEX_POINT('',#3947);
#1136=VERTEX_POINT('',#3949);
#1137=VERTEX_POINT('',#3951);
#1138=VERTEX_POINT('',#3953);
#1139=VERTEX_POINT('',#3958);
#1140=VERTEX_POINT('',#3960);
#1141=VERTEX_POINT('',#3962);
#1142=VERTEX_POINT('',#3968);
#1143=VERTEX_POINT('',#3970);
#1144=VERTEX_POINT('',#3972);
#1145=VERTEX_POINT('',#3978);
#1146=VERTEX_POINT('',#3979);
#1147=VERTEX_POINT('',#3981);
#1148=VERTEX_POINT('',#3986);
#1149=VERTEX_POINT('',#3988);
#1150=VERTEX_POINT('',#3990);
#1151=VERTEX_POINT('',#3996);
#1152=VERTEX_POINT('',#3998);
#1153=VERTEX_POINT('',#4000);
#1154=VERTEX_POINT('',#4004);
#1155=VERTEX_POINT('',#4006);
#1156=VERTEX_POINT('',#4008);
#1157=VERTEX_POINT('',#4012);
#1158=VERTEX_POINT('',#4013);
#1159=VERTEX_POINT('',#4015);
#1160=VERTEX_POINT('',#4017);
#1161=VERTEX_POINT('',#4021);
#1162=VERTEX_POINT('',#4022);
#1163=VERTEX_POINT('',#4027);
#1164=VERTEX_POINT('',#4029);
#1165=VERTEX_POINT('',#4033);
#1166=VERTEX_POINT('',#4035);
#1167=VERTEX_POINT('',#4037);
#1168=VERTEX_POINT('',#4041);
#1169=VERTEX_POINT('',#4043);
#1170=VERTEX_POINT('',#4047);
#1171=VERTEX_POINT('',#4048);
#1172=VERTEX_POINT('',#4050);
#1173=VERTEX_POINT('',#4052);
#1174=VERTEX_POINT('',#4056);
#1175=VERTEX_POINT('',#4057);
#1176=VERTEX_POINT('',#4059);
#1177=VERTEX_POINT('',#4061);
#1178=VERTEX_POINT('',#4063);
#1179=VERTEX_POINT('',#4065);
#1180=VERTEX_POINT('',#4067);
#1181=VERTEX_POINT('',#4070);
#1182=VERTEX_POINT('',#4072);
#1183=VERTEX_POINT('',#4074);
#1184=VERTEX_POINT('',#4078);
#1185=VERTEX_POINT('',#4080);
#1186=VERTEX_POINT('',#4083);
#1187=VERTEX_POINT('',#4087);
#1188=VERTEX_POINT('',#4091);
#1189=VERTEX_POINT('',#4095);
#1190=VERTEX_POINT('',#4099);
#1191=VERTEX_POINT('',#4103);
#1192=VERTEX_POINT('',#4104);
#1193=VERTEX_POINT('',#4106);
#1194=VERTEX_POINT('',#4108);
#1195=VERTEX_POINT('',#4110);
#1196=VERTEX_POINT('',#4112);
#1197=VERTEX_POINT('',#4114);
#1198=VERTEX_POINT('',#4116);
#1199=VERTEX_POINT('',#4144);
#1200=VERTEX_POINT('',#4151);
#1201=VERTEX_POINT('',#4166);
#1202=VERTEX_POINT('',#4168);
#1203=VERTEX_POINT('',#4174);
#1204=VERTEX_POINT('',#4176);
#1205=VERTEX_POINT('',#4180);
#1206=VERTEX_POINT('',#4182);
#1207=VERTEX_POINT('',#4184);
#1208=VERTEX_POINT('',#4188);
#1209=VERTEX_POINT('',#4192);
#1210=VERTEX_POINT('',#4196);
#1211=VERTEX_POINT('',#4202);
#1212=VERTEX_POINT('',#4206);
#1213=VERTEX_POINT('',#4210);
#1214=VERTEX_POINT('',#4214);
#1215=VERTEX_POINT('',#4222);
#1216=VERTEX_POINT('',#4223);
#1217=VERTEX_POINT('',#4225);
#1218=VERTEX_POINT('',#4227);
#1219=VERTEX_POINT('',#4231);
#1220=VERTEX_POINT('',#4233);
#1221=VERTEX_POINT('',#4237);
#1222=VERTEX_POINT('',#4239);
#1223=VERTEX_POINT('',#4243);
#1224=VERTEX_POINT('',#4245);
#1225=VERTEX_POINT('',#4249);
#1226=VERTEX_POINT('',#4251);
#1227=VERTEX_POINT('',#4255);
#1228=VERTEX_POINT('',#4257);
#1229=VERTEX_POINT('',#4261);
#1230=VERTEX_POINT('',#4263);
#1231=VERTEX_POINT('',#4270);
#1232=VERTEX_POINT('',#4272);
#1233=VERTEX_POINT('',#4276);
#1234=VERTEX_POINT('',#4280);
#1235=VERTEX_POINT('',#4284);
#1236=VERTEX_POINT('',#4288);
#1237=VERTEX_POINT('',#4292);
#1238=VERTEX_POINT('',#4296);
#1239=VERTEX_POINT('',#4302);
#1240=VERTEX_POINT('',#4306);
#1241=VERTEX_POINT('',#4310);
#1242=VERTEX_POINT('',#4316);
#1243=VERTEX_POINT('',#4320);
#1244=VERTEX_POINT('',#4324);
#1245=VERTEX_POINT('',#4328);
#1246=EDGE_CURVE('',#1000,#1001,#986,.T.);
#1247=EDGE_CURVE('',#1000,#1002,#444,.T.);
#1248=EDGE_CURVE('',#1002,#1003,#445,.T.);
#1249=EDGE_CURVE('',#1003,#1004,#446,.T.);
#1250=EDGE_CURVE('',#1001,#1004,#447,.T.);
#1251=EDGE_CURVE('',#1005,#1006,#448,.T.);
#1252=EDGE_CURVE('',#1006,#1003,#75,.T.);
#1253=EDGE_CURVE('',#1002,#1005,#76,.T.);
#1254=EDGE_CURVE('',#1007,#1008,#449,.T.);
#1255=EDGE_CURVE('',#1007,#1006,#450,.T.);
#1256=EDGE_CURVE('',#1005,#1009,#451,.T.);
#1257=EDGE_CURVE('',#1008,#1009,#987,.T.);
#1258=EDGE_CURVE('',#1010,#1001,#452,.T.);
#1259=EDGE_CURVE('',#1011,#1010,#77,.T.);
#1260=EDGE_CURVE('',#1011,#1000,#453,.T.);
#1261=EDGE_CURVE('',#1012,#1004,#454,.T.);
#1262=EDGE_CURVE('',#1012,#1013,#455,.T.);
#1263=EDGE_CURVE('',#1010,#1013,#456,.T.);
#1264=EDGE_CURVE('',#1007,#1014,#457,.T.);
#1265=EDGE_CURVE('',#1015,#1014,#458,.T.);
#1266=EDGE_CURVE('',#1016,#1015,#78,.T.);
#1267=EDGE_CURVE('',#1017,#1016,#459,.T.);
#1268=EDGE_CURVE('',#1017,#1018,#460,.T.);
#1269=EDGE_CURVE('',#1019,#1018,#461,.T.);
#1270=EDGE_CURVE('',#1020,#1019,#79,.T.);
#1271=EDGE_CURVE('',#1021,#1020,#462,.T.);
#1272=EDGE_CURVE('',#1021,#1022,#463,.T.);
#1273=EDGE_CURVE('',#1023,#1022,#464,.T.);
#1274=EDGE_CURVE('',#1024,#1023,#80,.T.);
#1275=EDGE_CURVE('',#1025,#1024,#465,.T.);
#1276=EDGE_CURVE('',#1025,#1026,#466,.T.);
#1277=EDGE_CURVE('',#1026,#1027,#467,.T.);
#1278=EDGE_CURVE('',#1027,#1028,#468,.T.);
#1279=EDGE_CURVE('',#1028,#1029,#81,.T.);
#1280=EDGE_CURVE('',#1029,#1030,#469,.T.);
#1281=EDGE_CURVE('',#1030,#1031,#82,.T.);
#1282=EDGE_CURVE('',#1031,#1032,#470,.T.);
#1283=EDGE_CURVE('',#1032,#1033,#471,.T.);
#1284=EDGE_CURVE('',#1034,#1033,#472,.T.);
#1285=EDGE_CURVE('',#1034,#1035,#473,.T.);
#1286=EDGE_CURVE('',#1035,#1036,#83,.T.);
#1287=EDGE_CURVE('',#1036,#1012,#474,.T.);
#1288=EDGE_CURVE('',#1037,#1038,#988,.T.);
#1289=EDGE_CURVE('',#1037,#1039,#475,.T.);
#1290=EDGE_CURVE('',#1039,#1015,#476,.T.);
#1291=EDGE_CURVE('',#1038,#1014,#477,.T.);
#1292=EDGE_CURVE('',#1040,#1016,#478,.T.);
#1293=EDGE_CURVE('',#1039,#1040,#84,.T.);
#1294=EDGE_CURVE('',#1017,#1041,#479,.T.);
#1295=EDGE_CURVE('',#1040,#1042,#480,.T.);
#1296=EDGE_CURVE('',#1041,#1042,#989,.T.);
#1297=EDGE_CURVE('',#1043,#1038,#481,.T.);
#1298=EDGE_CURVE('',#1043,#1044,#990,.T.);
#1299=EDGE_CURVE('',#1044,#1037,#482,.T.);
#1300=EDGE_CURVE('',#1045,#1008,#483,.T.);
#1301=EDGE_CURVE('',#1045,#1043,#484,.T.);
#1302=EDGE_CURVE('',#1046,#1020,#485,.T.);
#1303=EDGE_CURVE('',#1019,#1047,#486,.T.);
#1304=EDGE_CURVE('',#1047,#1046,#85,.T.);
#1305=EDGE_CURVE('',#1048,#1049,#991,.T.);
#1306=EDGE_CURVE('',#1048,#1047,#487,.T.);
#1307=EDGE_CURVE('',#1049,#1018,#488,.T.);
#1308=EDGE_CURVE('',#1021,#1050,#489,.T.);
#1309=EDGE_CURVE('',#1046,#1051,#490,.T.);
#1310=EDGE_CURVE('',#1050,#1051,#992,.T.);
#1311=EDGE_CURVE('',#1052,#1049,#491,.T.);
#1312=EDGE_CURVE('',#1052,#1053,#993,.T.);
#1313=EDGE_CURVE('',#1053,#1048,#492,.T.);
#1314=EDGE_CURVE('',#1054,#1041,#493,.T.);
#1315=EDGE_CURVE('',#1054,#1052,#494,.T.);
#1316=EDGE_CURVE('',#1055,#1024,#495,.T.);
#1317=EDGE_CURVE('',#1023,#1056,#496,.T.);
#1318=EDGE_CURVE('',#1056,#1055,#86,.T.);
#1319=EDGE_CURVE('',#1057,#1058,#994,.T.);
#1320=EDGE_CURVE('',#1057,#1056,#497,.T.);
#1321=EDGE_CURVE('',#1058,#1022,#498,.T.);
#1322=EDGE_CURVE('',#1025,#1059,#499,.T.);
#1323=EDGE_CURVE('',#1055,#1060,#500,.T.);
#1324=EDGE_CURVE('',#1059,#1060,#995,.T.);
#1325=EDGE_CURVE('',#1061,#1058,#501,.T.);
#1326=EDGE_CURVE('',#1061,#1062,#996,.T.);
#1327=EDGE_CURVE('',#1062,#1057,#502,.T.);
#1328=EDGE_CURVE('',#1063,#1050,#503,.T.);
#1329=EDGE_CURVE('',#1063,#1061,#504,.T.);
#1330=EDGE_CURVE('',#1064,#1065,#87,.T.);
#1331=EDGE_CURVE('',#1064,#1066,#505,.T.);
#1332=EDGE_CURVE('',#1066,#1067,#88,.T.);
#1333=EDGE_CURVE('',#1065,#1067,#506,.T.);
#1334=EDGE_CURVE('',#1068,#1064,#507,.T.);
#1335=EDGE_CURVE('',#1068,#1069,#508,.T.);
#1336=EDGE_CURVE('',#1069,#1066,#509,.T.);
#1337=EDGE_CURVE('',#1070,#1068,#89,.T.);
#1338=EDGE_CURVE('',#1071,#1070,#510,.T.);
#1339=EDGE_CURVE('',#1071,#1069,#90,.T.);
#1340=EDGE_CURVE('',#1072,#1073,#91,.T.);
#1341=EDGE_CURVE('',#1072,#1074,#511,.T.);
#1342=EDGE_CURVE('',#1074,#1075,#92,.T.);
#1343=EDGE_CURVE('',#1075,#1073,#512,.T.);
#1344=EDGE_CURVE('',#1065,#1072,#513,.T.);
#1345=EDGE_CURVE('',#1067,#1074,#514,.T.);
#1346=EDGE_CURVE('',#1076,#1071,#515,.T.);
#1347=EDGE_CURVE('',#1077,#1076,#93,.T.);
#1348=EDGE_CURVE('',#1075,#1077,#516,.T.);
#1349=EDGE_CURVE('',#1078,#1078,#94,.T.);
#1350=EDGE_CURVE('',#1079,#1080,#95,.T.);
#1351=EDGE_CURVE('',#1079,#1081,#517,.T.);
#1352=EDGE_CURVE('',#1081,#1082,#96,.T.);
#1353=EDGE_CURVE('',#1082,#1080,#518,.T.);
#1354=EDGE_CURVE('',#1083,#1079,#519,.T.);
#1355=EDGE_CURVE('',#1083,#1084,#520,.T.);
#1356=EDGE_CURVE('',#1084,#1081,#521,.T.);
#1357=EDGE_CURVE('',#1085,#1083,#97,.T.);
#1358=EDGE_CURVE('',#1085,#1086,#522,.T.);
#1359=EDGE_CURVE('',#1086,#1084,#98,.T.);
#1360=EDGE_CURVE('',#1087,#1085,#523,.T.);
#1361=EDGE_CURVE('',#1087,#1088,#524,.T.);
#1362=EDGE_CURVE('',#1088,#1086,#525,.T.);
#1363=EDGE_CURVE('',#1089,#1087,#99,.T.);
#1364=EDGE_CURVE('',#1090,#1089,#526,.T.);
#1365=EDGE_CURVE('',#1090,#1088,#100,.T.);
#1366=EDGE_CURVE('',#1091,#1092,#101,.T.);
#1367=EDGE_CURVE('',#1082,#1091,#527,.T.);
#1368=EDGE_CURVE('',#1092,#1090,#528,.T.);
#1369=EDGE_CURVE('',#1093,#1093,#102,.T.);
#1370=EDGE_CURVE('',#1094,#1095,#103,.T.);
#1371=EDGE_CURVE('',#1094,#1096,#529,.T.);
#1372=EDGE_CURVE('',#1096,#1097,#104,.T.);
#1373=EDGE_CURVE('',#1095,#1097,#530,.T.);
#1374=EDGE_CURVE('',#1098,#1094,#531,.T.);
#1375=EDGE_CURVE('',#1098,#1099,#532,.T.);
#1376=EDGE_CURVE('',#1099,#1096,#533,.T.);
#1377=EDGE_CURVE('',#1100,#1098,#105,.T.);
#1378=EDGE_CURVE('',#1101,#1100,#534,.T.);
#1379=EDGE_CURVE('',#1101,#1099,#106,.T.);
#1380=EDGE_CURVE('',#1102,#1103,#107,.T.);
#1381=EDGE_CURVE('',#1102,#1104,#535,.T.);
#1382=EDGE_CURVE('',#1104,#1105,#108,.T.);
#1383=EDGE_CURVE('',#1105,#1103,#536,.T.);
#1384=EDGE_CURVE('',#1095,#1102,#537,.T.);
#1385=EDGE_CURVE('',#1097,#1104,#538,.T.);
#1386=EDGE_CURVE('',#1106,#1101,#539,.T.);
#1387=EDGE_CURVE('',#1107,#1106,#109,.T.);
#1388=EDGE_CURVE('',#1105,#1107,#540,.T.);
#1389=EDGE_CURVE('',#1108,#1108,#110,.T.);
#1390=EDGE_CURVE('',#1109,#1110,#541,.T.);
#1391=EDGE_CURVE('',#1109,#1111,#542,.T.);
#1392=EDGE_CURVE('',#1111,#1112,#543,.T.);
#1393=EDGE_CURVE('',#1110,#1112,#544,.T.);
#1394=EDGE_CURVE('',#1113,#1109,#111,.T.);
#1395=EDGE_CURVE('',#1114,#1113,#545,.T.);
#1396=EDGE_CURVE('',#1114,#1111,#112,.T.);
#1397=EDGE_CURVE('',#1115,#1116,#113,.T.);
#1398=EDGE_CURVE('',#1115,#1117,#546,.T.);
#1399=EDGE_CURVE('',#1117,#1118,#114,.T.);
#1400=EDGE_CURVE('',#1118,#1116,#547,.T.);
#1401=EDGE_CURVE('',#1119,#1115,#548,.T.);
#1402=EDGE_CURVE('',#1119,#1120,#549,.T.);
#1403=EDGE_CURVE('',#1120,#1117,#550,.T.);
#1404=EDGE_CURVE('',#1110,#1119,#115,.T.);
#1405=EDGE_CURVE('',#1112,#1120,#116,.T.);
#1406=EDGE_CURVE('',#1121,#1114,#551,.T.);
#1407=EDGE_CURVE('',#1122,#1121,#117,.T.);
#1408=EDGE_CURVE('',#1118,#1122,#552,.T.);
#1409=EDGE_CURVE('',#1123,#1123,#118,.T.);
#1410=EDGE_CURVE('',#1076,#1124,#553,.T.);
#1411=EDGE_CURVE('',#1125,#1124,#119,.F.);
#1412=EDGE_CURVE('',#1077,#1125,#554,.T.);
#1413=EDGE_CURVE('',#1126,#1070,#555,.F.);
#1414=EDGE_CURVE('',#1126,#1127,#556,.T.);
#1415=EDGE_CURVE('',#1127,#1128,#557,.F.);
#1416=EDGE_CURVE('',#1128,#1129,#558,.T.);
#1417=EDGE_CURVE('',#1103,#1129,#559,.F.);
#1418=EDGE_CURVE('',#1130,#1107,#560,.T.);
#1419=EDGE_CURVE('',#1124,#1130,#561,.F.);
#1420=EDGE_CURVE('',#1106,#1131,#562,.T.);
#1421=EDGE_CURVE('',#1130,#1131,#120,.F.);
#1422=EDGE_CURVE('',#1121,#1132,#563,.T.);
#1423=EDGE_CURVE('',#1133,#1132,#121,.F.);
#1424=EDGE_CURVE('',#1122,#1133,#564,.T.);
#1425=EDGE_CURVE('',#1134,#1135,#565,.T.);
#1426=EDGE_CURVE('',#1136,#1134,#566,.T.);
#1427=EDGE_CURVE('',#1137,#1136,#567,.T.);
#1428=EDGE_CURVE('',#1138,#1137,#568,.T.);
#1429=EDGE_CURVE('',#1053,#1138,#569,.T.);
#1430=EDGE_CURVE('',#1135,#1054,#997,.T.);
#1431=EDGE_CURVE('',#1139,#1040,#570,.T.);
#1432=EDGE_CURVE('',#1140,#1139,#571,.T.);
#1433=EDGE_CURVE('',#1140,#1141,#572,.T.);
#1434=EDGE_CURVE('',#1134,#1141,#573,.T.);
#1435=EDGE_CURVE('',#1135,#1042,#574,.T.);
#1436=EDGE_CURVE('',#1142,#1138,#575,.T.);
#1437=EDGE_CURVE('',#1143,#1142,#576,.T.);
#1438=EDGE_CURVE('',#1144,#1143,#577,.T.);
#1439=EDGE_CURVE('',#1144,#1047,#578,.T.);
#1440=EDGE_CURVE('',#1142,#1137,#122,.T.);
#1441=EDGE_CURVE('',#1145,#1146,#579,.T.);
#1442=EDGE_CURVE('',#1147,#1145,#580,.T.);
#1443=EDGE_CURVE('',#1044,#1147,#581,.T.);
#1444=EDGE_CURVE('',#1146,#1045,#998,.T.);
#1445=EDGE_CURVE('',#1148,#1005,#582,.T.);
#1446=EDGE_CURVE('',#1149,#1148,#583,.T.);
#1447=EDGE_CURVE('',#1149,#1150,#584,.T.);
#1448=EDGE_CURVE('',#1145,#1150,#585,.T.);
#1449=EDGE_CURVE('',#1146,#1009,#586,.T.);
#1450=EDGE_CURVE('',#1151,#1063,#999,.T.);
#1451=EDGE_CURVE('',#1152,#1151,#587,.T.);
#1452=EDGE_CURVE('',#1153,#1152,#588,.T.);
#1453=EDGE_CURVE('',#1062,#1153,#589,.T.);
#1454=EDGE_CURVE('',#1154,#1153,#590,.T.);
#1455=EDGE_CURVE('',#1155,#1154,#591,.T.);
#1456=EDGE_CURVE('',#1156,#1155,#592,.T.);
#1457=EDGE_CURVE('',#1156,#1056,#593,.T.);
#1458=EDGE_CURVE('',#1157,#1158,#594,.T.);
#1459=EDGE_CURVE('',#1157,#1159,#595,.T.);
#1460=EDGE_CURVE('',#1159,#1160,#596,.T.);
#1461=EDGE_CURVE('',#1160,#1158,#597,.T.);
#1462=EDGE_CURVE('',#1161,#1162,#598,.T.);
#1463=EDGE_CURVE('',#1161,#1160,#599,.T.);
#1464=EDGE_CURVE('',#1162,#1159,#600,.T.);
#1465=EDGE_CURVE('',#1162,#1163,#123,.T.);
#1466=EDGE_CURVE('',#1163,#1164,#601,.T.);
#1467=EDGE_CURVE('',#1164,#1161,#124,.T.);
#1468=EDGE_CURVE('',#1013,#1165,#602,.T.);
#1469=EDGE_CURVE('',#1166,#1165,#603,.T.);
#1470=EDGE_CURVE('',#1167,#1166,#125,.T.);
#1471=EDGE_CURVE('',#1167,#1011,#604,.T.);
#1472=EDGE_CURVE('',#1128,#1168,#605,.T.);
#1473=EDGE_CURVE('',#1127,#1169,#606,.T.);
#1474=EDGE_CURVE('',#1168,#1169,#607,.T.);
#1475=EDGE_CURVE('',#1170,#1171,#608,.T.);
#1476=EDGE_CURVE('',#1170,#1172,#609,.T.);
#1477=EDGE_CURVE('',#1173,#1172,#610,.T.);
#1478=EDGE_CURVE('',#1171,#1173,#611,.T.);
#1479=EDGE_CURVE('',#1174,#1175,#612,.T.);
#1480=EDGE_CURVE('',#1174,#1176,#613,.T.);
#1481=EDGE_CURVE('',#1176,#1177,#614,.T.);
#1482=EDGE_CURVE('',#1177,#1178,#126,.T.);
#1483=EDGE_CURVE('',#1178,#1179,#615,.T.);
#1484=EDGE_CURVE('',#1179,#1180,#127,.T.);
#1485=EDGE_CURVE('',#1180,#1173,#616,.T.);
#1486=EDGE_CURVE('',#1172,#1181,#617,.T.);
#1487=EDGE_CURVE('',#1181,#1182,#128,.T.);
#1488=EDGE_CURVE('',#1182,#1183,#618,.T.);
#1489=EDGE_CURVE('',#1183,#1175,#129,.T.);
#1490=EDGE_CURVE('',#1180,#1184,#619,.T.);
#1491=EDGE_CURVE('',#1185,#1184,#620,.T.);
#1492=EDGE_CURVE('',#1034,#1185,#621,.T.);
#1493=EDGE_CURVE('',#1033,#1186,#622,.T.);
#1494=EDGE_CURVE('',#1171,#1186,#623,.T.);
#1495=EDGE_CURVE('',#1179,#1187,#624,.T.);
#1496=EDGE_CURVE('',#1184,#1187,#130,.T.);
#1497=EDGE_CURVE('',#1178,#1188,#625,.T.);
#1498=EDGE_CURVE('',#1187,#1188,#626,.T.);
#1499=EDGE_CURVE('',#1177,#1189,#627,.T.);
#1500=EDGE_CURVE('',#1188,#1189,#131,.T.);
#1501=EDGE_CURVE('',#1176,#1190,#628,.T.);
#1502=EDGE_CURVE('',#1189,#1190,#629,.T.);
#1503=EDGE_CURVE('',#1191,#1192,#132,.T.);
#1504=EDGE_CURVE('',#1192,#1193,#630,.T.);
#1505=EDGE_CURVE('',#1193,#1194,#631,.T.);
#1506=EDGE_CURVE('',#1194,#1195,#632,.T.);
#1507=EDGE_CURVE('',#1195,#1196,#133,.T.);
#1508=EDGE_CURVE('',#1196,#1197,#633,.T.);
#1509=EDGE_CURVE('',#1198,#1197,#134,.T.);
#1510=EDGE_CURVE('',#1191,#1198,#634,.T.);
#1511=EDGE_CURVE('',#1169,#1174,#635,.T.);
#1512=EDGE_CURVE('',#1190,#1126,#636,.T.);
#1513=EDGE_CURVE('',#1195,#1059,#637,.T.);
#1514=EDGE_CURVE('',#1194,#1026,#638,.T.);
#1515=EDGE_CURVE('',#1034,#1164,#639,.T.);
#1516=EDGE_CURVE('',#1035,#1163,#640,.T.);
#1517=EDGE_CURVE('',#1036,#1162,#641,.T.);
#1518=EDGE_CURVE('',#1165,#1157,#642,.T.);
#1519=EDGE_CURVE('',#1027,#1193,#643,.T.);
#1520=EDGE_CURVE('',#1028,#1192,#644,.T.);
#1521=EDGE_CURVE('',#1175,#1191,#645,.T.);
#1522=EDGE_CURVE('',#1029,#1183,#646,.T.);
#1523=EDGE_CURVE('',#1030,#1182,#647,.T.);
#1524=EDGE_CURVE('',#1031,#1181,#648,.T.);
#1525=EDGE_CURVE('',#1199,#1170,#649,.T.);
#1526=EDGE_CURVE('',#1032,#1199,#650,.T.);
#1527=EDGE_CURVE('',#1186,#1199,#651,.T.);
#1528=EDGE_CURVE('',#1200,#1185,#135,.T.);
#1529=EDGE_CURVE('',#1161,#1200,#652,.T.);
#1530=EDGE_CURVE('',#1129,#1200,#653,.T.);
#1531=EDGE_CURVE('',#1158,#1168,#654,.T.);
#1532=EDGE_CURVE('',#1073,#1113,#655,.F.);
#1533=EDGE_CURVE('',#1116,#1089,#656,.F.);
#1534=EDGE_CURVE('',#1080,#1100,#657,.F.);
#1535=EDGE_CURVE('',#1196,#1060,#658,.T.);
#1536=EDGE_CURVE('',#1151,#1051,#659,.T.);
#1537=EDGE_CURVE('',#1201,#1147,#660,.T.);
#1538=EDGE_CURVE('',#1202,#1201,#661,.T.);
#1539=EDGE_CURVE('',#1202,#1039,#662,.T.);
#1540=EDGE_CURVE('',#1136,#1141,#136,.T.);
#1541=EDGE_CURVE('',#1203,#1150,#137,.T.);
#1542=EDGE_CURVE('',#1204,#1203,#663,.T.);
#1543=EDGE_CURVE('',#1201,#1204,#138,.T.);
#1544=EDGE_CURVE('',#1152,#1205,#664,.T.);
#1545=EDGE_CURVE('',#1206,#1205,#139,.T.);
#1546=EDGE_CURVE('',#1207,#1206,#665,.T.);
#1547=EDGE_CURVE('',#1154,#1207,#140,.T.);
#1548=EDGE_CURVE('',#1208,#1144,#141,.T.);
#1549=EDGE_CURVE('',#1208,#1046,#666,.T.);
#1550=EDGE_CURVE('',#1209,#1137,#667,.T.);
#1551=EDGE_CURVE('',#1143,#1209,#142,.T.);
#1552=EDGE_CURVE('',#1210,#1136,#668,.T.);
#1553=EDGE_CURVE('',#1209,#1210,#669,.T.);
#1554=EDGE_CURVE('',#1210,#1140,#143,.T.);
#1555=EDGE_CURVE('',#1211,#1202,#670,.T.);
#1556=EDGE_CURVE('',#1139,#1211,#144,.T.);
#1557=EDGE_CURVE('',#1212,#1201,#671,.T.);
#1558=EDGE_CURVE('',#1211,#1212,#672,.T.);
#1559=EDGE_CURVE('',#1213,#1204,#673,.T.);
#1560=EDGE_CURVE('',#1212,#1213,#145,.T.);
#1561=EDGE_CURVE('',#1214,#1203,#674,.T.);
#1562=EDGE_CURVE('',#1213,#1214,#675,.T.);
#1563=EDGE_CURVE('',#1214,#1149,#146,.T.);
#1564=EDGE_CURVE('',#1132,#1125,#676,.F.);
#1565=EDGE_CURVE('',#1215,#1216,#677,.T.);
#1566=EDGE_CURVE('',#1215,#1217,#678,.T.);
#1567=EDGE_CURVE('',#1218,#1217,#679,.T.);
#1568=EDGE_CURVE('',#1216,#1218,#680,.T.);
#1569=EDGE_CURVE('',#1216,#1219,#147,.T.);
#1570=EDGE_CURVE('',#1220,#1218,#148,.T.);
#1571=EDGE_CURVE('',#1219,#1220,#681,.T.);
#1572=EDGE_CURVE('',#1219,#1221,#682,.T.);
#1573=EDGE_CURVE('',#1222,#1220,#683,.T.);
#1574=EDGE_CURVE('',#1221,#1222,#684,.T.);
#1575=EDGE_CURVE('',#1221,#1223,#149,.T.);
#1576=EDGE_CURVE('',#1224,#1222,#150,.T.);
#1577=EDGE_CURVE('',#1223,#1224,#685,.T.);
#1578=EDGE_CURVE('',#1223,#1225,#686,.T.);
#1579=EDGE_CURVE('',#1226,#1224,#687,.T.);
#1580=EDGE_CURVE('',#1225,#1226,#688,.T.);
#1581=EDGE_CURVE('',#1225,#1227,#151,.T.);
#1582=EDGE_CURVE('',#1228,#1226,#152,.T.);
#1583=EDGE_CURVE('',#1227,#1228,#689,.T.);
#1584=EDGE_CURVE('',#1227,#1229,#690,.T.);
#1585=EDGE_CURVE('',#1230,#1228,#691,.T.);
#1586=EDGE_CURVE('',#1229,#1230,#692,.T.);
#1587=EDGE_CURVE('',#1229,#1215,#153,.T.);
#1588=EDGE_CURVE('',#1217,#1230,#154,.T.);
#1589=EDGE_CURVE('',#1131,#1231,#693,.F.);
#1590=EDGE_CURVE('',#1231,#1232,#155,.F.);
#1591=EDGE_CURVE('',#1232,#1133,#694,.F.);
#1592=EDGE_CURVE('',#1233,#1002,#695,.T.);
#1593=EDGE_CURVE('',#1148,#1233,#156,.T.);
#1594=EDGE_CURVE('',#1234,#1167,#696,.T.);
#1595=EDGE_CURVE('',#1233,#1234,#697,.T.);
#1596=EDGE_CURVE('',#1235,#1166,#698,.T.);
#1597=EDGE_CURVE('',#1234,#1235,#157,.T.);
#1598=EDGE_CURVE('',#1236,#1198,#699,.T.);
#1599=EDGE_CURVE('',#1235,#1236,#700,.T.);
#1600=EDGE_CURVE('',#1237,#1197,#701,.T.);
#1601=EDGE_CURVE('',#1236,#1237,#158,.T.);
#1602=EDGE_CURVE('',#1238,#1055,#702,.T.);
#1603=EDGE_CURVE('',#1237,#1238,#703,.T.);
#1604=EDGE_CURVE('',#1238,#1156,#159,.T.);
#1605=EDGE_CURVE('',#1239,#1207,#704,.T.);
#1606=EDGE_CURVE('',#1155,#1239,#160,.T.);
#1607=EDGE_CURVE('',#1240,#1206,#705,.T.);
#1608=EDGE_CURVE('',#1239,#1240,#706,.T.);
#1609=EDGE_CURVE('',#1241,#1205,#707,.T.);
#1610=EDGE_CURVE('',#1240,#1241,#161,.T.);
#1611=EDGE_CURVE('',#1241,#1208,#708,.T.);
#1612=EDGE_CURVE('',#1093,#1242,#709,.T.);
#1613=EDGE_CURVE('',#1242,#1242,#162,.T.);
#1614=EDGE_CURVE('',#1108,#1243,#710,.T.);
#1615=EDGE_CURVE('',#1243,#1243,#163,.T.);
#1616=EDGE_CURVE('',#1123,#1244,#711,.T.);
#1617=EDGE_CURVE('',#1244,#1244,#164,.T.);
#1618=EDGE_CURVE('',#1078,#1245,#712,.T.);
#1619=EDGE_CURVE('',#1245,#1245,#165,.T.);
#1620=EDGE_CURVE('',#1091,#1231,#713,.T.);
#1621=EDGE_CURVE('',#1092,#1232,#714,.T.);
#1622=ORIENTED_EDGE('',*,*,#1246,.F.);
#1623=ORIENTED_EDGE('',*,*,#1247,.T.);
#1624=ORIENTED_EDGE('',*,*,#1248,.T.);
#1625=ORIENTED_EDGE('',*,*,#1249,.T.);
#1626=ORIENTED_EDGE('',*,*,#1250,.F.);
#1627=ORIENTED_EDGE('',*,*,#1251,.T.);
#1628=ORIENTED_EDGE('',*,*,#1252,.T.);
#1629=ORIENTED_EDGE('',*,*,#1248,.F.);
#1630=ORIENTED_EDGE('',*,*,#1253,.T.);
#1631=ORIENTED_EDGE('',*,*,#1254,.F.);
#1632=ORIENTED_EDGE('',*,*,#1255,.T.);
#1633=ORIENTED_EDGE('',*,*,#1251,.F.);
#1634=ORIENTED_EDGE('',*,*,#1256,.T.);
#1635=ORIENTED_EDGE('',*,*,#1257,.F.);
#1636=ORIENTED_EDGE('',*,*,#1246,.T.);
#1637=ORIENTED_EDGE('',*,*,#1258,.F.);
#1638=ORIENTED_EDGE('',*,*,#1259,.F.);
#1639=ORIENTED_EDGE('',*,*,#1260,.T.);
#1640=ORIENTED_EDGE('',*,*,#1250,.T.);
#1641=ORIENTED_EDGE('',*,*,#1261,.F.);
#1642=ORIENTED_EDGE('',*,*,#1262,.T.);
#1643=ORIENTED_EDGE('',*,*,#1263,.F.);
#1644=ORIENTED_EDGE('',*,*,#1258,.T.);
#1645=ORIENTED_EDGE('',*,*,#1249,.F.);
#1646=ORIENTED_EDGE('',*,*,#1252,.F.);
#1647=ORIENTED_EDGE('',*,*,#1255,.F.);
#1648=ORIENTED_EDGE('',*,*,#1264,.T.);
#1649=ORIENTED_EDGE('',*,*,#1265,.F.);
#1650=ORIENTED_EDGE('',*,*,#1266,.F.);
#1651=ORIENTED_EDGE('',*,*,#1267,.F.);
#1652=ORIENTED_EDGE('',*,*,#1268,.T.);
#1653=ORIENTED_EDGE('',*,*,#1269,.F.);
#1654=ORIENTED_EDGE('',*,*,#1270,.F.);
#1655=ORIENTED_EDGE('',*,*,#1271,.F.);
#1656=ORIENTED_EDGE('',*,*,#1272,.T.);
#1657=ORIENTED_EDGE('',*,*,#1273,.F.);
#1658=ORIENTED_EDGE('',*,*,#1274,.F.);
#1659=ORIENTED_EDGE('',*,*,#1275,.F.);
#1660=ORIENTED_EDGE('',*,*,#1276,.T.);
#1661=ORIENTED_EDGE('',*,*,#1277,.T.);
#1662=ORIENTED_EDGE('',*,*,#1278,.T.);
#1663=ORIENTED_EDGE('',*,*,#1279,.T.);
#1664=ORIENTED_EDGE('',*,*,#1280,.T.);
#1665=ORIENTED_EDGE('',*,*,#1281,.T.);
#1666=ORIENTED_EDGE('',*,*,#1282,.T.);
#1667=ORIENTED_EDGE('',*,*,#1283,.T.);
#1668=ORIENTED_EDGE('',*,*,#1284,.F.);
#1669=ORIENTED_EDGE('',*,*,#1285,.T.);
#1670=ORIENTED_EDGE('',*,*,#1286,.T.);
#1671=ORIENTED_EDGE('',*,*,#1287,.T.);
#1672=ORIENTED_EDGE('',*,*,#1261,.T.);
#1673=ORIENTED_EDGE('',*,*,#1288,.F.);
#1674=ORIENTED_EDGE('',*,*,#1289,.T.);
#1675=ORIENTED_EDGE('',*,*,#1290,.T.);
#1676=ORIENTED_EDGE('',*,*,#1265,.T.);
#1677=ORIENTED_EDGE('',*,*,#1291,.F.);
#1678=ORIENTED_EDGE('',*,*,#1292,.T.);
#1679=ORIENTED_EDGE('',*,*,#1266,.T.);
#1680=ORIENTED_EDGE('',*,*,#1290,.F.);
#1681=ORIENTED_EDGE('',*,*,#1293,.T.);
#1682=ORIENTED_EDGE('',*,*,#1294,.F.);
#1683=ORIENTED_EDGE('',*,*,#1267,.T.);
#1684=ORIENTED_EDGE('',*,*,#1292,.F.);
#1685=ORIENTED_EDGE('',*,*,#1295,.T.);
#1686=ORIENTED_EDGE('',*,*,#1296,.F.);
#1687=ORIENTED_EDGE('',*,*,#1288,.T.);
#1688=ORIENTED_EDGE('',*,*,#1297,.F.);
#1689=ORIENTED_EDGE('',*,*,#1298,.T.);
#1690=ORIENTED_EDGE('',*,*,#1299,.T.);
#1691=ORIENTED_EDGE('',*,*,#1254,.T.);
#1692=ORIENTED_EDGE('',*,*,#1300,.F.);
#1693=ORIENTED_EDGE('',*,*,#1301,.T.);
#1694=ORIENTED_EDGE('',*,*,#1297,.T.);
#1695=ORIENTED_EDGE('',*,*,#1291,.T.);
#1696=ORIENTED_EDGE('',*,*,#1264,.F.);
#1697=ORIENTED_EDGE('',*,*,#1302,.T.);
#1698=ORIENTED_EDGE('',*,*,#1270,.T.);
#1699=ORIENTED_EDGE('',*,*,#1303,.T.);
#1700=ORIENTED_EDGE('',*,*,#1304,.T.);
#1701=ORIENTED_EDGE('',*,*,#1305,.F.);
#1702=ORIENTED_EDGE('',*,*,#1306,.T.);
#1703=ORIENTED_EDGE('',*,*,#1303,.F.);
#1704=ORIENTED_EDGE('',*,*,#1269,.T.);
#1705=ORIENTED_EDGE('',*,*,#1307,.F.);
#1706=ORIENTED_EDGE('',*,*,#1308,.F.);
#1707=ORIENTED_EDGE('',*,*,#1271,.T.);
#1708=ORIENTED_EDGE('',*,*,#1302,.F.);
#1709=ORIENTED_EDGE('',*,*,#1309,.T.);
#1710=ORIENTED_EDGE('',*,*,#1310,.F.);
#1711=ORIENTED_EDGE('',*,*,#1305,.T.);
#1712=ORIENTED_EDGE('',*,*,#1311,.F.);
#1713=ORIENTED_EDGE('',*,*,#1312,.T.);
#1714=ORIENTED_EDGE('',*,*,#1313,.T.);
#1715=ORIENTED_EDGE('',*,*,#1294,.T.);
#1716=ORIENTED_EDGE('',*,*,#1314,.F.);
#1717=ORIENTED_EDGE('',*,*,#1315,.T.);
#1718=ORIENTED_EDGE('',*,*,#1311,.T.);
#1719=ORIENTED_EDGE('',*,*,#1307,.T.);
#1720=ORIENTED_EDGE('',*,*,#1268,.F.);
#1721=ORIENTED_EDGE('',*,*,#1316,.T.);
#1722=ORIENTED_EDGE('',*,*,#1274,.T.);
#1723=ORIENTED_EDGE('',*,*,#1317,.T.);
#1724=ORIENTED_EDGE('',*,*,#1318,.T.);
#1725=ORIENTED_EDGE('',*,*,#1319,.F.);
#1726=ORIENTED_EDGE('',*,*,#1320,.T.);
#1727=ORIENTED_EDGE('',*,*,#1317,.F.);
#1728=ORIENTED_EDGE('',*,*,#1273,.T.);
#1729=ORIENTED_EDGE('',*,*,#1321,.F.);
#1730=ORIENTED_EDGE('',*,*,#1322,.F.);
#1731=ORIENTED_EDGE('',*,*,#1275,.T.);
#1732=ORIENTED_EDGE('',*,*,#1316,.F.);
#1733=ORIENTED_EDGE('',*,*,#1323,.T.);
#1734=ORIENTED_EDGE('',*,*,#1324,.F.);
#1735=ORIENTED_EDGE('',*,*,#1319,.T.);
#1736=ORIENTED_EDGE('',*,*,#1325,.F.);
#1737=ORIENTED_EDGE('',*,*,#1326,.T.);
#1738=ORIENTED_EDGE('',*,*,#1327,.T.);
#1739=ORIENTED_EDGE('',*,*,#1308,.T.);
#1740=ORIENTED_EDGE('',*,*,#1328,.F.);
#1741=ORIENTED_EDGE('',*,*,#1329,.T.);
#1742=ORIENTED_EDGE('',*,*,#1325,.T.);
#1743=ORIENTED_EDGE('',*,*,#1321,.T.);
#1744=ORIENTED_EDGE('',*,*,#1272,.F.);
#1745=ORIENTED_EDGE('',*,*,#1330,.F.);
#1746=ORIENTED_EDGE('',*,*,#1331,.T.);
#1747=ORIENTED_EDGE('',*,*,#1332,.T.);
#1748=ORIENTED_EDGE('',*,*,#1333,.F.);
#1749=ORIENTED_EDGE('',*,*,#1334,.F.);
#1750=ORIENTED_EDGE('',*,*,#1335,.T.);
#1751=ORIENTED_EDGE('',*,*,#1336,.T.);
#1752=ORIENTED_EDGE('',*,*,#1331,.F.);
#1753=ORIENTED_EDGE('',*,*,#1337,.F.);
#1754=ORIENTED_EDGE('',*,*,#1338,.F.);
#1755=ORIENTED_EDGE('',*,*,#1339,.T.);
#1756=ORIENTED_EDGE('',*,*,#1335,.F.);
#1757=ORIENTED_EDGE('',*,*,#1340,.F.);
#1758=ORIENTED_EDGE('',*,*,#1341,.T.);
#1759=ORIENTED_EDGE('',*,*,#1342,.T.);
#1760=ORIENTED_EDGE('',*,*,#1343,.T.);
#1761=ORIENTED_EDGE('',*,*,#1344,.F.);
#1762=ORIENTED_EDGE('',*,*,#1333,.T.);
#1763=ORIENTED_EDGE('',*,*,#1345,.T.);
#1764=ORIENTED_EDGE('',*,*,#1341,.F.);
#1765=ORIENTED_EDGE('',*,*,#1345,.F.);
#1766=ORIENTED_EDGE('',*,*,#1332,.F.);
#1767=ORIENTED_EDGE('',*,*,#1336,.F.);
#1768=ORIENTED_EDGE('',*,*,#1339,.F.);
#1769=ORIENTED_EDGE('',*,*,#1346,.F.);
#1770=ORIENTED_EDGE('',*,*,#1347,.F.);
#1771=ORIENTED_EDGE('',*,*,#1348,.F.);
#1772=ORIENTED_EDGE('',*,*,#1342,.F.);
#1773=ORIENTED_EDGE('',*,*,#1349,.F.);
#1774=ORIENTED_EDGE('',*,*,#1350,.F.);
#1775=ORIENTED_EDGE('',*,*,#1351,.T.);
#1776=ORIENTED_EDGE('',*,*,#1352,.T.);
#1777=ORIENTED_EDGE('',*,*,#1353,.T.);
#1778=ORIENTED_EDGE('',*,*,#1354,.F.);
#1779=ORIENTED_EDGE('',*,*,#1355,.T.);
#1780=ORIENTED_EDGE('',*,*,#1356,.T.);
#1781=ORIENTED_EDGE('',*,*,#1351,.F.);
#1782=ORIENTED_EDGE('',*,*,#1357,.F.);
#1783=ORIENTED_EDGE('',*,*,#1358,.T.);
#1784=ORIENTED_EDGE('',*,*,#1359,.T.);
#1785=ORIENTED_EDGE('',*,*,#1355,.F.);
#1786=ORIENTED_EDGE('',*,*,#1360,.F.);
#1787=ORIENTED_EDGE('',*,*,#1361,.T.);
#1788=ORIENTED_EDGE('',*,*,#1362,.T.);
#1789=ORIENTED_EDGE('',*,*,#1358,.F.);
#1790=ORIENTED_EDGE('',*,*,#1363,.F.);
#1791=ORIENTED_EDGE('',*,*,#1364,.F.);
#1792=ORIENTED_EDGE('',*,*,#1365,.T.);
#1793=ORIENTED_EDGE('',*,*,#1361,.F.);
#1794=ORIENTED_EDGE('',*,*,#1366,.F.);
#1795=ORIENTED_EDGE('',*,*,#1367,.F.);
#1796=ORIENTED_EDGE('',*,*,#1352,.F.);
#1797=ORIENTED_EDGE('',*,*,#1356,.F.);
#1798=ORIENTED_EDGE('',*,*,#1359,.F.);
#1799=ORIENTED_EDGE('',*,*,#1362,.F.);
#1800=ORIENTED_EDGE('',*,*,#1365,.F.);
#1801=ORIENTED_EDGE('',*,*,#1368,.F.);
#1802=ORIENTED_EDGE('',*,*,#1369,.F.);
#1803=ORIENTED_EDGE('',*,*,#1370,.F.);
#1804=ORIENTED_EDGE('',*,*,#1371,.T.);
#1805=ORIENTED_EDGE('',*,*,#1372,.T.);
#1806=ORIENTED_EDGE('',*,*,#1373,.F.);
#1807=ORIENTED_EDGE('',*,*,#1374,.F.);
#1808=ORIENTED_EDGE('',*,*,#1375,.T.);
#1809=ORIENTED_EDGE('',*,*,#1376,.T.);
#1810=ORIENTED_EDGE('',*,*,#1371,.F.);
#1811=ORIENTED_EDGE('',*,*,#1377,.F.);
#1812=ORIENTED_EDGE('',*,*,#1378,.F.);
#1813=ORIENTED_EDGE('',*,*,#1379,.T.);
#1814=ORIENTED_EDGE('',*,*,#1375,.F.);
#1815=ORIENTED_EDGE('',*,*,#1380,.F.);
#1816=ORIENTED_EDGE('',*,*,#1381,.T.);
#1817=ORIENTED_EDGE('',*,*,#1382,.T.);
#1818=ORIENTED_EDGE('',*,*,#1383,.T.);
#1819=ORIENTED_EDGE('',*,*,#1384,.F.);
#1820=ORIENTED_EDGE('',*,*,#1373,.T.);
#1821=ORIENTED_EDGE('',*,*,#1385,.T.);
#1822=ORIENTED_EDGE('',*,*,#1381,.F.);
#1823=ORIENTED_EDGE('',*,*,#1385,.F.);
#1824=ORIENTED_EDGE('',*,*,#1372,.F.);
#1825=ORIENTED_EDGE('',*,*,#1376,.F.);
#1826=ORIENTED_EDGE('',*,*,#1379,.F.);
#1827=ORIENTED_EDGE('',*,*,#1386,.F.);
#1828=ORIENTED_EDGE('',*,*,#1387,.F.);
#1829=ORIENTED_EDGE('',*,*,#1388,.F.);
#1830=ORIENTED_EDGE('',*,*,#1382,.F.);
#1831=ORIENTED_EDGE('',*,*,#1389,.F.);
#1832=ORIENTED_EDGE('',*,*,#1390,.F.);
#1833=ORIENTED_EDGE('',*,*,#1391,.T.);
#1834=ORIENTED_EDGE('',*,*,#1392,.T.);
#1835=ORIENTED_EDGE('',*,*,#1393,.F.);
#1836=ORIENTED_EDGE('',*,*,#1394,.F.);
#1837=ORIENTED_EDGE('',*,*,#1395,.F.);
#1838=ORIENTED_EDGE('',*,*,#1396,.T.);
#1839=ORIENTED_EDGE('',*,*,#1391,.F.);
#1840=ORIENTED_EDGE('',*,*,#1397,.F.);
#1841=ORIENTED_EDGE('',*,*,#1398,.T.);
#1842=ORIENTED_EDGE('',*,*,#1399,.T.);
#1843=ORIENTED_EDGE('',*,*,#1400,.T.);
#1844=ORIENTED_EDGE('',*,*,#1401,.F.);
#1845=ORIENTED_EDGE('',*,*,#1402,.T.);
#1846=ORIENTED_EDGE('',*,*,#1403,.T.);
#1847=ORIENTED_EDGE('',*,*,#1398,.F.);
#1848=ORIENTED_EDGE('',*,*,#1404,.F.);
#1849=ORIENTED_EDGE('',*,*,#1393,.T.);
#1850=ORIENTED_EDGE('',*,*,#1405,.T.);
#1851=ORIENTED_EDGE('',*,*,#1402,.F.);
#1852=ORIENTED_EDGE('',*,*,#1405,.F.);
#1853=ORIENTED_EDGE('',*,*,#1392,.F.);
#1854=ORIENTED_EDGE('',*,*,#1396,.F.);
#1855=ORIENTED_EDGE('',*,*,#1406,.F.);
#1856=ORIENTED_EDGE('',*,*,#1407,.F.);
#1857=ORIENTED_EDGE('',*,*,#1408,.F.);
#1858=ORIENTED_EDGE('',*,*,#1399,.F.);
#1859=ORIENTED_EDGE('',*,*,#1403,.F.);
#1860=ORIENTED_EDGE('',*,*,#1409,.F.);
#1861=ORIENTED_EDGE('',*,*,#1347,.T.);
#1862=ORIENTED_EDGE('',*,*,#1410,.T.);
#1863=ORIENTED_EDGE('',*,*,#1411,.F.);
#1864=ORIENTED_EDGE('',*,*,#1412,.F.);
#1865=ORIENTED_EDGE('',*,*,#1346,.T.);
#1866=ORIENTED_EDGE('',*,*,#1338,.T.);
#1867=ORIENTED_EDGE('',*,*,#1413,.F.);
#1868=ORIENTED_EDGE('',*,*,#1414,.T.);
#1869=ORIENTED_EDGE('',*,*,#1415,.T.);
#1870=ORIENTED_EDGE('',*,*,#1416,.T.);
#1871=ORIENTED_EDGE('',*,*,#1417,.F.);
#1872=ORIENTED_EDGE('',*,*,#1383,.F.);
#1873=ORIENTED_EDGE('',*,*,#1388,.T.);
#1874=ORIENTED_EDGE('',*,*,#1418,.F.);
#1875=ORIENTED_EDGE('',*,*,#1419,.F.);
#1876=ORIENTED_EDGE('',*,*,#1410,.F.);
#1877=ORIENTED_EDGE('',*,*,#1387,.T.);
#1878=ORIENTED_EDGE('',*,*,#1420,.T.);
#1879=ORIENTED_EDGE('',*,*,#1421,.F.);
#1880=ORIENTED_EDGE('',*,*,#1418,.T.);
#1881=ORIENTED_EDGE('',*,*,#1407,.T.);
#1882=ORIENTED_EDGE('',*,*,#1422,.T.);
#1883=ORIENTED_EDGE('',*,*,#1423,.F.);
#1884=ORIENTED_EDGE('',*,*,#1424,.F.);
#1885=ORIENTED_EDGE('',*,*,#1425,.F.);
#1886=ORIENTED_EDGE('',*,*,#1426,.F.);
#1887=ORIENTED_EDGE('',*,*,#1427,.F.);
#1888=ORIENTED_EDGE('',*,*,#1428,.F.);
#1889=ORIENTED_EDGE('',*,*,#1429,.F.);
#1890=ORIENTED_EDGE('',*,*,#1312,.F.);
#1891=ORIENTED_EDGE('',*,*,#1315,.F.);
#1892=ORIENTED_EDGE('',*,*,#1430,.F.);
#1893=ORIENTED_EDGE('',*,*,#1295,.F.);
#1894=ORIENTED_EDGE('',*,*,#1431,.F.);
#1895=ORIENTED_EDGE('',*,*,#1432,.F.);
#1896=ORIENTED_EDGE('',*,*,#1433,.T.);
#1897=ORIENTED_EDGE('',*,*,#1434,.F.);
#1898=ORIENTED_EDGE('',*,*,#1425,.T.);
#1899=ORIENTED_EDGE('',*,*,#1435,.T.);
#1900=ORIENTED_EDGE('',*,*,#1296,.T.);
#1901=ORIENTED_EDGE('',*,*,#1435,.F.);
#1902=ORIENTED_EDGE('',*,*,#1430,.T.);
#1903=ORIENTED_EDGE('',*,*,#1314,.T.);
#1904=ORIENTED_EDGE('',*,*,#1306,.F.);
#1905=ORIENTED_EDGE('',*,*,#1313,.F.);
#1906=ORIENTED_EDGE('',*,*,#1429,.T.);
#1907=ORIENTED_EDGE('',*,*,#1436,.F.);
#1908=ORIENTED_EDGE('',*,*,#1437,.F.);
#1909=ORIENTED_EDGE('',*,*,#1438,.F.);
#1910=ORIENTED_EDGE('',*,*,#1439,.T.);
#1911=ORIENTED_EDGE('',*,*,#1428,.T.);
#1912=ORIENTED_EDGE('',*,*,#1440,.F.);
#1913=ORIENTED_EDGE('',*,*,#1436,.T.);
#1914=ORIENTED_EDGE('',*,*,#1441,.F.);
#1915=ORIENTED_EDGE('',*,*,#1442,.F.);
#1916=ORIENTED_EDGE('',*,*,#1443,.F.);
#1917=ORIENTED_EDGE('',*,*,#1298,.F.);
#1918=ORIENTED_EDGE('',*,*,#1301,.F.);
#1919=ORIENTED_EDGE('',*,*,#1444,.F.);
#1920=ORIENTED_EDGE('',*,*,#1256,.F.);
#1921=ORIENTED_EDGE('',*,*,#1445,.F.);
#1922=ORIENTED_EDGE('',*,*,#1446,.F.);
#1923=ORIENTED_EDGE('',*,*,#1447,.T.);
#1924=ORIENTED_EDGE('',*,*,#1448,.F.);
#1925=ORIENTED_EDGE('',*,*,#1441,.T.);
#1926=ORIENTED_EDGE('',*,*,#1449,.T.);
#1927=ORIENTED_EDGE('',*,*,#1257,.T.);
#1928=ORIENTED_EDGE('',*,*,#1449,.F.);
#1929=ORIENTED_EDGE('',*,*,#1444,.T.);
#1930=ORIENTED_EDGE('',*,*,#1300,.T.);
#1931=ORIENTED_EDGE('',*,*,#1450,.F.);
#1932=ORIENTED_EDGE('',*,*,#1451,.F.);
#1933=ORIENTED_EDGE('',*,*,#1452,.F.);
#1934=ORIENTED_EDGE('',*,*,#1453,.F.);
#1935=ORIENTED_EDGE('',*,*,#1326,.F.);
#1936=ORIENTED_EDGE('',*,*,#1329,.F.);
#1937=ORIENTED_EDGE('',*,*,#1320,.F.);
#1938=ORIENTED_EDGE('',*,*,#1327,.F.);
#1939=ORIENTED_EDGE('',*,*,#1453,.T.);
#1940=ORIENTED_EDGE('',*,*,#1454,.F.);
#1941=ORIENTED_EDGE('',*,*,#1455,.F.);
#1942=ORIENTED_EDGE('',*,*,#1456,.F.);
#1943=ORIENTED_EDGE('',*,*,#1457,.T.);
#1944=ORIENTED_EDGE('',*,*,#1458,.F.);
#1945=ORIENTED_EDGE('',*,*,#1459,.T.);
#1946=ORIENTED_EDGE('',*,*,#1460,.T.);
#1947=ORIENTED_EDGE('',*,*,#1461,.T.);
#1948=ORIENTED_EDGE('',*,*,#1462,.F.);
#1949=ORIENTED_EDGE('',*,*,#1463,.T.);
#1950=ORIENTED_EDGE('',*,*,#1460,.F.);
#1951=ORIENTED_EDGE('',*,*,#1464,.F.);
#1952=ORIENTED_EDGE('',*,*,#1462,.T.);
#1953=ORIENTED_EDGE('',*,*,#1465,.T.);
#1954=ORIENTED_EDGE('',*,*,#1466,.T.);
#1955=ORIENTED_EDGE('',*,*,#1467,.T.);
#1956=ORIENTED_EDGE('',*,*,#1468,.T.);
#1957=ORIENTED_EDGE('',*,*,#1469,.F.);
#1958=ORIENTED_EDGE('',*,*,#1470,.F.);
#1959=ORIENTED_EDGE('',*,*,#1471,.T.);
#1960=ORIENTED_EDGE('',*,*,#1259,.T.);
#1961=ORIENTED_EDGE('',*,*,#1263,.T.);
#1962=ORIENTED_EDGE('',*,*,#1472,.F.);
#1963=ORIENTED_EDGE('',*,*,#1415,.F.);
#1964=ORIENTED_EDGE('',*,*,#1473,.T.);
#1965=ORIENTED_EDGE('',*,*,#1474,.F.);
#1966=ORIENTED_EDGE('',*,*,#1475,.F.);
#1967=ORIENTED_EDGE('',*,*,#1476,.T.);
#1968=ORIENTED_EDGE('',*,*,#1477,.F.);
#1969=ORIENTED_EDGE('',*,*,#1478,.F.);
#1970=ORIENTED_EDGE('',*,*,#1479,.F.);
#1971=ORIENTED_EDGE('',*,*,#1480,.T.);
#1972=ORIENTED_EDGE('',*,*,#1481,.T.);
#1973=ORIENTED_EDGE('',*,*,#1482,.T.);
#1974=ORIENTED_EDGE('',*,*,#1483,.T.);
#1975=ORIENTED_EDGE('',*,*,#1484,.T.);
#1976=ORIENTED_EDGE('',*,*,#1485,.T.);
#1977=ORIENTED_EDGE('',*,*,#1477,.T.);
#1978=ORIENTED_EDGE('',*,*,#1486,.T.);
#1979=ORIENTED_EDGE('',*,*,#1487,.T.);
#1980=ORIENTED_EDGE('',*,*,#1488,.T.);
#1981=ORIENTED_EDGE('',*,*,#1489,.T.);
#1982=ORIENTED_EDGE('',*,*,#1490,.T.);
#1983=ORIENTED_EDGE('',*,*,#1491,.F.);
#1984=ORIENTED_EDGE('',*,*,#1492,.F.);
#1985=ORIENTED_EDGE('',*,*,#1284,.T.);
#1986=ORIENTED_EDGE('',*,*,#1493,.T.);
#1987=ORIENTED_EDGE('',*,*,#1494,.F.);
#1988=ORIENTED_EDGE('',*,*,#1478,.T.);
#1989=ORIENTED_EDGE('',*,*,#1485,.F.);
#1990=ORIENTED_EDGE('',*,*,#1495,.T.);
#1991=ORIENTED_EDGE('',*,*,#1496,.F.);
#1992=ORIENTED_EDGE('',*,*,#1490,.F.);
#1993=ORIENTED_EDGE('',*,*,#1484,.F.);
#1994=ORIENTED_EDGE('',*,*,#1497,.T.);
#1995=ORIENTED_EDGE('',*,*,#1498,.F.);
#1996=ORIENTED_EDGE('',*,*,#1495,.F.);
#1997=ORIENTED_EDGE('',*,*,#1483,.F.);
#1998=ORIENTED_EDGE('',*,*,#1499,.T.);
#1999=ORIENTED_EDGE('',*,*,#1500,.F.);
#2000=ORIENTED_EDGE('',*,*,#1497,.F.);
#2001=ORIENTED_EDGE('',*,*,#1482,.F.);
#2002=ORIENTED_EDGE('',*,*,#1501,.T.);
#2003=ORIENTED_EDGE('',*,*,#1502,.F.);
#2004=ORIENTED_EDGE('',*,*,#1499,.F.);
#2005=ORIENTED_EDGE('',*,*,#1481,.F.);
#2006=ORIENTED_EDGE('',*,*,#1503,.T.);
#2007=ORIENTED_EDGE('',*,*,#1504,.T.);
#2008=ORIENTED_EDGE('',*,*,#1505,.T.);
#2009=ORIENTED_EDGE('',*,*,#1506,.T.);
#2010=ORIENTED_EDGE('',*,*,#1507,.T.);
#2011=ORIENTED_EDGE('',*,*,#1508,.T.);
#2012=ORIENTED_EDGE('',*,*,#1509,.F.);
#2013=ORIENTED_EDGE('',*,*,#1510,.F.);
#2014=ORIENTED_EDGE('',*,*,#1501,.F.);
#2015=ORIENTED_EDGE('',*,*,#1480,.F.);
#2016=ORIENTED_EDGE('',*,*,#1511,.F.);
#2017=ORIENTED_EDGE('',*,*,#1473,.F.);
#2018=ORIENTED_EDGE('',*,*,#1414,.F.);
#2019=ORIENTED_EDGE('',*,*,#1512,.F.);
#2020=ORIENTED_EDGE('',*,*,#1322,.T.);
#2021=ORIENTED_EDGE('',*,*,#1513,.F.);
#2022=ORIENTED_EDGE('',*,*,#1506,.F.);
#2023=ORIENTED_EDGE('',*,*,#1514,.T.);
#2024=ORIENTED_EDGE('',*,*,#1276,.F.);
#2025=ORIENTED_EDGE('',*,*,#1285,.F.);
#2026=ORIENTED_EDGE('',*,*,#1515,.T.);
#2027=ORIENTED_EDGE('',*,*,#1466,.F.);
#2028=ORIENTED_EDGE('',*,*,#1516,.F.);
#2029=ORIENTED_EDGE('',*,*,#1286,.F.);
#2030=ORIENTED_EDGE('',*,*,#1516,.T.);
#2031=ORIENTED_EDGE('',*,*,#1465,.F.);
#2032=ORIENTED_EDGE('',*,*,#1517,.F.);
#2033=ORIENTED_EDGE('',*,*,#1287,.F.);
#2034=ORIENTED_EDGE('',*,*,#1517,.T.);
#2035=ORIENTED_EDGE('',*,*,#1464,.T.);
#2036=ORIENTED_EDGE('',*,*,#1459,.F.);
#2037=ORIENTED_EDGE('',*,*,#1518,.F.);
#2038=ORIENTED_EDGE('',*,*,#1468,.F.);
#2039=ORIENTED_EDGE('',*,*,#1262,.F.);
#2040=ORIENTED_EDGE('',*,*,#1277,.F.);
#2041=ORIENTED_EDGE('',*,*,#1514,.F.);
#2042=ORIENTED_EDGE('',*,*,#1505,.F.);
#2043=ORIENTED_EDGE('',*,*,#1519,.F.);
#2044=ORIENTED_EDGE('',*,*,#1278,.F.);
#2045=ORIENTED_EDGE('',*,*,#1519,.T.);
#2046=ORIENTED_EDGE('',*,*,#1504,.F.);
#2047=ORIENTED_EDGE('',*,*,#1520,.F.);
#2048=ORIENTED_EDGE('',*,*,#1279,.F.);
#2049=ORIENTED_EDGE('',*,*,#1520,.T.);
#2050=ORIENTED_EDGE('',*,*,#1503,.F.);
#2051=ORIENTED_EDGE('',*,*,#1521,.F.);
#2052=ORIENTED_EDGE('',*,*,#1489,.F.);
#2053=ORIENTED_EDGE('',*,*,#1522,.F.);
#2054=ORIENTED_EDGE('',*,*,#1280,.F.);
#2055=ORIENTED_EDGE('',*,*,#1522,.T.);
#2056=ORIENTED_EDGE('',*,*,#1488,.F.);
#2057=ORIENTED_EDGE('',*,*,#1523,.F.);
#2058=ORIENTED_EDGE('',*,*,#1281,.F.);
#2059=ORIENTED_EDGE('',*,*,#1523,.T.);
#2060=ORIENTED_EDGE('',*,*,#1487,.F.);
#2061=ORIENTED_EDGE('',*,*,#1524,.F.);
#2062=ORIENTED_EDGE('',*,*,#1525,.F.);
#2063=ORIENTED_EDGE('',*,*,#1526,.F.);
#2064=ORIENTED_EDGE('',*,*,#1282,.F.);
#2065=ORIENTED_EDGE('',*,*,#1524,.T.);
#2066=ORIENTED_EDGE('',*,*,#1486,.F.);
#2067=ORIENTED_EDGE('',*,*,#1476,.F.);
#2068=ORIENTED_EDGE('',*,*,#1283,.F.);
#2069=ORIENTED_EDGE('',*,*,#1526,.T.);
#2070=ORIENTED_EDGE('',*,*,#1527,.F.);
#2071=ORIENTED_EDGE('',*,*,#1493,.F.);
#2072=ORIENTED_EDGE('',*,*,#1475,.T.);
#2073=ORIENTED_EDGE('',*,*,#1494,.T.);
#2074=ORIENTED_EDGE('',*,*,#1527,.T.);
#2075=ORIENTED_EDGE('',*,*,#1525,.T.);
#2076=ORIENTED_EDGE('',*,*,#1492,.T.);
#2077=ORIENTED_EDGE('',*,*,#1528,.F.);
#2078=ORIENTED_EDGE('',*,*,#1529,.F.);
#2079=ORIENTED_EDGE('',*,*,#1467,.F.);
#2080=ORIENTED_EDGE('',*,*,#1515,.F.);
#2081=ORIENTED_EDGE('',*,*,#1529,.T.);
#2082=ORIENTED_EDGE('',*,*,#1530,.F.);
#2083=ORIENTED_EDGE('',*,*,#1416,.F.);
#2084=ORIENTED_EDGE('',*,*,#1472,.T.);
#2085=ORIENTED_EDGE('',*,*,#1531,.F.);
#2086=ORIENTED_EDGE('',*,*,#1461,.F.);
#2087=ORIENTED_EDGE('',*,*,#1463,.F.);
#2088=ORIENTED_EDGE('',*,*,#1340,.T.);
#2089=ORIENTED_EDGE('',*,*,#1532,.T.);
#2090=ORIENTED_EDGE('',*,*,#1394,.T.);
#2091=ORIENTED_EDGE('',*,*,#1390,.T.);
#2092=ORIENTED_EDGE('',*,*,#1404,.T.);
#2093=ORIENTED_EDGE('',*,*,#1401,.T.);
#2094=ORIENTED_EDGE('',*,*,#1397,.T.);
#2095=ORIENTED_EDGE('',*,*,#1533,.T.);
#2096=ORIENTED_EDGE('',*,*,#1363,.T.);
#2097=ORIENTED_EDGE('',*,*,#1360,.T.);
#2098=ORIENTED_EDGE('',*,*,#1357,.T.);
#2099=ORIENTED_EDGE('',*,*,#1354,.T.);
#2100=ORIENTED_EDGE('',*,*,#1350,.T.);
#2101=ORIENTED_EDGE('',*,*,#1534,.T.);
#2102=ORIENTED_EDGE('',*,*,#1377,.T.);
#2103=ORIENTED_EDGE('',*,*,#1374,.T.);
#2104=ORIENTED_EDGE('',*,*,#1370,.T.);
#2105=ORIENTED_EDGE('',*,*,#1384,.T.);
#2106=ORIENTED_EDGE('',*,*,#1380,.T.);
#2107=ORIENTED_EDGE('',*,*,#1417,.T.);
#2108=ORIENTED_EDGE('',*,*,#1530,.T.);
#2109=ORIENTED_EDGE('',*,*,#1528,.T.);
#2110=ORIENTED_EDGE('',*,*,#1491,.T.);
#2111=ORIENTED_EDGE('',*,*,#1496,.T.);
#2112=ORIENTED_EDGE('',*,*,#1498,.T.);
#2113=ORIENTED_EDGE('',*,*,#1500,.T.);
#2114=ORIENTED_EDGE('',*,*,#1502,.T.);
#2115=ORIENTED_EDGE('',*,*,#1512,.T.);
#2116=ORIENTED_EDGE('',*,*,#1413,.T.);
#2117=ORIENTED_EDGE('',*,*,#1337,.T.);
#2118=ORIENTED_EDGE('',*,*,#1334,.T.);
#2119=ORIENTED_EDGE('',*,*,#1330,.T.);
#2120=ORIENTED_EDGE('',*,*,#1344,.T.);
#2121=ORIENTED_EDGE('',*,*,#1324,.T.);
#2122=ORIENTED_EDGE('',*,*,#1535,.F.);
#2123=ORIENTED_EDGE('',*,*,#1507,.F.);
#2124=ORIENTED_EDGE('',*,*,#1513,.T.);
#2125=ORIENTED_EDGE('',*,*,#1310,.T.);
#2126=ORIENTED_EDGE('',*,*,#1536,.F.);
#2127=ORIENTED_EDGE('',*,*,#1450,.T.);
#2128=ORIENTED_EDGE('',*,*,#1328,.T.);
#2129=ORIENTED_EDGE('',*,*,#1289,.F.);
#2130=ORIENTED_EDGE('',*,*,#1299,.F.);
#2131=ORIENTED_EDGE('',*,*,#1443,.T.);
#2132=ORIENTED_EDGE('',*,*,#1537,.F.);
#2133=ORIENTED_EDGE('',*,*,#1538,.F.);
#2134=ORIENTED_EDGE('',*,*,#1539,.T.);
#2135=ORIENTED_EDGE('',*,*,#1426,.T.);
#2136=ORIENTED_EDGE('',*,*,#1434,.T.);
#2137=ORIENTED_EDGE('',*,*,#1540,.F.);
#2138=ORIENTED_EDGE('',*,*,#1442,.T.);
#2139=ORIENTED_EDGE('',*,*,#1448,.T.);
#2140=ORIENTED_EDGE('',*,*,#1541,.F.);
#2141=ORIENTED_EDGE('',*,*,#1542,.F.);
#2142=ORIENTED_EDGE('',*,*,#1543,.F.);
#2143=ORIENTED_EDGE('',*,*,#1537,.T.);
#2144=ORIENTED_EDGE('',*,*,#1452,.T.);
#2145=ORIENTED_EDGE('',*,*,#1544,.T.);
#2146=ORIENTED_EDGE('',*,*,#1545,.F.);
#2147=ORIENTED_EDGE('',*,*,#1546,.F.);
#2148=ORIENTED_EDGE('',*,*,#1547,.F.);
#2149=ORIENTED_EDGE('',*,*,#1454,.T.);
#2150=ORIENTED_EDGE('',*,*,#1304,.F.);
#2151=ORIENTED_EDGE('',*,*,#1439,.F.);
#2152=ORIENTED_EDGE('',*,*,#1548,.F.);
#2153=ORIENTED_EDGE('',*,*,#1549,.T.);
#2154=ORIENTED_EDGE('',*,*,#1440,.T.);
#2155=ORIENTED_EDGE('',*,*,#1550,.F.);
#2156=ORIENTED_EDGE('',*,*,#1551,.F.);
#2157=ORIENTED_EDGE('',*,*,#1437,.T.);
#2158=ORIENTED_EDGE('',*,*,#1427,.T.);
#2159=ORIENTED_EDGE('',*,*,#1552,.F.);
#2160=ORIENTED_EDGE('',*,*,#1553,.F.);
#2161=ORIENTED_EDGE('',*,*,#1550,.T.);
#2162=ORIENTED_EDGE('',*,*,#1540,.T.);
#2163=ORIENTED_EDGE('',*,*,#1433,.F.);
#2164=ORIENTED_EDGE('',*,*,#1554,.F.);
#2165=ORIENTED_EDGE('',*,*,#1552,.T.);
#2166=ORIENTED_EDGE('',*,*,#1293,.F.);
#2167=ORIENTED_EDGE('',*,*,#1539,.F.);
#2168=ORIENTED_EDGE('',*,*,#1555,.F.);
#2169=ORIENTED_EDGE('',*,*,#1556,.F.);
#2170=ORIENTED_EDGE('',*,*,#1431,.T.);
#2171=ORIENTED_EDGE('',*,*,#1538,.T.);
#2172=ORIENTED_EDGE('',*,*,#1557,.F.);
#2173=ORIENTED_EDGE('',*,*,#1558,.F.);
#2174=ORIENTED_EDGE('',*,*,#1555,.T.);
#2175=ORIENTED_EDGE('',*,*,#1543,.T.);
#2176=ORIENTED_EDGE('',*,*,#1559,.F.);
#2177=ORIENTED_EDGE('',*,*,#1560,.F.);
#2178=ORIENTED_EDGE('',*,*,#1557,.T.);
#2179=ORIENTED_EDGE('',*,*,#1542,.T.);
#2180=ORIENTED_EDGE('',*,*,#1561,.F.);
#2181=ORIENTED_EDGE('',*,*,#1562,.F.);
#2182=ORIENTED_EDGE('',*,*,#1559,.T.);
#2183=ORIENTED_EDGE('',*,*,#1541,.T.);
#2184=ORIENTED_EDGE('',*,*,#1447,.F.);
#2185=ORIENTED_EDGE('',*,*,#1563,.F.);
#2186=ORIENTED_EDGE('',*,*,#1561,.T.);
#2187=ORIENTED_EDGE('',*,*,#1348,.T.);
#2188=ORIENTED_EDGE('',*,*,#1412,.T.);
#2189=ORIENTED_EDGE('',*,*,#1564,.F.);
#2190=ORIENTED_EDGE('',*,*,#1422,.F.);
#2191=ORIENTED_EDGE('',*,*,#1406,.T.);
#2192=ORIENTED_EDGE('',*,*,#1395,.T.);
#2193=ORIENTED_EDGE('',*,*,#1532,.F.);
#2194=ORIENTED_EDGE('',*,*,#1343,.F.);
#2195=ORIENTED_EDGE('',*,*,#1565,.F.);
#2196=ORIENTED_EDGE('',*,*,#1566,.T.);
#2197=ORIENTED_EDGE('',*,*,#1567,.F.);
#2198=ORIENTED_EDGE('',*,*,#1568,.F.);
#2199=ORIENTED_EDGE('',*,*,#1569,.F.);
#2200=ORIENTED_EDGE('',*,*,#1568,.T.);
#2201=ORIENTED_EDGE('',*,*,#1570,.F.);
#2202=ORIENTED_EDGE('',*,*,#1571,.F.);
#2203=ORIENTED_EDGE('',*,*,#1572,.F.);
#2204=ORIENTED_EDGE('',*,*,#1571,.T.);
#2205=ORIENTED_EDGE('',*,*,#1573,.F.);
#2206=ORIENTED_EDGE('',*,*,#1574,.F.);
#2207=ORIENTED_EDGE('',*,*,#1575,.F.);
#2208=ORIENTED_EDGE('',*,*,#1574,.T.);
#2209=ORIENTED_EDGE('',*,*,#1576,.F.);
#2210=ORIENTED_EDGE('',*,*,#1577,.F.);
#2211=ORIENTED_EDGE('',*,*,#1578,.F.);
#2212=ORIENTED_EDGE('',*,*,#1577,.T.);
#2213=ORIENTED_EDGE('',*,*,#1579,.F.);
#2214=ORIENTED_EDGE('',*,*,#1580,.F.);
#2215=ORIENTED_EDGE('',*,*,#1581,.F.);
#2216=ORIENTED_EDGE('',*,*,#1580,.T.);
#2217=ORIENTED_EDGE('',*,*,#1582,.F.);
#2218=ORIENTED_EDGE('',*,*,#1583,.F.);
#2219=ORIENTED_EDGE('',*,*,#1584,.F.);
#2220=ORIENTED_EDGE('',*,*,#1583,.T.);
#2221=ORIENTED_EDGE('',*,*,#1585,.F.);
#2222=ORIENTED_EDGE('',*,*,#1586,.F.);
#2223=ORIENTED_EDGE('',*,*,#1587,.F.);
#2224=ORIENTED_EDGE('',*,*,#1586,.T.);
#2225=ORIENTED_EDGE('',*,*,#1588,.F.);
#2226=ORIENTED_EDGE('',*,*,#1566,.F.);
#2227=ORIENTED_EDGE('',*,*,#1421,.T.);
#2228=ORIENTED_EDGE('',*,*,#1589,.T.);
#2229=ORIENTED_EDGE('',*,*,#1590,.T.);
#2230=ORIENTED_EDGE('',*,*,#1591,.T.);
#2231=ORIENTED_EDGE('',*,*,#1423,.T.);
#2232=ORIENTED_EDGE('',*,*,#1564,.T.);
#2233=ORIENTED_EDGE('',*,*,#1411,.T.);
#2234=ORIENTED_EDGE('',*,*,#1419,.T.);
#2235=ORIENTED_EDGE('',*,*,#1588,.T.);
#2236=ORIENTED_EDGE('',*,*,#1585,.T.);
#2237=ORIENTED_EDGE('',*,*,#1582,.T.);
#2238=ORIENTED_EDGE('',*,*,#1579,.T.);
#2239=ORIENTED_EDGE('',*,*,#1576,.T.);
#2240=ORIENTED_EDGE('',*,*,#1573,.T.);
#2241=ORIENTED_EDGE('',*,*,#1570,.T.);
#2242=ORIENTED_EDGE('',*,*,#1567,.T.);
#2243=ORIENTED_EDGE('',*,*,#1253,.F.);
#2244=ORIENTED_EDGE('',*,*,#1592,.F.);
#2245=ORIENTED_EDGE('',*,*,#1593,.F.);
#2246=ORIENTED_EDGE('',*,*,#1445,.T.);
#2247=ORIENTED_EDGE('',*,*,#1247,.F.);
#2248=ORIENTED_EDGE('',*,*,#1260,.F.);
#2249=ORIENTED_EDGE('',*,*,#1471,.F.);
#2250=ORIENTED_EDGE('',*,*,#1594,.F.);
#2251=ORIENTED_EDGE('',*,*,#1595,.F.);
#2252=ORIENTED_EDGE('',*,*,#1592,.T.);
#2253=ORIENTED_EDGE('',*,*,#1470,.T.);
#2254=ORIENTED_EDGE('',*,*,#1596,.F.);
#2255=ORIENTED_EDGE('',*,*,#1597,.F.);
#2256=ORIENTED_EDGE('',*,*,#1594,.T.);
#2257=ORIENTED_EDGE('',*,*,#1531,.T.);
#2258=ORIENTED_EDGE('',*,*,#1474,.T.);
#2259=ORIENTED_EDGE('',*,*,#1511,.T.);
#2260=ORIENTED_EDGE('',*,*,#1479,.T.);
#2261=ORIENTED_EDGE('',*,*,#1521,.T.);
#2262=ORIENTED_EDGE('',*,*,#1510,.T.);
#2263=ORIENTED_EDGE('',*,*,#1598,.F.);
#2264=ORIENTED_EDGE('',*,*,#1599,.F.);
#2265=ORIENTED_EDGE('',*,*,#1596,.T.);
#2266=ORIENTED_EDGE('',*,*,#1469,.T.);
#2267=ORIENTED_EDGE('',*,*,#1518,.T.);
#2268=ORIENTED_EDGE('',*,*,#1458,.T.);
#2269=ORIENTED_EDGE('',*,*,#1509,.T.);
#2270=ORIENTED_EDGE('',*,*,#1600,.F.);
#2271=ORIENTED_EDGE('',*,*,#1601,.F.);
#2272=ORIENTED_EDGE('',*,*,#1598,.T.);
#2273=ORIENTED_EDGE('',*,*,#1323,.F.);
#2274=ORIENTED_EDGE('',*,*,#1602,.F.);
#2275=ORIENTED_EDGE('',*,*,#1603,.F.);
#2276=ORIENTED_EDGE('',*,*,#1600,.T.);
#2277=ORIENTED_EDGE('',*,*,#1508,.F.);
#2278=ORIENTED_EDGE('',*,*,#1535,.T.);
#2279=ORIENTED_EDGE('',*,*,#1318,.F.);
#2280=ORIENTED_EDGE('',*,*,#1457,.F.);
#2281=ORIENTED_EDGE('',*,*,#1604,.F.);
#2282=ORIENTED_EDGE('',*,*,#1602,.T.);
#2283=ORIENTED_EDGE('',*,*,#1547,.T.);
#2284=ORIENTED_EDGE('',*,*,#1605,.F.);
#2285=ORIENTED_EDGE('',*,*,#1606,.F.);
#2286=ORIENTED_EDGE('',*,*,#1455,.T.);
#2287=ORIENTED_EDGE('',*,*,#1546,.T.);
#2288=ORIENTED_EDGE('',*,*,#1607,.F.);
#2289=ORIENTED_EDGE('',*,*,#1608,.F.);
#2290=ORIENTED_EDGE('',*,*,#1605,.T.);
#2291=ORIENTED_EDGE('',*,*,#1545,.T.);
#2292=ORIENTED_EDGE('',*,*,#1609,.F.);
#2293=ORIENTED_EDGE('',*,*,#1610,.F.);
#2294=ORIENTED_EDGE('',*,*,#1607,.T.);
#2295=ORIENTED_EDGE('',*,*,#1309,.F.);
#2296=ORIENTED_EDGE('',*,*,#1549,.F.);
#2297=ORIENTED_EDGE('',*,*,#1611,.F.);
#2298=ORIENTED_EDGE('',*,*,#1609,.T.);
#2299=ORIENTED_EDGE('',*,*,#1544,.F.);
#2300=ORIENTED_EDGE('',*,*,#1451,.T.);
#2301=ORIENTED_EDGE('',*,*,#1536,.T.);
#2302=ORIENTED_EDGE('',*,*,#1369,.T.);
#2303=ORIENTED_EDGE('',*,*,#1612,.T.);
#2304=ORIENTED_EDGE('',*,*,#1613,.F.);
#2305=ORIENTED_EDGE('',*,*,#1612,.F.);
#2306=ORIENTED_EDGE('',*,*,#1389,.T.);
#2307=ORIENTED_EDGE('',*,*,#1614,.T.);
#2308=ORIENTED_EDGE('',*,*,#1615,.F.);
#2309=ORIENTED_EDGE('',*,*,#1614,.F.);
#2310=ORIENTED_EDGE('',*,*,#1409,.T.);
#2311=ORIENTED_EDGE('',*,*,#1616,.T.);
#2312=ORIENTED_EDGE('',*,*,#1617,.F.);
#2313=ORIENTED_EDGE('',*,*,#1616,.F.);
#2314=ORIENTED_EDGE('',*,*,#1349,.T.);
#2315=ORIENTED_EDGE('',*,*,#1618,.T.);
#2316=ORIENTED_EDGE('',*,*,#1619,.F.);
#2317=ORIENTED_EDGE('',*,*,#1618,.F.);
#2318=ORIENTED_EDGE('',*,*,#1367,.T.);
#2319=ORIENTED_EDGE('',*,*,#1620,.T.);
#2320=ORIENTED_EDGE('',*,*,#1589,.F.);
#2321=ORIENTED_EDGE('',*,*,#1420,.F.);
#2322=ORIENTED_EDGE('',*,*,#1386,.T.);
#2323=ORIENTED_EDGE('',*,*,#1378,.T.);
#2324=ORIENTED_EDGE('',*,*,#1534,.F.);
#2325=ORIENTED_EDGE('',*,*,#1353,.F.);
#2326=ORIENTED_EDGE('',*,*,#1366,.T.);
#2327=ORIENTED_EDGE('',*,*,#1621,.T.);
#2328=ORIENTED_EDGE('',*,*,#1590,.F.);
#2329=ORIENTED_EDGE('',*,*,#1620,.F.);
#2330=ORIENTED_EDGE('',*,*,#1364,.T.);
#2331=ORIENTED_EDGE('',*,*,#1533,.F.);
#2332=ORIENTED_EDGE('',*,*,#1400,.F.);
#2333=ORIENTED_EDGE('',*,*,#1408,.T.);
#2334=ORIENTED_EDGE('',*,*,#1424,.T.);
#2335=ORIENTED_EDGE('',*,*,#1591,.F.);
#2336=ORIENTED_EDGE('',*,*,#1621,.F.);
#2337=ORIENTED_EDGE('',*,*,#1368,.T.);
#2338=ORIENTED_EDGE('',*,*,#1565,.T.);
#2339=ORIENTED_EDGE('',*,*,#1569,.T.);
#2340=ORIENTED_EDGE('',*,*,#1572,.T.);
#2341=ORIENTED_EDGE('',*,*,#1575,.T.);
#2342=ORIENTED_EDGE('',*,*,#1578,.T.);
#2343=ORIENTED_EDGE('',*,*,#1581,.T.);
#2344=ORIENTED_EDGE('',*,*,#1584,.T.);
#2345=ORIENTED_EDGE('',*,*,#1587,.T.);
#2346=ORIENTED_EDGE('',*,*,#1619,.T.);
#2347=ORIENTED_EDGE('',*,*,#1617,.T.);
#2348=ORIENTED_EDGE('',*,*,#1615,.T.);
#2349=ORIENTED_EDGE('',*,*,#1613,.T.);
#2350=ORIENTED_EDGE('',*,*,#1446,.T.);
#2351=ORIENTED_EDGE('',*,*,#1593,.T.);
#2352=ORIENTED_EDGE('',*,*,#1595,.T.);
#2353=ORIENTED_EDGE('',*,*,#1597,.T.);
#2354=ORIENTED_EDGE('',*,*,#1599,.T.);
#2355=ORIENTED_EDGE('',*,*,#1601,.T.);
#2356=ORIENTED_EDGE('',*,*,#1603,.T.);
#2357=ORIENTED_EDGE('',*,*,#1604,.T.);
#2358=ORIENTED_EDGE('',*,*,#1456,.T.);
#2359=ORIENTED_EDGE('',*,*,#1606,.T.);
#2360=ORIENTED_EDGE('',*,*,#1608,.T.);
#2361=ORIENTED_EDGE('',*,*,#1610,.T.);
#2362=ORIENTED_EDGE('',*,*,#1611,.T.);
#2363=ORIENTED_EDGE('',*,*,#1548,.T.);
#2364=ORIENTED_EDGE('',*,*,#1438,.T.);
#2365=ORIENTED_EDGE('',*,*,#1551,.T.);
#2366=ORIENTED_EDGE('',*,*,#1553,.T.);
#2367=ORIENTED_EDGE('',*,*,#1554,.T.);
#2368=ORIENTED_EDGE('',*,*,#1432,.T.);
#2369=ORIENTED_EDGE('',*,*,#1556,.T.);
#2370=ORIENTED_EDGE('',*,*,#1558,.T.);
#2371=ORIENTED_EDGE('',*,*,#1560,.T.);
#2372=ORIENTED_EDGE('',*,*,#1562,.T.);
#2373=ORIENTED_EDGE('',*,*,#1563,.T.);
#2374=PLANE('',#2598);
#2375=PLANE('',#2603);
#2376=PLANE('',#2607);
#2377=PLANE('',#2608);
#2378=PLANE('',#2615);
#2379=PLANE('',#2619);
#2380=PLANE('',#2623);
#2381=PLANE('',#2626);
#2382=PLANE('',#2628);
#2383=PLANE('',#2632);
#2384=PLANE('',#2635);
#2385=PLANE('',#2637);
#2386=PLANE('',#2641);
#2387=PLANE('',#2645);
#2388=PLANE('',#2652);
#2389=PLANE('',#2653);
#2390=PLANE('',#2659);
#2391=PLANE('',#2663);
#2392=PLANE('',#2667);
#2393=PLANE('',#2673);
#2394=PLANE('',#2680);
#2395=PLANE('',#2681);
#2396=PLANE('',#2684);
#2397=PLANE('',#2691);
#2398=PLANE('',#2695);
#2399=PLANE('',#2700);
#2400=PLANE('',#2705);
#2401=PLANE('',#2707);
#2402=PLANE('',#2709);
#2403=PLANE('',#2710);
#2404=PLANE('',#2712);
#2405=PLANE('',#2714);
#2406=PLANE('',#2716);
#2407=PLANE('',#2718);
#2408=PLANE('',#2719);
#2409=PLANE('',#2720);
#2410=PLANE('',#2721);
#2411=PLANE('',#2724);
#2412=PLANE('',#2726);
#2413=PLANE('',#2727);
#2414=PLANE('',#2728);
#2415=PLANE('',#2733);
#2416=PLANE('',#2736);
#2417=PLANE('',#2739);
#2418=PLANE('',#2740);
#2419=PLANE('',#2744);
#2420=PLANE('',#2745);
#2421=PLANE('',#2746);
#2422=PLANE('',#2748);
#2423=PLANE('',#2749);
#2424=PLANE('',#2750);
#2425=PLANE('',#2752);
#2426=PLANE('',#2754);
#2427=PLANE('',#2755);
#2428=PLANE('',#2756);
#2429=PLANE('',#2759);
#2430=PLANE('',#2760);
#2431=PLANE('',#2763);
#2432=PLANE('',#2764);
#2433=PLANE('',#2766);
#2434=PLANE('',#2769);
#2435=PLANE('',#2776);
#2436=PLANE('',#2781);
#2437=PLANE('',#2784);
#2438=PLANE('',#2787);
#2439=PLANE('',#2788);
#2440=PLANE('',#2792);
#2441=PLANE('',#2796);
#2442=PLANE('',#2800);
#2443=PLANE('',#2804);
#2444=PLANE('',#2808);
#2445=PLANE('',#2811);
#2446=PLANE('',#2814);
#2447=PLANE('',#2819);
#2448=PLANE('',#2822);
#2449=PLANE('',#2831);
#2450=PLANE('',#2833);
#2451=PLANE('',#2834);
#2452=ADVANCED_FACE('',(#170),#2374,.T.);
#2453=ADVANCED_FACE('',(#171),#166,.T.);
#2454=ADVANCED_FACE('',(#172),#2375,.T.);
#2455=ADVANCED_FACE('',(#173),#25,.F.);
#2456=ADVANCED_FACE('',(#174),#2376,.T.);
#2457=ADVANCED_FACE('',(#175),#2377,.F.);
#2458=ADVANCED_FACE('',(#176),#2378,.T.);
#2459=ADVANCED_FACE('',(#177),#167,.T.);
#2460=ADVANCED_FACE('',(#178),#2379,.T.);
#2461=ADVANCED_FACE('',(#179),#26,.F.);
#2462=ADVANCED_FACE('',(#180),#2380,.T.);
#2463=ADVANCED_FACE('',(#181),#168,.T.);
#2464=ADVANCED_FACE('',(#182),#2381,.T.);
#2465=ADVANCED_FACE('',(#183),#2382,.T.);
#2466=ADVANCED_FACE('',(#184),#27,.F.);
#2467=ADVANCED_FACE('',(#185),#2383,.T.);
#2468=ADVANCED_FACE('',(#186),#169,.T.);
#2469=ADVANCED_FACE('',(#187),#2384,.T.);
#2470=ADVANCED_FACE('',(#188),#2385,.T.);
#2471=ADVANCED_FACE('',(#189),#28,.F.);
#2472=ADVANCED_FACE('',(#190),#2386,.T.);
#2473=ADVANCED_FACE('',(#191),#29,.F.);
#2474=ADVANCED_FACE('',(#192),#2387,.F.);
#2475=ADVANCED_FACE('',(#193),#30,.T.);
#2476=ADVANCED_FACE('',(#194),#31,.T.);
#2477=ADVANCED_FACE('',(#195),#2388,.F.);
#2478=ADVANCED_FACE('',(#196,#15),#2389,.T.);
#2479=ADVANCED_FACE('',(#197),#32,.T.);
#2480=ADVANCED_FACE('',(#198),#2390,.F.);
#2481=ADVANCED_FACE('',(#199),#33,.F.);
#2482=ADVANCED_FACE('',(#200),#2391,.F.);
#2483=ADVANCED_FACE('',(#201),#34,.T.);
#2484=ADVANCED_FACE('',(#202,#16),#2392,.T.);
#2485=ADVANCED_FACE('',(#203),#35,.F.);
#2486=ADVANCED_FACE('',(#204),#2393,.F.);
#2487=ADVANCED_FACE('',(#205),#36,.T.);
#2488=ADVANCED_FACE('',(#206),#37,.T.);
#2489=ADVANCED_FACE('',(#207),#2394,.F.);
#2490=ADVANCED_FACE('',(#208,#17),#2395,.T.);
#2491=ADVANCED_FACE('',(#209),#2396,.F.);
#2492=ADVANCED_FACE('',(#210),#38,.T.);
#2493=ADVANCED_FACE('',(#211),#39,.T.);
#2494=ADVANCED_FACE('',(#212),#2397,.F.);
#2495=ADVANCED_FACE('',(#213),#40,.F.);
#2496=ADVANCED_FACE('',(#214,#18),#2398,.T.);
#2497=ADVANCED_FACE('',(#215),#41,.T.);
#2498=ADVANCED_FACE('',(#216),#2399,.T.);
#2499=ADVANCED_FACE('',(#217),#42,.T.);
#2500=ADVANCED_FACE('',(#218),#43,.T.);
#2501=ADVANCED_FACE('',(#219),#2400,.T.);
#2502=ADVANCED_FACE('',(#220),#2401,.T.);
#2503=ADVANCED_FACE('',(#221),#44,.F.);
#2504=ADVANCED_FACE('',(#222),#2402,.T.);
#2505=ADVANCED_FACE('',(#223),#2403,.F.);
#2506=ADVANCED_FACE('',(#224),#2404,.F.);
#2507=ADVANCED_FACE('',(#225),#2405,.T.);
#2508=ADVANCED_FACE('',(#226),#45,.F.);
#2509=ADVANCED_FACE('',(#227),#2406,.T.);
#2510=ADVANCED_FACE('',(#228),#2407,.T.);
#2511=ADVANCED_FACE('',(#229),#2408,.T.);
#2512=ADVANCED_FACE('',(#230),#2409,.T.);
#2513=ADVANCED_FACE('',(#231),#2410,.T.);
#2514=ADVANCED_FACE('',(#232),#2411,.F.);
#2515=ADVANCED_FACE('',(#233),#2412,.F.);
#2516=ADVANCED_FACE('',(#234),#2413,.T.);
#2517=ADVANCED_FACE('',(#235),#2414,.T.);
#2518=ADVANCED_FACE('',(#236),#2415,.T.);
#2519=ADVANCED_FACE('',(#237),#46,.F.);
#2520=ADVANCED_FACE('',(#238),#2416,.T.);
#2521=ADVANCED_FACE('',(#239),#47,.F.);
#2522=ADVANCED_FACE('',(#240),#2417,.T.);
#2523=ADVANCED_FACE('',(#241),#2418,.F.);
#2524=ADVANCED_FACE('',(#242),#2419,.T.);
#2525=ADVANCED_FACE('',(#243),#2420,.T.);
#2526=ADVANCED_FACE('',(#244),#2421,.T.);
#2527=ADVANCED_FACE('',(#245),#48,.T.);
#2528=ADVANCED_FACE('',(#246),#2422,.T.);
#2529=ADVANCED_FACE('',(#247),#2423,.T.);
#2530=ADVANCED_FACE('',(#248),#2424,.T.);
#2531=ADVANCED_FACE('',(#249),#49,.T.);
#2532=ADVANCED_FACE('',(#250),#2425,.T.);
#2533=ADVANCED_FACE('',(#251),#50,.T.);
#2534=ADVANCED_FACE('',(#252),#2426,.T.);
#2535=ADVANCED_FACE('',(#253),#2427,.T.);
#2536=ADVANCED_FACE('',(#254),#2428,.T.);
#2537=ADVANCED_FACE('',(#255),#51,.F.);
#2538=ADVANCED_FACE('',(#256),#2429,.T.);
#2539=ADVANCED_FACE('',(#257),#2430,.T.);
#2540=ADVANCED_FACE('',(#258),#52,.F.);
#2541=ADVANCED_FACE('',(#259),#53,.F.);
#2542=ADVANCED_FACE('',(#260),#2431,.T.);
#2543=ADVANCED_FACE('',(#261),#2432,.F.);
#2544=ADVANCED_FACE('',(#262),#2433,.F.);
#2545=ADVANCED_FACE('',(#263),#2434,.F.);
#2546=ADVANCED_FACE('',(#264),#54,.T.);
#2547=ADVANCED_FACE('',(#265),#55,.F.);
#2548=ADVANCED_FACE('',(#266),#2435,.T.);
#2549=ADVANCED_FACE('',(#267),#56,.F.);
#2550=ADVANCED_FACE('',(#268),#57,.T.);
#2551=ADVANCED_FACE('',(#269),#2436,.T.);
#2552=ADVANCED_FACE('',(#270),#58,.F.);
#2553=ADVANCED_FACE('',(#271),#2437,.T.);
#2554=ADVANCED_FACE('',(#272),#59,.F.);
#2555=ADVANCED_FACE('',(#273),#2438,.T.);
#2556=ADVANCED_FACE('',(#274),#2439,.T.);
#2557=ADVANCED_FACE('',(#275),#60,.F.);
#2558=ADVANCED_FACE('',(#276),#2440,.T.);
#2559=ADVANCED_FACE('',(#277),#61,.F.);
#2560=ADVANCED_FACE('',(#278),#2441,.T.);
#2561=ADVANCED_FACE('',(#279),#62,.F.);
#2562=ADVANCED_FACE('',(#280),#2442,.T.);
#2563=ADVANCED_FACE('',(#281),#63,.F.);
#2564=ADVANCED_FACE('',(#282,#19),#2443,.T.);
#2565=ADVANCED_FACE('',(#283),#64,.T.);
#2566=ADVANCED_FACE('',(#284),#2444,.T.);
#2567=ADVANCED_FACE('',(#285),#65,.F.);
#2568=ADVANCED_FACE('',(#286),#2445,.T.);
#2569=ADVANCED_FACE('',(#287),#66,.F.);
#2570=ADVANCED_FACE('',(#288),#2446,.T.);
#2571=ADVANCED_FACE('',(#289),#67,.T.);
#2572=ADVANCED_FACE('',(#290),#68,.F.);
#2573=ADVANCED_FACE('',(#291),#2447,.T.);
#2574=ADVANCED_FACE('',(#292),#69,.F.);
#2575=ADVANCED_FACE('',(#293),#2448,.T.);
#2576=ADVANCED_FACE('',(#294),#70,.F.);
#2577=ADVANCED_FACE('',(#295),#71,.F.);
#2578=ADVANCED_FACE('',(#296),#72,.F.);
#2579=ADVANCED_FACE('',(#297),#73,.F.);
#2580=ADVANCED_FACE('',(#298),#2449,.T.);
#2581=ADVANCED_FACE('',(#299),#74,.T.);
#2582=ADVANCED_FACE('',(#300),#2450,.T.);
#2583=ADVANCED_FACE('',(#301,#20,#21,#22,#23,#24),#2451,.T.);
#2584=CLOSED_SHELL('',(#2452,#2453,#2454,#2455,#2456,#2457,#2458,#2459,
#2460,#2461,#2462,#2463,#2464,#2465,#2466,#2467,#2468,#2469,#2470,#2471,
#2472,#2473,#2474,#2475,#2476,#2477,#2478,#2479,#2480,#2481,#2482,#2483,
#2484,#2485,#2486,#2487,#2488,#2489,#2490,#2491,#2492,#2493,#2494,#2495,
#2496,#2497,#2498,#2499,#2500,#2501,#2502,#2503,#2504,#2505,#2506,#2507,
#2508,#2509,#2510,#2511,#2512,#2513,#2514,#2515,#2516,#2517,#2518,#2519,
#2520,#2521,#2522,#2523,#2524,#2525,#2526,#2527,#2528,#2529,#2530,#2531,
#2532,#2533,#2534,#2535,#2536,#2537,#2538,#2539,#2540,#2541,#2542,#2543,
#2544,#2545,#2546,#2547,#2548,#2549,#2550,#2551,#2552,#2553,#2554,#2555,
#2556,#2557,#2558,#2559,#2560,#2561,#2562,#2563,#2564,#2565,#2566,#2567,
#2568,#2569,#2570,#2571,#2572,#2573,#2574,#2575,#2576,#2577,#2578,#2579,
#2580,#2581,#2582,#2583));
#2585=DERIVED_UNIT_ELEMENT(#2587,1.);
#2586=DERIVED_UNIT_ELEMENT(#4342,-3.);
#2587=(
MASS_UNIT()
NAMED_UNIT(*)
SI_UNIT(.KILO.,.GRAM.)
);
#2588=DERIVED_UNIT((#2585,#2586));
#2589=MEASURE_REPRESENTATION_ITEM('density measure',
POSITIVE_RATIO_MEASURE(7850.),#2588);
#2590=PROPERTY_DEFINITION_REPRESENTATION(#2595,#2592);
#2591=PROPERTY_DEFINITION_REPRESENTATION(#2596,#2593);
#2592=REPRESENTATION('material name',(#2594),#4339);
#2593=REPRESENTATION('density',(#2589),#4339);
#2594=DESCRIPTIVE_REPRESENTATION_ITEM('Steel','Steel');
#2595=PROPERTY_DEFINITION('material property','material name',#4349);
#2596=PROPERTY_DEFINITION('material property','density of part',#4349);
#2597=AXIS2_PLACEMENT_3D('',#3582,#2835,#2836);
#2598=AXIS2_PLACEMENT_3D('',#3583,#2837,#2838);
#2599=AXIS2_PLACEMENT_3D('',#3586,#2839,#2840);
#2600=AXIS2_PLACEMENT_3D('',#3594,#2845,#2846);
#2601=AXIS2_PLACEMENT_3D('',#3598,#2848,#2849);
#2602=AXIS2_PLACEMENT_3D('',#3599,#2850,#2851);
#2603=AXIS2_PLACEMENT_3D('',#3600,#2852,#2853);
#2604=AXIS2_PLACEMENT_3D('',#3607,#2857,#2858);
#2605=AXIS2_PLACEMENT_3D('',#3608,#2859,#2860);
#2606=AXIS2_PLACEMENT_3D('',#3612,#2862,#2863);
#2607=AXIS2_PLACEMENT_3D('',#3614,#2865,#2866);
#2608=AXIS2_PLACEMENT_3D('',#3620,#2870,#2871);
#2609=AXIS2_PLACEMENT_3D('',#3626,#2874,#2875);
#2610=AXIS2_PLACEMENT_3D('',#3634,#2879,#2880);
#2611=AXIS2_PLACEMENT_3D('',#3642,#2884,#2885);
#2612=AXIS2_PLACEMENT_3D('',#3652,#2890,#2891);
#2613=AXIS2_PLACEMENT_3D('',#3656,#2893,#2894);
#2614=AXIS2_PLACEMENT_3D('',#3666,#2899,#2900);
#2615=AXIS2_PLACEMENT_3D('',#3668,#2902,#2903);
#2616=AXIS2_PLACEMENT_3D('',#3671,#2904,#2905);
#2617=AXIS2_PLACEMENT_3D('',#3676,#2909,#2910);
#2618=AXIS2_PLACEMENT_3D('',#3679,#2912,#2913);
#2619=AXIS2_PLACEMENT_3D('',#3680,#2914,#2915);
#2620=AXIS2_PLACEMENT_3D('',#3685,#2918,#2919);
#2621=AXIS2_PLACEMENT_3D('',#3686,#2920,#2921);
#2622=AXIS2_PLACEMENT_3D('',#3690,#2923,#2924);
#2623=AXIS2_PLACEMENT_3D('',#3692,#2926,#2927);
#2624=AXIS2_PLACEMENT_3D('',#3696,#2930,#2931);
#2625=AXIS2_PLACEMENT_3D('',#3701,#2934,#2935);
#2626=AXIS2_PLACEMENT_3D('',#3702,#2936,#2937);
#2627=AXIS2_PLACEMENT_3D('',#3705,#2938,#2939);
#2628=AXIS2_PLACEMENT_3D('',#3708,#2942,#2943);
#2629=AXIS2_PLACEMENT_3D('',#3713,#2946,#2947);
#2630=AXIS2_PLACEMENT_3D('',#3714,#2948,#2949);
#2631=AXIS2_PLACEMENT_3D('',#3718,#2951,#2952);
#2632=AXIS2_PLACEMENT_3D('',#3720,#2954,#2955);
#2633=AXIS2_PLACEMENT_3D('',#3724,#2958,#2959);
#2634=AXIS2_PLACEMENT_3D('',#3729,#2962,#2963);
#2635=AXIS2_PLACEMENT_3D('',#3730,#2964,#2965);
#2636=AXIS2_PLACEMENT_3D('',#3733,#2966,#2967);
#2637=AXIS2_PLACEMENT_3D('',#3736,#2970,#2971);
#2638=AXIS2_PLACEMENT_3D('',#3741,#2974,#2975);
#2639=AXIS2_PLACEMENT_3D('',#3742,#2976,#2977);
#2640=AXIS2_PLACEMENT_3D('',#3746,#2979,#2980);
#2641=AXIS2_PLACEMENT_3D('',#3748,#2982,#2983);
#2642=AXIS2_PLACEMENT_3D('',#3752,#2986,#2987);
#2643=AXIS2_PLACEMENT_3D('',#3755,#2988,#2989);
#2644=AXIS2_PLACEMENT_3D('',#3759,#2991,#2992);
#2645=AXIS2_PLACEMENT_3D('',#3761,#2994,#2995);
#2646=AXIS2_PLACEMENT_3D('',#3767,#2999,#3000);
#2647=AXIS2_PLACEMENT_3D('',#3769,#3001,#3002);
#2648=AXIS2_PLACEMENT_3D('',#3772,#3004,#3005);
#2649=AXIS2_PLACEMENT_3D('',#3773,#3006,#3007);
#2650=AXIS2_PLACEMENT_3D('',#3776,#3008,#3009);
#2651=AXIS2_PLACEMENT_3D('',#3780,#3011,#3012);
#2652=AXIS2_PLACEMENT_3D('',#3782,#3014,#3015);
#2653=AXIS2_PLACEMENT_3D('',#3785,#3018,#3019);
#2654=AXIS2_PLACEMENT_3D('',#3789,#3021,#3022);
#2655=AXIS2_PLACEMENT_3D('',#3792,#3024,#3025);
#2656=AXIS2_PLACEMENT_3D('',#3793,#3026,#3027);
#2657=AXIS2_PLACEMENT_3D('',#3796,#3028,#3029);
#2658=AXIS2_PLACEMENT_3D('',#3800,#3031,#3032);
#2659=AXIS2_PLACEMENT_3D('',#3802,#3034,#3035);
#2660=AXIS2_PLACEMENT_3D('',#3808,#3039,#3040);
#2661=AXIS2_PLACEMENT_3D('',#3810,#3041,#3042);
#2662=AXIS2_PLACEMENT_3D('',#3813,#3044,#3045);
#2663=AXIS2_PLACEMENT_3D('',#3814,#3046,#3047);
#2664=AXIS2_PLACEMENT_3D('',#3820,#3051,#3052);
#2665=AXIS2_PLACEMENT_3D('',#3822,#3053,#3054);
#2666=AXIS2_PLACEMENT_3D('',#3825,#3056,#3057);
#2667=AXIS2_PLACEMENT_3D('',#3826,#3058,#3059);
#2668=AXIS2_PLACEMENT_3D('',#3829,#3060,#3061);
#2669=AXIS2_PLACEMENT_3D('',#3833,#3064,#3065);
#2670=AXIS2_PLACEMENT_3D('',#3834,#3066,#3067);
#2671=AXIS2_PLACEMENT_3D('',#3837,#3068,#3069);
#2672=AXIS2_PLACEMENT_3D('',#3841,#3071,#3072);
#2673=AXIS2_PLACEMENT_3D('',#3843,#3074,#3075);
#2674=AXIS2_PLACEMENT_3D('',#3849,#3079,#3080);
#2675=AXIS2_PLACEMENT_3D('',#3851,#3081,#3082);
#2676=AXIS2_PLACEMENT_3D('',#3854,#3084,#3085);
#2677=AXIS2_PLACEMENT_3D('',#3855,#3086,#3087);
#2678=AXIS2_PLACEMENT_3D('',#3858,#3088,#3089);
#2679=AXIS2_PLACEMENT_3D('',#3862,#3091,#3092);
#2680=AXIS2_PLACEMENT_3D('',#3864,#3094,#3095);
#2681=AXIS2_PLACEMENT_3D('',#3867,#3098,#3099);
#2682=AXIS2_PLACEMENT_3D('',#3871,#3101,#3102);
#2683=AXIS2_PLACEMENT_3D('',#3874,#3104,#3105);
#2684=AXIS2_PLACEMENT_3D('',#3875,#3106,#3107);
#2685=AXIS2_PLACEMENT_3D('',#3884,#3112,#3113);
#2686=AXIS2_PLACEMENT_3D('',#3886,#3114,#3115);
#2687=AXIS2_PLACEMENT_3D('',#3889,#3117,#3118);
#2688=AXIS2_PLACEMENT_3D('',#3890,#3119,#3120);
#2689=AXIS2_PLACEMENT_3D('',#3893,#3121,#3122);
#2690=AXIS2_PLACEMENT_3D('',#3897,#3124,#3125);
#2691=AXIS2_PLACEMENT_3D('',#3899,#3127,#3128);
#2692=AXIS2_PLACEMENT_3D('',#3905,#3132,#3133);
#2693=AXIS2_PLACEMENT_3D('',#3906,#3134,#3135);
#2694=AXIS2_PLACEMENT_3D('',#3907,#3136,#3137);
#2695=AXIS2_PLACEMENT_3D('',#3908,#3138,#3139);
#2696=AXIS2_PLACEMENT_3D('',#3912,#3141,#3142);
#2697=AXIS2_PLACEMENT_3D('',#3915,#3144,#3145);
#2698=AXIS2_PLACEMENT_3D('',#3916,#3146,#3147);
#2699=AXIS2_PLACEMENT_3D('',#3920,#3149,#3150);
#2700=AXIS2_PLACEMENT_3D('',#3922,#3152,#3153);
#2701=AXIS2_PLACEMENT_3D('',#3935,#3161,#3162);
#2702=AXIS2_PLACEMENT_3D('',#3938,#3164,#3165);
#2703=AXIS2_PLACEMENT_3D('',#3939,#3166,#3167);
#2704=AXIS2_PLACEMENT_3D('',#3943,#3169,#3170);
#2705=AXIS2_PLACEMENT_3D('',#3945,#3172,#3173);
#2706=AXIS2_PLACEMENT_3D('',#3956,#3179,#3180);
#2707=AXIS2_PLACEMENT_3D('',#3957,#3181,#3182);
#2708=AXIS2_PLACEMENT_3D('',#3966,#3188,#3189);
#2709=AXIS2_PLACEMENT_3D('',#3967,#3190,#3191);
#2710=AXIS2_PLACEMENT_3D('',#3975,#3196,#3197);
#2711=AXIS2_PLACEMENT_3D('',#3976,#3198,#3199);
#2712=AXIS2_PLACEMENT_3D('',#3977,#3200,#3201);
#2713=AXIS2_PLACEMENT_3D('',#3984,#3205,#3206);
#2714=AXIS2_PLACEMENT_3D('',#3985,#3207,#3208);
#2715=AXIS2_PLACEMENT_3D('',#3994,#3214,#3215);
#2716=AXIS2_PLACEMENT_3D('',#3995,#3216,#3217);
#2717=AXIS2_PLACEMENT_3D('',#3997,#3218,#3219);
#2718=AXIS2_PLACEMENT_3D('',#4003,#3223,#3224);
#2719=AXIS2_PLACEMENT_3D('',#4011,#3229,#3230);
#2720=AXIS2_PLACEMENT_3D('',#4020,#3235,#3236);
#2721=AXIS2_PLACEMENT_3D('',#4026,#3240,#3241);
#2722=AXIS2_PLACEMENT_3D('',#4028,#3242,#3243);
#2723=AXIS2_PLACEMENT_3D('',#4031,#3245,#3246);
#2724=AXIS2_PLACEMENT_3D('',#4032,#3247,#3248);
#2725=AXIS2_PLACEMENT_3D('',#4038,#3251,#3252);
#2726=AXIS2_PLACEMENT_3D('',#4040,#3254,#3255);
#2727=AXIS2_PLACEMENT_3D('',#4046,#3259,#3260);
#2728=AXIS2_PLACEMENT_3D('',#4055,#3265,#3266);
#2729=AXIS2_PLACEMENT_3D('',#4064,#3270,#3271);
#2730=AXIS2_PLACEMENT_3D('',#4068,#3273,#3274);
#2731=AXIS2_PLACEMENT_3D('',#4073,#3277,#3278);
#2732=AXIS2_PLACEMENT_3D('',#4076,#3280,#3281);
#2733=AXIS2_PLACEMENT_3D('',#4077,#3282,#3283);
#2734=AXIS2_PLACEMENT_3D('',#4086,#3289,#3290);
#2735=AXIS2_PLACEMENT_3D('',#4089,#3292,#3293);
#2736=AXIS2_PLACEMENT_3D('',#4090,#3294,#3295);
#2737=AXIS2_PLACEMENT_3D('',#4094,#3298,#3299);
#2738=AXIS2_PLACEMENT_3D('',#4097,#3301,#3302);
#2739=AXIS2_PLACEMENT_3D('',#4098,#3303,#3304);
#2740=AXIS2_PLACEMENT_3D('',#4102,#3307,#3308);
#2741=AXIS2_PLACEMENT_3D('',#4105,#3309,#3310);
#2742=AXIS2_PLACEMENT_3D('',#4113,#3314,#3315);
#2743=AXIS2_PLACEMENT_3D('',#4117,#3317,#3318);
#2744=AXIS2_PLACEMENT_3D('',#4119,#3320,#3321);
#2745=AXIS2_PLACEMENT_3D('',#4122,#3324,#3325);
#2746=AXIS2_PLACEMENT_3D('',#4125,#3328,#3329);
#2747=AXIS2_PLACEMENT_3D('',#4128,#3332,#3333);
#2748=AXIS2_PLACEMENT_3D('',#4130,#3335,#3336);
#2749=AXIS2_PLACEMENT_3D('',#4132,#3338,#3339);
#2750=AXIS2_PLACEMENT_3D('',#4134,#3341,#3342);
#2751=AXIS2_PLACEMENT_3D('',#4136,#3344,#3345);
#2752=AXIS2_PLACEMENT_3D('',#4139,#3348,#3349);
#2753=AXIS2_PLACEMENT_3D('',#4141,#3351,#3352);
#2754=AXIS2_PLACEMENT_3D('',#4143,#3354,#3355);
#2755=AXIS2_PLACEMENT_3D('',#4147,#3358,#3359);
#2756=AXIS2_PLACEMENT_3D('',#4149,#3361,#3362);
#2757=AXIS2_PLACEMENT_3D('',#4150,#3363,#3364);
#2758=AXIS2_PLACEMENT_3D('',#4152,#3365,#3366);
#2759=AXIS2_PLACEMENT_3D('',#4154,#3368,#3369);
#2760=AXIS2_PLACEMENT_3D('',#4157,#3372,#3373);
#2761=AXIS2_PLACEMENT_3D('',#4161,#3377,#3378);
#2762=AXIS2_PLACEMENT_3D('',#4163,#3380,#3381);
#2763=AXIS2_PLACEMENT_3D('',#4165,#3383,#3384);
#2764=AXIS2_PLACEMENT_3D('',#4171,#3388,#3389);
#2765=AXIS2_PLACEMENT_3D('',#4172,#3390,#3391);
#2766=AXIS2_PLACEMENT_3D('',#4173,#3392,#3393);
#2767=AXIS2_PLACEMENT_3D('',#4175,#3394,#3395);
#2768=AXIS2_PLACEMENT_3D('',#4178,#3397,#3398);
#2769=AXIS2_PLACEMENT_3D('',#4179,#3399,#3400);
#2770=AXIS2_PLACEMENT_3D('',#4183,#3402,#3403);
#2771=AXIS2_PLACEMENT_3D('',#4186,#3405,#3406);
#2772=AXIS2_PLACEMENT_3D('',#4187,#3407,#3408);
#2773=AXIS2_PLACEMENT_3D('',#4189,#3409,#3410);
#2774=AXIS2_PLACEMENT_3D('',#4191,#3412,#3413);
#2775=AXIS2_PLACEMENT_3D('',#4194,#3415,#3416);
#2776=AXIS2_PLACEMENT_3D('',#4195,#3417,#3418);
#2777=AXIS2_PLACEMENT_3D('',#4199,#3421,#3422);
#2778=AXIS2_PLACEMENT_3D('',#4200,#3423,#3424);
#2779=AXIS2_PLACEMENT_3D('',#4201,#3425,#3426);
#2780=AXIS2_PLACEMENT_3D('',#4204,#3428,#3429);
#2781=AXIS2_PLACEMENT_3D('',#4205,#3430,#3431);
#2782=AXIS2_PLACEMENT_3D('',#4209,#3434,#3435);
#2783=AXIS2_PLACEMENT_3D('',#4212,#3437,#3438);
#2784=AXIS2_PLACEMENT_3D('',#4213,#3439,#3440);
#2785=AXIS2_PLACEMENT_3D('',#4217,#3443,#3444);
#2786=AXIS2_PLACEMENT_3D('',#4218,#3445,#3446);
#2787=AXIS2_PLACEMENT_3D('',#4219,#3447,#3448);
#2788=AXIS2_PLACEMENT_3D('',#4221,#3450,#3451);
#2789=AXIS2_PLACEMENT_3D('',#4230,#3456,#3457);
#2790=AXIS2_PLACEMENT_3D('',#4232,#3458,#3459);
#2791=AXIS2_PLACEMENT_3D('',#4234,#3460,#3461);
#2792=AXIS2_PLACEMENT_3D('',#4236,#3463,#3464);
#2793=AXIS2_PLACEMENT_3D('',#4242,#3468,#3469);
#2794=AXIS2_PLACEMENT_3D('',#4244,#3470,#3471);
#2795=AXIS2_PLACEMENT_3D('',#4246,#3472,#3473);
#2796=AXIS2_PLACEMENT_3D('',#4248,#3475,#3476);
#2797=AXIS2_PLACEMENT_3D('',#4254,#3480,#3481);
#2798=AXIS2_PLACEMENT_3D('',#4256,#3482,#3483);
#2799=AXIS2_PLACEMENT_3D('',#4258,#3484,#3485);
#2800=AXIS2_PLACEMENT_3D('',#4260,#3487,#3488);
#2801=AXIS2_PLACEMENT_3D('',#4266,#3492,#3493);
#2802=AXIS2_PLACEMENT_3D('',#4267,#3494,#3495);
#2803=AXIS2_PLACEMENT_3D('',#4268,#3496,#3497);
#2804=AXIS2_PLACEMENT_3D('',#4269,#3498,#3499);
#2805=AXIS2_PLACEMENT_3D('',#4273,#3501,#3502);
#2806=AXIS2_PLACEMENT_3D('',#4275,#3504,#3505);
#2807=AXIS2_PLACEMENT_3D('',#4278,#3507,#3508);
#2808=AXIS2_PLACEMENT_3D('',#4279,#3509,#3510);
#2809=AXIS2_PLACEMENT_3D('',#4283,#3513,#3514);
#2810=AXIS2_PLACEMENT_3D('',#4286,#3516,#3517);
#2811=AXIS2_PLACEMENT_3D('',#4287,#3518,#3519);
#2812=AXIS2_PLACEMENT_3D('',#4291,#3522,#3523);
#2813=AXIS2_PLACEMENT_3D('',#4294,#3525,#3526);
#2814=AXIS2_PLACEMENT_3D('',#4295,#3527,#3528);
#2815=AXIS2_PLACEMENT_3D('',#4299,#3531,#3532);
#2816=AXIS2_PLACEMENT_3D('',#4300,#3533,#3534);
#2817=AXIS2_PLACEMENT_3D('',#4301,#3535,#3536);
#2818=AXIS2_PLACEMENT_3D('',#4304,#3538,#3539);
#2819=AXIS2_PLACEMENT_3D('',#4305,#3540,#3541);
#2820=AXIS2_PLACEMENT_3D('',#4309,#3544,#3545);
#2821=AXIS2_PLACEMENT_3D('',#4312,#3547,#3548);
#2822=AXIS2_PLACEMENT_3D('',#4313,#3549,#3550);
#2823=AXIS2_PLACEMENT_3D('',#4315,#3552,#3553);
#2824=AXIS2_PLACEMENT_3D('',#4318,#3555,#3556);
#2825=AXIS2_PLACEMENT_3D('',#4319,#3557,#3558);
#2826=AXIS2_PLACEMENT_3D('',#4322,#3560,#3561);
#2827=AXIS2_PLACEMENT_3D('',#4323,#3562,#3563);
#2828=AXIS2_PLACEMENT_3D('',#4326,#3565,#3566);
#2829=AXIS2_PLACEMENT_3D('',#4327,#3567,#3568);
#2830=AXIS2_PLACEMENT_3D('',#4330,#3570,#3571);
#2831=AXIS2_PLACEMENT_3D('',#4331,#3572,#3573);
#2832=AXIS2_PLACEMENT_3D('',#4333,#3575,#3576);
#2833=AXIS2_PLACEMENT_3D('',#4335,#3578,#3579);
#2834=AXIS2_PLACEMENT_3D('',#4336,#3580,#3581);
#2835=DIRECTION('axis',(0.,0.,1.));
#2836=DIRECTION('refdir',(1.,0.,0.));
#2837=DIRECTION('center_axis',(0.822192191643779,6.49114058982664E-14,0.569209978830308));
#2838=DIRECTION('ref_axis',(0.569209978830308,0.,-0.822192191643779));
#2839=DIRECTION('center_axis',(-0.822192191643779,-6.49114058982664E-14,
-0.569209978830308));
#2840=DIRECTION('ref_axis',(-0.569209978830308,-3.3704001298336E-14,0.822192191643779));
#2841=DIRECTION('',(7.89491879854653E-14,-1.,0.));
#2842=DIRECTION('',(0.569209978830315,4.49386683977815E-14,-0.822192191643774));
#2843=DIRECTION('',(-7.89491879854653E-14,1.,0.));
#2844=DIRECTION('',(0.569209978830308,3.81854197529569E-14,-0.822192191643779));
#2845=DIRECTION('center_axis',(0.,0.,-1.));
#2846=DIRECTION('ref_axis',(-4.90486589983651E-14,-1.,0.));
#2847=DIRECTION('',(-3.37040012983363E-14,-0.569209978830308,-0.822192191643779));
#2848=DIRECTION('center_axis',(0.,0.,1.));
#2849=DIRECTION('ref_axis',(-4.90486589983651E-14,-1.,0.));
#2850=DIRECTION('center_axis',(0.,0.,-1.));
#2851=DIRECTION('ref_axis',(-4.90486589983651E-14,-1.,0.));
#2852=DIRECTION('center_axis',(-4.86835559534943E-14,-0.82219219164378,
0.569209978830306));
#2853=DIRECTION('ref_axis',(1.,0.,8.55282896718295E-14));
#2854=DIRECTION('',(2.88356465270599E-14,0.569209978830306,0.82219219164378));
#2855=DIRECTION('',(1.,-5.92118928497277E-14,0.));
#2856=DIRECTION('',(-1.,5.92118928497277E-14,0.));
#2857=DIRECTION('center_axis',(4.86835559534943E-14,0.82219219164378,-0.569209978830306));
#2858=DIRECTION('ref_axis',(2.80866677486133E-14,0.569209978830306,0.82219219164378));
#2859=DIRECTION('center_axis',(0.,0.,-1.));
#2860=DIRECTION('ref_axis',(-1.,-5.92118946466745E-14,0.));
#2861=DIRECTION('',(0.,0.,-1.));
#2862=DIRECTION('center_axis',(0.,0.,-1.));
#2863=DIRECTION('ref_axis',(-1.,-5.92118946466745E-14,0.));
#2864=DIRECTION('',(0.,0.,-1.));
#2865=DIRECTION('center_axis',(6.70849443494044E-14,-1.,0.));
#2866=DIRECTION('ref_axis',(-1.,-6.70849443494044E-14,0.));
#2867=DIRECTION('',(-1.,-6.70849443494044E-14,0.));
#2868=DIRECTION('',(0.,0.,1.));
#2869=DIRECTION('',(1.,6.70849443494044E-14,0.));
#2870=DIRECTION('center_axis',(0.,0.,-1.));
#2871=DIRECTION('ref_axis',(1.,0.,0.));
#2872=DIRECTION('',(-5.0659067127241E-14,-1.,0.));
#2873=DIRECTION('',(-0.999999999999514,9.85859446218321E-7,0.));
#2874=DIRECTION('center_axis',(0.,0.,1.));
#2875=DIRECTION('ref_axis',(1.,3.68782284974951E-10,0.));
#2876=DIRECTION('',(-3.68791416344941E-10,1.,0.));
#2877=DIRECTION('',(1.,-1.11362020474154E-12,0.));
#2878=DIRECTION('',(-6.23081352976617E-10,-1.,0.));
#2879=DIRECTION('center_axis',(0.,0.,1.));
#2880=DIRECTION('ref_axis',(6.23193702281176E-10,1.,0.));
#2881=DIRECTION('',(-1.,6.23210575707642E-10,0.));
#2882=DIRECTION('',(-8.32315884136397E-13,1.,0.));
#2883=DIRECTION('',(1.,9.92055955622248E-10,0.));
#2884=DIRECTION('center_axis',(0.,0.,1.));
#2885=DIRECTION('ref_axis',(-1.,-9.91930915515427E-10,0.));
#2886=DIRECTION('',(9.91917656935028E-10,-1.,0.));
#2887=DIRECTION('',(-1.,-6.70849443494044E-14,0.));
#2888=DIRECTION('',(6.66133521125735E-14,-1.,0.));
#2889=DIRECTION('',(1.,6.66133814775096E-14,0.));
#2890=DIRECTION('center_axis',(0.,0.,-1.));
#2891=DIRECTION('ref_axis',(1.,6.97854472621531E-14,0.));
#2892=DIRECTION('',(6.66133802669992E-14,-1.,0.));
#2893=DIRECTION('center_axis',(0.,0.,-1.));
#2894=DIRECTION('ref_axis',(6.34413156928658E-15,-1.,0.));
#2895=DIRECTION('',(-1.,0.,0.));
#2896=DIRECTION('',(-8.88178419700128E-15,1.,0.));
#2897=DIRECTION('',(1.,0.,0.));
#2898=DIRECTION('',(0.,-1.,0.));
#2899=DIRECTION('center_axis',(0.,0.,-1.));
#2900=DIRECTION('ref_axis',(-1.,-6.97854472621524E-14,0.));
#2901=DIRECTION('',(-6.66133772956508E-14,1.,0.));
#2902=DIRECTION('center_axis',(8.10565938738963E-7,0.822192191643379,0.569209978830309));
#2903=DIRECTION('ref_axis',(0.999999999998986,0.,-1.42401920009169E-6));
#2904=DIRECTION('center_axis',(-8.10565938738963E-7,-0.822192191643379,
-0.569209978830309));
#2905=DIRECTION('ref_axis',(-5.61161058221543E-7,-0.569209978830032,0.822192191643778));
#2906=DIRECTION('',(0.999999999999514,-9.85859446218321E-7,0.));
#2907=DIRECTION('',(5.61161038560894E-7,0.569209978830028,-0.822192191643781));
#2908=DIRECTION('',(2.88356465270695E-14,0.569209978830496,-0.822192191643649));
#2909=DIRECTION('center_axis',(0.,0.,-1.));
#2910=DIRECTION('ref_axis',(1.,3.68782284974951E-10,0.));
#2911=DIRECTION('',(0.569209978830308,2.09914137419588E-10,-0.822192191643779));
#2912=DIRECTION('center_axis',(0.,0.,-1.));
#2913=DIRECTION('ref_axis',(1.,3.68782284974951E-10,0.));
#2914=DIRECTION('center_axis',(0.82219219164379,3.03217422864064E-10,0.569209978830292));
#2915=DIRECTION('ref_axis',(0.569209978830292,0.,-0.82219219164379));
#2916=DIRECTION('',(-0.569209978830292,6.3388373316592E-13,0.82219219164379));
#2917=DIRECTION('',(3.68791416344941E-10,-1.,0.));
#2918=DIRECTION('center_axis',(-0.82219219164379,-3.03217422864064E-10,
-0.569209978830292));
#2919=DIRECTION('ref_axis',(-0.569209978830292,6.45993358218096E-13,0.82219219164379));
#2920=DIRECTION('center_axis',(0.,0.,-1.));
#2921=DIRECTION('ref_axis',(-9.85859487872462E-7,-0.999999999999514,0.));
#2922=DIRECTION('',(0.,0.,-1.));
#2923=DIRECTION('center_axis',(-0.766044443118978,-1.27293159161298E-12,
0.642787609686539));
#2924=DIRECTION('ref_axis',(-0.64278760968641,6.33698263696517E-7,-0.766044443118824));
#2925=DIRECTION('',(0.,0.,-1.));
#2926=DIRECTION('center_axis',(1.,-5.0659067127241E-14,0.));
#2927=DIRECTION('ref_axis',(-5.0659067127241E-14,-1.,0.));
#2928=DIRECTION('',(0.,0.,-1.));
#2929=DIRECTION('',(-5.0659067127241E-14,-1.,-2.04070313228202E-12));
#2930=DIRECTION('center_axis',(0.,0.,-1.));
#2931=DIRECTION('ref_axis',(6.23193702281176E-10,1.,0.));
#2932=DIRECTION('',(3.5473461366499E-10,0.569209978830308,-0.822192191643779));
#2933=DIRECTION('',(0.569209978830308,-3.54661588328844E-10,0.822192191643779));
#2934=DIRECTION('center_axis',(0.,0.,-1.));
#2935=DIRECTION('ref_axis',(6.23193702281176E-10,1.,0.));
#2936=DIRECTION('center_axis',(-0.822192191643779,5.12292623176216E-10,
0.569209978830308));
#2937=DIRECTION('ref_axis',(0.569209978830308,0.,0.822192191643779));
#2938=DIRECTION('center_axis',(0.822192191643779,-5.12292623176216E-10,
-0.569209978830308));
#2939=DIRECTION('ref_axis',(0.569209978830308,-3.54644736328208E-10,0.822192191643779));
#2940=DIRECTION('',(6.23081352976617E-10,1.,0.));
#2941=DIRECTION('',(-0.569209978830308,6.33883733165937E-13,-0.822192191643779));
#2942=DIRECTION('center_axis',(5.12398869096646E-10,0.822192191643776,0.569209978830311));
#2943=DIRECTION('ref_axis',(1.,0.,-9.0019305379992E-10));
#2944=DIRECTION('',(4.73762506789411E-13,-0.569209978830311,0.822192191643776));
#2945=DIRECTION('',(1.,-6.23210575707642E-10,0.));
#2946=DIRECTION('center_axis',(-5.12398869096646E-10,-0.822192191643776,
-0.569209978830311));
#2947=DIRECTION('ref_axis',(4.94325352375623E-13,-0.569209978830312,0.822192191643776));
#2948=DIRECTION('center_axis',(0.,0.,-1.));
#2949=DIRECTION('ref_axis',(1.,-6.23047292770555E-10,0.));
#2950=DIRECTION('',(0.,0.,-1.));
#2951=DIRECTION('center_axis',(0.,-0.766044443118978,0.642787609686539));
#2952=DIRECTION('ref_axis',(-4.00487080041655E-10,-0.642787609686539,-0.766044443118978));
#2953=DIRECTION('',(0.,0.,-1.));
#2954=DIRECTION('center_axis',(1.11362020474154E-12,1.,0.));
#2955=DIRECTION('ref_axis',(1.,-1.11362020474154E-12,0.));
#2956=DIRECTION('',(0.,0.,-1.));
#2957=DIRECTION('',(1.,-1.11362020474154E-12,-1.32716087978623E-12));
#2958=DIRECTION('center_axis',(0.,0.,-1.));
#2959=DIRECTION('ref_axis',(-1.,-9.91930915515427E-10,0.));
#2960=DIRECTION('',(-0.569209978830308,-5.64617855750055E-10,-0.822192191643779));
#2961=DIRECTION('',(-5.64688072419424E-10,0.569209978830313,0.822192191643775));
#2962=DIRECTION('center_axis',(0.,0.,-1.));
#2963=DIRECTION('ref_axis',(-1.,-9.91930915515427E-10,0.));
#2964=DIRECTION('center_axis',(8.15660660386321E-10,-0.82219219164378,0.569209978830306));
#2965=DIRECTION('ref_axis',(1.,0.,-1.43296971367659E-9));
#2966=DIRECTION('center_axis',(-8.15660660386321E-10,0.82219219164378,-0.569209978830306));
#2967=DIRECTION('ref_axis',(-5.64688072419458E-10,0.569209978830306,0.82219219164378));
#2968=DIRECTION('',(-1.,-9.92055955622248E-10,0.));
#2969=DIRECTION('',(4.73762506789406E-13,-0.569209978830306,-0.82219219164378));
#2970=DIRECTION('center_axis',(-0.822192191643779,-8.15546952285572E-10,
0.569209978830308));
#2971=DIRECTION('ref_axis',(0.569209978830308,0.,0.822192191643779));
#2972=DIRECTION('',(0.569209978830308,3.81854197529569E-14,0.822192191643779));
#2973=DIRECTION('',(-9.91917656935028E-10,1.,0.));
#2974=DIRECTION('center_axis',(0.822192191643779,8.15546952285572E-10,-0.569209978830308));
#2975=DIRECTION('ref_axis',(0.569209978830308,5.05560019475055E-14,0.822192191643779));
#2976=DIRECTION('center_axis',(0.,0.,-1.));
#2977=DIRECTION('ref_axis',(-9.92055820208669E-10,1.,0.));
#2978=DIRECTION('',(0.,0.,-1.));
#2979=DIRECTION('center_axis',(0.766044443118978,2.84233584505264E-15,0.642787609686539));
#2980=DIRECTION('ref_axis',(0.642787609686539,6.3768118934755E-10,-0.766044443118978));
#2981=DIRECTION('',(0.,0.,-1.));
#2982=DIRECTION('center_axis',(-1.,-8.32315884136397E-13,0.));
#2983=DIRECTION('ref_axis',(-8.32315884136397E-13,1.,0.));
#2984=DIRECTION('',(0.,0.,-1.));
#2985=DIRECTION('',(-8.32315884136397E-13,1.,9.87493555494689E-13));
#2986=DIRECTION('center_axis',(0.,0.,1.));
#2987=DIRECTION('ref_axis',(2.50910960048372E-9,-1.,0.));
#2988=DIRECTION('center_axis',(0.,0.,1.));
#2989=DIRECTION('ref_axis',(2.50910960048372E-9,-1.,0.));
#2990=DIRECTION('',(0.,0.,1.));
#2991=DIRECTION('center_axis',(0.,0.,1.));
#2992=DIRECTION('ref_axis',(2.50910960048372E-9,-1.,0.));
#2993=DIRECTION('',(0.,0.,1.));
#2994=DIRECTION('center_axis',(-1.,-2.51104354711355E-9,0.));
#2995=DIRECTION('ref_axis',(2.51104354711355E-9,-1.,0.));
#2996=DIRECTION('',(2.51104354711355E-9,-1.,0.));
#2997=DIRECTION('',(0.,0.,1.));
#2998=DIRECTION('',(2.51104354711355E-9,-1.,0.));
#2999=DIRECTION('center_axis',(0.,0.,1.));
#3000=DIRECTION('ref_axis',(-2.51102250103937E-9,1.,0.));
#3001=DIRECTION('center_axis',(0.,0.,-1.));
#3002=DIRECTION('ref_axis',(-2.51102250103937E-9,1.,0.));
#3003=DIRECTION('',(0.,0.,-1.));
#3004=DIRECTION('center_axis',(0.,0.,-1.));
#3005=DIRECTION('ref_axis',(-2.51102250103937E-9,1.,0.));
#3006=DIRECTION('center_axis',(0.,0.,1.));
#3007=DIRECTION('ref_axis',(-2.50910403565282E-9,1.,0.));
#3008=DIRECTION('center_axis',(0.,0.,-1.));
#3009=DIRECTION('ref_axis',(-2.50910403565282E-9,1.,0.));
#3010=DIRECTION('',(0.,0.,1.));
#3011=DIRECTION('center_axis',(0.,0.,-1.));
#3012=DIRECTION('ref_axis',(-2.50910403565282E-9,1.,0.));
#3013=DIRECTION('',(0.,0.,-1.));
#3014=DIRECTION('center_axis',(2.50912943104164E-9,-1.,0.));
#3015=DIRECTION('ref_axis',(1.,2.50912943104164E-9,0.));
#3016=DIRECTION('',(1.,2.50912943104164E-9,0.));
#3017=DIRECTION('',(1.,2.50912943104164E-9,0.));
#3018=DIRECTION('center_axis',(0.,0.,-1.));
#3019=DIRECTION('ref_axis',(1.,0.,0.));
#3020=DIRECTION('',(-1.,-6.71567818784089E-14,0.));
#3021=DIRECTION('center_axis',(0.,0.,1.));
#3022=DIRECTION('ref_axis',(0.999999999999999,-5.0182656383969E-8,0.));
#3023=DIRECTION('',(-8.32702292221894E-13,1.,0.));
#3024=DIRECTION('center_axis',(0.,0.,-1.));
#3025=DIRECTION('ref_axis',(1.,0.,0.));
#3026=DIRECTION('center_axis',(0.,0.,1.));
#3027=DIRECTION('ref_axis',(-6.92779167366088E-13,-1.,0.));
#3028=DIRECTION('center_axis',(0.,0.,-1.));
#3029=DIRECTION('ref_axis',(-6.92779167366088E-13,-1.,0.));
#3030=DIRECTION('',(0.,0.,1.));
#3031=DIRECTION('center_axis',(0.,0.,-1.));
#3032=DIRECTION('ref_axis',(-6.92779167366088E-13,-1.,0.));
#3033=DIRECTION('',(0.,0.,-1.));
#3034=DIRECTION('center_axis',(6.67040124299511E-13,1.,0.));
#3035=DIRECTION('ref_axis',(-1.,6.67040124299511E-13,0.));
#3036=DIRECTION('',(-1.,6.67040124299511E-13,0.));
#3037=DIRECTION('',(0.,0.,1.));
#3038=DIRECTION('',(-1.,6.67040124299511E-13,0.));
#3039=DIRECTION('center_axis',(0.,0.,1.));
#3040=DIRECTION('ref_axis',(6.77747744236056E-13,1.,0.));
#3041=DIRECTION('center_axis',(0.,0.,1.));
#3042=DIRECTION('ref_axis',(6.77747744236056E-13,1.,0.));
#3043=DIRECTION('',(0.,0.,1.));
#3044=DIRECTION('center_axis',(0.,0.,1.));
#3045=DIRECTION('ref_axis',(6.77747744236056E-13,1.,0.));
#3046=DIRECTION('center_axis',(1.,1.26157588773065E-12,0.));
#3047=DIRECTION('ref_axis',(-1.26157588773065E-12,1.,0.));
#3048=DIRECTION('',(-1.26157588773065E-12,1.,0.));
#3049=DIRECTION('',(0.,0.,1.));
#3050=DIRECTION('',(-1.26157588773065E-12,1.,0.));
#3051=DIRECTION('center_axis',(0.,0.,1.));
#3052=DIRECTION('ref_axis',(1.22568621918616E-12,-1.,0.));
#3053=DIRECTION('center_axis',(0.,0.,-1.));
#3054=DIRECTION('ref_axis',(1.22568621918616E-12,-1.,0.));
#3055=DIRECTION('',(0.,0.,-1.));
#3056=DIRECTION('center_axis',(0.,0.,-1.));
#3057=DIRECTION('ref_axis',(1.22568621918616E-12,-1.,0.));
#3058=DIRECTION('center_axis',(0.,0.,-1.));
#3059=DIRECTION('ref_axis',(1.,0.,0.));
#3060=DIRECTION('center_axis',(0.,0.,1.));
#3061=DIRECTION('ref_axis',(-0.999999999999999,5.01718858323107E-8,0.));
#3062=DIRECTION('',(-5.07130265451555E-14,-1.,0.));
#3063=DIRECTION('',(1.,-1.11348342810901E-12,0.));
#3064=DIRECTION('center_axis',(0.,0.,-1.));
#3065=DIRECTION('ref_axis',(1.,0.,0.));
#3066=DIRECTION('center_axis',(0.,0.,1.));
#3067=DIRECTION('ref_axis',(1.,2.50866687816692E-9,0.));
#3068=DIRECTION('center_axis',(0.,0.,1.));
#3069=DIRECTION('ref_axis',(1.,2.50866687816692E-9,0.));
#3070=DIRECTION('',(0.,0.,1.));
#3071=DIRECTION('center_axis',(0.,0.,1.));
#3072=DIRECTION('ref_axis',(1.,2.50866687816692E-9,0.));
#3073=DIRECTION('',(0.,0.,1.));
#3074=DIRECTION('center_axis',(2.51059401914065E-9,-1.,0.));
#3075=DIRECTION('ref_axis',(1.,2.51059401914065E-9,0.));
#3076=DIRECTION('',(1.,2.51059401914065E-9,0.));
#3077=DIRECTION('',(0.,0.,1.));
#3078=DIRECTION('',(1.,2.51059401914065E-9,0.));
#3079=DIRECTION('center_axis',(0.,0.,1.));
#3080=DIRECTION('ref_axis',(-1.,-2.51059173450582E-9,0.));
#3081=DIRECTION('center_axis',(0.,0.,-1.));
#3082=DIRECTION('ref_axis',(-1.,-2.51059173450582E-9,0.));
#3083=DIRECTION('',(0.,0.,-1.));
#3084=DIRECTION('center_axis',(0.,0.,-1.));
#3085=DIRECTION('ref_axis',(-1.,-2.51059173450582E-9,0.));
#3086=DIRECTION('center_axis',(0.,0.,1.));
#3087=DIRECTION('ref_axis',(-1.,-2.50867771001136E-9,0.));
#3088=DIRECTION('center_axis',(0.,0.,-1.));
#3089=DIRECTION('ref_axis',(-1.,-2.50867771001136E-9,0.));
#3090=DIRECTION('',(0.,0.,1.));
#3091=DIRECTION('center_axis',(0.,0.,-1.));
#3092=DIRECTION('ref_axis',(-1.,-2.50867771001136E-9,0.));
#3093=DIRECTION('',(0.,0.,-1.));
#3094=DIRECTION('center_axis',(1.,2.50866540406081E-9,0.));
#3095=DIRECTION('ref_axis',(-2.50866540406081E-9,1.,0.));
#3096=DIRECTION('',(-2.50866540406081E-9,1.,0.));
#3097=DIRECTION('',(-2.50866540406081E-9,1.,0.));
#3098=DIRECTION('center_axis',(0.,0.,-1.));
#3099=DIRECTION('ref_axis',(1.,0.,0.));
#3100=DIRECTION('',(-5.07130265451555E-14,-1.,0.));
#3101=DIRECTION('center_axis',(0.,0.,1.));
#3102=DIRECTION('ref_axis',(5.01821741308499E-8,0.999999999999999,0.));
#3103=DIRECTION('',(-1.,-6.71567818784089E-14,0.));
#3104=DIRECTION('center_axis',(0.,0.,-1.));
#3105=DIRECTION('ref_axis',(1.,0.,0.));
#3106=DIRECTION('center_axis',(-7.97547974705937E-13,1.,0.));
#3107=DIRECTION('ref_axis',(-1.,-7.97547974705937E-13,0.));
#3108=DIRECTION('',(-1.,-7.97547974705937E-13,0.));
#3109=DIRECTION('',(0.,0.,1.));
#3110=DIRECTION('',(-1.,-7.97547974705937E-13,0.));
#3111=DIRECTION('',(0.,0.,1.));
#3112=DIRECTION('center_axis',(0.,0.,1.));
#3113=DIRECTION('ref_axis',(1.,8.08242361927102E-13,0.));
#3114=DIRECTION('center_axis',(0.,0.,-1.));
#3115=DIRECTION('ref_axis',(1.,8.08242361927102E-13,0.));
#3116=DIRECTION('',(0.,0.,-1.));
#3117=DIRECTION('center_axis',(0.,0.,-1.));
#3118=DIRECTION('ref_axis',(1.,8.08242361927102E-13,0.));
#3119=DIRECTION('center_axis',(0.,0.,1.));
#3120=DIRECTION('ref_axis',(1.,-1.11910480882214E-12,0.));
#3121=DIRECTION('center_axis',(0.,0.,-1.));
#3122=DIRECTION('ref_axis',(1.,-1.11910480882214E-12,0.));
#3123=DIRECTION('',(0.,0.,1.));
#3124=DIRECTION('center_axis',(0.,0.,-1.));
#3125=DIRECTION('ref_axis',(1.,-1.11910480882214E-12,0.));
#3126=DIRECTION('',(0.,0.,-1.));
#3127=DIRECTION('center_axis',(-1.,1.11656716500299E-12,0.));
#3128=DIRECTION('ref_axis',(-1.11656716500299E-12,-1.,0.));
#3129=DIRECTION('',(-1.11656716500299E-12,-1.,0.));
#3130=DIRECTION('',(0.,0.,1.));
#3131=DIRECTION('',(-1.11656716500299E-12,-1.,0.));
#3132=DIRECTION('center_axis',(0.,0.,1.));
#3133=DIRECTION('ref_axis',(-1.,1.12047006103542E-12,0.));
#3134=DIRECTION('center_axis',(0.,0.,1.));
#3135=DIRECTION('ref_axis',(-1.,1.12047006103542E-12,0.));
#3136=DIRECTION('center_axis',(0.,0.,1.));
#3137=DIRECTION('ref_axis',(-1.,1.12047006103542E-12,0.));
#3138=DIRECTION('center_axis',(0.,0.,-1.));
#3139=DIRECTION('ref_axis',(1.,0.,0.));
#3140=DIRECTION('',(-8.32702292221894E-13,1.,0.));
#3141=DIRECTION('center_axis',(0.,0.,1.));
#3142=DIRECTION('ref_axis',(-5.01824273999412E-8,-0.999999999999999,0.));
#3143=DIRECTION('',(1.,-1.11348342810901E-12,0.));
#3144=DIRECTION('center_axis',(0.,0.,-1.));
#3145=DIRECTION('ref_axis',(1.,0.,0.));
#3146=DIRECTION('center_axis',(0.,0.,-1.));
#3147=DIRECTION('ref_axis',(0.999999999999999,-5.0182656383969E-8,0.));
#3148=DIRECTION('',(0.,0.,1.));
#3149=DIRECTION('center_axis',(0.,0.,-1.));
#3150=DIRECTION('ref_axis',(0.999999999999999,-5.0182656383969E-8,0.));
#3151=DIRECTION('',(0.,0.,1.));
#3152=DIRECTION('center_axis',(-6.71567818784089E-14,1.,0.));
#3153=DIRECTION('ref_axis',(1.,6.71567818784089E-14,0.));
#3154=DIRECTION('',(-1.,-6.71567818784089E-14,0.));
#3155=DIRECTION('',(0.,0.,1.));
#3156=DIRECTION('',(1.,6.71567818784089E-14,0.));
#3157=DIRECTION('',(0.,0.,-1.));
#3158=DIRECTION('',(-1.,-6.71567818784089E-14,0.));
#3159=DIRECTION('',(0.,0.,-1.));
#3160=DIRECTION('',(1.,6.71567818784089E-14,0.));
#3161=DIRECTION('center_axis',(0.,0.,-1.));
#3162=DIRECTION('ref_axis',(5.01821741308499E-8,0.999999999999999,0.));
#3163=DIRECTION('',(0.,0.,1.));
#3164=DIRECTION('center_axis',(0.,0.,-1.));
#3165=DIRECTION('ref_axis',(5.01821741308499E-8,0.999999999999999,0.));
#3166=DIRECTION('center_axis',(0.,0.,-1.));
#3167=DIRECTION('ref_axis',(-5.01824273999412E-8,-0.999999999999999,0.));
#3168=DIRECTION('',(0.,0.,1.));
#3169=DIRECTION('center_axis',(0.,0.,-1.));
#3170=DIRECTION('ref_axis',(-5.01824273999412E-8,-0.999999999999999,0.));
#3171=DIRECTION('',(0.,0.,1.));
#3172=DIRECTION('center_axis',(0.,0.766044443118978,-0.642787609686539));
#3173=DIRECTION('ref_axis',(0.,-0.642787609686539,-0.766044443118978));
#3174=DIRECTION('',(2.37054552985278E-10,-0.642787609686539,-0.766044443118978));
#3175=DIRECTION('',(-1.,0.,0.));
#3176=DIRECTION('',(-1.,6.23084307006967E-10,0.));
#3177=DIRECTION('',(-1.,0.,0.));
#3178=DIRECTION('',(4.00508973520095E-10,0.642787609686539,0.766044443118978));
#3179=DIRECTION('center_axis',(0.,-0.766044443118978,0.642787609686539));
#3180=DIRECTION('ref_axis',(-7.29496217644827E-13,-0.642787609686539,-0.766044443118978));
#3181=DIRECTION('center_axis',(1.,3.68791416344941E-10,0.));
#3182=DIRECTION('ref_axis',(3.68791416344941E-10,-1.,0.));
#3183=DIRECTION('',(0.,0.,-1.));
#3184=DIRECTION('',(-3.68791416344941E-10,1.,0.));
#3185=DIRECTION('',(0.,0.,-1.));
#3186=DIRECTION('',(-3.68785613526362E-10,1.,0.));
#3187=DIRECTION('',(0.,0.,-1.));
#3188=DIRECTION('center_axis',(0.,0.,-1.));
#3189=DIRECTION('ref_axis',(-1.13489464739461E-12,-1.,0.));
#3190=DIRECTION('center_axis',(-1.,6.23081352976617E-10,0.));
#3191=DIRECTION('ref_axis',(6.23081352976617E-10,1.,0.));
#3192=DIRECTION('',(-6.2306935623498E-10,-1.,0.));
#3193=DIRECTION('',(0.,0.,-1.));
#3194=DIRECTION('',(-6.23081352976617E-10,-1.,0.));
#3195=DIRECTION('',(0.,0.,-1.));
#3196=DIRECTION('center_axis',(0.,0.,1.));
#3197=DIRECTION('ref_axis',(1.,0.,0.));
#3198=DIRECTION('center_axis',(0.,0.,-1.));
#3199=DIRECTION('ref_axis',(-6.23067030068722E-10,-1.,0.));
#3200=DIRECTION('center_axis',(-0.766044443118978,-1.27293159161298E-12,
0.642787609686539));
#3201=DIRECTION('ref_axis',(0.642787609686539,1.07165048987899E-12,0.766044443118978));
#3202=DIRECTION('',(-0.642787609686539,3.8060671069892E-14,-0.766044443118978));
#3203=DIRECTION('',(-1.66169417851293E-12,1.,0.));
#3204=DIRECTION('',(0.64278760968641,-6.33698236921751E-7,0.766044443118824));
#3205=DIRECTION('center_axis',(-0.766044443118978,-1.27293159161298E-12,
0.642787609686539));
#3206=DIRECTION('ref_axis',(-0.642787609686539,3.17172268541226E-14,-0.766044443118978));
#3207=DIRECTION('center_axis',(-5.92118928497277E-14,-1.,0.));
#3208=DIRECTION('ref_axis',(-1.,5.92118928497277E-14,0.));
#3209=DIRECTION('',(0.,0.,-1.));
#3210=DIRECTION('',(1.,-5.92118928497277E-14,0.));
#3211=DIRECTION('',(0.,0.,-1.));
#3212=DIRECTION('',(1.,-5.22457893942089E-14,0.));
#3213=DIRECTION('',(0.,0.,-1.));
#3214=DIRECTION('center_axis',(0.,0.,-1.));
#3215=DIRECTION('ref_axis',(-1.,4.93432455388954E-14,0.));
#3216=DIRECTION('center_axis',(-0.766044443118978,-2.84233584505264E-15,
-0.642787609686539));
#3217=DIRECTION('ref_axis',(-0.642787609686539,1.14905788336366E-15,0.766044443118978));
#3218=DIRECTION('center_axis',(0.766044443118978,2.84233584505264E-15,0.642787609686539));
#3219=DIRECTION('ref_axis',(0.642787609686539,5.58223192632585E-13,-0.766044443118978));
#3220=DIRECTION('',(0.642787609686539,-4.00592036290487E-10,-0.766044443118978));
#3221=DIRECTION('',(3.71040593086214E-15,-1.,0.));
#3222=DIRECTION('',(-0.642787609686539,-6.3768127638972E-10,0.766044443118978));
#3223=DIRECTION('center_axis',(9.92055955622248E-10,-1.,0.));
#3224=DIRECTION('ref_axis',(-1.,-9.92055955622248E-10,0.));
#3225=DIRECTION('',(1.,9.92056984119896E-10,0.));
#3226=DIRECTION('',(0.,0.,-1.));
#3227=DIRECTION('',(1.,9.92055955622248E-10,0.));
#3228=DIRECTION('',(0.,0.,-1.));
#3229=DIRECTION('center_axis',(0.,0.,1.));
#3230=DIRECTION('ref_axis',(1.,0.,0.));
#3231=DIRECTION('',(1.,6.73733861347525E-14,0.));
#3232=DIRECTION('',(6.66133772956508E-14,-1.,0.));
#3233=DIRECTION('',(1.,5.32907051820077E-14,0.));
#3234=DIRECTION('',(-6.66133772956507E-14,1.,0.));
#3235=DIRECTION('center_axis',(5.32907051820077E-14,-1.,0.));
#3236=DIRECTION('ref_axis',(1.,5.32907051820077E-14,0.));
#3237=DIRECTION('',(-1.,-5.32907051820077E-14,0.));
#3238=DIRECTION('',(0.,0.,1.));
#3239=DIRECTION('',(0.,0.,1.));
#3240=DIRECTION('center_axis',(0.,0.,1.));
#3241=DIRECTION('ref_axis',(-1.,0.,0.));
#3242=DIRECTION('center_axis',(0.,0.,1.));
#3243=DIRECTION('ref_axis',(-1.,-6.97854472621524E-14,0.));
#3244=DIRECTION('',(0.,1.,0.));
#3245=DIRECTION('center_axis',(0.,0.,-1.));
#3246=DIRECTION('ref_axis',(-1.,-7.89491928622327E-14,0.));
#3247=DIRECTION('center_axis',(0.,0.,1.));
#3248=DIRECTION('ref_axis',(1.,0.,0.));
#3249=DIRECTION('',(6.66133772956508E-14,-1.,0.));
#3250=DIRECTION('',(1.,6.73733861347525E-14,0.));
#3251=DIRECTION('center_axis',(0.,0.,-1.));
#3252=DIRECTION('ref_axis',(-6.21724893790084E-14,1.,0.));
#3253=DIRECTION('',(-7.31441051517789E-14,1.,0.));
#3254=DIRECTION('center_axis',(0.,0.,1.));
#3255=DIRECTION('ref_axis',(1.,0.,0.));
#3256=DIRECTION('',(6.66133772956507E-14,-1.,0.));
#3257=DIRECTION('',(6.79195050777349E-14,-1.,0.));
#3258=DIRECTION('',(1.,6.73733861347525E-14,0.));
#3259=DIRECTION('center_axis',(-1.,0.,0.));
#3260=DIRECTION('ref_axis',(0.,-1.,0.));
#3261=DIRECTION('',(0.,1.,0.));
#3262=DIRECTION('',(0.,0.,1.));
#3263=DIRECTION('',(0.,-1.,0.));
#3264=DIRECTION('',(0.,0.,1.));
#3265=DIRECTION('center_axis',(0.,0.,1.));
#3266=DIRECTION('ref_axis',(-1.,0.,0.));
#3267=DIRECTION('',(1.,6.73733861347525E-14,0.));
#3268=DIRECTION('',(6.79195050777349E-14,-1.,0.));
#3269=DIRECTION('',(1.,6.58477104260438E-14,0.));
#3270=DIRECTION('center_axis',(0.,0.,-1.));
#3271=DIRECTION('ref_axis',(1.,6.90805437544546E-14,0.));
#3272=DIRECTION('',(6.66133802669992E-14,-1.,0.));
#3273=DIRECTION('center_axis',(0.,0.,-1.));
#3274=DIRECTION('ref_axis',(4.93432455388954E-15,-1.,0.));
#3275=DIRECTION('',(-1.,0.,0.));
#3276=DIRECTION('',(1.,0.,0.));
#3277=DIRECTION('center_axis',(0.,0.,1.));
#3278=DIRECTION('ref_axis',(6.34413156928658E-15,-1.,0.));
#3279=DIRECTION('',(-6.66133802669992E-14,1.,0.));
#3280=DIRECTION('center_axis',(0.,0.,1.));
#3281=DIRECTION('ref_axis',(1.,6.97854472621531E-14,0.));
#3282=DIRECTION('center_axis',(0.,1.,0.));
#3283=DIRECTION('ref_axis',(1.,0.,0.));
#3284=DIRECTION('',(0.,0.,-1.));
#3285=DIRECTION('',(1.,0.,0.));
#3286=DIRECTION('',(0.,0.,-1.));
#3287=DIRECTION('',(0.,0.,1.));
#3288=DIRECTION('',(-1.,0.,0.));
#3289=DIRECTION('center_axis',(0.,0.,-1.));
#3290=DIRECTION('ref_axis',(1.,5.92118946466745E-14,0.));
#3291=DIRECTION('',(0.,0.,-1.));
#3292=DIRECTION('center_axis',(0.,0.,1.));
#3293=DIRECTION('ref_axis',(1.,5.92118946466745E-14,0.));
#3294=DIRECTION('center_axis',(-1.,-6.66133802669992E-14,0.));
#3295=DIRECTION('ref_axis',(-6.66133802669992E-14,1.,0.));
#3296=DIRECTION('',(0.,0.,-1.));
#3297=DIRECTION('',(-6.66133802669992E-14,1.,0.));
#3298=DIRECTION('center_axis',(0.,0.,-1.));
#3299=DIRECTION('ref_axis',(-8.38835174161235E-14,1.,0.));
#3300=DIRECTION('',(0.,0.,-1.));
#3301=DIRECTION('center_axis',(0.,0.,1.));
#3302=DIRECTION('ref_axis',(-8.38835174161235E-14,1.,0.));
#3303=DIRECTION('center_axis',(6.58477104260438E-14,-1.,0.));
#3304=DIRECTION('ref_axis',(-1.,-6.58477104260438E-14,0.));
#3305=DIRECTION('',(0.,0.,-1.));
#3306=DIRECTION('',(-1.,-6.58477104260438E-14,0.));
#3307=DIRECTION('center_axis',(0.,0.,1.));
#3308=DIRECTION('ref_axis',(1.,0.,0.));
#3309=DIRECTION('center_axis',(0.,0.,1.));
#3310=DIRECTION('ref_axis',(1.,6.97854472621531E-14,0.));
#3311=DIRECTION('',(-1.,-6.66133814775096E-14,0.));
#3312=DIRECTION('',(-6.66133521125735E-14,1.,0.));
#3313=DIRECTION('',(1.,6.70849443494044E-14,0.));
#3314=DIRECTION('center_axis',(0.,0.,-1.));
#3315=DIRECTION('ref_axis',(-8.88178419700144E-14,1.,0.));
#3316=DIRECTION('',(9.91932170845943E-10,-1.,0.));
#3317=DIRECTION('center_axis',(0.,0.,-1.));
#3318=DIRECTION('ref_axis',(1.,9.91882131984369E-10,0.));
#3319=DIRECTION('',(1.,6.73733861347525E-14,0.));
#3320=DIRECTION('center_axis',(-1.,-6.79195050777349E-14,0.));
#3321=DIRECTION('ref_axis',(-6.79195050777349E-14,1.,0.));
#3322=DIRECTION('',(0.,0.,1.));
#3323=DIRECTION('',(-6.79195050777349E-14,1.,0.));
#3324=DIRECTION('center_axis',(6.70849443494044E-14,-1.,0.));
#3325=DIRECTION('ref_axis',(-1.,-6.70849443494044E-14,0.));
#3326=DIRECTION('',(0.,0.,-1.));
#3327=DIRECTION('',(0.,0.,-1.));
#3328=DIRECTION('center_axis',(1.,0.,0.));
#3329=DIRECTION('ref_axis',(0.,1.,0.));
#3330=DIRECTION('',(0.,0.,1.));
#3331=DIRECTION('',(0.,0.,1.));
#3332=DIRECTION('center_axis',(0.,0.,1.));
#3333=DIRECTION('ref_axis',(-1.,-6.97854472621524E-14,0.));
#3334=DIRECTION('',(0.,0.,1.));
#3335=DIRECTION('center_axis',(-1.,-6.66133772956508E-14,0.));
#3336=DIRECTION('ref_axis',(6.66133772956508E-14,-1.,0.));
#3337=DIRECTION('',(0.,0.,1.));
#3338=DIRECTION('center_axis',(1.,6.66133521125735E-14,0.));
#3339=DIRECTION('ref_axis',(-6.66133521125735E-14,1.,0.));
#3340=DIRECTION('',(0.,0.,1.));
#3341=DIRECTION('center_axis',(-6.66133814775096E-14,1.,0.));
#3342=DIRECTION('ref_axis',(-1.,-6.66133814775096E-14,0.));
#3343=DIRECTION('',(0.,0.,1.));
#3344=DIRECTION('center_axis',(0.,0.,1.));
#3345=DIRECTION('ref_axis',(1.,6.97854472621531E-14,0.));
#3346=DIRECTION('',(0.,0.,-1.));
#3347=DIRECTION('',(0.,0.,1.));
#3348=DIRECTION('center_axis',(1.,6.66133802669992E-14,0.));
#3349=DIRECTION('ref_axis',(-6.66133802669992E-14,1.,0.));
#3350=DIRECTION('',(0.,0.,1.));
#3351=DIRECTION('center_axis',(0.,0.,1.));
#3352=DIRECTION('ref_axis',(6.34413156928658E-15,-1.,0.));
#3353=DIRECTION('',(0.,0.,1.));
#3354=DIRECTION('center_axis',(0.,-1.,0.));
#3355=DIRECTION('ref_axis',(1.,0.,0.));
#3356=DIRECTION('',(1.,0.,0.));
#3357=DIRECTION('',(0.,0.,1.));
#3358=DIRECTION('center_axis',(-1.,-8.88178419700128E-15,0.));
#3359=DIRECTION('ref_axis',(8.88178419700128E-15,-1.,0.));
#3360=DIRECTION('',(8.88178419700128E-15,-1.,0.));
#3361=DIRECTION('center_axis',(0.,0.,1.));
#3362=DIRECTION('ref_axis',(-1.,0.,0.));
#3363=DIRECTION('center_axis',(0.,0.,-1.));
#3364=DIRECTION('ref_axis',(0.,-1.,0.));
#3365=DIRECTION('center_axis',(0.,0.,1.));
#3366=DIRECTION('ref_axis',(0.,-1.,0.));
#3367=DIRECTION('',(0.,0.,-1.));
#3368=DIRECTION('center_axis',(1.,6.66133772956507E-14,0.));
#3369=DIRECTION('ref_axis',(6.66133772956507E-14,-1.,0.));
#3370=DIRECTION('',(6.66133772956507E-14,-1.,0.));
#3371=DIRECTION('',(0.,0.,-1.));
#3372=DIRECTION('center_axis',(0.,0.,-1.));
#3373=DIRECTION('ref_axis',(1.,0.,0.));
#3374=DIRECTION('',(-8.32702292221894E-13,1.,0.));
#3375=DIRECTION('',(1.,-1.11348342810901E-12,0.));
#3376=DIRECTION('',(-5.07130265451555E-14,-1.,0.));
#3377=DIRECTION('center_axis',(0.,0.,-1.));
#3378=DIRECTION('ref_axis',(-8.88178419700144E-14,1.,0.));
#3379=DIRECTION('',(0.,0.,-1.));
#3380=DIRECTION('center_axis',(0.,0.,-1.));
#3381=DIRECTION('ref_axis',(1.,8.68441121484603E-13,0.));
#3382=DIRECTION('',(0.,0.,-1.));
#3383=DIRECTION('center_axis',(9.85859446218322E-7,0.999999999999514,0.));
#3384=DIRECTION('ref_axis',(0.999999999999514,-9.85859446218321E-7,0.));
#3385=DIRECTION('',(-0.999999999999514,9.85859446218321E-7,0.));
#3386=DIRECTION('',(-1.,-3.68890103652142E-10,0.));
#3387=DIRECTION('',(0.,0.,-1.));
#3388=DIRECTION('center_axis',(0.,0.,1.));
#3389=DIRECTION('ref_axis',(1.,0.,0.));
#3390=DIRECTION('center_axis',(0.,0.,-1.));
#3391=DIRECTION('ref_axis',(-1.,-3.68789443427884E-10,0.));
#3392=DIRECTION('center_axis',(0.,0.,1.));
#3393=DIRECTION('ref_axis',(1.,0.,0.));
#3394=DIRECTION('center_axis',(0.,0.,-1.));
#3395=DIRECTION('ref_axis',(3.99680288865051E-14,1.,0.));
#3396=DIRECTION('',(-3.68905416321998E-10,1.,0.));
#3397=DIRECTION('center_axis',(0.,0.,-1.));
#3398=DIRECTION('ref_axis',(-1.,-3.68896024838251E-10,0.));
#3399=DIRECTION('center_axis',(0.,0.,1.));
#3400=DIRECTION('ref_axis',(1.,0.,0.));
#3401=DIRECTION('',(-1.,6.23194747147693E-10,0.));
#3402=DIRECTION('center_axis',(0.,0.,-1.));
#3403=DIRECTION('ref_axis',(-6.23185453858028E-10,-1.,0.));
#3404=DIRECTION('',(9.92053969562919E-10,-1.,0.));
#3405=DIRECTION('center_axis',(0.,0.,-1.));
#3406=DIRECTION('ref_axis',(1.,9.92077531236614E-10,0.));
#3407=DIRECTION('center_axis',(0.,0.,-1.));
#3408=DIRECTION('ref_axis',(6.23193702281176E-10,1.,0.));
#3409=DIRECTION('center_axis',(0.,0.,1.));
#3410=DIRECTION('ref_axis',(6.23193702281176E-10,1.,0.));
#3411=DIRECTION('',(0.,0.,-1.));
#3412=DIRECTION('center_axis',(0.,0.,-1.));
#3413=DIRECTION('ref_axis',(-6.23067030068722E-10,-1.,0.));
#3414=DIRECTION('',(0.,0.,-1.));
#3415=DIRECTION('center_axis',(0.,0.,-1.));
#3416=DIRECTION('ref_axis',(-6.23067030068722E-10,-1.,0.));
#3417=DIRECTION('center_axis',(6.23084307006967E-10,1.,0.));
#3418=DIRECTION('ref_axis',(1.,-6.23084307006967E-10,0.));
#3419=DIRECTION('',(0.,0.,-1.));
#3420=DIRECTION('',(-1.,6.23084307006967E-10,0.));
#3421=DIRECTION('center_axis',(0.,0.,-1.));
#3422=DIRECTION('ref_axis',(-1.,-3.68789443427884E-10,0.));
#3423=DIRECTION('center_axis',(0.,0.,-1.));
#3424=DIRECTION('ref_axis',(-1.,-3.68789443427884E-10,0.));
#3425=DIRECTION('center_axis',(0.,0.,-1.));
#3426=DIRECTION('ref_axis',(1.,3.68782284974951E-10,0.));
#3427=DIRECTION('',(0.,0.,-1.));
#3428=DIRECTION('center_axis',(0.,0.,1.));
#3429=DIRECTION('ref_axis',(1.,3.68782284974951E-10,0.));
#3430=DIRECTION('center_axis',(-3.68890103652142E-10,1.,0.));
#3431=DIRECTION('ref_axis',(1.,3.68890103652142E-10,0.));
#3432=DIRECTION('',(0.,0.,-1.));
#3433=DIRECTION('',(-1.,-3.68890103652142E-10,0.));
#3434=DIRECTION('center_axis',(0.,0.,-1.));
#3435=DIRECTION('ref_axis',(-1.,-3.68896024838251E-10,0.));
#3436=DIRECTION('',(0.,0.,-1.));
#3437=DIRECTION('center_axis',(0.,0.,-1.));
#3438=DIRECTION('ref_axis',(-1.,-3.68896024838251E-10,0.));
#3439=DIRECTION('center_axis',(1.,3.68905416321998E-10,0.));
#3440=DIRECTION('ref_axis',(3.68905416321998E-10,-1.,0.));
#3441=DIRECTION('',(0.,0.,-1.));
#3442=DIRECTION('',(-3.68905416321998E-10,1.,0.));
#3443=DIRECTION('center_axis',(0.,0.,-1.));
#3444=DIRECTION('ref_axis',(3.99680288865051E-14,1.,0.));
#3445=DIRECTION('center_axis',(0.,0.,-1.));
#3446=DIRECTION('ref_axis',(3.99680288865051E-14,1.,0.));
#3447=DIRECTION('center_axis',(1.,8.32702292221894E-13,0.));
#3448=DIRECTION('ref_axis',(8.32702292221894E-13,-1.,0.));
#3449=DIRECTION('',(8.32702292221894E-13,-1.,0.));
#3450=DIRECTION('center_axis',(1.,-5.06009535090994E-14,0.));
#3451=DIRECTION('ref_axis',(5.06009535090994E-14,1.,0.));
#3452=DIRECTION('',(-5.06009535090994E-14,-1.,0.));
#3453=DIRECTION('',(0.,0.,1.));
#3454=DIRECTION('',(5.06009535090994E-14,1.,0.));
#3455=DIRECTION('',(0.,0.,1.));
#3456=DIRECTION('center_axis',(0.,0.,1.));
#3457=DIRECTION('ref_axis',(-0.999999999999998,6.17500037989578E-8,0.));
#3458=DIRECTION('center_axis',(0.,0.,1.));
#3459=DIRECTION('ref_axis',(-0.999999999999998,6.17500037989578E-8,0.));
#3460=DIRECTION('center_axis',(0.,0.,-1.));
#3461=DIRECTION('ref_axis',(-0.999999999999998,6.17500037989578E-8,0.));
#3462=DIRECTION('',(0.,0.,1.));
#3463=DIRECTION('center_axis',(1.11378323372199E-12,1.,0.));
#3464=DIRECTION('ref_axis',(-1.,1.11378323372199E-12,0.));
#3465=DIRECTION('',(1.,-1.11378323372199E-12,0.));
#3466=DIRECTION('',(-1.,1.11378323372199E-12,0.));
#3467=DIRECTION('',(0.,0.,1.));
#3468=DIRECTION('center_axis',(0.,0.,1.));
#3469=DIRECTION('ref_axis',(-6.17627320789288E-8,-0.999999999999998,0.));
#3470=DIRECTION('center_axis',(0.,0.,1.));
#3471=DIRECTION('ref_axis',(-6.17627320789288E-8,-0.999999999999998,0.));
#3472=DIRECTION('center_axis',(0.,0.,-1.));
#3473=DIRECTION('ref_axis',(-6.17627320789288E-8,-0.999999999999998,0.));
#3474=DIRECTION('',(0.,0.,1.));
#3475=DIRECTION('center_axis',(-1.,-8.3270229141217E-13,0.));
#3476=DIRECTION('ref_axis',(8.3270229141217E-13,-1.,0.));
#3477=DIRECTION('',(-8.3270229141217E-13,1.,0.));
#3478=DIRECTION('',(8.3270229141217E-13,-1.,0.));
#3479=DIRECTION('',(0.,0.,1.));
#3480=DIRECTION('center_axis',(0.,0.,1.));
#3481=DIRECTION('ref_axis',(0.999999999999998,-6.1763461410883E-8,0.));
#3482=DIRECTION('center_axis',(0.,0.,1.));
#3483=DIRECTION('ref_axis',(0.999999999999998,-6.1763461410883E-8,0.));
#3484=DIRECTION('center_axis',(0.,0.,-1.));
#3485=DIRECTION('ref_axis',(0.999999999999998,-6.1763461410883E-8,0.));
#3486=DIRECTION('',(0.,0.,1.));
#3487=DIRECTION('center_axis',(6.74565888526102E-14,-1.,0.));
#3488=DIRECTION('ref_axis',(1.,6.74565888526102E-14,0.));
#3489=DIRECTION('',(-1.,-6.74565888526102E-14,0.));
#3490=DIRECTION('',(1.,6.74565888526102E-14,0.));
#3491=DIRECTION('',(0.,0.,1.));
#3492=DIRECTION('center_axis',(0.,0.,1.));
#3493=DIRECTION('ref_axis',(6.1762693648961E-8,0.999999999999998,0.));
#3494=DIRECTION('center_axis',(0.,0.,1.));
#3495=DIRECTION('ref_axis',(6.1762693648961E-8,0.999999999999998,0.));
#3496=DIRECTION('center_axis',(0.,0.,-1.));
#3497=DIRECTION('ref_axis',(6.1762693648961E-8,0.999999999999998,0.));
#3498=DIRECTION('center_axis',(0.,0.,1.));
#3499=DIRECTION('ref_axis',(1.,0.,0.));
#3500=DIRECTION('',(5.07130265451555E-14,1.,0.));
#3501=DIRECTION('center_axis',(0.,0.,-1.));
#3502=DIRECTION('ref_axis',(-0.999999999999999,5.01718858323107E-8,0.));
#3503=DIRECTION('',(-1.,1.11348342810901E-12,0.));
#3504=DIRECTION('center_axis',(0.,0.,-1.));
#3505=DIRECTION('ref_axis',(-4.90486589983651E-14,-1.,0.));
#3506=DIRECTION('',(0.,0.,-1.));
#3507=DIRECTION('center_axis',(0.,0.,1.));
#3508=DIRECTION('ref_axis',(-4.90486589983651E-14,-1.,0.));
#3509=DIRECTION('center_axis',(1.,7.89491879854653E-14,0.));
#3510=DIRECTION('ref_axis',(7.89491879854653E-14,-1.,0.));
#3511=DIRECTION('',(0.,0.,-1.));
#3512=DIRECTION('',(-7.89491879854653E-14,1.,0.));
#3513=DIRECTION('center_axis',(0.,0.,-1.));
#3514=DIRECTION('ref_axis',(-6.21724893790084E-14,1.,0.));
#3515=DIRECTION('',(0.,0.,-1.));
#3516=DIRECTION('center_axis',(0.,0.,-1.));
#3517=DIRECTION('ref_axis',(-6.21724893790084E-14,1.,0.));
#3518=DIRECTION('center_axis',(6.73733861347525E-14,-1.,0.));
#3519=DIRECTION('ref_axis',(-1.,-6.73733861347525E-14,0.));
#3520=DIRECTION('',(0.,0.,-1.));
#3521=DIRECTION('',(1.,6.73733861347525E-14,0.));
#3522=DIRECTION('center_axis',(0.,0.,-1.));
#3523=DIRECTION('ref_axis',(1.,9.91882131984369E-10,0.));
#3524=DIRECTION('',(0.,0.,-1.));
#3525=DIRECTION('center_axis',(0.,0.,-1.));
#3526=DIRECTION('ref_axis',(1.,9.91882131984369E-10,0.));
#3527=DIRECTION('center_axis',(-1.,-9.91917656935028E-10,0.));
#3528=DIRECTION('ref_axis',(-9.91917656935028E-10,1.,0.));
#3529=DIRECTION('',(0.,0.,-1.));
#3530=DIRECTION('',(9.91917656935028E-10,-1.,0.));
#3531=DIRECTION('center_axis',(0.,0.,-1.));
#3532=DIRECTION('ref_axis',(-1.,-9.91930915515427E-10,0.));
#3533=DIRECTION('center_axis',(0.,0.,1.));
#3534=DIRECTION('ref_axis',(-1.,-9.91930915515427E-10,0.));
#3535=DIRECTION('center_axis',(0.,0.,-1.));
#3536=DIRECTION('ref_axis',(1.,9.92077531236614E-10,0.));
#3537=DIRECTION('',(0.,0.,-1.));
#3538=DIRECTION('center_axis',(0.,0.,-1.));
#3539=DIRECTION('ref_axis',(1.,9.92077531236614E-10,0.));
#3540=DIRECTION('center_axis',(-1.,-9.92053969562919E-10,0.));
#3541=DIRECTION('ref_axis',(-9.92053969562919E-10,1.,0.));
#3542=DIRECTION('',(0.,0.,-1.));
#3543=DIRECTION('',(9.92053969562919E-10,-1.,0.));
#3544=DIRECTION('center_axis',(0.,0.,-1.));
#3545=DIRECTION('ref_axis',(-6.23185453858028E-10,-1.,0.));
#3546=DIRECTION('',(0.,0.,-1.));
#3547=DIRECTION('center_axis',(0.,0.,-1.));
#3548=DIRECTION('ref_axis',(-6.23185453858028E-10,-1.,0.));
#3549=DIRECTION('center_axis',(6.23210575707642E-10,1.,0.));
#3550=DIRECTION('ref_axis',(1.,-6.23210575707642E-10,0.));
#3551=DIRECTION('',(-1.,6.23210575707642E-10,0.));
#3552=DIRECTION('center_axis',(0.,0.,-1.));
#3553=DIRECTION('ref_axis',(1.,0.,0.));
#3554=DIRECTION('',(0.,0.,1.));
#3555=DIRECTION('center_axis',(0.,0.,-1.));
#3556=DIRECTION('ref_axis',(1.,0.,0.));
#3557=DIRECTION('center_axis',(0.,0.,-1.));
#3558=DIRECTION('ref_axis',(1.,0.,0.));
#3559=DIRECTION('',(0.,0.,1.));
#3560=DIRECTION('center_axis',(0.,0.,-1.));
#3561=DIRECTION('ref_axis',(1.,0.,0.));
#3562=DIRECTION('center_axis',(0.,0.,-1.));
#3563=DIRECTION('ref_axis',(1.,0.,0.));
#3564=DIRECTION('',(0.,0.,1.));
#3565=DIRECTION('center_axis',(0.,0.,-1.));
#3566=DIRECTION('ref_axis',(1.,0.,0.));
#3567=DIRECTION('center_axis',(0.,0.,-1.));
#3568=DIRECTION('ref_axis',(1.,0.,0.));
#3569=DIRECTION('',(0.,0.,1.));
#3570=DIRECTION('center_axis',(0.,0.,-1.));
#3571=DIRECTION('ref_axis',(1.,0.,0.));
#3572=DIRECTION('center_axis',(-1.,5.07130265451555E-14,0.));
#3573=DIRECTION('ref_axis',(5.07130265451555E-14,1.,0.));
#3574=DIRECTION('',(0.,0.,1.));
#3575=DIRECTION('center_axis',(0.,0.,-1.));
#3576=DIRECTION('ref_axis',(-0.999999999999999,5.01718858323107E-8,0.));
#3577=DIRECTION('',(0.,0.,1.));
#3578=DIRECTION('center_axis',(-1.11348342810901E-12,-1.,0.));
#3579=DIRECTION('ref_axis',(-1.,1.11348342810901E-12,0.));
#3580=DIRECTION('center_axis',(0.,0.,1.));
#3581=DIRECTION('ref_axis',(1.,0.,0.));
#3582=CARTESIAN_POINT('',(0.,0.,0.));
#3583=CARTESIAN_POINT('Origin',(42.5000000000016,-92.7124999863242,-5.35));
#3584=CARTESIAN_POINT('',(41.5999999999998,-69.7000000002226,-4.05));
#3585=CARTESIAN_POINT('',(42.4999999999997,-68.8000000002225,-5.35000000000001));
#3586=CARTESIAN_POINT('Origin',(42.4999999999999,-69.7000000002225,-5.35000000000011));
#3587=CARTESIAN_POINT('',(41.6,-72.2500000002225,-4.05));
#3588=CARTESIAN_POINT('',(41.6000000000016,-92.7124999863242,-4.05));
#3589=CARTESIAN_POINT('',(43.4,-72.2500000002223,-6.65));
#3590=CARTESIAN_POINT('',(41.6,-72.2500000002225,-4.05));
#3591=CARTESIAN_POINT('',(43.3999999999997,-68.8000000002225,-6.65));
#3592=CARTESIAN_POINT('',(43.4000000000016,-92.7124999863241,-6.65));
#3593=CARTESIAN_POINT('',(50.4065000001284,-68.800000000222,-16.7705000001859));
#3594=CARTESIAN_POINT('Origin',(38.25,-72.2500000002227,-5.35));
#3595=CARTESIAN_POINT('',(38.2499999999998,-75.6000000002227,-4.05));
#3596=CARTESIAN_POINT('',(38.2499999999997,-77.4000000002227,-6.65));
#3597=CARTESIAN_POINT('',(38.2499999999998,-75.6000000002227,-4.05));
#3598=CARTESIAN_POINT('Origin',(38.25,-72.2500000002227,-6.65));
#3599=CARTESIAN_POINT('Origin',(38.25,-72.2500000002227,-4.05));
#3600=CARTESIAN_POINT('Origin',(53.9375000000175,-76.5000000002236,-5.35));
#3601=CARTESIAN_POINT('',(34.8000000000038,-77.4000000002225,-6.65));
#3602=CARTESIAN_POINT('',(34.8000000000039,-76.5000000002225,-5.35000000000006));
#3603=CARTESIAN_POINT('',(34.8000000000039,-75.6342000002225,-4.09940000000004));
#3604=CARTESIAN_POINT('',(53.9375000000174,-77.4000000002236,-6.65));
#3605=CARTESIAN_POINT('',(35.7000000000039,-75.6000000002226,-4.05));
#3606=CARTESIAN_POINT('',(53.9375000000175,-75.6000000002236,-4.05));
#3607=CARTESIAN_POINT('Origin',(35.7000000000039,-76.5000000002226,-5.35000000000005));
#3608=CARTESIAN_POINT('Origin',(42.4999999999999,-69.7000000002225,-1.65));
#3609=CARTESIAN_POINT('',(42.4999999999997,-68.8000000002225,-1.65));
#3610=CARTESIAN_POINT('',(42.4999999999997,-68.8000000002225,-1.65));
#3611=CARTESIAN_POINT('',(41.5999999999998,-69.7000000002226,-1.65));
#3612=CARTESIAN_POINT('Origin',(42.4999999999999,-69.7000000002225,-1.65));
#3613=CARTESIAN_POINT('',(41.5999999999998,-69.7000000002226,-1.65));
#3614=CARTESIAN_POINT('Origin',(96.6500000007937,-68.8000000002189,-1.65));
#3615=CARTESIAN_POINT('',(44.0000006705507,-68.8000000002224,-6.65));
#3616=CARTESIAN_POINT('',(42.4999999999997,-68.8000000002225,-6.65));
#3617=CARTESIAN_POINT('',(44.0000006705507,-68.8000000002224,-1.65));
#3618=CARTESIAN_POINT('',(44.0000006705507,-68.8000000002224,-4.15));
#3619=CARTESIAN_POINT('',(83.1375000004118,-68.8000000002198,-1.65));
#3620=CARTESIAN_POINT('Origin',(69.625000000033,-113.625000000221,-6.65));
#3621=CARTESIAN_POINT('',(34.8000000000001,-149.849996610581,-6.65));
#3622=CARTESIAN_POINT('',(34.8000000000001,-150.749997497855,-6.65));
#3623=CARTESIAN_POINT('',(38.2500017885726,-149.850000011798,-6.65));
#3624=CARTESIAN_POINT('',(52.6624825872588,-149.850014220478,-6.65));
#3625=CARTESIAN_POINT('',(43.4000000152614,-155.000000009898,-6.65));
#3626=CARTESIAN_POINT('Origin',(38.2500000152614,-155.000000011797,-6.65));
#3627=CARTESIAN_POINT('',(43.4000000165337,-158.450000000161,-6.65));
#3628=CARTESIAN_POINT('',(43.400000007632,-134.312500009895,-6.65));
#3629=CARTESIAN_POINT('',(95.8500000163358,-158.450000000219,-6.65));
#3630=CARTESIAN_POINT('',(96.7500000168955,-158.45000000022,-6.65));
#3631=CARTESIAN_POINT('',(95.8500000184854,-155.000000016566,-6.65));
#3632=CARTESIAN_POINT('',(95.8500000312041,-134.587500030462,-6.65));
#3633=CARTESIAN_POINT('',(101.000000021695,-149.850000019775,-6.65));
#3634=CARTESIAN_POINT('Origin',(101.000000018485,-155.000000019775,-6.65));
#3635=CARTESIAN_POINT('',(104.450000000063,-149.850000021925,-6.65));
#3636=CARTESIAN_POINT('',(85.312499999576,-149.850000009999,-6.65));
#3637=CARTESIAN_POINT('',(104.450000000003,-77.3999999656761,-6.65));
#3638=CARTESIAN_POINT('',(104.450000000002,-76.4999999665682,-6.65));
#3639=CARTESIAN_POINT('',(101.000000008333,-77.3999999690987,-6.65));
#3640=CARTESIAN_POINT('',(85.5374999555023,-77.3999999844383,-6.65));
#3641=CARTESIAN_POINT('',(95.850000003224,-72.2499999742071,-6.65));
#3642=CARTESIAN_POINT('Origin',(101.000000003224,-72.2499999690987,-6.65));
#3643=CARTESIAN_POINT('',(95.8499999998019,-68.800000000219,-6.65));
#3644=CARTESIAN_POINT('',(95.8500000237443,-92.9374999742074,-6.65));
#3645=CARTESIAN_POINT('',(62.4000006705508,-68.8000000002212,-6.65));
#3646=CARTESIAN_POINT('',(42.4999999999997,-68.8000000002225,-6.65));
#3647=CARTESIAN_POINT('',(62.4000006705509,-70.000001058205,-6.65));
#3648=CARTESIAN_POINT('',(62.4000006705523,-91.8125005292131,-6.65));
#3649=CARTESIAN_POINT('',(67.2000006705508,-70.0000010582047,-6.65));
#3650=CARTESIAN_POINT('',(68.4125003352904,-70.0000010582046,-6.65));
#3651=CARTESIAN_POINT('',(70.000000670551,-72.8000010582045,-6.65));
#3652=CARTESIAN_POINT('Origin',(67.200000670551,-72.8000010582046,-6.65));
#3653=CARTESIAN_POINT('',(70.0000006705521,-89.2000013562282,-6.65));
#3654=CARTESIAN_POINT('',(70.000000670553,-101.412500678224,-6.65));
#3655=CARTESIAN_POINT('',(67.2000006705522,-92.0000013562284,-6.65));
#3656=CARTESIAN_POINT('Origin',(67.2000006705521,-89.2000013562284,-6.65));
#3657=CARTESIAN_POINT('',(59.2000006705521,-92.0000013562284,-6.65));
#3658=CARTESIAN_POINT('',(64.4125003352926,-92.0000013562284,-6.65));
#3659=CARTESIAN_POINT('',(59.2000006705521,-91.0000013562284,-6.65));
#3660=CARTESIAN_POINT('',(59.2000006705523,-102.312500678225,-6.65));
#3661=CARTESIAN_POINT('',(46.8000006705521,-91.0000013562284,-6.65));
#3662=CARTESIAN_POINT('',(46.8000006705521,-91.0000013562284,-6.65));
#3663=CARTESIAN_POINT('',(46.8000006705521,-92.0000013562284,-6.65));
#3664=CARTESIAN_POINT('',(46.8000006705521,-102.812500678225,-6.65));
#3665=CARTESIAN_POINT('',(44.0000006705521,-89.2000013562286,-6.65));
#3666=CARTESIAN_POINT('Origin',(46.8000006705521,-89.2000013562284,-6.65));
#3667=CARTESIAN_POINT('',(44.0000006705522,-91.2125000002224,-6.65));
#3668=CARTESIAN_POINT('Origin',(52.6624816999853,-150.750014220478,-5.35));
#3669=CARTESIAN_POINT('',(35.6999991127266,-151.649997497854,-4.05));
#3670=CARTESIAN_POINT('',(34.8000000000001,-150.749997497855,-5.34999871838284));
#3671=CARTESIAN_POINT('Origin',(35.7000000000001,-150.749997497855,-5.35000000000006));
#3672=CARTESIAN_POINT('',(38.2500000140256,-151.650000011797,-4.05));
#3673=CARTESIAN_POINT('',(52.6624808127118,-151.650014220477,-4.05));
#3674=CARTESIAN_POINT('',(38.2500000140256,-151.650000011797,-4.05));
#3675=CARTESIAN_POINT('',(34.8000000000007,-139.587300012499,-21.4738950861118));
#3676=CARTESIAN_POINT('Origin',(38.2500000152614,-155.000000011797,-5.35));
#3677=CARTESIAN_POINT('',(41.6000000152614,-155.000000010562,-4.05));
#3678=CARTESIAN_POINT('',(41.6000000152614,-155.000000010562,-4.05));
#3679=CARTESIAN_POINT('Origin',(38.2500000152614,-155.000000011797,-4.05));
#3680=CARTESIAN_POINT('Origin',(42.500000007632,-134.312500010227,-5.35));
#3681=CARTESIAN_POINT('',(42.5000000162008,-158.450000000159,-5.34999999951913));
#3682=CARTESIAN_POINT('',(41.6342000150334,-158.450000000159,-4.09939999783278));
#3683=CARTESIAN_POINT('',(41.6000000162018,-157.550000000491,-4.05));
#3684=CARTESIAN_POINT('',(41.600000007632,-134.312500010559,-4.05));
#3685=CARTESIAN_POINT('Origin',(42.5000000162018,-157.55000000016,-5.34999999999999));
#3686=CARTESIAN_POINT('Origin',(35.7000000000001,-150.749997497855,-1.65));
#3687=CARTESIAN_POINT('',(34.8000000000921,-150.749997497856,-4.0334844827694));
#3688=CARTESIAN_POINT('',(34.8000000000001,-150.749997497855,-1.65));
#3689=CARTESIAN_POINT('',(35.6999991127266,-151.649997497854,-2.96090730695746));
#3690=CARTESIAN_POINT('Origin',(35.7000000000001,-150.749997497855,-2.96090624954425));
#3691=CARTESIAN_POINT('',(35.6999991127266,-151.649997497854,-1.65));
#3692=CARTESIAN_POINT('Origin',(34.8000000000039,-76.5000000002225,-1.65));
#3693=CARTESIAN_POINT('',(34.8000000000039,-76.5000000002225,-4.03348448272755));
#3694=CARTESIAN_POINT('',(34.8000000000039,-76.5000000002225,-1.65));
#3695=CARTESIAN_POINT('',(34.800000000003,-95.0625000002529,-4.0334844827654));
#3696=CARTESIAN_POINT('Origin',(101.000000018485,-155.000000019775,-5.35));
#3697=CARTESIAN_POINT('',(101.000000020573,-151.650000019775,-4.05));
#3698=CARTESIAN_POINT('',(101.000000020573,-151.650000019775,-4.05));
#3699=CARTESIAN_POINT('',(97.6500000184854,-155.000000017688,-4.05));
#3700=CARTESIAN_POINT('',(95.8500000184854,-155.000000016566,-6.65));
#3701=CARTESIAN_POINT('Origin',(101.000000018485,-155.000000019775,-4.05));
#3702=CARTESIAN_POINT('Origin',(96.7500000312041,-134.587500031023,-5.35));
#3703=CARTESIAN_POINT('',(97.6500000168966,-157.550000000781,-4.05));
#3704=CARTESIAN_POINT('',(96.7500000168955,-158.45000000022,-5.34999999919146));
#3705=CARTESIAN_POINT('Origin',(96.7500000168966,-157.55000000022,-5.34999999999992));
#3706=CARTESIAN_POINT('',(97.6500000312041,-134.587500031584,-4.05));
#3707=CARTESIAN_POINT('',(88.8273000187183,-158.450000000211,-16.7938999965586));
#3708=CARTESIAN_POINT('Origin',(85.3124999990151,-150.750000009999,-5.35));
#3709=CARTESIAN_POINT('',(104.450000000064,-150.750000021364,-5.35000000081127));
#3710=CARTESIAN_POINT('',(104.450000000065,-151.6158000199,-4.09940000292601));
#3711=CARTESIAN_POINT('',(103.549999999503,-151.650000021364,-4.05));
#3712=CARTESIAN_POINT('',(85.3124999984543,-151.650000009999,-4.05));
#3713=CARTESIAN_POINT('Origin',(103.550000000064,-150.750000021365,-5.34999999999997));
#3714=CARTESIAN_POINT('Origin',(96.7500000168966,-157.55000000022,-1.65));
#3715=CARTESIAN_POINT('',(96.7500000168966,-158.450000000137,-4.03350717204925));
#3716=CARTESIAN_POINT('',(96.7500000168955,-158.45000000022,-1.65));
#3717=CARTESIAN_POINT('',(97.6500000168966,-157.550000000781,-2.9609289394817));
#3718=CARTESIAN_POINT('Origin',(96.7500000168966,-157.55000000022,-2.96092893881343));
#3719=CARTESIAN_POINT('',(97.6500000168966,-157.550000000781,-1.65));
#3720=CARTESIAN_POINT('Origin',(42.5000000162008,-158.450000000159,-1.65));
#3721=CARTESIAN_POINT('',(42.5000000162008,-158.450000000159,-4.03350717207618));
#3722=CARTESIAN_POINT('',(42.5000000162008,-158.450000000159,-1.65));
#3723=CARTESIAN_POINT('',(56.0625000080576,-158.450000000175,-4.03350717209417));
#3724=CARTESIAN_POINT('Origin',(101.000000003224,-72.2499999690987,-5.35));
#3725=CARTESIAN_POINT('',(97.650000003224,-72.2499999724216,-4.05));
#3726=CARTESIAN_POINT('',(97.650000003224,-72.2499999724216,-4.05));
#3727=CARTESIAN_POINT('',(101.000000006547,-75.5999999690987,-4.05));
#3728=CARTESIAN_POINT('',(101.000000008333,-77.3999999690987,-6.65));
#3729=CARTESIAN_POINT('Origin',(101.000000003224,-72.2499999690987,-4.05));
#3730=CARTESIAN_POINT('Origin',(85.5374999546095,-76.4999999844383,-5.35));
#3731=CARTESIAN_POINT('',(103.549999999109,-75.5999999665689,-4.05));
#3732=CARTESIAN_POINT('',(104.450000000002,-76.4999999665682,-5.35000000128858));
#3733=CARTESIAN_POINT('Origin',(103.550000000002,-76.4999999665689,-5.34999999999992));
#3734=CARTESIAN_POINT('',(85.5374999537166,-75.5999999844383,-4.05));
#3735=CARTESIAN_POINT('',(104.450000000011,-87.6626999777343,-21.4739000174176));
#3736=CARTESIAN_POINT('Origin',(96.7500000237443,-92.9374999733147,-5.35));
#3737=CARTESIAN_POINT('',(96.6500000007937,-68.8000000002189,-5.4944444430118));
#3738=CARTESIAN_POINT('',(97.599600003841,-68.8000000002188,-4.12279999416577));
#3739=CARTESIAN_POINT('',(97.6500000007938,-69.799999999227,-4.05));
#3740=CARTESIAN_POINT('',(97.6500000237443,-92.9374999724219,-4.05));
#3741=CARTESIAN_POINT('Origin',(96.6500000007938,-69.8000000002189,-5.49444444444447));
#3742=CARTESIAN_POINT('Origin',(103.550000000002,-76.4999999665689,-1.65));
#3743=CARTESIAN_POINT('',(104.450000000004,-76.4999999665689,-4.0334844827694));
#3744=CARTESIAN_POINT('',(104.450000000002,-76.4999999665682,-1.65));
#3745=CARTESIAN_POINT('',(103.549999999109,-75.5999999665689,-2.96090624836787));
#3746=CARTESIAN_POINT('Origin',(103.550000000002,-76.4999999665689,-2.96090624943186));
#3747=CARTESIAN_POINT('',(103.549999999109,-75.5999999665689,-1.65));
#3748=CARTESIAN_POINT('Origin',(104.450000000064,-150.750000021364,-1.65));
#3749=CARTESIAN_POINT('',(104.450000000064,-150.750000021364,-4.03348448283994));
#3750=CARTESIAN_POINT('',(104.450000000064,-150.750000021364,-1.65));
#3751=CARTESIAN_POINT('',(104.450000000048,-132.187500010796,-4.03348448282167));
#3752=CARTESIAN_POINT('Origin',(100.999999914637,-72.2499999021534,-7.65));
#3753=CARTESIAN_POINT('',(97.749996503207,-72.2499999103143,-7.65));
#3754=CARTESIAN_POINT('',(100.999999922792,-75.5000033135836,-7.65));
#3755=CARTESIAN_POINT('Origin',(100.999999914637,-72.2499999021534,-7.65));
#3756=CARTESIAN_POINT('',(97.749996503207,-72.2499999103143,-5.45));
#3757=CARTESIAN_POINT('',(97.749996503207,-72.2499999103143,-7.65));
#3758=CARTESIAN_POINT('',(100.999999922792,-75.5000033135836,-5.45));
#3759=CARTESIAN_POINT('Origin',(100.999999914637,-72.2499999021534,-5.45));
#3760=CARTESIAN_POINT('',(100.999999922792,-75.5000033135836,-7.65));
#3761=CARTESIAN_POINT('Origin',(97.7499964970549,-69.7999999296422,-7.65));
#3762=CARTESIAN_POINT('',(97.7499964970549,-69.7999999296422,-7.65));
#3763=CARTESIAN_POINT('',(97.7499965520782,-91.7124999296199,-7.65));
#3764=CARTESIAN_POINT('',(97.7499964970549,-69.7999999296422,-5.45));
#3765=CARTESIAN_POINT('',(97.7499964970549,-69.7999999296422,-7.65));
#3766=CARTESIAN_POINT('',(97.749996503207,-72.2499999103143,-5.45));
#3767=CARTESIAN_POINT('Origin',(95.7499964970549,-69.7999999346643,-7.65));
#3768=CARTESIAN_POINT('',(95.7499964920328,-67.7999999346643,-7.65));
#3769=CARTESIAN_POINT('Origin',(95.7499964970549,-69.7999999346643,-7.65));
#3770=CARTESIAN_POINT('',(95.7499964920328,-67.7999999346643,-5.45));
#3771=CARTESIAN_POINT('',(95.7499964970548,-67.800000000219,-7.65));
#3772=CARTESIAN_POINT('Origin',(95.7499964970549,-69.7999999346643,-5.45));
#3773=CARTESIAN_POINT('Origin',(103.449999909392,-77.5000033074362,-7.65));
#3774=CARTESIAN_POINT('',(103.449999904374,-75.5000033074362,-7.65));
#3775=CARTESIAN_POINT('',(105.449999909392,-77.500003302418,-7.65));
#3776=CARTESIAN_POINT('Origin',(103.449999909392,-77.5000033074362,-7.65));
#3777=CARTESIAN_POINT('',(103.449999904374,-75.5000033074362,-5.45));
#3778=CARTESIAN_POINT('',(103.449999904374,-75.5000033074362,-7.65));
#3779=CARTESIAN_POINT('',(105.449999909392,-77.500003302418,-5.45));
#3780=CARTESIAN_POINT('Origin',(103.449999909392,-77.5000033074362,-5.45));
#3781=CARTESIAN_POINT('',(105.450000000003,-77.5000033074346,-7.65));
#3782=CARTESIAN_POINT('Origin',(100.999999922792,-75.5000033135836,-7.65));
#3783=CARTESIAN_POINT('',(85.3124999135821,-75.5000033529455,-7.65));
#3784=CARTESIAN_POINT('',(100.999999922792,-75.5000033135836,-5.45));
#3785=CARTESIAN_POINT('Origin',(100.599998246018,-72.6500016185411,-5.45));
#3786=CARTESIAN_POINT('',(99.2499999100735,-67.8000000002187,-5.45));
#3787=CARTESIAN_POINT('',(70.2999991230087,-67.8000000002207,-5.45));
#3788=CARTESIAN_POINT('',(105.45,-74.0000000002219,-5.45));
#3789=CARTESIAN_POINT('Origin',(99.250000321166,-73.9999996790527,-5.45));
#3790=CARTESIAN_POINT('',(105.449999999999,-73.3250008093795,-5.45));
#3791=CARTESIAN_POINT('',(99.300000003224,-72.2499999690987,-5.45));
#3792=CARTESIAN_POINT('Origin',(101.000000003224,-72.2499999690987,-5.45));
#3793=CARTESIAN_POINT('Origin',(35.800000089861,-149.749996608125,-7.65));
#3794=CARTESIAN_POINT('',(35.8000000898597,-151.749996608125,-7.65));
#3795=CARTESIAN_POINT('',(33.800000089861,-149.749996608124,-7.65));
#3796=CARTESIAN_POINT('Origin',(35.800000089861,-149.749996608125,-7.65));
#3797=CARTESIAN_POINT('',(35.8000000898597,-151.749996608125,-5.45));
#3798=CARTESIAN_POINT('',(35.8000000898597,-151.749996608125,-7.65));
#3799=CARTESIAN_POINT('',(33.800000089861,-149.749996608124,-5.45));
#3800=CARTESIAN_POINT('Origin',(35.800000089861,-149.749996608125,-5.45));
#3801=CARTESIAN_POINT('',(33.8000000000002,-149.749996608125,-7.65));
#3802=CARTESIAN_POINT('Origin',(38.2500000714416,-151.749996608127,-7.65));
#3803=CARTESIAN_POINT('',(38.2500000714416,-151.749996608127,-7.65));
#3804=CARTESIAN_POINT('',(53.9375000357246,-151.749996608137,-7.65));
#3805=CARTESIAN_POINT('',(38.2500000714416,-151.749996608127,-5.45));
#3806=CARTESIAN_POINT('',(38.2500000714416,-151.749996608127,-7.65));
#3807=CARTESIAN_POINT('',(38.2500000714416,-151.749996608127,-5.45));
#3808=CARTESIAN_POINT('Origin',(38.2500000714394,-155.000000019557,-7.65));
#3809=CARTESIAN_POINT('',(41.5000034828696,-155.000000019553,-7.65));
#3810=CARTESIAN_POINT('Origin',(38.2500000714394,-155.000000019557,-7.65));
#3811=CARTESIAN_POINT('',(41.5000034828696,-155.000000019553,-5.45));
#3812=CARTESIAN_POINT('',(41.5000034828696,-155.000000019553,-7.65));
#3813=CARTESIAN_POINT('Origin',(38.2500000714394,-155.000000019557,-5.45));
#3814=CARTESIAN_POINT('Origin',(41.5000034828727,-157.450000000225,-7.65));
#3815=CARTESIAN_POINT('',(41.5000034828727,-157.450000000225,-7.65));
#3816=CARTESIAN_POINT('',(41.5000034828451,-135.53750000024,-7.65));
#3817=CARTESIAN_POINT('',(41.5000034828727,-157.450000000225,-5.45));
#3818=CARTESIAN_POINT('',(41.5000034828727,-157.450000000225,-7.65));
#3819=CARTESIAN_POINT('',(41.5000034828696,-155.000000019553,-5.45));
#3820=CARTESIAN_POINT('Origin',(43.5000034828727,-157.450000000222,-7.65));
#3821=CARTESIAN_POINT('',(43.5000034828752,-159.450000000222,-7.65));
#3822=CARTESIAN_POINT('Origin',(43.5000034828727,-157.450000000222,-7.65));
#3823=CARTESIAN_POINT('',(43.5000034828752,-159.450000000222,-5.45));
#3824=CARTESIAN_POINT('',(43.5000034828705,-159.450000000161,-7.65));
#3825=CARTESIAN_POINT('Origin',(43.5000034828727,-157.450000000222,-5.45));
#3826=CARTESIAN_POINT('Origin',(38.6500017414376,-154.599998304173,-5.45));
#3827=CARTESIAN_POINT('',(33.8,-153.250000000223,-5.45));
#3828=CARTESIAN_POINT('',(40.0000000899267,-159.450000000157,-5.45));
#3829=CARTESIAN_POINT('Origin',(39.999999678834,-153.250000321323,-5.45));
#3830=CARTESIAN_POINT('',(33.8,-153.924999152198,-5.45));
#3831=CARTESIAN_POINT('',(68.9500008707154,-159.450000000189,-5.45));
#3832=CARTESIAN_POINT('',(36.5500000152614,-155.000000011797,-5.45));
#3833=CARTESIAN_POINT('Origin',(38.2500000152614,-155.000000011797,-5.45));
#3834=CARTESIAN_POINT('Origin',(38.2499999675912,-72.250000059647,-7.65));
#3835=CARTESIAN_POINT('',(38.2499999757507,-75.5000034710772,-7.65));
#3836=CARTESIAN_POINT('',(41.5000033790214,-72.2500000514938,-7.65));
#3837=CARTESIAN_POINT('Origin',(38.2499999675912,-72.250000059647,-7.65));
#3838=CARTESIAN_POINT('',(38.2499999757507,-75.5000034710772,-5.45));
#3839=CARTESIAN_POINT('',(38.2499999757507,-75.5000034710772,-7.65));
#3840=CARTESIAN_POINT('',(41.5000033790214,-72.2500000514938,-5.45));
#3841=CARTESIAN_POINT('Origin',(38.2499999675912,-72.250000059647,-5.45));
#3842=CARTESIAN_POINT('',(41.5000033790214,-72.2500000514938,-7.65));
#3843=CARTESIAN_POINT('Origin',(35.7999999941687,-75.5000034772282,-7.65));
#3844=CARTESIAN_POINT('',(35.7999999941687,-75.5000034772282,-7.65));
#3845=CARTESIAN_POINT('',(52.7124999492426,-75.5000034347678,-7.65));
#3846=CARTESIAN_POINT('',(35.7999999941687,-75.5000034772282,-5.45));
#3847=CARTESIAN_POINT('',(35.7999999941687,-75.5000034772282,-7.65));
#3848=CARTESIAN_POINT('',(38.2499999757507,-75.5000034710772,-5.45));
#3849=CARTESIAN_POINT('Origin',(35.79999999919,-77.5000034772282,-7.65));
#3850=CARTESIAN_POINT('',(33.7999999991899,-77.5000034822494,-7.65));
#3851=CARTESIAN_POINT('Origin',(35.79999999919,-77.5000034772282,-7.65));
#3852=CARTESIAN_POINT('',(33.7999999991899,-77.5000034822494,-5.45));
#3853=CARTESIAN_POINT('',(33.8000000000038,-77.5000034772281,-7.65));
#3854=CARTESIAN_POINT('Origin',(35.79999999919,-77.5000034772282,-5.45));
#3855=CARTESIAN_POINT('Origin',(43.5000033728752,-69.8000000658044,-7.65));
#3856=CARTESIAN_POINT('',(41.5000033728752,-69.8000000708218,-7.65));
#3857=CARTESIAN_POINT('',(43.5000033678578,-67.8000000658044,-7.65));
#3858=CARTESIAN_POINT('Origin',(43.5000033728752,-69.8000000658044,-7.65));
#3859=CARTESIAN_POINT('',(41.5000033728752,-69.8000000708218,-5.45));
#3860=CARTESIAN_POINT('',(41.5000033728752,-69.8000000708218,-7.65));
#3861=CARTESIAN_POINT('',(43.5000033678578,-67.8000000658044,-5.45));
#3862=CARTESIAN_POINT('Origin',(43.5000033728752,-69.8000000658044,-5.45));
#3863=CARTESIAN_POINT('',(43.5000033728751,-67.8000000002225,-7.65));
#3864=CARTESIAN_POINT('Origin',(41.5000033790214,-72.2500000514938,-7.65));
#3865=CARTESIAN_POINT('',(41.5000034309194,-92.9375000611354,-7.65));
#3866=CARTESIAN_POINT('',(41.5000033790214,-72.2500000514938,-5.45));
#3867=CARTESIAN_POINT('Origin',(38.6500016835239,-72.6500017412359,-5.45));
#3868=CARTESIAN_POINT('',(33.800000000004,-74.0000000901503,-5.45));
#3869=CARTESIAN_POINT('',(33.8000000000021,-112.950000870729,-5.45));
#3870=CARTESIAN_POINT('',(39.9999999999999,-67.8000000002227,-5.45));
#3871=CARTESIAN_POINT('Origin',(39.999999678834,-73.9999996790527,-5.45));
#3872=CARTESIAN_POINT('',(39.3250008417617,-67.8000000002228,-5.45));
#3873=CARTESIAN_POINT('',(36.55,-72.2500000002227,-5.45));
#3874=CARTESIAN_POINT('Origin',(38.25,-72.2500000002227,-5.45));
#3875=CARTESIAN_POINT('Origin',(103.450000000065,-151.74999660812,-7.65));
#3876=CARTESIAN_POINT('',(103.450000000065,-151.74999660812,-7.65));
#3877=CARTESIAN_POINT('',(101.000000018483,-151.749996608122,-7.65));
#3878=CARTESIAN_POINT('',(86.537500000064,-151.749996608134,-7.65));
#3879=CARTESIAN_POINT('',(103.450000000065,-151.74999660812,-5.45));
#3880=CARTESIAN_POINT('',(103.450000000065,-151.74999660812,-7.65));
#3881=CARTESIAN_POINT('',(101.000000018483,-151.749996608122,-5.45));
#3882=CARTESIAN_POINT('',(101.000000018483,-151.749996608122,-5.45));
#3883=CARTESIAN_POINT('',(101.000000018483,-151.749996608122,-7.65));
#3884=CARTESIAN_POINT('Origin',(103.450000000063,-149.74999660812,-7.65));
#3885=CARTESIAN_POINT('',(105.450000000063,-149.749996608119,-7.65));
#3886=CARTESIAN_POINT('Origin',(103.450000000063,-149.74999660812,-7.65));
#3887=CARTESIAN_POINT('',(105.450000000063,-149.749996608119,-5.45));
#3888=CARTESIAN_POINT('',(105.450000000063,-149.749996608119,-7.65));
#3889=CARTESIAN_POINT('Origin',(103.450000000063,-149.74999660812,-5.45));
#3890=CARTESIAN_POINT('Origin',(95.7499966070524,-157.450000000219,-7.65));
#3891=CARTESIAN_POINT('',(97.7499966070525,-157.450000000221,-7.65));
#3892=CARTESIAN_POINT('',(95.7499966070502,-159.450000000219,-7.65));
#3893=CARTESIAN_POINT('Origin',(95.7499966070524,-157.450000000219,-7.65));
#3894=CARTESIAN_POINT('',(97.7499966070525,-157.450000000221,-5.45));
#3895=CARTESIAN_POINT('',(97.7499966070525,-157.450000000221,-7.65));
#3896=CARTESIAN_POINT('',(95.7499966070502,-159.450000000219,-5.45));
#3897=CARTESIAN_POINT('Origin',(95.7499966070524,-157.450000000219,-5.45));
#3898=CARTESIAN_POINT('',(95.7499966070502,-159.450000000219,-7.65));
#3899=CARTESIAN_POINT('Origin',(97.7499966070552,-155.000000019549,-7.65));
#3900=CARTESIAN_POINT('',(97.7499966070552,-155.000000019549,-7.65));
#3901=CARTESIAN_POINT('',(97.7499966070783,-134.312500009901,-7.65));
#3902=CARTESIAN_POINT('',(97.7499966070552,-155.000000019549,-5.45));
#3903=CARTESIAN_POINT('',(97.7499966070552,-155.000000019549,-7.65));
#3904=CARTESIAN_POINT('',(97.7499966070552,-155.000000019549,-5.45));
#3905=CARTESIAN_POINT('Origin',(101.000000018485,-155.000000019553,-7.65));
#3906=CARTESIAN_POINT('Origin',(101.000000018485,-155.000000019553,-7.65));
#3907=CARTESIAN_POINT('Origin',(101.000000018485,-155.000000019553,-5.45));
#3908=CARTESIAN_POINT('Origin',(100.599998303558,-154.599998304171,-5.45));
#3909=CARTESIAN_POINT('',(105.450000000066,-153.249999910315,-5.45));
#3910=CARTESIAN_POINT('',(105.450000000034,-114.299999152194,-5.45));
#3911=CARTESIAN_POINT('',(99.2499999999987,-159.450000000223,-5.45));
#3912=CARTESIAN_POINT('Origin',(99.250000321166,-153.250000321323,-5.45));
#3913=CARTESIAN_POINT('',(99.9249991517757,-159.450000000223,-5.45));
#3914=CARTESIAN_POINT('',(99.2999977804685,-155.000000019775,-5.45));
#3915=CARTESIAN_POINT('Origin',(101.000000018485,-155.000000019775,-5.45));
#3916=CARTESIAN_POINT('Origin',(99.250000321166,-73.9999996790527,-0.15));
#3917=CARTESIAN_POINT('',(99.2499999100735,-67.8000000002187,1.65));
#3918=CARTESIAN_POINT('',(99.2499999100735,-67.8000000002187,-0.15));
#3919=CARTESIAN_POINT('',(105.45,-74.0000000002219,1.65));
#3920=CARTESIAN_POINT('Origin',(99.250000321166,-73.9999996790527,1.65));
#3921=CARTESIAN_POINT('',(105.45,-74.0000000002219,-0.15));
#3922=CARTESIAN_POINT('Origin',(39.9999999999999,-67.8000000002227,-0.15));
#3923=CARTESIAN_POINT('',(61.4000006705507,-67.8000000002213,-7.65));
#3924=CARTESIAN_POINT('',(54.8125000000149,-67.8000000002217,-7.65));
#3925=CARTESIAN_POINT('',(61.4000006705507,-67.8000000002213,-1.65));
#3926=CARTESIAN_POINT('',(61.4000006705507,-67.8000000002213,-3.4));
#3927=CARTESIAN_POINT('',(45.0000006705507,-67.8000000002224,-1.65));
#3928=CARTESIAN_POINT('',(54.8125000000149,-67.8000000002217,-1.65));
#3929=CARTESIAN_POINT('',(45.0000006705507,-67.8000000002224,-7.65));
#3930=CARTESIAN_POINT('',(45.0000006705507,-67.8000000002224,-3.4));
#3931=CARTESIAN_POINT('',(54.8125000000149,-67.8000000002217,-7.65));
#3932=CARTESIAN_POINT('',(39.9999999999999,-67.8000000002227,1.65));
#3933=CARTESIAN_POINT('',(39.9999999999999,-67.8000000002227,-1.65));
#3934=CARTESIAN_POINT('',(54.8125000000149,-67.8000000002217,1.65));
#3935=CARTESIAN_POINT('Origin',(39.999999678834,-73.9999996790527,-0.15));
#3936=CARTESIAN_POINT('',(33.800000000004,-74.0000000901503,1.65));
#3937=CARTESIAN_POINT('',(33.800000000004,-74.0000000901503,-0.15));
#3938=CARTESIAN_POINT('Origin',(39.999999678834,-73.9999996790527,1.65));
#3939=CARTESIAN_POINT('Origin',(99.250000321166,-153.250000321323,-0.15));
#3940=CARTESIAN_POINT('',(105.450000000066,-153.249999910315,1.65));
#3941=CARTESIAN_POINT('',(105.450000000066,-153.249999910315,-0.15));
#3942=CARTESIAN_POINT('',(99.2499999999987,-159.450000000223,1.65));
#3943=CARTESIAN_POINT('Origin',(99.250000321166,-153.250000321323,1.65));
#3944=CARTESIAN_POINT('',(99.2499999999987,-159.450000000223,-0.15));
#3945=CARTESIAN_POINT('Origin',(69.6249999999228,-156.450000011162,-1.65));
#3946=CARTESIAN_POINT('',(41.6000000157961,-156.450000011162,-1.65));
#3947=CARTESIAN_POINT('',(41.6000000162018,-157.550000000491,-2.96092893913689));
#3948=CARTESIAN_POINT('',(41.6000000155495,-155.781144570198,-0.852889125304733));
#3949=CARTESIAN_POINT('',(42.6000000148043,-156.450000011184,-1.65));
#3950=CARTESIAN_POINT('',(69.6249999999779,-156.450000011162,-1.65));
#3951=CARTESIAN_POINT('',(96.7500000175819,-156.450000044925,-1.65));
#3952=CARTESIAN_POINT('',(56.1124999940768,-156.450000019604,-1.65));
#3953=CARTESIAN_POINT('',(97.650000017582,-156.450000011162,-1.65));
#3954=CARTESIAN_POINT('',(69.6249999999779,-156.450000011162,-1.65));
#3955=CARTESIAN_POINT('',(97.6500000179279,-155.894767954456,-0.98830020169676));
#3956=CARTESIAN_POINT('Origin',(42.5000000162018,-157.55000000016,-2.96092893874139));
#3957=CARTESIAN_POINT('Origin',(41.6000000152614,-155.000000010562,-0.15));
#3958=CARTESIAN_POINT('',(41.6000000152614,-155.000000010562,-0.15));
#3959=CARTESIAN_POINT('',(41.6000000152614,-155.000000010562,-1.65));
#3960=CARTESIAN_POINT('',(41.6000000154273,-155.450000011553,-0.15));
#3961=CARTESIAN_POINT('',(41.6000000152614,-155.000000010562,-0.15));
#3962=CARTESIAN_POINT('',(41.6000000154273,-155.450000011553,-1.65));
#3963=CARTESIAN_POINT('',(41.6000000154273,-155.450000011553,-0.15));
#3964=CARTESIAN_POINT('',(41.6000000076321,-134.312500010559,-1.65));
#3965=CARTESIAN_POINT('',(41.6000000162018,-157.550000000491,-1.65));
#3966=CARTESIAN_POINT('Origin',(42.5000000162018,-157.55000000016,-1.65));
#3967=CARTESIAN_POINT('Origin',(97.6500000181427,-155.550000045485,-0.15));
#3968=CARTESIAN_POINT('',(97.6500000181427,-155.550000045485,-1.65));
#3969=CARTESIAN_POINT('',(97.6500000305808,-135.587500009231,-1.65));
#3970=CARTESIAN_POINT('',(97.6500000181427,-155.550000045485,-0.15));
#3971=CARTESIAN_POINT('',(97.6500000181427,-155.550000045485,-0.15));
#3972=CARTESIAN_POINT('',(97.6500000184854,-155.000000017688,-0.15));
#3973=CARTESIAN_POINT('',(97.6500000184854,-155.000000017688,-0.15));
#3974=CARTESIAN_POINT('',(97.6500000184854,-155.000000017688,-1.65));
#3975=CARTESIAN_POINT('Origin',(69.625000000033,-113.625000000221,-1.65));
#3976=CARTESIAN_POINT('Origin',(96.7500000181427,-155.550000044924,-1.65));
#3977=CARTESIAN_POINT('Origin',(34.8000000000305,-113.625000000288,-4.0334844827694));
#3978=CARTESIAN_POINT('',(36.7999809503758,-75.6000000002226,-1.65));
#3979=CARTESIAN_POINT('',(35.7000000000039,-75.6000000002226,-2.96090624939094));
#3980=CARTESIAN_POINT('',(36.4688498535833,-75.6000000002226,-2.04462667422222));
#3981=CARTESIAN_POINT('',(36.7999808847413,-151.649998582282,-1.65000007837079));
#3982=CARTESIAN_POINT('',(36.799980950439,-113.62500000028,-1.65));
#3983=CARTESIAN_POINT('',(35.5727397318148,-151.649997372395,-3.11256913135036));
#3984=CARTESIAN_POINT('Origin',(35.7000000000039,-76.5000000002226,-2.96090624939272));
#3985=CARTESIAN_POINT('Origin',(38.2499999999998,-75.6000000002227,-0.15));
#3986=CARTESIAN_POINT('',(38.2499999999998,-75.6000000002227,-0.15));
#3987=CARTESIAN_POINT('',(38.2499999999998,-75.6000000002227,-0.15));
#3988=CARTESIAN_POINT('',(37.7999999863434,-75.6000000002227,-0.15));
#3989=CARTESIAN_POINT('',(38.2499999999998,-75.6000000002227,-0.15));
#3990=CARTESIAN_POINT('',(37.7999999863434,-75.6000000002227,-1.65));
#3991=CARTESIAN_POINT('',(37.7999999863434,-75.6000000002227,-0.15));
#3992=CARTESIAN_POINT('',(53.9375000000174,-75.6000000002235,-1.65));
#3993=CARTESIAN_POINT('',(35.7000000000039,-75.6000000002226,-1.65));
#3994=CARTESIAN_POINT('Origin',(35.7000000000039,-76.5000000002226,-1.65));
#3995=CARTESIAN_POINT('Origin',(104.450000000005,-113.62500000023,-4.0334844827694));
#3996=CARTESIAN_POINT('',(103.549999999503,-151.650000021364,-2.96090624883674));
#3997=CARTESIAN_POINT('Origin',(103.550000000064,-150.750000021365,-2.9609062495052));
#3998=CARTESIAN_POINT('',(102.450019049596,-151.650000020679,-1.65));
#3999=CARTESIAN_POINT('',(102.781150145763,-151.650000020885,-2.04462667347591));
#4000=CARTESIAN_POINT('',(102.450019049596,-75.5999999676601,-1.65));
#4001=CARTESIAN_POINT('',(102.450019049596,-113.625000000225,-1.65));
#4002=CARTESIAN_POINT('',(102.87411470729,-75.5999999672394,-2.15541752366096));
#4003=CARTESIAN_POINT('Origin',(101.449999945123,-75.5999999686522,-0.15));
#4004=CARTESIAN_POINT('',(101.449999945123,-75.5999999686522,-1.65));
#4005=CARTESIAN_POINT('',(86.5874999807097,-75.5999999833967,-1.65));
#4006=CARTESIAN_POINT('',(101.449999945123,-75.5999999686522,-0.15));
#4007=CARTESIAN_POINT('',(101.449999945123,-75.5999999686522,-0.15));
#4008=CARTESIAN_POINT('',(101.000000006547,-75.5999999690987,-0.15));
#4009=CARTESIAN_POINT('',(101.000000006547,-75.5999999690987,-0.15));
#4010=CARTESIAN_POINT('',(101.000000006547,-75.5999999690987,-0.15));
#4011=CARTESIAN_POINT('Origin',(44.5000006705514,-79.0000006782255,-0.649999999999999));
#4012=CARTESIAN_POINT('',(44.0000006705509,-70.7999999724254,-0.649999999999999));
#4013=CARTESIAN_POINT('',(45.0000006705509,-70.7999999724253,-0.649999999999999));
#4014=CARTESIAN_POINT('',(70.5750003366642,-70.7999999724236,-0.649999999999999));
#4015=CARTESIAN_POINT('',(44.0000006705521,-89.2000013562286,-0.649999999999999));
#4016=CARTESIAN_POINT('',(44.0000006705507,-67.6000000002224,-0.649999999999999));
#4017=CARTESIAN_POINT('',(45.0000006705521,-89.2000013562285,-0.649999999999999));
#4018=CARTESIAN_POINT('',(45.0000006705521,-89.2000013562285,-0.649999999999999));
#4019=CARTESIAN_POINT('',(45.0000006705507,-67.6000000002224,-0.649999999999999));
#4020=CARTESIAN_POINT('Origin',(44.0000006705521,-89.2000013562286,-6.65));
#4021=CARTESIAN_POINT('',(45.0000006705521,-89.2000013562285,-3.25));
#4022=CARTESIAN_POINT('',(44.0000006705521,-89.2000013562286,-3.25));
#4023=CARTESIAN_POINT('',(44.700000670552,-89.2000013562285,-3.25));
#4024=CARTESIAN_POINT('',(45.0000006705521,-89.2000013562285,-6.65));
#4025=CARTESIAN_POINT('',(44.0000006705521,-89.2000013562286,-6.65));
#4026=CARTESIAN_POINT('Origin',(45.4000006705515,-80.4000006782254,-3.25));
#4027=CARTESIAN_POINT('',(46.8000006705521,-92.0000013562284,-3.25));
#4028=CARTESIAN_POINT('Origin',(46.8000006705521,-89.2000013562284,-3.25));
#4029=CARTESIAN_POINT('',(46.8000006705521,-91.0000013562284,-3.25));
#4030=CARTESIAN_POINT('',(46.8000006705521,-92.0000013562284,-3.25));
#4031=CARTESIAN_POINT('Origin',(46.8000006705521,-89.2000013562284,-3.25));
#4032=CARTESIAN_POINT('Origin',(69.625000000033,-113.625000000221,-1.65));
#4033=CARTESIAN_POINT('',(44.0000006705509,-70.7999999724254,-1.65));
#4034=CARTESIAN_POINT('',(44.0000006705522,-91.2125000002224,-1.65));
#4035=CARTESIAN_POINT('',(42.5999999999999,-70.7999999724255,-1.65));
#4036=CARTESIAN_POINT('',(83.1375000014039,-70.7999999724227,-1.65));
#4037=CARTESIAN_POINT('',(41.6,-71.7999999724255,-1.65));
#4038=CARTESIAN_POINT('Origin',(42.6,-71.7999999724255,-1.65));
#4039=CARTESIAN_POINT('',(41.6000000000014,-91.6625000002227,-1.65));
#4040=CARTESIAN_POINT('Origin',(69.625000000033,-113.625000000221,-1.65));
#4041=CARTESIAN_POINT('',(45.0000006705509,-70.7999999724253,-1.65));
#4042=CARTESIAN_POINT('',(45.0000006705522,-90.6125000002224,-1.65));
#4043=CARTESIAN_POINT('',(61.4000006705509,-70.7999999724242,-1.65));
#4044=CARTESIAN_POINT('',(61.4000006705523,-91.2125000002213,-1.65));
#4045=CARTESIAN_POINT('',(83.1375000014039,-70.7999999724227,-1.65));
#4046=CARTESIAN_POINT('Origin',(64.0000009536743,-91.0000013562284,-6.65));
#4047=CARTESIAN_POINT('',(64.0000009536743,-92.0000013711295,-3.25));
#4048=CARTESIAN_POINT('',(64.0000009536743,-91.0000013562284,-3.25));
#4049=CARTESIAN_POINT('',(64.0000009536743,-85.7000010172266,-3.25));
#4050=CARTESIAN_POINT('',(64.0000009536743,-92.0000013711295,-0.649999999999999));
#4051=CARTESIAN_POINT('',(64.0000009536743,-92.0000013711295,-6.65));
#4052=CARTESIAN_POINT('',(64.0000009536743,-91.0000013562284,-0.649999999999999));
#4053=CARTESIAN_POINT('',(64.0000009536743,-92.0000013711295,-0.649999999999999));
#4054=CARTESIAN_POINT('',(64.0000009536743,-91.0000013562284,-6.65));
#4055=CARTESIAN_POINT('Origin',(65.7000006705515,-80.4000006856754,-0.649999999999999));
#4056=CARTESIAN_POINT('',(61.4000006705509,-70.7999999724242,-0.649999999999999));
#4057=CARTESIAN_POINT('',(69.1595913566064,-70.7999999724237,-0.649999999999999));
#4058=CARTESIAN_POINT('',(81.1750003366642,-70.7999999724229,-0.649999999999999));
#4059=CARTESIAN_POINT('',(61.4000006705509,-71.000001058205,-0.649999999999999));
#4060=CARTESIAN_POINT('',(61.4000006705509,-71.000001058205,-0.649999999999999));
#4061=CARTESIAN_POINT('',(67.2000006705509,-71.0000010582047,-0.649999999999999));
#4062=CARTESIAN_POINT('',(67.2000006705509,-71.0000010582047,-0.649999999999999));
#4063=CARTESIAN_POINT('',(69.000000670551,-72.8000010582045,-0.649999999999999));
#4064=CARTESIAN_POINT('Origin',(67.200000670551,-72.8000010582046,-0.649999999999999));
#4065=CARTESIAN_POINT('',(69.0000006705522,-89.2000013562283,-0.649999999999999));
#4066=CARTESIAN_POINT('',(69.0000006705522,-89.2000013562283,-0.649999999999999));
#4067=CARTESIAN_POINT('',(67.2000006705521,-91.0000013562284,-0.649999999999999));
#4068=CARTESIAN_POINT('Origin',(67.2000006705521,-89.2000013562284,-0.649999999999999));
#4069=CARTESIAN_POINT('',(67.2000006705521,-91.0000013562284,-0.649999999999999));
#4070=CARTESIAN_POINT('',(67.2000006705522,-92.0000013562284,-0.649999999999999));
#4071=CARTESIAN_POINT('',(67.2000006705522,-92.0000013562284,-0.649999999999999));
#4072=CARTESIAN_POINT('',(70.0000006705521,-89.2000013562282,-0.649999999999999));
#4073=CARTESIAN_POINT('Origin',(67.2000006705521,-89.2000013562284,-0.649999999999999));
#4074=CARTESIAN_POINT('',(70.000000670551,-72.8000010582045,-0.649999999999999));
#4075=CARTESIAN_POINT('',(70.0000006705521,-89.2000013562282,-0.649999999999999));
#4076=CARTESIAN_POINT('Origin',(67.200000670551,-72.8000010582046,-0.649999999999999));
#4077=CARTESIAN_POINT('Origin',(46.8000006705521,-91.0000013562284,-6.65));
#4078=CARTESIAN_POINT('',(67.2000006705521,-91.0000013562284,-7.65));
#4079=CARTESIAN_POINT('',(67.2000006705521,-91.0000013562284,-6.65));
#4080=CARTESIAN_POINT('',(46.8000006705521,-91.0000013562284,-7.65));
#4081=CARTESIAN_POINT('',(46.8000006705521,-91.0000013562284,-7.65));
#4082=CARTESIAN_POINT('',(46.8000006705521,-91.0000013562284,-6.65));
#4083=CARTESIAN_POINT('',(59.2000006705521,-91.0000013562284,-3.25));
#4084=CARTESIAN_POINT('',(59.2000006705521,-91.0000013562284,-6.65));
#4085=CARTESIAN_POINT('',(67.2000006705521,-91.0000013562284,-3.25));
#4086=CARTESIAN_POINT('Origin',(67.2000006705521,-89.2000013562284,-6.65));
#4087=CARTESIAN_POINT('',(69.0000006705522,-89.2000013562283,-7.65));
#4088=CARTESIAN_POINT('',(69.0000006705522,-89.2000013562283,-6.65));
#4089=CARTESIAN_POINT('Origin',(67.2000006705521,-89.2000013562284,-7.65));
#4090=CARTESIAN_POINT('Origin',(69.0000006705522,-89.2000013562283,-6.65));
#4091=CARTESIAN_POINT('',(69.000000670551,-72.8000010582045,-7.65));
#4092=CARTESIAN_POINT('',(69.000000670551,-72.8000010582045,-6.65));
#4093=CARTESIAN_POINT('',(69.0000006705522,-89.2000013562283,-7.65));
#4094=CARTESIAN_POINT('Origin',(67.200000670551,-72.8000010582046,-6.65));
#4095=CARTESIAN_POINT('',(67.2000006705509,-71.0000010582047,-7.65));
#4096=CARTESIAN_POINT('',(67.2000006705509,-71.0000010582047,-6.65));
#4097=CARTESIAN_POINT('Origin',(67.200000670551,-72.8000010582046,-7.65));
#4098=CARTESIAN_POINT('Origin',(67.2000006705509,-71.0000010582047,-6.65));
#4099=CARTESIAN_POINT('',(61.4000006705509,-71.000001058205,-7.65));
#4100=CARTESIAN_POINT('',(61.4000006705509,-71.000001058205,-6.65));
#4101=CARTESIAN_POINT('',(61.4000006705509,-71.000001058205,-7.65));
#4102=CARTESIAN_POINT('Origin',(69.625000000033,-113.625000000221,-1.65));
#4103=CARTESIAN_POINT('',(69.1595913566064,-70.7999999724237,-1.65));
#4104=CARTESIAN_POINT('',(67.2000006705508,-70.0000010582047,-1.65));
#4105=CARTESIAN_POINT('Origin',(67.200000670551,-72.8000010582046,-1.65));
#4106=CARTESIAN_POINT('',(62.4000006705509,-70.000001058205,-1.65));
#4107=CARTESIAN_POINT('',(68.4125003352904,-70.0000010582046,-1.65));
#4108=CARTESIAN_POINT('',(62.4000006705508,-68.8000000002212,-1.65));
#4109=CARTESIAN_POINT('',(62.4000006705523,-91.8125005292131,-1.65));
#4110=CARTESIAN_POINT('',(96.6500000007937,-68.8000000002189,-1.65));
#4111=CARTESIAN_POINT('',(83.1375000004118,-68.8000000002198,-1.65));
#4112=CARTESIAN_POINT('',(97.6500000007938,-69.799999999227,-1.65));
#4113=CARTESIAN_POINT('Origin',(96.6500000007938,-69.8000000002189,-1.65));
#4114=CARTESIAN_POINT('',(97.6500000027777,-71.7999999714299,-1.65));
#4115=CARTESIAN_POINT('',(97.6500000237446,-92.9374999724217,-1.65));
#4116=CARTESIAN_POINT('',(96.6500000027776,-70.7999999724218,-1.65));
#4117=CARTESIAN_POINT('Origin',(96.6500000027777,-71.7999999724218,-1.65));
#4118=CARTESIAN_POINT('',(83.1375000014039,-70.7999999724227,-1.65));
#4119=CARTESIAN_POINT('Origin',(61.4000006705509,-71.000001058205,-6.65));
#4120=CARTESIAN_POINT('',(61.4000006705509,-70.7999999724242,-3.4));
#4121=CARTESIAN_POINT('',(61.4000006705507,-67.6000000002213,-7.65));
#4122=CARTESIAN_POINT('Origin',(96.6500000007937,-68.8000000002189,-1.65));
#4123=CARTESIAN_POINT('',(96.6500000007937,-68.8000000002189,-1.65));
#4124=CARTESIAN_POINT('',(62.4000006705508,-68.8000000002212,-4.15));
#4125=CARTESIAN_POINT('Origin',(46.8000006705521,-92.0000013562284,-6.65));
#4126=CARTESIAN_POINT('',(46.8000006705521,-91.0000013562284,-6.65));
#4127=CARTESIAN_POINT('',(46.8000006705521,-92.0000013562284,-6.65));
#4128=CARTESIAN_POINT('Origin',(46.8000006705521,-89.2000013562284,-6.65));
#4129=CARTESIAN_POINT('',(44.0000006705521,-89.2000013562286,-6.65));
#4130=CARTESIAN_POINT('Origin',(44.0000006705507,-68.8000000002224,-6.65));
#4131=CARTESIAN_POINT('',(44.0000006705509,-70.7999999724254,-3.4));
#4132=CARTESIAN_POINT('Origin',(62.4000006705509,-70.000001058205,-6.65));
#4133=CARTESIAN_POINT('',(62.4000006705509,-70.000001058205,-6.65));
#4134=CARTESIAN_POINT('Origin',(67.2000006705508,-70.0000010582047,-6.65));
#4135=CARTESIAN_POINT('',(67.2000006705508,-70.0000010582047,-6.65));
#4136=CARTESIAN_POINT('Origin',(67.200000670551,-72.8000010582046,-6.65));
#4137=CARTESIAN_POINT('',(69.1595913566064,-70.7999999724237,-6.65));
#4138=CARTESIAN_POINT('',(70.000000670551,-72.8000010582045,-6.65));
#4139=CARTESIAN_POINT('Origin',(70.0000006705521,-89.2000013562282,-6.65));
#4140=CARTESIAN_POINT('',(70.0000006705521,-89.2000013562282,-6.65));
#4141=CARTESIAN_POINT('Origin',(67.2000006705521,-89.2000013562284,-6.65));
#4142=CARTESIAN_POINT('',(67.2000006705522,-92.0000013562284,-6.65));
#4143=CARTESIAN_POINT('Origin',(59.2000006705521,-92.0000013562284,-6.65));
#4144=CARTESIAN_POINT('',(59.2000006705521,-92.0000013562284,-3.25));
#4145=CARTESIAN_POINT('',(67.2000006705522,-92.0000013562284,-3.25));
#4146=CARTESIAN_POINT('',(59.2000006705521,-92.0000013562284,-6.65));
#4147=CARTESIAN_POINT('Origin',(59.2000006705521,-91.0000013562284,-6.65));
#4148=CARTESIAN_POINT('',(59.2000006705521,-91.0000013562284,-3.25));
#4149=CARTESIAN_POINT('Origin',(64.6000006705521,-80.4000006782248,-3.25));
#4150=CARTESIAN_POINT('Origin',(46.8000006705521,-89.2000013562284,-6.65));
#4151=CARTESIAN_POINT('',(45.0000006705521,-89.2000013562285,-7.65));
#4152=CARTESIAN_POINT('Origin',(46.8000006705521,-89.2000013562284,-7.65));
#4153=CARTESIAN_POINT('',(45.0000006705521,-89.2000013562285,-6.65));
#4154=CARTESIAN_POINT('Origin',(45.0000006705507,-67.6000000002224,-6.65));
#4155=CARTESIAN_POINT('',(45.0000006705521,-89.2000013562285,-7.65));
#4156=CARTESIAN_POINT('',(45.0000006705509,-70.7999999724253,-3.4));
#4157=CARTESIAN_POINT('Origin',(69.625000000033,-113.625000000221,-7.65));
#4158=CARTESIAN_POINT('',(105.450000000017,-93.8125000002064,-7.65));
#4159=CARTESIAN_POINT('',(84.4374999999903,-159.450000000206,-7.65));
#4160=CARTESIAN_POINT('',(33.800000000001,-133.437500000221,-7.65));
#4161=CARTESIAN_POINT('Origin',(96.6500000007938,-69.8000000002189,-1.65));
#4162=CARTESIAN_POINT('',(97.6500000007938,-69.799999999227,-1.65));
#4163=CARTESIAN_POINT('Origin',(103.550000000064,-150.750000021365,-1.65));
#4164=CARTESIAN_POINT('',(103.549999999503,-151.650000021364,-1.65));
#4165=CARTESIAN_POINT('Origin',(35.6999991127266,-151.649997497854,-1.65));
#4166=CARTESIAN_POINT('',(37.8000000140297,-151.650000011963,-1.65));
#4167=CARTESIAN_POINT('',(52.6624808127119,-151.650014220477,-1.65));
#4168=CARTESIAN_POINT('',(38.2500000140256,-151.650000011797,-1.65));
#4169=CARTESIAN_POINT('',(53.7125000140448,-151.650000006093,-1.65));
#4170=CARTESIAN_POINT('',(38.2500000140256,-151.650000011797,-1.65));
#4171=CARTESIAN_POINT('Origin',(69.625000000033,-113.625000000221,-1.65));
#4172=CARTESIAN_POINT('Origin',(42.6000000154274,-155.450000011184,-1.65));
#4173=CARTESIAN_POINT('Origin',(69.625000000033,-113.625000000221,-1.65));
#4174=CARTESIAN_POINT('',(36.7999999863433,-76.6000000005916,-1.65));
#4175=CARTESIAN_POINT('Origin',(37.7999999863433,-76.6000000002227,-1.65));
#4176=CARTESIAN_POINT('',(36.8000000136607,-150.650000012332,-1.65));
#4177=CARTESIAN_POINT('',(36.7999999931727,-95.1125000064608,-1.65));
#4178=CARTESIAN_POINT('Origin',(37.8000000136608,-150.650000011963,-1.65));
#4179=CARTESIAN_POINT('Origin',(69.625000000033,-113.625000000221,-1.65));
#4180=CARTESIAN_POINT('',(101.550000019115,-151.650000020118,-1.65));
#4181=CARTESIAN_POINT('',(85.3124999984546,-151.650000009999,-1.65));
#4182=CARTESIAN_POINT('',(102.450000019676,-150.750000019225,-1.65));
#4183=CARTESIAN_POINT('Origin',(101.550000019676,-150.750000020118,-1.65));
#4184=CARTESIAN_POINT('',(102.449999946115,-76.5999999676602,-1.65));
#4185=CARTESIAN_POINT('',(102.450000001261,-132.187499993441,-1.65));
#4186=CARTESIAN_POINT('Origin',(101.449999946115,-76.5999999686523,-1.65));
#4187=CARTESIAN_POINT('Origin',(101.000000018485,-155.000000019775,-0.15));
#4188=CARTESIAN_POINT('',(101.000000020573,-151.650000019775,-0.15));
#4189=CARTESIAN_POINT('Origin',(101.000000018485,-155.000000019775,-0.15));
#4190=CARTESIAN_POINT('',(101.000000020573,-151.650000019775,-1.65));
#4191=CARTESIAN_POINT('Origin',(96.7500000181427,-155.550000044924,-0.15));
#4192=CARTESIAN_POINT('',(96.7500000175819,-156.450000044925,-0.15));
#4193=CARTESIAN_POINT('',(96.7500000175819,-156.450000044925,-0.15));
#4194=CARTESIAN_POINT('Origin',(96.7500000181427,-155.550000044924,-0.15));
#4195=CARTESIAN_POINT('Origin',(42.6000000148043,-156.450000011184,-0.15));
#4196=CARTESIAN_POINT('',(42.6000000148043,-156.450000011184,-0.15));
#4197=CARTESIAN_POINT('',(42.6000000148043,-156.450000011184,-0.15));
#4198=CARTESIAN_POINT('',(42.6000000148043,-156.450000011184,-0.15));
#4199=CARTESIAN_POINT('Origin',(42.6000000154274,-155.450000011184,-0.15));
#4200=CARTESIAN_POINT('Origin',(42.6000000154274,-155.450000011184,-0.15));
#4201=CARTESIAN_POINT('Origin',(38.2500000152614,-155.000000011797,-0.15));
#4202=CARTESIAN_POINT('',(38.2500000140256,-151.650000011797,-0.15));
#4203=CARTESIAN_POINT('',(38.2500000140256,-151.650000011797,-0.15));
#4204=CARTESIAN_POINT('Origin',(38.2500000152614,-155.000000011797,-0.15));
#4205=CARTESIAN_POINT('Origin',(37.8000000140297,-151.650000011963,-0.15));
#4206=CARTESIAN_POINT('',(37.8000000140297,-151.650000011963,-0.15));
#4207=CARTESIAN_POINT('',(37.8000000140297,-151.650000011963,-0.15));
#4208=CARTESIAN_POINT('',(38.2500000140256,-151.650000011797,-0.15));
#4209=CARTESIAN_POINT('Origin',(37.8000000136608,-150.650000011963,-0.15));
#4210=CARTESIAN_POINT('',(36.8000000136607,-150.650000012332,-0.15));
#4211=CARTESIAN_POINT('',(36.8000000136607,-150.650000012332,-0.15));
#4212=CARTESIAN_POINT('Origin',(37.8000000136608,-150.650000011963,-0.15));
#4213=CARTESIAN_POINT('Origin',(36.7999999863433,-76.6000000005916,-0.15));
#4214=CARTESIAN_POINT('',(36.7999999863433,-76.6000000005916,-0.15));
#4215=CARTESIAN_POINT('',(36.7999999863433,-76.6000000005916,-0.15));
#4216=CARTESIAN_POINT('',(36.7999999863433,-76.6000000005916,-0.15));
#4217=CARTESIAN_POINT('Origin',(37.7999999863433,-76.6000000002227,-0.15));
#4218=CARTESIAN_POINT('Origin',(37.7999999863433,-76.6000000002227,-0.15));
#4219=CARTESIAN_POINT('Origin',(105.45,-74.0000000002219,-0.15));
#4220=CARTESIAN_POINT('',(105.450000000017,-93.8125000002064,1.65));
#4221=CARTESIAN_POINT('Origin',(34.8,-153.250000000223,-0.15));
#4222=CARTESIAN_POINT('',(34.800000000004,-74.0000000130695,-0.15));
#4223=CARTESIAN_POINT('',(34.8,-153.250000000223,-0.15));
#4224=CARTESIAN_POINT('',(34.800000000001,-133.437500000221,-0.15));
#4225=CARTESIAN_POINT('',(34.800000000004,-74.0000000130695,1.65));
#4226=CARTESIAN_POINT('',(34.800000000004,-74.0000000130695,-0.15));
#4227=CARTESIAN_POINT('',(34.8,-153.250000000223,1.65));
#4228=CARTESIAN_POINT('',(34.800000000004,-74.0000000130695,1.65));
#4229=CARTESIAN_POINT('',(34.8,-153.250000000223,-0.15));
#4230=CARTESIAN_POINT('Origin',(39.999999678834,-153.250000321323,-0.15));
#4231=CARTESIAN_POINT('',(40.0000000128466,-158.450000000157,-0.15));
#4232=CARTESIAN_POINT('Origin',(39.999999678834,-153.250000321323,-0.15));
#4233=CARTESIAN_POINT('',(40.0000000128466,-158.450000000157,1.65));
#4234=CARTESIAN_POINT('Origin',(39.999999678834,-153.250000321323,1.65));
#4235=CARTESIAN_POINT('',(40.0000000128466,-158.450000000157,-0.15));
#4236=CARTESIAN_POINT('Origin',(99.2499999999998,-158.450000000223,-0.15));
#4237=CARTESIAN_POINT('',(99.2499999999998,-158.450000000223,-0.15));
#4238=CARTESIAN_POINT('',(84.4374999999914,-158.450000000206,-0.15));
#4239=CARTESIAN_POINT('',(99.2499999999998,-158.450000000223,1.65));
#4240=CARTESIAN_POINT('',(40.0000000128466,-158.450000000157,1.65));
#4241=CARTESIAN_POINT('',(99.2499999999998,-158.450000000223,-0.15));
#4242=CARTESIAN_POINT('Origin',(99.250000321166,-153.250000321323,-0.15));
#4243=CARTESIAN_POINT('',(104.450000000066,-153.249999987379,-0.15));
#4244=CARTESIAN_POINT('Origin',(99.250000321166,-153.250000321323,-0.15));
#4245=CARTESIAN_POINT('',(104.450000000066,-153.249999987379,1.65));
#4246=CARTESIAN_POINT('Origin',(99.250000321166,-153.250000321323,1.65));
#4247=CARTESIAN_POINT('',(104.450000000066,-153.249999987379,-0.15));
#4248=CARTESIAN_POINT('Origin',(104.45,-74.0000000002227,-0.15));
#4249=CARTESIAN_POINT('',(104.45,-74.0000000002227,-0.15));
#4250=CARTESIAN_POINT('',(104.450000000016,-93.8125000002072,-0.15));
#4251=CARTESIAN_POINT('',(104.45,-74.0000000002227,1.65));
#4252=CARTESIAN_POINT('',(104.450000000066,-153.249999987379,1.65));
#4253=CARTESIAN_POINT('',(104.45,-74.0000000002227,-0.15));
#4254=CARTESIAN_POINT('Origin',(99.250000321166,-73.9999996790527,-0.15));
#4255=CARTESIAN_POINT('',(99.2499999871534,-68.8000000002187,-0.15));
#4256=CARTESIAN_POINT('Origin',(99.250000321166,-73.9999996790527,-0.15));
#4257=CARTESIAN_POINT('',(99.2499999871534,-68.8000000002187,1.65));
#4258=CARTESIAN_POINT('Origin',(99.250000321166,-73.9999996790527,1.65));
#4259=CARTESIAN_POINT('',(99.2499999871534,-68.8000000002187,-0.15));
#4260=CARTESIAN_POINT('Origin',(40.,-68.8000000002227,-0.15));
#4261=CARTESIAN_POINT('',(40.,-68.8000000002227,-0.15));
#4262=CARTESIAN_POINT('',(54.8125000000149,-68.8000000002217,-0.15));
#4263=CARTESIAN_POINT('',(40.,-68.8000000002227,1.65));
#4264=CARTESIAN_POINT('',(99.2499999871534,-68.8000000002187,1.65));
#4265=CARTESIAN_POINT('',(40.,-68.8000000002227,-0.15));
#4266=CARTESIAN_POINT('Origin',(39.999999678834,-73.9999996790527,-0.15));
#4267=CARTESIAN_POINT('Origin',(39.999999678834,-73.9999996790527,-0.15));
#4268=CARTESIAN_POINT('Origin',(39.999999678834,-73.9999996790527,1.65));
#4269=CARTESIAN_POINT('Origin',(69.625000000033,-113.625000000221,1.65));
#4270=CARTESIAN_POINT('',(33.8,-153.250000000223,1.65));
#4271=CARTESIAN_POINT('',(33.800000000001,-133.437500000221,1.65));
#4272=CARTESIAN_POINT('',(40.0000000899267,-159.450000000157,1.65));
#4273=CARTESIAN_POINT('Origin',(39.999999678834,-153.250000321323,1.65));
#4274=CARTESIAN_POINT('',(84.4374999999904,-159.450000000206,1.65));
#4275=CARTESIAN_POINT('Origin',(38.25,-72.2500000002227,-0.15));
#4276=CARTESIAN_POINT('',(41.6,-72.2500000002225,-0.15));
#4277=CARTESIAN_POINT('',(41.6,-72.2500000002225,-0.15));
#4278=CARTESIAN_POINT('Origin',(38.25,-72.2500000002227,-0.15));
#4279=CARTESIAN_POINT('Origin',(41.6,-71.7999999724255,-0.15));
#4280=CARTESIAN_POINT('',(41.6,-71.7999999724255,-0.15));
#4281=CARTESIAN_POINT('',(41.6,-71.7999999724255,-0.15));
#4282=CARTESIAN_POINT('',(41.6,-72.2500000002225,-0.15));
#4283=CARTESIAN_POINT('Origin',(42.6,-71.7999999724255,-0.15));
#4284=CARTESIAN_POINT('',(42.5999999999999,-70.7999999724255,-0.15));
#4285=CARTESIAN_POINT('',(42.5999999999999,-70.7999999724255,-0.15));
#4286=CARTESIAN_POINT('Origin',(42.6,-71.7999999724255,-0.15));
#4287=CARTESIAN_POINT('Origin',(96.6500000027776,-70.7999999724218,-0.15));
#4288=CARTESIAN_POINT('',(96.6500000027776,-70.7999999724218,-0.15));
#4289=CARTESIAN_POINT('',(96.6500000027776,-70.7999999724218,-0.15));
#4290=CARTESIAN_POINT('',(96.6500000027776,-70.7999999724218,-0.15));
#4291=CARTESIAN_POINT('Origin',(96.6500000027777,-71.7999999724218,-0.15));
#4292=CARTESIAN_POINT('',(97.6500000027777,-71.7999999714299,-0.15));
#4293=CARTESIAN_POINT('',(97.6500000027777,-71.7999999714299,-0.15));
#4294=CARTESIAN_POINT('Origin',(96.6500000027777,-71.7999999724218,-0.15));
#4295=CARTESIAN_POINT('Origin',(97.650000003224,-72.2499999724216,-0.15));
#4296=CARTESIAN_POINT('',(97.650000003224,-72.2499999724216,-0.15));
#4297=CARTESIAN_POINT('',(97.650000003224,-72.2499999724216,-0.15));
#4298=CARTESIAN_POINT('',(97.650000003224,-72.2499999724216,-0.15));
#4299=CARTESIAN_POINT('Origin',(101.000000003224,-72.2499999690987,-0.15));
#4300=CARTESIAN_POINT('Origin',(101.000000003224,-72.2499999690987,-0.15));
#4301=CARTESIAN_POINT('Origin',(101.449999946115,-76.5999999686523,-0.15));
#4302=CARTESIAN_POINT('',(102.449999946115,-76.5999999676602,-0.15));
#4303=CARTESIAN_POINT('',(102.449999946115,-76.5999999676602,-0.15));
#4304=CARTESIAN_POINT('Origin',(101.449999946115,-76.5999999686523,-0.15));
#4305=CARTESIAN_POINT('Origin',(102.450000019676,-150.750000019225,-0.15));
#4306=CARTESIAN_POINT('',(102.450000019676,-150.750000019225,-0.15));
#4307=CARTESIAN_POINT('',(102.450000019676,-150.750000019225,-0.15));
#4308=CARTESIAN_POINT('',(102.450000019676,-150.750000019225,-0.15));
#4309=CARTESIAN_POINT('Origin',(101.550000019676,-150.750000020118,-0.15));
#4310=CARTESIAN_POINT('',(101.550000019115,-151.650000020118,-0.15));
#4311=CARTESIAN_POINT('',(101.550000019115,-151.650000020118,-0.15));
#4312=CARTESIAN_POINT('Origin',(101.550000019676,-150.750000020118,-0.15));
#4313=CARTESIAN_POINT('Origin',(101.000000020573,-151.650000019775,-0.15));
#4314=CARTESIAN_POINT('',(101.000000020573,-151.650000019775,-0.15));
#4315=CARTESIAN_POINT('Origin',(38.2500000152614,-155.000000011797,-0.15));
#4316=CARTESIAN_POINT('',(36.5500000152614,-155.000000011797,-0.15));
#4317=CARTESIAN_POINT('',(36.5500000152614,-155.000000011797,-0.15));
#4318=CARTESIAN_POINT('Origin',(38.2500000152614,-155.000000011797,-0.15));
#4319=CARTESIAN_POINT('Origin',(38.25,-72.2500000002227,-0.15));
#4320=CARTESIAN_POINT('',(36.55,-72.2500000002227,-0.15));
#4321=CARTESIAN_POINT('',(36.55,-72.2500000002227,-0.15));
#4322=CARTESIAN_POINT('Origin',(38.25,-72.2500000002227,-0.15));
#4323=CARTESIAN_POINT('Origin',(101.000000018485,-155.000000019775,-0.15));
#4324=CARTESIAN_POINT('',(99.3000000184854,-155.000000019775,-0.15));
#4325=CARTESIAN_POINT('',(99.3000000184854,-155.000000019775,-0.15));
#4326=CARTESIAN_POINT('Origin',(101.000000018485,-155.000000019775,-0.15));
#4327=CARTESIAN_POINT('Origin',(101.000000003224,-72.2499999690987,-0.15));
#4328=CARTESIAN_POINT('',(99.300000003224,-72.2499999690987,-0.15));
#4329=CARTESIAN_POINT('',(99.300000003224,-72.2499999690987,-0.15));
#4330=CARTESIAN_POINT('Origin',(101.000000003224,-72.2499999690987,-0.15));
#4331=CARTESIAN_POINT('Origin',(33.8,-153.250000000223,-0.15));
#4332=CARTESIAN_POINT('',(33.8,-153.250000000223,-0.15));
#4333=CARTESIAN_POINT('Origin',(39.999999678834,-153.250000321323,-0.15));
#4334=CARTESIAN_POINT('',(40.0000000899267,-159.450000000157,-0.15));
#4335=CARTESIAN_POINT('Origin',(99.2499999999987,-159.450000000223,-0.15));
#4336=CARTESIAN_POINT('Origin',(69.625000000033,-113.625000000221,-0.15));
#4337=UNCERTAINTY_MEASURE_WITH_UNIT(LENGTH_MEASURE(0.01),#4341,
'DISTANCE_ACCURACY_VALUE',
'Maximum model space distance between geometric entities at asserted c
onnectivities');
#4338=UNCERTAINTY_MEASURE_WITH_UNIT(LENGTH_MEASURE(0.01),#4341,
'DISTANCE_ACCURACY_VALUE',
'Maximum model space distance between geometric entities at asserted c
onnectivities');
#4339=(
GEOMETRIC_REPRESENTATION_CONTEXT(3)
GLOBAL_UNCERTAINTY_ASSIGNED_CONTEXT((#4337))
GLOBAL_UNIT_ASSIGNED_CONTEXT((#4341,#4343,#4344))
REPRESENTATION_CONTEXT('','3D')
);
#4340=(
GEOMETRIC_REPRESENTATION_CONTEXT(3)
GLOBAL_UNCERTAINTY_ASSIGNED_CONTEXT((#4338))
GLOBAL_UNIT_ASSIGNED_CONTEXT((#4341,#4343,#4344))
REPRESENTATION_CONTEXT('','3D')
);
#4341=(
LENGTH_UNIT()
NAMED_UNIT(*)
SI_UNIT(.MILLI.,.METRE.)
);
#4342=(
LENGTH_UNIT()
NAMED_UNIT(*)
SI_UNIT($,.METRE.)
);
#4343=(
NAMED_UNIT(*)
PLANE_ANGLE_UNIT()
SI_UNIT($,.RADIAN.)
);
#4344=(
NAMED_UNIT(*)
SI_UNIT($,.STERADIAN.)
SOLID_ANGLE_UNIT()
);
#4345=SHAPE_DEFINITION_REPRESENTATION(#4346,#4347);
#4346=PRODUCT_DEFINITION_SHAPE('',$,#4349);
#4347=SHAPE_REPRESENTATION('',(#2597),#4339);
#4348=PRODUCT_DEFINITION_CONTEXT('part definition',#4353,'design');
#4349=PRODUCT_DEFINITION('2026-08-22-16-51-27-190','MacropadExample',#4350,
#4348);
#4350=PRODUCT_DEFINITION_FORMATION('',$,#4355);
#4351=PRODUCT_RELATED_PRODUCT_CATEGORY('MacropadExample',
'MacropadExample',(#4355));
#4352=APPLICATION_PROTOCOL_DEFINITION('international standard',
'automotive_design',2009,#4353);
#4353=APPLICATION_CONTEXT(
'Core Data for Automotive Mechanical Design Process');
#4354=PRODUCT_CONTEXT('part definition',#4353,'mechanical');
#4355=PRODUCT('2026-08-22-16-51-27-190','MacropadExample',$,(#4354));
#4356=PRESENTATION_STYLE_ASSIGNMENT((#4359));
#4357=PRESENTATION_STYLE_ASSIGNMENT((#4360));
#4358=PRESENTATION_STYLE_ASSIGNMENT((#4361));
#4359=SURFACE_STYLE_USAGE(.BOTH.,#4362);
#4360=SURFACE_STYLE_USAGE(.BOTH.,#4363);
#4361=SURFACE_STYLE_USAGE(.BOTH.,#4364);
#4362=SURFACE_SIDE_STYLE('',(#4365));
#4363=SURFACE_SIDE_STYLE('',(#4366));
#4364=SURFACE_SIDE_STYLE('',(#4367));
#4365=SURFACE_STYLE_FILL_AREA(#4368);
#4366=SURFACE_STYLE_FILL_AREA(#4369);
#4367=SURFACE_STYLE_FILL_AREA(#4370);
#4368=FILL_AREA_STYLE('Steel - Satin',(#4371));
#4369=FILL_AREA_STYLE('Acrylic (Clear)',(#4372));
#4370=FILL_AREA_STYLE('ABS (White)',(#4373));
#4371=FILL_AREA_STYLE_COLOUR('Steel - Satin',#4374);
#4372=FILL_AREA_STYLE_COLOUR('Acrylic (Clear)',#4375);
#4373=FILL_AREA_STYLE_COLOUR('ABS (White)',#4376);
#4374=COLOUR_RGB('Steel - Satin',0.627450980392157,0.627450980392157,0.627450980392157);
#4375=COLOUR_RGB('Acrylic (Clear)',0.905882352941176,0.905882352941176,
0.905882352941176);
#4376=COLOUR_RGB('ABS (White)',0.964705882352941,0.964705882352941,0.952941176470588);
ENDSEC;
END-ISO-10303-21;
