ISO-10303-21;
HEADER;
/* Generated by software containing ST-Developer
 * from STEP Tools, Inc. (www.steptools.com) 
 */

FILE_DESCRIPTION(
/* description */ (''),
/* implementation_level */ '2;1');

FILE_NAME(
/* name */ 'Knob.step',
/* time_stamp */ '2026-08-22T17:31:19+02:00',
/* author */ (''),
/* organization */ (''),
/* preprocessor_version */ 'ST-DEVELOPER v20.1',
/* originating_system */ 'Autodesk Translation Framework v15.8.0.0',
/* authorisation */ '');

FILE_SCHEMA (('AUTOMOTIVE_DESIGN { 1 0 10303 214 3 1 1 }'));
ENDSEC;

DATA;
#10=MECHANICAL_DESIGN_GEOMETRIC_PRESENTATION_REPRESENTATION('',(#13),#11644);
#11=SHAPE_REPRESENTATION_RELATIONSHIP('SRR','None',#11651,#12);
#12=ADVANCED_BREP_SHAPE_REPRESENTATION('',(#14),#11643);
#13=STYLED_ITEM('',(#11662),#14);
#14=MANIFOLD_SOLID_BREP('KnobV2',#5932);
#15=(
BOUNDED_CURVE()
B_SPLINE_CURVE(2,(#8698,#8699,#8700),.UNSPECIFIED.,.F.,.F.)
B_SPLINE_CURVE_WITH_KNOTS((3,3),(0.0183818675974764,0.0517583972837209),
 .UNSPECIFIED.)
CURVE()
GEOMETRIC_REPRESENTATION_ITEM()
RATIONAL_B_SPLINE_CURVE((1.00029022250463,1.00052033818109,1.00062928160059))
REPRESENTATION_ITEM('')
);
#16=(
BOUNDED_CURVE()
B_SPLINE_CURVE(2,(#8717,#8718,#8719),.UNSPECIFIED.,.F.,.F.)
B_SPLINE_CURVE_WITH_KNOTS((3,3),(0.111774664469687,0.145151194155963),
 .UNSPECIFIED.)
CURVE()
GEOMETRIC_REPRESENTATION_ITEM()
RATIONAL_B_SPLINE_CURVE((1.0006292815983,1.0005203381792,1.00029022250358))
REPRESENTATION_ITEM('')
);
#17=(
BOUNDED_CURVE()
B_SPLINE_CURVE(2,(#8745,#8746,#8747),.UNSPECIFIED.,.F.,.F.)
B_SPLINE_CURVE_WITH_KNOTS((3,3),(0.0183818675976619,0.0517583972839068),
 .UNSPECIFIED.)
CURVE()
GEOMETRIC_REPRESENTATION_ITEM()
RATIONAL_B_SPLINE_CURVE((1.00029022250171,1.00052033817584,1.00062928159424))
REPRESENTATION_ITEM('')
);
#18=(
BOUNDED_CURVE()
B_SPLINE_CURVE(2,(#8764,#8765,#8766),.UNSPECIFIED.,.F.,.F.)
B_SPLINE_CURVE_WITH_KNOTS((3,3),(0.111774664469664,0.145151194155939),
 .UNSPECIFIED.)
CURVE()
GEOMETRIC_REPRESENTATION_ITEM()
RATIONAL_B_SPLINE_CURVE((1.00062928159744,1.00052033817849,1.00029022250318))
REPRESENTATION_ITEM('')
);
#19=(
BOUNDED_CURVE()
B_SPLINE_CURVE(2,(#8792,#8793,#8794),.UNSPECIFIED.,.F.,.F.)
B_SPLINE_CURVE_WITH_KNOTS((3,3),(0.0183818675977747,0.0517583972840445),
 .UNSPECIFIED.)
CURVE()
GEOMETRIC_REPRESENTATION_ITEM()
RATIONAL_B_SPLINE_CURVE((1.00029022250018,1.00052033817311,1.00062928159093))
REPRESENTATION_ITEM('')
);
#20=(
BOUNDED_CURVE()
B_SPLINE_CURVE(2,(#8811,#8812,#8813),.UNSPECIFIED.,.F.,.F.)
B_SPLINE_CURVE_WITH_KNOTS((3,3),(0.111774664469728,0.145151194155997),
 .UNSPECIFIED.)
CURVE()
GEOMETRIC_REPRESENTATION_ITEM()
RATIONAL_B_SPLINE_CURVE((1.00062928159935,1.00052033818007,1.00029022250406))
REPRESENTATION_ITEM('')
);
#21=(
BOUNDED_CURVE()
B_SPLINE_CURVE(2,(#8839,#8840,#8841),.UNSPECIFIED.,.F.,.F.)
B_SPLINE_CURVE_WITH_KNOTS((3,3),(0.0183818675976111,0.0517583972839207),
 .UNSPECIFIED.)
CURVE()
GEOMETRIC_REPRESENTATION_ITEM()
RATIONAL_B_SPLINE_CURVE((1.00029022250307,1.0005203381783,1.0006292815972))
REPRESENTATION_ITEM('')
);
#22=(
BOUNDED_CURVE()
B_SPLINE_CURVE(2,(#8858,#8859,#8860),.UNSPECIFIED.,.F.,.F.)
B_SPLINE_CURVE_WITH_KNOTS((3,3),(0.111774664469659,0.14515119415593),
 .UNSPECIFIED.)
CURVE()
GEOMETRIC_REPRESENTATION_ITEM()
RATIONAL_B_SPLINE_CURVE((1.00062928159679,1.00052033817796,1.00029022250289))
REPRESENTATION_ITEM('')
);
#23=(
BOUNDED_CURVE()
B_SPLINE_CURVE(2,(#8886,#8887,#8888),.UNSPECIFIED.,.F.,.F.)
B_SPLINE_CURVE_WITH_KNOTS((3,3),(0.0183818675977338,0.0517583972840118),
 .UNSPECIFIED.)
CURVE()
GEOMETRIC_REPRESENTATION_ITEM()
RATIONAL_B_SPLINE_CURVE((1.00029022250092,1.00052033817444,1.00062928159254))
REPRESENTATION_ITEM('')
);
#24=(
BOUNDED_CURVE()
B_SPLINE_CURVE(2,(#8905,#8906,#8907),.UNSPECIFIED.,.F.,.F.)
B_SPLINE_CURVE_WITH_KNOTS((3,3),(0.111774664469675,0.145151194155948),
 .UNSPECIFIED.)
CURVE()
GEOMETRIC_REPRESENTATION_ITEM()
RATIONAL_B_SPLINE_CURVE((1.00062928159762,1.00052033817864,1.00029022250327))
REPRESENTATION_ITEM('')
);
#25=(
BOUNDED_CURVE()
B_SPLINE_CURVE(2,(#8933,#8934,#8935),.UNSPECIFIED.,.F.,.F.)
B_SPLINE_CURVE_WITH_KNOTS((3,3),(0.0183818675975534,0.0517583972838215),
 .UNSPECIFIED.)
CURVE()
GEOMETRIC_REPRESENTATION_ITEM()
RATIONAL_B_SPLINE_CURVE((1.00029022250375,1.00052033817951,1.00062928159867))
REPRESENTATION_ITEM('')
);
#26=(
BOUNDED_CURVE()
B_SPLINE_CURVE(2,(#8952,#8953,#8954),.UNSPECIFIED.,.F.,.F.)
B_SPLINE_CURVE_WITH_KNOTS((3,3),(0.111774664469713,0.145151194155969),
 .UNSPECIFIED.)
CURVE()
GEOMETRIC_REPRESENTATION_ITEM()
RATIONAL_B_SPLINE_CURVE((1.00062928159787,1.00052033817885,1.00029022250338))
REPRESENTATION_ITEM('')
);
#27=(
BOUNDED_CURVE()
B_SPLINE_CURVE(2,(#8980,#8981,#8982),.UNSPECIFIED.,.F.,.F.)
B_SPLINE_CURVE_WITH_KNOTS((3,3),(0.0183818675975262,0.0517583972837742),
 .UNSPECIFIED.)
CURVE()
GEOMETRIC_REPRESENTATION_ITEM()
RATIONAL_B_SPLINE_CURVE((1.0002902225041,1.00052033818013,1.00062928159943))
REPRESENTATION_ITEM('')
);
#28=(
BOUNDED_CURVE()
B_SPLINE_CURVE(2,(#8999,#9000,#9001),.UNSPECIFIED.,.F.,.F.)
B_SPLINE_CURVE_WITH_KNOTS((3,3),(0.111774664469626,0.145151194155904),
 .UNSPECIFIED.)
CURVE()
GEOMETRIC_REPRESENTATION_ITEM()
RATIONAL_B_SPLINE_CURVE((1.00062928159605,1.00052033817735,1.00029022250254))
REPRESENTATION_ITEM('')
);
#29=(
BOUNDED_CURVE()
B_SPLINE_CURVE(2,(#9027,#9028,#9029),.UNSPECIFIED.,.F.,.F.)
B_SPLINE_CURVE_WITH_KNOTS((3,3),(0.0183818675976294,0.051758397283924),
 .UNSPECIFIED.)
CURVE()
GEOMETRIC_REPRESENTATION_ITEM()
RATIONAL_B_SPLINE_CURVE((1.00029022250264,1.00052033817752,1.00062928159626))
REPRESENTATION_ITEM('')
);
#30=(
BOUNDED_CURVE()
B_SPLINE_CURVE(2,(#9046,#9047,#9048),.UNSPECIFIED.,.F.,.F.)
B_SPLINE_CURVE_WITH_KNOTS((3,3),(0.111774664469734,0.14515119415598),
 .UNSPECIFIED.)
CURVE()
GEOMETRIC_REPRESENTATION_ITEM()
RATIONAL_B_SPLINE_CURVE((1.00062928159839,1.00052033817928,1.00029022250362))
REPRESENTATION_ITEM('')
);
#31=(
BOUNDED_CURVE()
B_SPLINE_CURVE(2,(#9074,#9075,#9076),.UNSPECIFIED.,.F.,.F.)
B_SPLINE_CURVE_WITH_KNOTS((3,3),(0.0183818675976641,0.0517583972839511),
 .UNSPECIFIED.)
CURVE()
GEOMETRIC_REPRESENTATION_ITEM()
RATIONAL_B_SPLINE_CURVE((1.00029022250208,1.00052033817651,1.00062928159504))
REPRESENTATION_ITEM('')
);
#32=(
BOUNDED_CURVE()
B_SPLINE_CURVE(2,(#9093,#9094,#9095),.UNSPECIFIED.,.F.,.F.)
B_SPLINE_CURVE_WITH_KNOTS((3,3),(0.111774664469592,0.145151194155873),
 .UNSPECIFIED.)
CURVE()
GEOMETRIC_REPRESENTATION_ITEM()
RATIONAL_B_SPLINE_CURVE((1.00062928159523,1.00052033817667,1.00029022250217))
REPRESENTATION_ITEM('')
);
#33=(
BOUNDED_CURVE()
B_SPLINE_CURVE(2,(#9121,#9122,#9123),.UNSPECIFIED.,.F.,.F.)
B_SPLINE_CURVE_WITH_KNOTS((3,3),(0.0183818675975714,0.05175839728385),
 .UNSPECIFIED.)
CURVE()
GEOMETRIC_REPRESENTATION_ITEM()
RATIONAL_B_SPLINE_CURVE((1.00029022250359,1.00052033817922,1.00062928159831))
REPRESENTATION_ITEM('')
);
#34=(
BOUNDED_CURVE()
B_SPLINE_CURVE(2,(#9140,#9141,#9142),.UNSPECIFIED.,.F.,.F.)
B_SPLINE_CURVE_WITH_KNOTS((3,3),(0.111774664469818,0.145151194156073),
 .UNSPECIFIED.)
CURVE()
GEOMETRIC_REPRESENTATION_ITEM()
RATIONAL_B_SPLINE_CURVE((1.00062928160168,1.000520338182,1.00029022250514))
REPRESENTATION_ITEM('')
);
#35=(
BOUNDED_CURVE()
B_SPLINE_CURVE(2,(#9168,#9169,#9170),.UNSPECIFIED.,.F.,.F.)
B_SPLINE_CURVE_WITH_KNOTS((3,3),(0.0183818675976908,0.051758397283961),
 .UNSPECIFIED.)
CURVE()
GEOMETRIC_REPRESENTATION_ITEM()
RATIONAL_B_SPLINE_CURVE((1.00029022250154,1.00052033817554,1.00062928159387))
REPRESENTATION_ITEM('')
);
#36=(
BOUNDED_CURVE()
B_SPLINE_CURVE(2,(#9187,#9188,#9189),.UNSPECIFIED.,.F.,.F.)
B_SPLINE_CURVE_WITH_KNOTS((3,3),(0.111774664469601,0.145151194155879),
 .UNSPECIFIED.)
CURVE()
GEOMETRIC_REPRESENTATION_ITEM()
RATIONAL_B_SPLINE_CURVE((1.00062928159532,1.00052033817674,1.0002902225022))
REPRESENTATION_ITEM('')
);
#37=(
BOUNDED_CURVE()
B_SPLINE_CURVE(2,(#9215,#9216,#9217),.UNSPECIFIED.,.F.,.F.)
B_SPLINE_CURVE_WITH_KNOTS((3,3),(0.0183818675976698,0.051758397283965),
 .UNSPECIFIED.)
CURVE()
GEOMETRIC_REPRESENTATION_ITEM()
RATIONAL_B_SPLINE_CURVE((1.00029022250179,1.00052033817599,1.00062928159441))
REPRESENTATION_ITEM('')
);
#38=(
BOUNDED_CURVE()
B_SPLINE_CURVE(2,(#9234,#9235,#9236),.UNSPECIFIED.,.F.,.F.)
B_SPLINE_CURVE_WITH_KNOTS((3,3),(0.111774664469614,0.145151194155888),
 .UNSPECIFIED.)
CURVE()
GEOMETRIC_REPRESENTATION_ITEM()
RATIONAL_B_SPLINE_CURVE((1.00062928159544,1.00052033817684,1.00029022250226))
REPRESENTATION_ITEM('')
);
#39=(
BOUNDED_CURVE()
B_SPLINE_CURVE(2,(#9262,#9263,#9264),.UNSPECIFIED.,.F.,.F.)
B_SPLINE_CURVE_WITH_KNOTS((3,3),(0.018381867597609,0.0517583972838831),
 .UNSPECIFIED.)
CURVE()
GEOMETRIC_REPRESENTATION_ITEM()
RATIONAL_B_SPLINE_CURVE((1.00029022250284,1.00052033817788,1.0006292815967))
REPRESENTATION_ITEM('')
);
#40=(
BOUNDED_CURVE()
B_SPLINE_CURVE(2,(#9281,#9282,#9283),.UNSPECIFIED.,.F.,.F.)
B_SPLINE_CURVE_WITH_KNOTS((3,3),(0.111774664469623,0.145151194155896),
 .UNSPECIFIED.)
CURVE()
GEOMETRIC_REPRESENTATION_ITEM()
RATIONAL_B_SPLINE_CURVE((1.00062928159554,1.00052033817692,1.00029022250231))
REPRESENTATION_ITEM('')
);
#41=(
BOUNDED_CURVE()
B_SPLINE_CURVE(2,(#9309,#9310,#9311),.UNSPECIFIED.,.F.,.F.)
B_SPLINE_CURVE_WITH_KNOTS((3,3),(0.0183818675975866,0.0517583972838387),
 .UNSPECIFIED.)
CURVE()
GEOMETRIC_REPRESENTATION_ITEM()
RATIONAL_B_SPLINE_CURVE((1.00029022250291,1.000520338178,1.00062928159685))
REPRESENTATION_ITEM('')
);
#42=(
BOUNDED_CURVE()
B_SPLINE_CURVE(2,(#9328,#9329,#9330),.UNSPECIFIED.,.F.,.F.)
B_SPLINE_CURVE_WITH_KNOTS((3,3),(0.111774664469654,0.145151194155922),
 .UNSPECIFIED.)
CURVE()
GEOMETRIC_REPRESENTATION_ITEM()
RATIONAL_B_SPLINE_CURVE((1.00062928159655,1.00052033817775,1.00029022250277))
REPRESENTATION_ITEM('')
);
#43=(
BOUNDED_CURVE()
B_SPLINE_CURVE(2,(#9356,#9357,#9358),.UNSPECIFIED.,.F.,.F.)
B_SPLINE_CURVE_WITH_KNOTS((3,3),(0.0183818675976239,0.051758397283898),
 .UNSPECIFIED.)
CURVE()
GEOMETRIC_REPRESENTATION_ITEM()
RATIONAL_B_SPLINE_CURVE((1.00029022250259,1.00052033817743,1.00062928159616))
REPRESENTATION_ITEM('')
);
#44=(
BOUNDED_CURVE()
B_SPLINE_CURVE(2,(#9375,#9376,#9377),.UNSPECIFIED.,.F.,.F.)
B_SPLINE_CURVE_WITH_KNOTS((3,3),(0.111774664469771,0.145151194156049),
 .UNSPECIFIED.)
CURVE()
GEOMETRIC_REPRESENTATION_ITEM()
RATIONAL_B_SPLINE_CURVE((1.00062928160095,1.00052033818139,1.0002902225048))
REPRESENTATION_ITEM('')
);
#45=(
BOUNDED_CURVE()
B_SPLINE_CURVE(2,(#9403,#9404,#9405),.UNSPECIFIED.,.F.,.F.)
B_SPLINE_CURVE_WITH_KNOTS((3,3),(0.0183818675975825,0.0517583972838576),
 .UNSPECIFIED.)
CURVE()
GEOMETRIC_REPRESENTATION_ITEM()
RATIONAL_B_SPLINE_CURVE((1.00029022250337,1.00052033817883,1.00062928159784))
REPRESENTATION_ITEM('')
);
#46=(
BOUNDED_CURVE()
B_SPLINE_CURVE(2,(#9422,#9423,#9424),.UNSPECIFIED.,.F.,.F.)
B_SPLINE_CURVE_WITH_KNOTS((3,3),(0.111774664469629,0.145151194155917),
 .UNSPECIFIED.)
CURVE()
GEOMETRIC_REPRESENTATION_ITEM()
RATIONAL_B_SPLINE_CURVE((1.00062928159695,1.00052033817809,1.00029022250296))
REPRESENTATION_ITEM('')
);
#47=(
BOUNDED_CURVE()
B_SPLINE_CURVE(2,(#9450,#9451,#9452),.UNSPECIFIED.,.F.,.F.)
B_SPLINE_CURVE_WITH_KNOTS((3,3),(0.018381867597574,0.0517583972838485),
 .UNSPECIFIED.)
CURVE()
GEOMETRIC_REPRESENTATION_ITEM()
RATIONAL_B_SPLINE_CURVE((1.00029022250346,1.00052033817899,1.00062928159804))
REPRESENTATION_ITEM('')
);
#48=(
BOUNDED_CURVE()
B_SPLINE_CURVE(2,(#9469,#9470,#9471),.UNSPECIFIED.,.F.,.F.)
B_SPLINE_CURVE_WITH_KNOTS((3,3),(0.111774664469616,0.145151194155891),
 .UNSPECIFIED.)
CURVE()
GEOMETRIC_REPRESENTATION_ITEM()
RATIONAL_B_SPLINE_CURVE((1.00062928159535,1.00052033817676,1.00029022250222))
REPRESENTATION_ITEM('')
);
#49=(
BOUNDED_CURVE()
B_SPLINE_CURVE(2,(#9497,#9498,#9499),.UNSPECIFIED.,.F.,.F.)
B_SPLINE_CURVE_WITH_KNOTS((3,3),(0.0183818675976924,0.0517583972839842),
 .UNSPECIFIED.)
CURVE()
GEOMETRIC_REPRESENTATION_ITEM()
RATIONAL_B_SPLINE_CURVE((1.0002902225016,1.00052033817565,1.000629281594))
REPRESENTATION_ITEM('')
);
#50=(
BOUNDED_CURVE()
B_SPLINE_CURVE(2,(#9516,#9517,#9518),.UNSPECIFIED.,.F.,.F.)
B_SPLINE_CURVE_WITH_KNOTS((3,3),(0.111774664469701,0.145151194155986),
 .UNSPECIFIED.)
CURVE()
GEOMETRIC_REPRESENTATION_ITEM()
RATIONAL_B_SPLINE_CURVE((1.00062928159868,1.00052033817952,1.00029022250376))
REPRESENTATION_ITEM('')
);
#51=(
BOUNDED_CURVE()
B_SPLINE_CURVE(2,(#9544,#9545,#9546),.UNSPECIFIED.,.F.,.F.)
B_SPLINE_CURVE_WITH_KNOTS((3,3),(0.0183818675976802,0.0517583972839802),
 .UNSPECIFIED.)
CURVE()
GEOMETRIC_REPRESENTATION_ITEM()
RATIONAL_B_SPLINE_CURVE((1.00029022250187,1.00052033817613,1.00062928159458))
REPRESENTATION_ITEM('')
);
#52=(
BOUNDED_CURVE()
B_SPLINE_CURVE(2,(#9563,#9564,#9565),.UNSPECIFIED.,.F.,.F.)
B_SPLINE_CURVE_WITH_KNOTS((3,3),(0.111774664469586,0.145151194155882),
 .UNSPECIFIED.)
CURVE()
GEOMETRIC_REPRESENTATION_ITEM()
RATIONAL_B_SPLINE_CURVE((1.00062928159572,1.00052033817707,1.00029022250239))
REPRESENTATION_ITEM('')
);
#53=(
BOUNDED_CURVE()
B_SPLINE_CURVE(2,(#9591,#9592,#9593),.UNSPECIFIED.,.F.,.F.)
B_SPLINE_CURVE_WITH_KNOTS((3,3),(0.0183818675976229,0.0517583972839054),
 .UNSPECIFIED.)
CURVE()
GEOMETRIC_REPRESENTATION_ITEM()
RATIONAL_B_SPLINE_CURVE((1.00029022250251,1.00052033817728,1.00062928159597))
REPRESENTATION_ITEM('')
);
#54=(
BOUNDED_CURVE()
B_SPLINE_CURVE(2,(#9610,#9611,#9612),.UNSPECIFIED.,.F.,.F.)
B_SPLINE_CURVE_WITH_KNOTS((3,3),(0.111774664469698,0.145151194155973),
 .UNSPECIFIED.)
CURVE()
GEOMETRIC_REPRESENTATION_ITEM()
RATIONAL_B_SPLINE_CURVE((1.00062928159869,1.00052033817952,1.00029022250376))
REPRESENTATION_ITEM('')
);
#55=(
BOUNDED_CURVE()
B_SPLINE_CURVE(2,(#9638,#9639,#9640),.UNSPECIFIED.,.F.,.F.)
B_SPLINE_CURVE_WITH_KNOTS((3,3),(0.0183818675975429,0.0517583972837949),
 .UNSPECIFIED.)
CURVE()
GEOMETRIC_REPRESENTATION_ITEM()
RATIONAL_B_SPLINE_CURVE((1.00029022250353,1.00052033817912,1.0006292815982))
REPRESENTATION_ITEM('')
);
#56=(
BOUNDED_CURVE()
B_SPLINE_CURVE(2,(#9657,#9658,#9659),.UNSPECIFIED.,.F.,.F.)
B_SPLINE_CURVE_WITH_KNOTS((3,3),(0.111774664469669,0.145151194155927),
 .UNSPECIFIED.)
CURVE()
GEOMETRIC_REPRESENTATION_ITEM()
RATIONAL_B_SPLINE_CURVE((1.00062928159633,1.00052033817758,1.00029022250267))
REPRESENTATION_ITEM('')
);
#57=(
BOUNDED_CURVE()
B_SPLINE_CURVE(2,(#9685,#9686,#9687),.UNSPECIFIED.,.F.,.F.)
B_SPLINE_CURVE_WITH_KNOTS((3,3),(0.0183818675976799,0.0517583972839652),
 .UNSPECIFIED.)
CURVE()
GEOMETRIC_REPRESENTATION_ITEM()
RATIONAL_B_SPLINE_CURVE((1.00029022250168,1.0005203381758,1.00062928159418))
REPRESENTATION_ITEM('')
);
#58=(
BOUNDED_CURVE()
B_SPLINE_CURVE(2,(#9704,#9705,#9706),.UNSPECIFIED.,.F.,.F.)
B_SPLINE_CURVE_WITH_KNOTS((3,3),(0.111774664469636,0.145151194155938),
 .UNSPECIFIED.)
CURVE()
GEOMETRIC_REPRESENTATION_ITEM()
RATIONAL_B_SPLINE_CURVE((1.00062928159764,1.00052033817866,1.00029022250328))
REPRESENTATION_ITEM('')
);
#59=(
BOUNDED_CURVE()
B_SPLINE_CURVE(2,(#9732,#9733,#9734),.UNSPECIFIED.,.F.,.F.)
B_SPLINE_CURVE_WITH_KNOTS((3,3),(0.0183818675976031,0.051758397283883),
 .UNSPECIFIED.)
CURVE()
GEOMETRIC_REPRESENTATION_ITEM()
RATIONAL_B_SPLINE_CURVE((1.00029022250287,1.00052033817792,1.00062928159675))
REPRESENTATION_ITEM('')
);
#60=(
BOUNDED_CURVE()
B_SPLINE_CURVE(2,(#9751,#9752,#9753),.UNSPECIFIED.,.F.,.F.)
B_SPLINE_CURVE_WITH_KNOTS((3,3),(0.111774664469582,0.145151194155853),
 .UNSPECIFIED.)
CURVE()
GEOMETRIC_REPRESENTATION_ITEM()
RATIONAL_B_SPLINE_CURVE((1.00062928159407,1.00052033817571,1.00029022250163))
REPRESENTATION_ITEM('')
);
#61=(
BOUNDED_CURVE()
B_SPLINE_CURVE(2,(#9779,#9780,#9781),.UNSPECIFIED.,.F.,.F.)
B_SPLINE_CURVE_WITH_KNOTS((3,3),(0.0183818675974923,0.0517583972837532),
 .UNSPECIFIED.)
CURVE()
GEOMETRIC_REPRESENTATION_ITEM()
RATIONAL_B_SPLINE_CURVE((1.00029022250479,1.00052033818138,1.00062928160093))
REPRESENTATION_ITEM('')
);
#62=(
BOUNDED_CURVE()
B_SPLINE_CURVE(2,(#9798,#9799,#9800),.UNSPECIFIED.,.F.,.F.)
B_SPLINE_CURVE_WITH_KNOTS((3,3),(0.111774664469454,0.145151194155728),
 .UNSPECIFIED.)
CURVE()
GEOMETRIC_REPRESENTATION_ITEM()
RATIONAL_B_SPLINE_CURVE((1.00062928158991,1.00052033817227,1.00029022249971))
REPRESENTATION_ITEM('')
);
#63=(
BOUNDED_CURVE()
B_SPLINE_CURVE(2,(#9826,#9827,#9828),.UNSPECIFIED.,.F.,.F.)
B_SPLINE_CURVE_WITH_KNOTS((3,3),(0.018381867597753,0.051758397284043),
 .UNSPECIFIED.)
CURVE()
GEOMETRIC_REPRESENTATION_ITEM()
RATIONAL_B_SPLINE_CURVE((1.00029022250075,1.00052033817413,1.00062928159216))
REPRESENTATION_ITEM('')
);
#64=(
BOUNDED_CURVE()
B_SPLINE_CURVE(2,(#9845,#9846,#9847),.UNSPECIFIED.,.F.,.F.)
B_SPLINE_CURVE_WITH_KNOTS((3,3),(0.111774664469532,0.145151194155816),
 .UNSPECIFIED.)
CURVE()
GEOMETRIC_REPRESENTATION_ITEM()
RATIONAL_B_SPLINE_CURVE((1.00062928159296,1.00052033817479,1.00029022250112))
REPRESENTATION_ITEM('')
);
#65=(
BOUNDED_CURVE()
B_SPLINE_CURVE(2,(#9873,#9874,#9875),.UNSPECIFIED.,.F.,.F.)
B_SPLINE_CURVE_WITH_KNOTS((3,3),(0.0183818675976568,0.0517583972839291),
 .UNSPECIFIED.)
CURVE()
GEOMETRIC_REPRESENTATION_ITEM()
RATIONAL_B_SPLINE_CURVE((1.00029022250184,1.00052033817608,1.00062928159453))
REPRESENTATION_ITEM('')
);
#66=(
BOUNDED_CURVE()
B_SPLINE_CURVE(2,(#9892,#9893,#9894),.UNSPECIFIED.,.F.,.F.)
B_SPLINE_CURVE_WITH_KNOTS((3,3),(0.111774664469486,0.145151194155778),
 .UNSPECIFIED.)
CURVE()
GEOMETRIC_REPRESENTATION_ITEM()
RATIONAL_B_SPLINE_CURVE((1.00062928159194,1.00052033817394,1.00029022250065))
REPRESENTATION_ITEM('')
);
#67=(
BOUNDED_CURVE()
B_SPLINE_CURVE(2,(#9920,#9921,#9922),.UNSPECIFIED.,.F.,.F.)
B_SPLINE_CURVE_WITH_KNOTS((3,3),(0.0183818675976947,0.0517583972839368),
 .UNSPECIFIED.)
CURVE()
GEOMETRIC_REPRESENTATION_ITEM()
RATIONAL_B_SPLINE_CURVE((1.00029022250113,1.00052033817482,1.00062928159299))
REPRESENTATION_ITEM('')
);
#68=(
BOUNDED_CURVE()
B_SPLINE_CURVE(2,(#9939,#9940,#9941),.UNSPECIFIED.,.F.,.F.)
B_SPLINE_CURVE_WITH_KNOTS((3,3),(0.111774664469674,0.14515119415595),
 .UNSPECIFIED.)
CURVE()
GEOMETRIC_REPRESENTATION_ITEM()
RATIONAL_B_SPLINE_CURVE((1.00062928159787,1.00052033817885,1.00029022250338))
REPRESENTATION_ITEM('')
);
#69=(
BOUNDED_CURVE()
B_SPLINE_CURVE(2,(#9967,#9968,#9969),.UNSPECIFIED.,.F.,.F.)
B_SPLINE_CURVE_WITH_KNOTS((3,3),(0.0183818675976437,0.0517583972839109),
 .UNSPECIFIED.)
CURVE()
GEOMETRIC_REPRESENTATION_ITEM()
RATIONAL_B_SPLINE_CURVE((1.00029022250221,1.00052033817675,1.00062928159533))
REPRESENTATION_ITEM('')
);
#70=(
BOUNDED_CURVE()
B_SPLINE_CURVE(2,(#9986,#9987,#9988),.UNSPECIFIED.,.F.,.F.)
B_SPLINE_CURVE_WITH_KNOTS((3,3),(0.111774664469704,0.145151194155958),
 .UNSPECIFIED.)
CURVE()
GEOMETRIC_REPRESENTATION_ITEM()
RATIONAL_B_SPLINE_CURVE((1.00062928159776,1.00052033817875,1.00029022250333))
REPRESENTATION_ITEM('')
);
#71=(
BOUNDED_CURVE()
B_SPLINE_CURVE(2,(#10014,#10015,#10016),.UNSPECIFIED.,.F.,.F.)
B_SPLINE_CURVE_WITH_KNOTS((3,3),(0.0183818675976176,0.0517583972838912),
 .UNSPECIFIED.)
CURVE()
GEOMETRIC_REPRESENTATION_ITEM()
RATIONAL_B_SPLINE_CURVE((1.00029022250257,1.00052033817739,1.00062928159611))
REPRESENTATION_ITEM('')
);
#72=(
BOUNDED_CURVE()
B_SPLINE_CURVE(2,(#10033,#10034,#10035),.UNSPECIFIED.,.F.,.F.)
B_SPLINE_CURVE_WITH_KNOTS((3,3),(0.111774664469591,0.145151194155875),
 .UNSPECIFIED.)
CURVE()
GEOMETRIC_REPRESENTATION_ITEM()
RATIONAL_B_SPLINE_CURVE((1.00062928159504,1.00052033817651,1.00029022250208))
REPRESENTATION_ITEM('')
);
#73=(
BOUNDED_CURVE()
B_SPLINE_CURVE(2,(#10061,#10062,#10063),.UNSPECIFIED.,.F.,.F.)
B_SPLINE_CURVE_WITH_KNOTS((3,3),(0.0183818675976406,0.0517583972839202),
 .UNSPECIFIED.)
CURVE()
GEOMETRIC_REPRESENTATION_ITEM()
RATIONAL_B_SPLINE_CURVE((1.00029022250234,1.00052033817698,1.00062928159561))
REPRESENTATION_ITEM('')
);
#74=(
BOUNDED_CURVE()
B_SPLINE_CURVE(2,(#10080,#10081,#10082),.UNSPECIFIED.,.F.,.F.)
B_SPLINE_CURVE_WITH_KNOTS((3,3),(0.111774664469667,0.145151194155962),
 .UNSPECIFIED.)
CURVE()
GEOMETRIC_REPRESENTATION_ITEM()
RATIONAL_B_SPLINE_CURVE((1.00062928159825,1.00052033817916,1.00029022250356))
REPRESENTATION_ITEM('')
);
#75=(
BOUNDED_CURVE()
B_SPLINE_CURVE(2,(#10108,#10109,#10110),.UNSPECIFIED.,.F.,.F.)
B_SPLINE_CURVE_WITH_KNOTS((3,3),(0.0183818675976695,0.05175839728394),
 .UNSPECIFIED.)
CURVE()
GEOMETRIC_REPRESENTATION_ITEM()
RATIONAL_B_SPLINE_CURVE((1.00029022250186,1.00052033817612,1.00062928159457))
REPRESENTATION_ITEM('')
);
#76=(
BOUNDED_CURVE()
B_SPLINE_CURVE(2,(#10127,#10128,#10129),.UNSPECIFIED.,.F.,.F.)
B_SPLINE_CURVE_WITH_KNOTS((3,3),(0.111774664469492,0.145151194155775),
 .UNSPECIFIED.)
CURVE()
GEOMETRIC_REPRESENTATION_ITEM()
RATIONAL_B_SPLINE_CURVE((1.00062928159152,1.0005203381736,1.00029022250045))
REPRESENTATION_ITEM('')
);
#77=(
BOUNDED_CURVE()
B_SPLINE_CURVE(2,(#10155,#10156,#10157),.UNSPECIFIED.,.F.,.F.)
B_SPLINE_CURVE_WITH_KNOTS((3,3),(0.0183818675976299,0.051758397283904),
 .UNSPECIFIED.)
CURVE()
GEOMETRIC_REPRESENTATION_ITEM()
RATIONAL_B_SPLINE_CURVE((1.00029022250294,1.00052033817805,1.0006292815969))
REPRESENTATION_ITEM('')
);
#78=(
BOUNDED_CURVE()
B_SPLINE_CURVE(2,(#10174,#10175,#10176),.UNSPECIFIED.,.F.,.F.)
B_SPLINE_CURVE_WITH_KNOTS((3,3),(0.11177466446964,0.145151194155908),
 .UNSPECIFIED.)
CURVE()
GEOMETRIC_REPRESENTATION_ITEM()
RATIONAL_B_SPLINE_CURVE((1.00062928159616,1.00052033817743,1.00029022250259))
REPRESENTATION_ITEM('')
);
#79=(
BOUNDED_CURVE()
B_SPLINE_CURVE(2,(#10202,#10203,#10204),.UNSPECIFIED.,.F.,.F.)
B_SPLINE_CURVE_WITH_KNOTS((3,3),(0.0183818675976662,0.0517583972839341),
 .UNSPECIFIED.)
CURVE()
GEOMETRIC_REPRESENTATION_ITEM()
RATIONAL_B_SPLINE_CURVE((1.00029022250161,1.00052033817567,1.00062928159402))
REPRESENTATION_ITEM('')
);
#80=(
BOUNDED_CURVE()
B_SPLINE_CURVE(2,(#10221,#10222,#10223),.UNSPECIFIED.,.F.,.F.)
B_SPLINE_CURVE_WITH_KNOTS((3,3),(0.111774664469682,0.145151194155962),
 .UNSPECIFIED.)
CURVE()
GEOMETRIC_REPRESENTATION_ITEM()
RATIONAL_B_SPLINE_CURVE((1.00062928159841,1.00052033817929,1.00029022250363))
REPRESENTATION_ITEM('')
);
#81=(
BOUNDED_CURVE()
B_SPLINE_CURVE(2,(#10249,#10250,#10251),.UNSPECIFIED.,.F.,.F.)
B_SPLINE_CURVE_WITH_KNOTS((3,3),(0.0183818675974949,0.0517583972837315),
 .UNSPECIFIED.)
CURVE()
GEOMETRIC_REPRESENTATION_ITEM()
RATIONAL_B_SPLINE_CURVE((1.00029022250406,1.00052033818007,1.00062928159935))
REPRESENTATION_ITEM('')
);
#82=(
BOUNDED_CURVE()
B_SPLINE_CURVE(2,(#10268,#10269,#10270),.UNSPECIFIED.,.F.,.F.)
B_SPLINE_CURVE_WITH_KNOTS((3,3),(0.11177466446964,0.145151194155899),
 .UNSPECIFIED.)
CURVE()
GEOMETRIC_REPRESENTATION_ITEM()
RATIONAL_B_SPLINE_CURVE((1.00062928159555,1.00052033817693,1.00029022250231))
REPRESENTATION_ITEM('')
);
#83=(
BOUNDED_CURVE()
B_SPLINE_CURVE(2,(#10296,#10297,#10298),.UNSPECIFIED.,.F.,.F.)
B_SPLINE_CURVE_WITH_KNOTS((3,3),(0.0183818675974647,0.0517583972837098),
 .UNSPECIFIED.)
CURVE()
GEOMETRIC_REPRESENTATION_ITEM()
RATIONAL_B_SPLINE_CURVE((1.00029022250485,1.00052033818148,1.00062928160105))
REPRESENTATION_ITEM('')
);
#84=(
BOUNDED_CURVE()
B_SPLINE_CURVE(2,(#10315,#10316,#10317),.UNSPECIFIED.,.F.,.F.)
B_SPLINE_CURVE_WITH_KNOTS((3,3),(0.111774664469694,0.145151194155972),
 .UNSPECIFIED.)
CURVE()
GEOMETRIC_REPRESENTATION_ITEM()
RATIONAL_B_SPLINE_CURVE((1.00062928159833,1.00052033817922,1.00029022250359))
REPRESENTATION_ITEM('')
);
#85=(
BOUNDED_CURVE()
B_SPLINE_CURVE(2,(#10343,#10344,#10345),.UNSPECIFIED.,.F.,.F.)
B_SPLINE_CURVE_WITH_KNOTS((3,3),(0.0183818675976362,0.0517583972839081),
 .UNSPECIFIED.)
CURVE()
GEOMETRIC_REPRESENTATION_ITEM()
RATIONAL_B_SPLINE_CURVE((1.00029022250222,1.00052033817677,1.00062928159535))
REPRESENTATION_ITEM('')
);
#86=(
BOUNDED_CURVE()
B_SPLINE_CURVE(2,(#10362,#10363,#10364),.UNSPECIFIED.,.F.,.F.)
B_SPLINE_CURVE_WITH_KNOTS((3,3),(0.111774664469624,0.145151194155892),
 .UNSPECIFIED.)
CURVE()
GEOMETRIC_REPRESENTATION_ITEM()
RATIONAL_B_SPLINE_CURVE((1.00062928159534,1.00052033817675,1.00029022250221))
REPRESENTATION_ITEM('')
);
#87=(
BOUNDED_CURVE()
B_SPLINE_CURVE(2,(#10390,#10391,#10392),.UNSPECIFIED.,.F.,.F.)
B_SPLINE_CURVE_WITH_KNOTS((3,3),(0.0183818675975789,0.0517583972838455),
 .UNSPECIFIED.)
CURVE()
GEOMETRIC_REPRESENTATION_ITEM()
RATIONAL_B_SPLINE_CURVE((1.00029022250315,1.00052033817844,1.00062928159738))
REPRESENTATION_ITEM('')
);
#88=(
BOUNDED_CURVE()
B_SPLINE_CURVE(2,(#10409,#10410,#10411),.UNSPECIFIED.,.F.,.F.)
B_SPLINE_CURVE_WITH_KNOTS((3,3),(0.111774664469589,0.145151194155853),
 .UNSPECIFIED.)
CURVE()
GEOMETRIC_REPRESENTATION_ITEM()
RATIONAL_B_SPLINE_CURVE((1.00062928159373,1.00052033817543,1.00029022250147))
REPRESENTATION_ITEM('')
);
#89=(
BOUNDED_CURVE()
B_SPLINE_CURVE(2,(#10437,#10438,#10439),.UNSPECIFIED.,.F.,.F.)
B_SPLINE_CURVE_WITH_KNOTS((3,3),(0.018217405391137,0.0515921149321261),
 .UNSPECIFIED.)
CURVE()
GEOMETRIC_REPRESENTATION_ITEM()
RATIONAL_B_SPLINE_CURVE((1.00028764096404,1.00051805291685,1.0006272929908))
REPRESENTATION_ITEM('')
);
#90=(
BOUNDED_CURVE()
B_SPLINE_CURVE(2,(#10456,#10457,#10458),.UNSPECIFIED.,.F.,.F.)
B_SPLINE_CURVE_WITH_KNOTS((3,3),(0.111768713210712,0.145143422751717),
 .UNSPECIFIED.)
CURVE()
GEOMETRIC_REPRESENTATION_ITEM()
RATIONAL_B_SPLINE_CURVE((1.00062729299023,1.00051805291638,1.00028764096377))
REPRESENTATION_ITEM('')
);
#91=(
BOUNDED_CURVE()
B_SPLINE_CURVE(2,(#10470,#10471,#10472),.UNSPECIFIED.,.F.,.F.)
B_SPLINE_CURVE_WITH_KNOTS((3,3),(0.0183818675976002,0.0517583972838648),
 .UNSPECIFIED.)
CURVE()
GEOMETRIC_REPRESENTATION_ITEM()
RATIONAL_B_SPLINE_CURVE((1.00029022250284,1.00052033817788,1.0006292815967))
REPRESENTATION_ITEM('')
);
#92=(
BOUNDED_CURVE()
B_SPLINE_CURVE(2,(#10489,#10490,#10491),.UNSPECIFIED.,.F.,.F.)
B_SPLINE_CURVE_WITH_KNOTS((3,3),(0.111774664469703,0.145151194155958),
 .UNSPECIFIED.)
CURVE()
GEOMETRIC_REPRESENTATION_ITEM()
RATIONAL_B_SPLINE_CURVE((1.0006292815972,1.00052033817829,1.00029022250307))
REPRESENTATION_ITEM('')
);
#93=(
BOUNDED_CURVE()
B_SPLINE_CURVE(2,(#10517,#10518,#10519),.UNSPECIFIED.,.F.,.F.)
B_SPLINE_CURVE_WITH_KNOTS((3,3),(0.0183818675976471,0.0517583972839331),
 .UNSPECIFIED.)
CURVE()
GEOMETRIC_REPRESENTATION_ITEM()
RATIONAL_B_SPLINE_CURVE((1.00029022250223,1.00052033817678,1.00062928159536))
REPRESENTATION_ITEM('')
);
#94=(
BOUNDED_CURVE()
B_SPLINE_CURVE(2,(#10536,#10537,#10538),.UNSPECIFIED.,.F.,.F.)
B_SPLINE_CURVE_WITH_KNOTS((3,3),(0.111774664469535,0.145151194155822),
 .UNSPECIFIED.)
CURVE()
GEOMETRIC_REPRESENTATION_ITEM()
RATIONAL_B_SPLINE_CURVE((1.00062928159349,1.00052033817523,1.00029022250136))
REPRESENTATION_ITEM('')
);
#95=(
BOUNDED_CURVE()
B_SPLINE_CURVE(2,(#10564,#10565,#10566),.UNSPECIFIED.,.F.,.F.)
B_SPLINE_CURVE_WITH_KNOTS((3,3),(0.0183818675976238,0.0517583972838893),
 .UNSPECIFIED.)
CURVE()
GEOMETRIC_REPRESENTATION_ITEM()
RATIONAL_B_SPLINE_CURVE((1.00029022250252,1.00052033817729,1.00062928159599))
REPRESENTATION_ITEM('')
);
#96=(
BOUNDED_CURVE()
B_SPLINE_CURVE(2,(#10583,#10584,#10585),.UNSPECIFIED.,.F.,.F.)
B_SPLINE_CURVE_WITH_KNOTS((3,3),(0.111774664469828,0.145151194156063),
 .UNSPECIFIED.)
CURVE()
GEOMETRIC_REPRESENTATION_ITEM()
RATIONAL_B_SPLINE_CURVE((1.00062928160066,1.00052033818116,1.00029022250467))
REPRESENTATION_ITEM('')
);
#97=(
BOUNDED_CURVE()
B_SPLINE_CURVE(2,(#10611,#10612,#10613),.UNSPECIFIED.,.F.,.F.)
B_SPLINE_CURVE_WITH_KNOTS((3,3),(0.0183818675975993,0.0517583972838532),
 .UNSPECIFIED.)
CURVE()
GEOMETRIC_REPRESENTATION_ITEM()
RATIONAL_B_SPLINE_CURVE((1.0002902225029,1.00052033817798,1.00062928159682))
REPRESENTATION_ITEM('')
);
#98=(
BOUNDED_CURVE()
B_SPLINE_CURVE(2,(#10630,#10631,#10632),.UNSPECIFIED.,.F.,.F.)
B_SPLINE_CURVE_WITH_KNOTS((3,3),(0.111774664469685,0.145151194155955),
 .UNSPECIFIED.)
CURVE()
GEOMETRIC_REPRESENTATION_ITEM()
RATIONAL_B_SPLINE_CURVE((1.00062928159777,1.00052033817877,1.00029022250334))
REPRESENTATION_ITEM('')
);
#99=(
BOUNDED_CURVE()
B_SPLINE_CURVE(2,(#10658,#10659,#10660),.UNSPECIFIED.,.F.,.F.)
B_SPLINE_CURVE_WITH_KNOTS((3,3),(0.0183818675975966,0.0517583972838626),
 .UNSPECIFIED.)
CURVE()
GEOMETRIC_REPRESENTATION_ITEM()
RATIONAL_B_SPLINE_CURVE((1.00029022250301,1.00052033817819,1.00062928159707))
REPRESENTATION_ITEM('')
);
#100=(
BOUNDED_CURVE()
B_SPLINE_CURVE(2,(#10677,#10678,#10679),.UNSPECIFIED.,.F.,.F.)
B_SPLINE_CURVE_WITH_KNOTS((3,3),(0.111774664469679,0.145151194155953),
 .UNSPECIFIED.)
CURVE()
GEOMETRIC_REPRESENTATION_ITEM()
RATIONAL_B_SPLINE_CURVE((1.00062928159767,1.00052033817868,1.00029022250329))
REPRESENTATION_ITEM('')
);
#101=(
BOUNDED_CURVE()
B_SPLINE_CURVE(2,(#10705,#10706,#10707),.UNSPECIFIED.,.F.,.F.)
B_SPLINE_CURVE_WITH_KNOTS((3,3),(0.0183818675975842,0.0517583972838234),
 .UNSPECIFIED.)
CURVE()
GEOMETRIC_REPRESENTATION_ITEM()
RATIONAL_B_SPLINE_CURVE((1.00029022250305,1.00052033817825,1.00062928159715))
REPRESENTATION_ITEM('')
);
#102=(
BOUNDED_CURVE()
B_SPLINE_CURVE(2,(#10724,#10725,#10726),.UNSPECIFIED.,.F.,.F.)
B_SPLINE_CURVE_WITH_KNOTS((3,3),(0.11177466446973,0.145151194155971),
 .UNSPECIFIED.)
CURVE()
GEOMETRIC_REPRESENTATION_ITEM()
RATIONAL_B_SPLINE_CURVE((1.000629281598,1.00052033817896,1.00029022250344))
REPRESENTATION_ITEM('')
);
#103=(
BOUNDED_CURVE()
B_SPLINE_CURVE(2,(#10752,#10753,#10754),.UNSPECIFIED.,.F.,.F.)
B_SPLINE_CURVE_WITH_KNOTS((3,3),(0.0183818675975836,0.0517583972838316),
 .UNSPECIFIED.)
CURVE()
GEOMETRIC_REPRESENTATION_ITEM()
RATIONAL_B_SPLINE_CURVE((1.00029022250308,1.00052033817832,1.00062928159723))
REPRESENTATION_ITEM('')
);
#104=(
BOUNDED_CURVE()
B_SPLINE_CURVE(2,(#10771,#10772,#10773),.UNSPECIFIED.,.F.,.F.)
B_SPLINE_CURVE_WITH_KNOTS((3,3),(0.111774664469604,0.145151194155865),
 .UNSPECIFIED.)
CURVE()
GEOMETRIC_REPRESENTATION_ITEM()
RATIONAL_B_SPLINE_CURVE((1.00062928159462,1.00052033817616,1.00029022250189))
REPRESENTATION_ITEM('')
);
#105=(
BOUNDED_CURVE()
B_SPLINE_CURVE(2,(#10799,#10800,#10801),.UNSPECIFIED.,.F.,.F.)
B_SPLINE_CURVE_WITH_KNOTS((3,3),(0.0183818675975372,0.0517583972837985),
 .UNSPECIFIED.)
CURVE()
GEOMETRIC_REPRESENTATION_ITEM()
RATIONAL_B_SPLINE_CURVE((1.00029022250371,1.00052033817943,1.00062928159858))
REPRESENTATION_ITEM('')
);
#106=(
BOUNDED_CURVE()
B_SPLINE_CURVE(2,(#10818,#10819,#10820),.UNSPECIFIED.,.F.,.F.)
B_SPLINE_CURVE_WITH_KNOTS((3,3),(0.111774664469736,0.145151194155995),
 .UNSPECIFIED.)
CURVE()
GEOMETRIC_REPRESENTATION_ITEM()
RATIONAL_B_SPLINE_CURVE((1.00062928159874,1.00052033817957,1.00029022250378))
REPRESENTATION_ITEM('')
);
#107=(
BOUNDED_CURVE()
B_SPLINE_CURVE(2,(#10846,#10847,#10848),.UNSPECIFIED.,.F.,.F.)
B_SPLINE_CURVE_WITH_KNOTS((3,3),(0.0183818675975946,0.0517583972838463),
 .UNSPECIFIED.)
CURVE()
GEOMETRIC_REPRESENTATION_ITEM()
RATIONAL_B_SPLINE_CURVE((1.00029022250293,1.00052033817804,1.00062928159689))
REPRESENTATION_ITEM('')
);
#108=(
BOUNDED_CURVE()
B_SPLINE_CURVE(2,(#10865,#10866,#10867),.UNSPECIFIED.,.F.,.F.)
B_SPLINE_CURVE_WITH_KNOTS((3,3),(0.111774664469562,0.145151194155849),
 .UNSPECIFIED.)
CURVE()
GEOMETRIC_REPRESENTATION_ITEM()
RATIONAL_B_SPLINE_CURVE((1.00062928159463,1.00052033817617,1.00029022250189))
REPRESENTATION_ITEM('')
);
#109=(
BOUNDED_CURVE()
B_SPLINE_CURVE(2,(#10893,#10894,#10895),.UNSPECIFIED.,.F.,.F.)
B_SPLINE_CURVE_WITH_KNOTS((3,3),(0.0183818675975912,0.0517583972838609),
 .UNSPECIFIED.)
CURVE()
GEOMETRIC_REPRESENTATION_ITEM()
RATIONAL_B_SPLINE_CURVE((1.00029022250292,1.00052033817802,1.00062928159687))
REPRESENTATION_ITEM('')
);
#110=(
BOUNDED_CURVE()
B_SPLINE_CURVE(2,(#10912,#10913,#10914),.UNSPECIFIED.,.F.,.F.)
B_SPLINE_CURVE_WITH_KNOTS((3,3),(0.111774664469667,0.145151194155967),
 .UNSPECIFIED.)
CURVE()
GEOMETRIC_REPRESENTATION_ITEM()
RATIONAL_B_SPLINE_CURVE((1.00062928159917,1.00052033817992,1.00029022250398))
REPRESENTATION_ITEM('')
);
#111=(
BOUNDED_CURVE()
B_SPLINE_CURVE(2,(#10940,#10941,#10942),.UNSPECIFIED.,.F.,.F.)
B_SPLINE_CURVE_WITH_KNOTS((3,3),(0.0183818675975119,0.0517583972837507),
 .UNSPECIFIED.)
CURVE()
GEOMETRIC_REPRESENTATION_ITEM()
RATIONAL_B_SPLINE_CURVE((1.00029022250428,1.00052033818046,1.00062928159983))
REPRESENTATION_ITEM('')
);
#112=(
BOUNDED_CURVE()
B_SPLINE_CURVE(2,(#10959,#10960,#10961),.UNSPECIFIED.,.F.,.F.)
B_SPLINE_CURVE_WITH_KNOTS((3,3),(0.111774664469633,0.1451511941559),
 .UNSPECIFIED.)
CURVE()
GEOMETRIC_REPRESENTATION_ITEM()
RATIONAL_B_SPLINE_CURVE((1.00062928159603,1.00052033817733,1.00029022250254))
REPRESENTATION_ITEM('')
);
#113=(
BOUNDED_CURVE()
B_SPLINE_CURVE(2,(#10987,#10988,#10989),.UNSPECIFIED.,.F.,.F.)
B_SPLINE_CURVE_WITH_KNOTS((3,3),(0.018381867597733,0.0517583972840104),
 .UNSPECIFIED.)
CURVE()
GEOMETRIC_REPRESENTATION_ITEM()
RATIONAL_B_SPLINE_CURVE((1.00029022250099,1.00052033817455,1.00062928159267))
REPRESENTATION_ITEM('')
);
#114=(
BOUNDED_CURVE()
B_SPLINE_CURVE(2,(#11006,#11007,#11008),.UNSPECIFIED.,.F.,.F.)
B_SPLINE_CURVE_WITH_KNOTS((3,3),(0.111774664469785,0.145151194156043),
 .UNSPECIFIED.)
CURVE()
GEOMETRIC_REPRESENTATION_ITEM()
RATIONAL_B_SPLINE_CURVE((1.00062928160059,1.0005203381811,1.00029022250464))
REPRESENTATION_ITEM('')
);
#115=CONICAL_SURFACE('',#6151,12.,0.785398163397446);
#116=B_SPLINE_CURVE_WITH_KNOTS('',3,(#8663,#8664,#8665,#8666,#8667,#8668,
#8669,#8670,#8671,#8672),.UNSPECIFIED.,.F.,.F.,(4,2,2,2,4),(0.134073239294784,
0.138969878002243,0.151574365291182,0.157876608935652,0.164178852580122),
 .UNSPECIFIED.);
#117=B_SPLINE_CURVE_WITH_KNOTS('',3,(#8687,#8688,#8689,#8690,#8691,#8692,
#8693,#8694,#8695,#8696),.UNSPECIFIED.,.F.,.F.,(4,2,2,2,4),(0.134073239294797,
0.138969878002249,0.151574365291187,0.157876608935656,0.164178852580125),
 .UNSPECIFIED.);
#118=B_SPLINE_CURVE_WITH_KNOTS('',3,(#8702,#8703,#8704,#8705,#8706,#8707,
#8708,#8709,#8710,#8711,#8712,#8713,#8714,#8715),.UNSPECIFIED.,.F.,.F.,
(4,2,2,2,2,2,4),(0.0344647467467107,0.0427360098041768,0.0572950830084606,
0.0718541562127445,0.0864132294170274,0.10097230262131,0.109243565678781),
 .UNSPECIFIED.);
#119=B_SPLINE_CURVE_WITH_KNOTS('',3,(#8721,#8722,#8723,#8724,#8725,#8726,
#8727,#8728,#8729,#8730),.UNSPECIFIED.,.F.,.F.,(4,2,2,2,4),(0.0558780260751078,
0.0621802697195776,0.0684825133640473,0.0810870006529869,0.0859836393604435),
 .UNSPECIFIED.);
#120=B_SPLINE_CURVE_WITH_KNOTS('',3,(#8734,#8735,#8736,#8737,#8738,#8739,
#8740,#8741,#8742,#8743),.UNSPECIFIED.,.F.,.F.,(4,2,2,2,4),(0.134073239294778,
0.138969878002241,0.151574365291179,0.157876608935648,0.164178852580116),
 .UNSPECIFIED.);
#121=B_SPLINE_CURVE_WITH_KNOTS('',3,(#8749,#8750,#8751,#8752,#8753,#8754,
#8755,#8756,#8757,#8758,#8759,#8760,#8761,#8762),.UNSPECIFIED.,.F.,.F.,
(4,2,2,2,2,2,4),(0.0344647467467061,0.0427360098041774,0.0572950830084617,
0.071854156212746,0.0864132294170293,0.100972302621313,0.109243565678784),
 .UNSPECIFIED.);
#122=B_SPLINE_CURVE_WITH_KNOTS('',3,(#8768,#8769,#8770,#8771,#8772,#8773,
#8774,#8775,#8776,#8777),.UNSPECIFIED.,.F.,.F.,(4,2,2,2,4),(0.0558780260751033,
0.0621802697195725,0.0684825133640416,0.08108700065298,0.085983639360439),
 .UNSPECIFIED.);
#123=B_SPLINE_CURVE_WITH_KNOTS('',3,(#8781,#8782,#8783,#8784,#8785,#8786,
#8787,#8788,#8789,#8790),.UNSPECIFIED.,.F.,.F.,(4,2,2,2,4),(0.134073239294776,
0.138969878002236,0.151574365291175,0.157876608935644,0.164178852580113),
 .UNSPECIFIED.);
#124=B_SPLINE_CURVE_WITH_KNOTS('',3,(#8796,#8797,#8798,#8799,#8800,#8801,
#8802,#8803,#8804,#8805,#8806,#8807,#8808,#8809),.UNSPECIFIED.,.F.,.F.,
(4,2,2,2,2,2,4),(0.0344647467467099,0.0427360098041808,0.0572950830084644,
0.0718541562127479,0.0864132294170311,0.100972302621314,0.109243565678789),
 .UNSPECIFIED.);
#125=B_SPLINE_CURVE_WITH_KNOTS('',3,(#8815,#8816,#8817,#8818,#8819,#8820,
#8821,#8822,#8823,#8824),.UNSPECIFIED.,.F.,.F.,(4,2,2,2,4),(0.0558780260751079,
0.0621802697195773,0.0684825133640467,0.0810870006529855,0.0859836393604443),
 .UNSPECIFIED.);
#126=B_SPLINE_CURVE_WITH_KNOTS('',3,(#8828,#8829,#8830,#8831,#8832,#8833,
#8834,#8835,#8836,#8837),.UNSPECIFIED.,.F.,.F.,(4,2,2,2,4),(0.134073239294779,
0.138969878002243,0.151574365291179,0.157876608935648,0.164178852580116),
 .UNSPECIFIED.);
#127=B_SPLINE_CURVE_WITH_KNOTS('',3,(#8843,#8844,#8845,#8846,#8847,#8848,
#8849,#8850,#8851,#8852,#8853,#8854,#8855,#8856),.UNSPECIFIED.,.F.,.F.,
(4,2,2,2,2,2,4),(0.0344647467467053,0.0427360098041805,0.0572950830084644,
0.0718541562127482,0.0864132294170332,0.100972302621318,0.109243565678781),
 .UNSPECIFIED.);
#128=B_SPLINE_CURVE_WITH_KNOTS('',3,(#8862,#8863,#8864,#8865,#8866,#8867,
#8868,#8869,#8870,#8871),.UNSPECIFIED.,.F.,.F.,(4,2,2,2,4),(0.0558780260751068,
0.0621802697195758,0.0684825133640449,0.0810870006529831,0.085983639360443),
 .UNSPECIFIED.);
#129=B_SPLINE_CURVE_WITH_KNOTS('',3,(#8875,#8876,#8877,#8878,#8879,#8880,
#8881,#8882,#8883,#8884),.UNSPECIFIED.,.F.,.F.,(4,2,2,2,4),(0.134073239294792,
0.138969878002247,0.151574365291186,0.157876608935656,0.164178852580125),
 .UNSPECIFIED.);
#130=B_SPLINE_CURVE_WITH_KNOTS('',3,(#8890,#8891,#8892,#8893,#8894,#8895,
#8896,#8897,#8898,#8899,#8900,#8901,#8902,#8903),.UNSPECIFIED.,.F.,.F.,
(4,2,2,2,2,2,4),(0.0344647467467084,0.0427360098041774,0.0572950830084621,
0.0718541562127467,0.0864132294170292,0.100972302621312,0.109243565678788),
 .UNSPECIFIED.);
#131=B_SPLINE_CURVE_WITH_KNOTS('',3,(#8909,#8910,#8911,#8912,#8913,#8914,
#8915,#8916,#8917,#8918),.UNSPECIFIED.,.F.,.F.,(4,2,2,2,4),(0.0558780260751134,
0.0621802697195831,0.0684825133640527,0.0810870006529919,0.085983639360449),
 .UNSPECIFIED.);
#132=B_SPLINE_CURVE_WITH_KNOTS('',3,(#8922,#8923,#8924,#8925,#8926,#8927,
#8928,#8929,#8930,#8931),.UNSPECIFIED.,.F.,.F.,(4,2,2,2,4),(0.134073239294778,
0.138969878002241,0.151574365291177,0.157876608935645,0.164178852580113),
 .UNSPECIFIED.);
#133=B_SPLINE_CURVE_WITH_KNOTS('',3,(#8937,#8938,#8939,#8940,#8941,#8942,
#8943,#8944,#8945,#8946,#8947,#8948,#8949,#8950),.UNSPECIFIED.,.F.,.F.,
(4,2,2,2,2,2,4),(0.0344647467467088,0.0427360098041784,0.0572950830084617,
0.071854156212745,0.0864132294170295,0.100972302621314,0.109243565678787),
 .UNSPECIFIED.);
#134=B_SPLINE_CURVE_WITH_KNOTS('',3,(#8956,#8957,#8958,#8959,#8960,#8961,
#8962,#8963,#8964,#8965),.UNSPECIFIED.,.F.,.F.,(4,2,2,2,4),(0.0558780260751085,
0.0621802697195774,0.0684825133640463,0.0810870006529841,0.0859836393604458),
 .UNSPECIFIED.);
#135=B_SPLINE_CURVE_WITH_KNOTS('',3,(#8969,#8970,#8971,#8972,#8973,#8974,
#8975,#8976,#8977,#8978),.UNSPECIFIED.,.F.,.F.,(4,2,2,2,4),(0.134073239294781,
0.138969878002245,0.151574365291182,0.157876608935651,0.16417885258012),
 .UNSPECIFIED.);
#136=B_SPLINE_CURVE_WITH_KNOTS('',3,(#8984,#8985,#8986,#8987,#8988,#8989,
#8990,#8991,#8992,#8993,#8994,#8995,#8996,#8997),.UNSPECIFIED.,.F.,.F.,
(4,2,2,2,2,2,4),(0.0344647467467096,0.0427360098041801,0.0572950830084634,
0.0718541562127466,0.0864132294170314,0.100972302621316,0.1092435656788),
 .UNSPECIFIED.);
#137=B_SPLINE_CURVE_WITH_KNOTS('',3,(#9003,#9004,#9005,#9006,#9007,#9008,
#9009,#9010,#9011,#9012),.UNSPECIFIED.,.F.,.F.,(4,2,2,2,4),(0.0558780260751076,
0.0621802697195763,0.0684825133640451,0.0810870006529827,0.0859836393604392),
 .UNSPECIFIED.);
#138=B_SPLINE_CURVE_WITH_KNOTS('',3,(#9016,#9017,#9018,#9019,#9020,#9021,
#9022,#9023,#9024,#9025),.UNSPECIFIED.,.F.,.F.,(4,2,2,2,4),(0.134073239294798,
0.138969878002246,0.151574365291184,0.157876608935653,0.164178852580123),
 .UNSPECIFIED.);
#139=B_SPLINE_CURVE_WITH_KNOTS('',3,(#9031,#9032,#9033,#9034,#9035,#9036,
#9037,#9038,#9039,#9040,#9041,#9042,#9043,#9044),.UNSPECIFIED.,.F.,.F.,
(4,2,2,2,2,2,4),(0.0344647467467062,0.0427360098041794,0.0572950830084625,
0.0718541562127455,0.0864132294170259,0.100972302621306,0.10924356567878),
 .UNSPECIFIED.);
#140=B_SPLINE_CURVE_WITH_KNOTS('',3,(#9050,#9051,#9052,#9053,#9054,#9055,
#9056,#9057,#9058,#9059),.UNSPECIFIED.,.F.,.F.,(4,2,2,2,4),(0.0558780260751108,
0.0621802697195794,0.0684825133640479,0.081087000652985,0.085983639360447),
 .UNSPECIFIED.);
#141=B_SPLINE_CURVE_WITH_KNOTS('',3,(#9063,#9064,#9065,#9066,#9067,#9068,
#9069,#9070,#9071,#9072),.UNSPECIFIED.,.F.,.F.,(4,2,2,2,4),(0.134073239294787,
0.138969878002244,0.151574365291184,0.157876608935653,0.164178852580123),
 .UNSPECIFIED.);
#142=B_SPLINE_CURVE_WITH_KNOTS('',3,(#9078,#9079,#9080,#9081,#9082,#9083,
#9084,#9085,#9086,#9087,#9088,#9089,#9090,#9091),.UNSPECIFIED.,.F.,.F.,
(4,2,2,2,2,2,4),(0.0344647467467073,0.0427360098041791,0.0572950830084621,
0.0718541562127451,0.0864132294170279,0.100972302621311,0.109243565678781),
 .UNSPECIFIED.);
#143=B_SPLINE_CURVE_WITH_KNOTS('',3,(#9097,#9098,#9099,#9100,#9101,#9102,
#9103,#9104,#9105,#9106),.UNSPECIFIED.,.F.,.F.,(4,2,2,2,4),(0.0558780260751098,
0.0621802697195784,0.0684825133640471,0.0810870006529844,0.0859836393604463),
 .UNSPECIFIED.);
#144=B_SPLINE_CURVE_WITH_KNOTS('',3,(#9110,#9111,#9112,#9113,#9114,#9115,
#9116,#9117,#9118,#9119),.UNSPECIFIED.,.F.,.F.,(4,2,2,2,4),(0.134073239294782,
0.138969878002241,0.15157436529118,0.157876608935649,0.164178852580119),
 .UNSPECIFIED.);
#145=B_SPLINE_CURVE_WITH_KNOTS('',3,(#9125,#9126,#9127,#9128,#9129,#9130,
#9131,#9132,#9133,#9134,#9135,#9136,#9137,#9138),.UNSPECIFIED.,.F.,.F.,
(4,2,2,2,2,2,4),(0.0344647467467078,0.0427360098041787,0.0572950830084618,
0.0718541562127449,0.0864132294170286,0.100972302621312,0.109243565678784),
 .UNSPECIFIED.);
#146=B_SPLINE_CURVE_WITH_KNOTS('',3,(#9144,#9145,#9146,#9147,#9148,#9149,
#9150,#9151,#9152,#9153),.UNSPECIFIED.,.F.,.F.,(4,2,2,2,4),(0.0558780260751139,
0.062180269719583,0.0684825133640521,0.0810870006529904,0.085983639360452),
 .UNSPECIFIED.);
#147=B_SPLINE_CURVE_WITH_KNOTS('',3,(#9157,#9158,#9159,#9160,#9161,#9162,
#9163,#9164,#9165,#9166),.UNSPECIFIED.,.F.,.F.,(4,2,2,2,4),(0.134073239294783,
0.138969878002246,0.151574365291184,0.157876608935653,0.164178852580122),
 .UNSPECIFIED.);
#148=B_SPLINE_CURVE_WITH_KNOTS('',3,(#9172,#9173,#9174,#9175,#9176,#9177,
#9178,#9179,#9180,#9181,#9182,#9183,#9184,#9185),.UNSPECIFIED.,.F.,.F.,
(4,2,2,2,2,2,4),(0.0344647467467072,0.0427360098041804,0.0572950830084625,
0.0718541562127446,0.0864132294170289,0.100972302621313,0.109243565678786),
 .UNSPECIFIED.);
#149=B_SPLINE_CURVE_WITH_KNOTS('',3,(#9191,#9192,#9193,#9194,#9195,#9196,
#9197,#9198,#9199,#9200),.UNSPECIFIED.,.F.,.F.,(4,2,2,2,4),(0.0558780260751075,
0.062180269719577,0.0684825133640466,0.0810870006529857,0.0859836393604437),
 .UNSPECIFIED.);
#150=B_SPLINE_CURVE_WITH_KNOTS('',3,(#9204,#9205,#9206,#9207,#9208,#9209,
#9210,#9211,#9212,#9213),.UNSPECIFIED.,.F.,.F.,(4,2,2,2,4),(0.134073239294788,
0.138969878002244,0.151574365291181,0.157876608935649,0.164178852580117),
 .UNSPECIFIED.);
#151=B_SPLINE_CURVE_WITH_KNOTS('',3,(#9219,#9220,#9221,#9222,#9223,#9224,
#9225,#9226,#9227,#9228,#9229,#9230,#9231,#9232),.UNSPECIFIED.,.F.,.F.,
(4,2,2,2,2,2,4),(0.0344647467467088,0.0427360098041787,0.057295083008463,
0.0718541562127473,0.0864132294170297,0.100972302621312,0.109243565678784),
 .UNSPECIFIED.);
#152=B_SPLINE_CURVE_WITH_KNOTS('',3,(#9238,#9239,#9240,#9241,#9242,#9243,
#9244,#9245,#9246,#9247),.UNSPECIFIED.,.F.,.F.,(4,2,2,2,4),(0.055878026075108,
0.0621802697195779,0.0684825133640478,0.0810870006529877,0.0859836393604486),
 .UNSPECIFIED.);
#153=B_SPLINE_CURVE_WITH_KNOTS('',3,(#9251,#9252,#9253,#9254,#9255,#9256,
#9257,#9258,#9259,#9260),.UNSPECIFIED.,.F.,.F.,(4,2,2,2,4),(0.134073239294781,
0.138969878002242,0.15157436529118,0.157876608935649,0.164178852580118),
 .UNSPECIFIED.);
#154=B_SPLINE_CURVE_WITH_KNOTS('',3,(#9266,#9267,#9268,#9269,#9270,#9271,
#9272,#9273,#9274,#9275,#9276,#9277,#9278,#9279),.UNSPECIFIED.,.F.,.F.,
(4,2,2,2,2,2,4),(0.0344647467467054,0.0427360098041788,0.0572950830084651,
0.0718541562127514,0.086413229417034,0.100972302621317,0.109243565678793),
 .UNSPECIFIED.);
#155=B_SPLINE_CURVE_WITH_KNOTS('',3,(#9285,#9286,#9287,#9288,#9289,#9290,
#9291,#9292,#9293,#9294),.UNSPECIFIED.,.F.,.F.,(4,2,2,2,4),(0.0558780260751104,
0.0621802697195796,0.0684825133640488,0.0810870006529872,0.0859836393604423),
 .UNSPECIFIED.);
#156=B_SPLINE_CURVE_WITH_KNOTS('',3,(#9298,#9299,#9300,#9301,#9302,#9303,
#9304,#9305,#9306,#9307),.UNSPECIFIED.,.F.,.F.,(4,2,2,2,4),(0.13407323929478,
0.138969878002243,0.151574365291182,0.157876608935652,0.164178852580121),
 .UNSPECIFIED.);
#157=B_SPLINE_CURVE_WITH_KNOTS('',3,(#9313,#9314,#9315,#9316,#9317,#9318,
#9319,#9320,#9321,#9322,#9323,#9324,#9325,#9326),.UNSPECIFIED.,.F.,.F.,
(4,2,2,2,2,2,4),(0.0344647467467072,0.0427360098041783,0.0572950830084627,
0.0718541562127472,0.0864132294170308,0.100972302621314,0.109243565678791),
 .UNSPECIFIED.);
#158=B_SPLINE_CURVE_WITH_KNOTS('',3,(#9332,#9333,#9334,#9335,#9336,#9337,
#9338,#9339,#9340,#9341),.UNSPECIFIED.,.F.,.F.,(4,2,2,2,4),(0.0558780260751065,
0.0621802697195747,0.068482513364043,0.0810870006529794,0.0859836393604339),
 .UNSPECIFIED.);
#159=B_SPLINE_CURVE_WITH_KNOTS('',3,(#9345,#9346,#9347,#9348,#9349,#9350,
#9351,#9352,#9353,#9354),.UNSPECIFIED.,.F.,.F.,(4,2,2,2,4),(0.13407323929478,
0.13896987800224,0.151574365291178,0.157876608935648,0.164178852580117),
 .UNSPECIFIED.);
#160=B_SPLINE_CURVE_WITH_KNOTS('',3,(#9360,#9361,#9362,#9363,#9364,#9365,
#9366,#9367,#9368,#9369,#9370,#9371,#9372,#9373),.UNSPECIFIED.,.F.,.F.,
(4,2,2,2,2,2,4),(0.0344647467467062,0.0427360098041785,0.0572950830084627,
0.0718541562127469,0.0864132294170311,0.100972302621315,0.109243565678787),
 .UNSPECIFIED.);
#161=B_SPLINE_CURVE_WITH_KNOTS('',3,(#9379,#9380,#9381,#9382,#9383,#9384,
#9385,#9386,#9387,#9388),.UNSPECIFIED.,.F.,.F.,(4,2,2,2,4),(0.0558780260751088,
0.0621802697195769,0.0684825133640451,0.0810870006529814,0.0859836393604394),
 .UNSPECIFIED.);
#162=B_SPLINE_CURVE_WITH_KNOTS('',3,(#9392,#9393,#9394,#9395,#9396,#9397,
#9398,#9399,#9400,#9401),.UNSPECIFIED.,.F.,.F.,(4,2,2,2,4),(0.134073239294782,
0.138969878002242,0.151574365291179,0.157876608935648,0.164178852580116),
 .UNSPECIFIED.);
#163=B_SPLINE_CURVE_WITH_KNOTS('',3,(#9407,#9408,#9409,#9410,#9411,#9412,
#9413,#9414,#9415,#9416,#9417,#9418,#9419,#9420),.UNSPECIFIED.,.F.,.F.,
(4,2,2,2,2,2,4),(0.0344647467467039,0.0427360098041788,0.057295083008463,
0.0718541562127472,0.0864132294170307,0.100972302621314,0.109243565678785),
 .UNSPECIFIED.);
#164=B_SPLINE_CURVE_WITH_KNOTS('',3,(#9426,#9427,#9428,#9429,#9430,#9431,
#9432,#9433,#9434,#9435),.UNSPECIFIED.,.F.,.F.,(4,2,2,2,4),(0.0558780260751071,
0.0621802697195755,0.0684825133640437,0.0810870006529803,0.0859836393604349),
 .UNSPECIFIED.);
#165=B_SPLINE_CURVE_WITH_KNOTS('',3,(#9439,#9440,#9441,#9442,#9443,#9444,
#9445,#9446,#9447,#9448),.UNSPECIFIED.,.F.,.F.,(4,2,2,2,4),(0.134073239294784,
0.138969878002245,0.151574365291183,0.157876608935652,0.164178852580121),
 .UNSPECIFIED.);
#166=B_SPLINE_CURVE_WITH_KNOTS('',3,(#9454,#9455,#9456,#9457,#9458,#9459,
#9460,#9461,#9462,#9463,#9464,#9465,#9466,#9467),.UNSPECIFIED.,.F.,.F.,
(4,2,2,2,2,2,4),(0.034464746746709,0.0427360098041784,0.0572950830084635,
0.0718541562127486,0.0864132294170312,0.100972302621314,0.10924356567879),
 .UNSPECIFIED.);
#167=B_SPLINE_CURVE_WITH_KNOTS('',3,(#9473,#9474,#9475,#9476,#9477,#9478,
#9479,#9480,#9481,#9482),.UNSPECIFIED.,.F.,.F.,(4,2,2,2,4),(0.0558780260751092,
0.0621802697195792,0.0684825133640491,0.081087000652989,0.0859836393604456),
 .UNSPECIFIED.);
#168=B_SPLINE_CURVE_WITH_KNOTS('',3,(#9486,#9487,#9488,#9489,#9490,#9491,
#9492,#9493,#9494,#9495),.UNSPECIFIED.,.F.,.F.,(4,2,2,2,4),(0.134073239294783,
0.138969878002243,0.151574365291181,0.157876608935651,0.16417885258012),
 .UNSPECIFIED.);
#169=B_SPLINE_CURVE_WITH_KNOTS('',3,(#9501,#9502,#9503,#9504,#9505,#9506,
#9507,#9508,#9509,#9510,#9511,#9512,#9513,#9514),.UNSPECIFIED.,.F.,.F.,
(4,2,2,2,2,2,4),(0.0344647467467029,0.0427360098041778,0.0572950830084605,
0.0718541562127432,0.0864132294170269,0.100972302621311,0.109243565678782),
 .UNSPECIFIED.);
#170=B_SPLINE_CURVE_WITH_KNOTS('',3,(#9520,#9521,#9522,#9523,#9524,#9525,
#9526,#9527,#9528,#9529),.UNSPECIFIED.,.F.,.F.,(4,2,2,2,4),(0.0558780260751063,
0.0621802697195755,0.0684825133640448,0.0810870006529832,0.0859836393604362),
 .UNSPECIFIED.);
#171=B_SPLINE_CURVE_WITH_KNOTS('',3,(#9533,#9534,#9535,#9536,#9537,#9538,
#9539,#9540,#9541,#9542),.UNSPECIFIED.,.F.,.F.,(4,2,2,2,4),(0.134073239294782,
0.13896987800224,0.151574365291179,0.157876608935649,0.164178852580119),
 .UNSPECIFIED.);
#172=B_SPLINE_CURVE_WITH_KNOTS('',3,(#9548,#9549,#9550,#9551,#9552,#9553,
#9554,#9555,#9556,#9557,#9558,#9559,#9560,#9561),.UNSPECIFIED.,.F.,.F.,
(4,2,2,2,2,2,4),(0.0344647467467081,0.042736009804181,0.0572950830084656,
0.0718541562127503,0.0864132294170347,0.100972302621319,0.109243565678793),
 .UNSPECIFIED.);
#173=B_SPLINE_CURVE_WITH_KNOTS('',3,(#9567,#9568,#9569,#9570,#9571,#9572,
#9573,#9574,#9575,#9576),.UNSPECIFIED.,.F.,.F.,(4,2,2,2,4),(0.0558780260751092,
0.0621802697195781,0.068482513364047,0.0810870006529847,0.085983639360447),
 .UNSPECIFIED.);
#174=B_SPLINE_CURVE_WITH_KNOTS('',3,(#9580,#9581,#9582,#9583,#9584,#9585,
#9586,#9587,#9588,#9589),.UNSPECIFIED.,.F.,.F.,(4,2,2,2,4),(0.134073239294782,
0.138969878002243,0.15157436529118,0.157876608935649,0.164178852580117),
 .UNSPECIFIED.);
#175=B_SPLINE_CURVE_WITH_KNOTS('',3,(#9595,#9596,#9597,#9598,#9599,#9600,
#9601,#9602,#9603,#9604,#9605,#9606,#9607,#9608),.UNSPECIFIED.,.F.,.F.,
(4,2,2,2,2,2,4),(0.034464746746712,0.0427360098041809,0.0572950830084652,
0.0718541562127494,0.0864132294170334,0.100972302621317,0.109243565678787),
 .UNSPECIFIED.);
#176=B_SPLINE_CURVE_WITH_KNOTS('',3,(#9614,#9615,#9616,#9617,#9618,#9619,
#9620,#9621,#9622,#9623),.UNSPECIFIED.,.F.,.F.,(4,2,2,2,4),(0.0558780260751102,
0.0621802697195781,0.0684825133640461,0.081087000652982,0.085983639360455),
 .UNSPECIFIED.);
#177=B_SPLINE_CURVE_WITH_KNOTS('',3,(#9627,#9628,#9629,#9630,#9631,#9632,
#9633,#9634,#9635,#9636),.UNSPECIFIED.,.F.,.F.,(4,2,2,2,4),(0.134073239294789,
0.138969878002244,0.151574365291183,0.157876608935653,0.164178852580123),
 .UNSPECIFIED.);
#178=B_SPLINE_CURVE_WITH_KNOTS('',3,(#9642,#9643,#9644,#9645,#9646,#9647,
#9648,#9649,#9650,#9651,#9652,#9653,#9654,#9655),.UNSPECIFIED.,.F.,.F.,
(4,2,2,2,2,2,4),(0.0344647467467024,0.0427360098041829,0.0572950830084654,
0.0718541562127478,0.0864132294170316,0.100972302621315,0.109243565678792),
 .UNSPECIFIED.);
#179=B_SPLINE_CURVE_WITH_KNOTS('',3,(#9661,#9662,#9663,#9664,#9665,#9666,
#9667,#9668,#9669,#9670),.UNSPECIFIED.,.F.,.F.,(4,2,2,2,4),(0.0558780260751107,
0.0621802697195801,0.0684825133640495,0.0810870006529883,0.0859836393604438),
 .UNSPECIFIED.);
#180=B_SPLINE_CURVE_WITH_KNOTS('',3,(#9674,#9675,#9676,#9677,#9678,#9679,
#9680,#9681,#9682,#9683),.UNSPECIFIED.,.F.,.F.,(4,2,2,2,4),(0.13407323929479,
0.138969878002246,0.151574365291185,0.157876608935655,0.164178852580125),
 .UNSPECIFIED.);
#181=B_SPLINE_CURVE_WITH_KNOTS('',3,(#9689,#9690,#9691,#9692,#9693,#9694,
#9695,#9696,#9697,#9698,#9699,#9700,#9701,#9702),.UNSPECIFIED.,.F.,.F.,
(4,2,2,2,2,2,4),(0.0344647467467089,0.0427360098041762,0.0572950830084616,
0.071854156212747,0.0864132294170309,0.100972302621315,0.109243565678788),
 .UNSPECIFIED.);
#182=B_SPLINE_CURVE_WITH_KNOTS('',3,(#9708,#9709,#9710,#9711,#9712,#9713,
#9714,#9715,#9716,#9717),.UNSPECIFIED.,.F.,.F.,(4,2,2,2,4),(0.0558780260751081,
0.0621802697195769,0.0684825133640458,0.0810870006529834,0.0859836393604498),
 .UNSPECIFIED.);
#183=B_SPLINE_CURVE_WITH_KNOTS('',3,(#9721,#9722,#9723,#9724,#9725,#9726,
#9727,#9728,#9729,#9730),.UNSPECIFIED.,.F.,.F.,(4,2,2,2,4),(0.134073239294779,
0.13896987800224,0.151574365291178,0.157876608935648,0.164178852580117),
 .UNSPECIFIED.);
#184=B_SPLINE_CURVE_WITH_KNOTS('',3,(#9736,#9737,#9738,#9739,#9740,#9741,
#9742,#9743,#9744,#9745,#9746,#9747,#9748,#9749),.UNSPECIFIED.,.F.,.F.,
(4,2,2,2,2,2,4),(0.0344647467467072,0.0427360098041819,0.0572950830084653,
0.0718541562127488,0.0864132294170318,0.100972302621315,0.109243565678783),
 .UNSPECIFIED.);
#185=B_SPLINE_CURVE_WITH_KNOTS('',3,(#9755,#9756,#9757,#9758,#9759,#9760,
#9761,#9762,#9763,#9764),.UNSPECIFIED.,.F.,.F.,(4,2,2,2,4),(0.0558780260751112,
0.0621802697195803,0.0684825133640493,0.0810870006529874,0.0859836393604454),
 .UNSPECIFIED.);
#186=B_SPLINE_CURVE_WITH_KNOTS('',3,(#9768,#9769,#9770,#9771,#9772,#9773,
#9774,#9775,#9776,#9777),.UNSPECIFIED.,.F.,.F.,(4,2,2,2,4),(0.134073239294775,
0.13896987800224,0.151574365291178,0.157876608935647,0.164178852580116),
 .UNSPECIFIED.);
#187=B_SPLINE_CURVE_WITH_KNOTS('',3,(#9783,#9784,#9785,#9786,#9787,#9788,
#9789,#9790,#9791,#9792,#9793,#9794,#9795,#9796),.UNSPECIFIED.,.F.,.F.,
(4,2,2,2,2,2,4),(0.0344647467467021,0.042736009804179,0.057295083008462,
0.0718541562127449,0.0864132294170286,0.100972302621312,0.109243565678782),
 .UNSPECIFIED.);
#188=B_SPLINE_CURVE_WITH_KNOTS('',3,(#9802,#9803,#9804,#9805,#9806,#9807,
#9808,#9809,#9810,#9811),.UNSPECIFIED.,.F.,.F.,(4,2,2,2,4),(0.0558780260751085,
0.0621802697195771,0.0684825133640456,0.0810870006529827,0.0859836393604426),
 .UNSPECIFIED.);
#189=B_SPLINE_CURVE_WITH_KNOTS('',3,(#9815,#9816,#9817,#9818,#9819,#9820,
#9821,#9822,#9823,#9824),.UNSPECIFIED.,.F.,.F.,(4,2,2,2,4),(0.134073239294779,
0.138969878002238,0.151574365291178,0.157876608935648,0.164178852580118),
 .UNSPECIFIED.);
#190=B_SPLINE_CURVE_WITH_KNOTS('',3,(#9830,#9831,#9832,#9833,#9834,#9835,
#9836,#9837,#9838,#9839,#9840,#9841,#9842,#9843),.UNSPECIFIED.,.F.,.F.,
(4,2,2,2,2,2,4),(0.034464746746706,0.0427360098041802,0.0572950830084631,
0.071854156212746,0.0864132294170307,0.100972302621315,0.109243565678782),
 .UNSPECIFIED.);
#191=B_SPLINE_CURVE_WITH_KNOTS('',3,(#9849,#9850,#9851,#9852,#9853,#9854,
#9855,#9856,#9857,#9858),.UNSPECIFIED.,.F.,.F.,(4,2,2,2,4),(0.0558780260751093,
0.0621802697195784,0.0684825133640476,0.0810870006529859,0.0859836393604451),
 .UNSPECIFIED.);
#192=B_SPLINE_CURVE_WITH_KNOTS('',3,(#9862,#9863,#9864,#9865,#9866,#9867,
#9868,#9869,#9870,#9871),.UNSPECIFIED.,.F.,.F.,(4,2,2,2,4),(0.13407323929479,
0.138969878002246,0.151574365291185,0.157876608935655,0.164178852580124),
 .UNSPECIFIED.);
#193=B_SPLINE_CURVE_WITH_KNOTS('',3,(#9877,#9878,#9879,#9880,#9881,#9882,
#9883,#9884,#9885,#9886,#9887,#9888,#9889,#9890),.UNSPECIFIED.,.F.,.F.,
(4,2,2,2,2,2,4),(0.0344647467467043,0.0427360098041812,0.0572950830084646,
0.0718541562127479,0.0864132294170309,0.100972302621314,0.109243565678783),
 .UNSPECIFIED.);
#194=B_SPLINE_CURVE_WITH_KNOTS('',3,(#9896,#9897,#9898,#9899,#9900,#9901,
#9902,#9903,#9904,#9905),.UNSPECIFIED.,.F.,.F.,(4,2,2,2,4),(0.0558780260751066,
0.0621802697195764,0.0684825133640462,0.0810870006529858,0.0859836393604423),
 .UNSPECIFIED.);
#195=B_SPLINE_CURVE_WITH_KNOTS('',3,(#9909,#9910,#9911,#9912,#9913,#9914,
#9915,#9916,#9917,#9918),.UNSPECIFIED.,.F.,.F.,(4,2,2,2,4),(0.134073239294777,
0.138969878002241,0.151574365291179,0.157876608935648,0.164178852580118),
 .UNSPECIFIED.);
#196=B_SPLINE_CURVE_WITH_KNOTS('',3,(#9924,#9925,#9926,#9927,#9928,#9929,
#9930,#9931,#9932,#9933,#9934,#9935,#9936,#9937),.UNSPECIFIED.,.F.,.F.,
(4,2,2,2,2,2,4),(0.0344647467467067,0.0427360098041766,0.0572950830084614,
0.0718541562127461,0.0864132294170295,0.100972302621313,0.109243565678786),
 .UNSPECIFIED.);
#197=B_SPLINE_CURVE_WITH_KNOTS('',3,(#9943,#9944,#9945,#9946,#9947,#9948,
#9949,#9950,#9951,#9952),.UNSPECIFIED.,.F.,.F.,(4,2,2,2,4),(0.055878026075105,
0.062180269719574,0.0684825133640431,0.0810870006529813,0.0859836393604438),
 .UNSPECIFIED.);
#198=B_SPLINE_CURVE_WITH_KNOTS('',3,(#9956,#9957,#9958,#9959,#9960,#9961,
#9962,#9963,#9964,#9965),.UNSPECIFIED.,.F.,.F.,(4,2,2,2,4),(0.13407323929478,
0.13896987800224,0.151574365291178,0.157876608935648,0.164178852580117),
 .UNSPECIFIED.);
#199=B_SPLINE_CURVE_WITH_KNOTS('',3,(#9971,#9972,#9973,#9974,#9975,#9976,
#9977,#9978,#9979,#9980,#9981,#9982,#9983,#9984),.UNSPECIFIED.,.F.,.F.,
(4,2,2,2,2,2,4),(0.0344647467467085,0.0427360098041815,0.0572950830084641,
0.0718541562127468,0.0864132294170304,0.100972302621314,0.109243565678791),
 .UNSPECIFIED.);
#200=B_SPLINE_CURVE_WITH_KNOTS('',3,(#9990,#9991,#9992,#9993,#9994,#9995,
#9996,#9997,#9998,#9999),.UNSPECIFIED.,.F.,.F.,(4,2,2,2,4),(0.0558780260751086,
0.0621802697195776,0.0684825133640467,0.0810870006529847,0.085983639360446),
 .UNSPECIFIED.);
#201=B_SPLINE_CURVE_WITH_KNOTS('',3,(#10003,#10004,#10005,#10006,#10007,
#10008,#10009,#10010,#10011,#10012),.UNSPECIFIED.,.F.,.F.,(4,2,2,2,4),(0.134073239294774,
0.138969878002238,0.151574365291175,0.157876608935643,0.164178852580112),
 .UNSPECIFIED.);
#202=B_SPLINE_CURVE_WITH_KNOTS('',3,(#10018,#10019,#10020,#10021,#10022,
#10023,#10024,#10025,#10026,#10027,#10028,#10029,#10030,#10031),
 .UNSPECIFIED.,.F.,.F.,(4,2,2,2,2,2,4),(0.0344647467466993,0.0427360098041807,
0.0572950830084638,0.0718541562127468,0.0864132294170327,0.100972302621319,
0.109243565678787),.UNSPECIFIED.);
#203=B_SPLINE_CURVE_WITH_KNOTS('',3,(#10037,#10038,#10039,#10040,#10041,
#10042,#10043,#10044,#10045,#10046),.UNSPECIFIED.,.F.,.F.,(4,2,2,2,4),(0.0558780260751078,
0.0621802697195766,0.0684825133640455,0.0810870006529832,0.0859836393604366),
 .UNSPECIFIED.);
#204=B_SPLINE_CURVE_WITH_KNOTS('',3,(#10050,#10051,#10052,#10053,#10054,
#10055,#10056,#10057,#10058,#10059),.UNSPECIFIED.,.F.,.F.,(4,2,2,2,4),(0.134073239294783,
0.138969878002242,0.151574365291179,0.157876608935648,0.164178852580117),
 .UNSPECIFIED.);
#205=B_SPLINE_CURVE_WITH_KNOTS('',3,(#10065,#10066,#10067,#10068,#10069,
#10070,#10071,#10072,#10073,#10074,#10075,#10076,#10077,#10078),
 .UNSPECIFIED.,.F.,.F.,(4,2,2,2,2,2,4),(0.0344647467467068,0.0427360098041772,
0.057295083008462,0.0718541562127467,0.0864132294170289,0.100972302621311,
0.109243565678784),.UNSPECIFIED.);
#206=B_SPLINE_CURVE_WITH_KNOTS('',3,(#10084,#10085,#10086,#10087,#10088,
#10089,#10090,#10091,#10092,#10093),.UNSPECIFIED.,.F.,.F.,(4,2,2,2,4),(0.0558780260751101,
0.06218026971958,0.0684825133640498,0.0810870006529896,0.0859836393604439),
 .UNSPECIFIED.);
#207=B_SPLINE_CURVE_WITH_KNOTS('',3,(#10097,#10098,#10099,#10100,#10101,
#10102,#10103,#10104,#10105,#10106),.UNSPECIFIED.,.F.,.F.,(4,2,2,2,4),(0.134073239294778,
0.138969878002239,0.151574365291177,0.157876608935646,0.164178852580115),
 .UNSPECIFIED.);
#208=B_SPLINE_CURVE_WITH_KNOTS('',3,(#10112,#10113,#10114,#10115,#10116,
#10117,#10118,#10119,#10120,#10121,#10122,#10123,#10124,#10125),
 .UNSPECIFIED.,.F.,.F.,(4,2,2,2,2,2,4),(0.0344647467467087,0.0427360098041814,
0.0572950830084645,0.0718541562127477,0.0864132294170323,0.100972302621317,
0.10924356567879),.UNSPECIFIED.);
#209=B_SPLINE_CURVE_WITH_KNOTS('',3,(#10131,#10132,#10133,#10134,#10135,
#10136,#10137,#10138,#10139,#10140),.UNSPECIFIED.,.F.,.F.,(4,2,2,2,4),(0.0558780260751081,
0.0621802697195773,0.0684825133640465,0.0810870006529849,0.0859836393604428),
 .UNSPECIFIED.);
#210=B_SPLINE_CURVE_WITH_KNOTS('',3,(#10144,#10145,#10146,#10147,#10148,
#10149,#10150,#10151,#10152,#10153),.UNSPECIFIED.,.F.,.F.,(4,2,2,2,4),(0.134073239294771,
0.138969878002245,0.151574365291182,0.157876608935651,0.16417885258012),
 .UNSPECIFIED.);
#211=B_SPLINE_CURVE_WITH_KNOTS('',3,(#10159,#10160,#10161,#10162,#10163,
#10164,#10165,#10166,#10167,#10168,#10169,#10170,#10171,#10172),
 .UNSPECIFIED.,.F.,.F.,(4,2,2,2,2,2,4),(0.0344647467467092,0.0427360098041813,
0.0572950830084658,0.0718541562127504,0.0864132294170324,0.100972302621314,
0.109243565678784),.UNSPECIFIED.);
#212=B_SPLINE_CURVE_WITH_KNOTS('',3,(#10178,#10179,#10180,#10181,#10182,
#10183,#10184,#10185,#10186,#10187),.UNSPECIFIED.,.F.,.F.,(4,2,2,2,4),(0.0558780260751097,
0.062180269719579,0.0684825133640483,0.0810870006529869,0.0859836393604467),
 .UNSPECIFIED.);
#213=B_SPLINE_CURVE_WITH_KNOTS('',3,(#10191,#10192,#10193,#10194,#10195,
#10196,#10197,#10198,#10199,#10200),.UNSPECIFIED.,.F.,.F.,(4,2,2,2,4),(0.134073239294793,
0.138969878002248,0.151574365291187,0.157876608935656,0.164178852580125),
 .UNSPECIFIED.);
#214=B_SPLINE_CURVE_WITH_KNOTS('',3,(#10206,#10207,#10208,#10209,#10210,
#10211,#10212,#10213,#10214,#10215,#10216,#10217,#10218,#10219),
 .UNSPECIFIED.,.F.,.F.,(4,2,2,2,2,2,4),(0.0344647467467061,0.0427360098041787,
0.0572950830084626,0.0718541562127466,0.0864132294170294,0.100972302621312,
0.109243565678787),.UNSPECIFIED.);
#215=B_SPLINE_CURVE_WITH_KNOTS('',3,(#10225,#10226,#10227,#10228,#10229,
#10230,#10231,#10232,#10233,#10234),.UNSPECIFIED.,.F.,.F.,(4,2,2,2,4),(0.0558780260751109,
0.06218026971958,0.0684825133640491,0.0810870006529873,0.0859836393604446),
 .UNSPECIFIED.);
#216=B_SPLINE_CURVE_WITH_KNOTS('',3,(#10238,#10239,#10240,#10241,#10242,
#10243,#10244,#10245,#10246,#10247),.UNSPECIFIED.,.F.,.F.,(4,2,2,2,4),(0.134073239294788,
0.138969878002244,0.151574365291184,0.157876608935654,0.164178852580124),
 .UNSPECIFIED.);
#217=B_SPLINE_CURVE_WITH_KNOTS('',3,(#10253,#10254,#10255,#10256,#10257,
#10258,#10259,#10260,#10261,#10262,#10263,#10264,#10265,#10266),
 .UNSPECIFIED.,.F.,.F.,(4,2,2,2,2,2,4),(0.0344647467467057,0.042736009804178,
0.0572950830084615,0.0718541562127449,0.0864132294170301,0.100972302621315,
0.109243565678787),.UNSPECIFIED.);
#218=B_SPLINE_CURVE_WITH_KNOTS('',3,(#10272,#10273,#10274,#10275,#10276,
#10277,#10278,#10279,#10280,#10281),.UNSPECIFIED.,.F.,.F.,(4,2,2,2,4),(0.0558780260751046,
0.0621802697195736,0.0684825133640425,0.0810870006529805,0.0859836393604387),
 .UNSPECIFIED.);
#219=B_SPLINE_CURVE_WITH_KNOTS('',3,(#10285,#10286,#10287,#10288,#10289,
#10290,#10291,#10292,#10293,#10294),.UNSPECIFIED.,.F.,.F.,(4,2,2,2,4),(0.134073239294785,
0.138969878002246,0.151574365291185,0.157876608935654,0.164178852580123),
 .UNSPECIFIED.);
#220=B_SPLINE_CURVE_WITH_KNOTS('',3,(#10300,#10301,#10302,#10303,#10304,
#10305,#10306,#10307,#10308,#10309,#10310,#10311,#10312,#10313),
 .UNSPECIFIED.,.F.,.F.,(4,2,2,2,2,2,4),(0.034464746746709,0.0427360098041794,
0.057295083008465,0.0718541562127505,0.0864132294170324,0.100972302621314,
0.109243565678787),.UNSPECIFIED.);
#221=B_SPLINE_CURVE_WITH_KNOTS('',3,(#10319,#10320,#10321,#10322,#10323,
#10324,#10325,#10326,#10327,#10328),.UNSPECIFIED.,.F.,.F.,(4,2,2,2,4),(0.0558780260751124,
0.062180269719582,0.0684825133640515,0.0810870006529905,0.0859836393604504),
 .UNSPECIFIED.);
#222=B_SPLINE_CURVE_WITH_KNOTS('',3,(#10332,#10333,#10334,#10335,#10336,
#10337,#10338,#10339,#10340,#10341),.UNSPECIFIED.,.F.,.F.,(4,2,2,2,4),(0.134073239294782,
0.138969878002241,0.15157436529118,0.157876608935649,0.164178852580118),
 .UNSPECIFIED.);
#223=B_SPLINE_CURVE_WITH_KNOTS('',3,(#10347,#10348,#10349,#10350,#10351,
#10352,#10353,#10354,#10355,#10356,#10357,#10358,#10359,#10360),
 .UNSPECIFIED.,.F.,.F.,(4,2,2,2,2,2,4),(0.0344647467467055,0.0427360098041802,
0.057295083008462,0.0718541562127439,0.0864132294170279,0.100972302621312,
0.109243565678792),.UNSPECIFIED.);
#224=B_SPLINE_CURVE_WITH_KNOTS('',3,(#10366,#10367,#10368,#10369,#10370,
#10371,#10372,#10373,#10374,#10375),.UNSPECIFIED.,.F.,.F.,(4,2,2,2,4),(0.0558780260751054,
0.0621802697195752,0.068482513364045,0.0810870006529847,0.0859836393604428),
 .UNSPECIFIED.);
#225=B_SPLINE_CURVE_WITH_KNOTS('',3,(#10379,#10380,#10381,#10382,#10383,
#10384,#10385,#10386,#10387,#10388),.UNSPECIFIED.,.F.,.F.,(4,2,2,2,4),(0.134073239294787,
0.138969878002246,0.151574365291185,0.157876608935654,0.164178852580124),
 .UNSPECIFIED.);
#226=B_SPLINE_CURVE_WITH_KNOTS('',3,(#10394,#10395,#10396,#10397,#10398,
#10399,#10400,#10401,#10402,#10403,#10404,#10405,#10406,#10407),
 .UNSPECIFIED.,.F.,.F.,(4,2,2,2,2,2,4),(0.0344647467467023,0.0427360098041794,
0.0572950830084619,0.0718541562127444,0.086413229417029,0.100972302621314,
0.109243565678783),.UNSPECIFIED.);
#227=B_SPLINE_CURVE_WITH_KNOTS('',3,(#10413,#10414,#10415,#10416,#10417,
#10418,#10419,#10420,#10421,#10422),.UNSPECIFIED.,.F.,.F.,(4,2,2,2,4),(0.0558780260751092,
0.0621802697195789,0.0684825133640486,0.0810870006529881,0.0859836393604433),
 .UNSPECIFIED.);
#228=B_SPLINE_CURVE_WITH_KNOTS('',3,(#10426,#10427,#10428,#10429,#10430,
#10431,#10432,#10433,#10434,#10435),.UNSPECIFIED.,.F.,.F.,(4,2,2,2,4),(0.134073239294785,
0.138969878002243,0.15157436529118,0.157876608935649,0.164178852580118),
 .UNSPECIFIED.);
#229=B_SPLINE_CURVE_WITH_KNOTS('',3,(#10441,#10442,#10443,#10444,#10445,
#10446,#10447,#10448,#10449,#10450,#10451,#10452,#10453,#10454),
 .UNSPECIFIED.,.F.,.F.,(4,2,2,2,2,2,4),(0.0344647467467064,0.0427360098041801,
0.0572950830084625,0.0718541562127448,0.0864132294170271,0.100972302621309,
0.10924356567878),.UNSPECIFIED.);
#230=B_SPLINE_CURVE_WITH_KNOTS('',3,(#10459,#10460,#10461,#10462,#10463,
#10464,#10465,#10466,#10467,#10468),.UNSPECIFIED.,.F.,.F.,(4,2,2,2,4),(0.0558780260751097,
0.0621802697195784,0.0684825133640472,0.0810870006529847,0.0859836393604418),
 .UNSPECIFIED.);
#231=B_SPLINE_CURVE_WITH_KNOTS('',3,(#10474,#10475,#10476,#10477,#10478,
#10479,#10480,#10481,#10482,#10483,#10484,#10485,#10486,#10487),
 .UNSPECIFIED.,.F.,.F.,(4,2,2,2,2,2,4),(0.0344647467467107,0.0427360098041801,
0.0572950830084642,0.0718541562127483,0.0864132294170338,0.100972302621319,
0.10924356567879),.UNSPECIFIED.);
#232=B_SPLINE_CURVE_WITH_KNOTS('',3,(#10493,#10494,#10495,#10496,#10497,
#10498,#10499,#10500,#10501,#10502),.UNSPECIFIED.,.F.,.F.,(4,2,2,2,4),(0.0558780260751115,
0.0621802697195807,0.0684825133640499,0.0810870006529884,0.085983639360443),
 .UNSPECIFIED.);
#233=B_SPLINE_CURVE_WITH_KNOTS('',3,(#10506,#10507,#10508,#10509,#10510,
#10511,#10512,#10513,#10514,#10515),.UNSPECIFIED.,.F.,.F.,(4,2,2,2,4),(0.134073239294786,
0.138969878002242,0.151574365291182,0.157876608935652,0.164178852580122),
 .UNSPECIFIED.);
#234=B_SPLINE_CURVE_WITH_KNOTS('',3,(#10521,#10522,#10523,#10524,#10525,
#10526,#10527,#10528,#10529,#10530,#10531,#10532,#10533,#10534),
 .UNSPECIFIED.,.F.,.F.,(4,2,2,2,2,2,4),(0.0344647467467102,0.0427360098041804,
0.0572950830084647,0.0718541562127489,0.0864132294170294,0.10097230262131,
0.109243565678789),.UNSPECIFIED.);
#235=B_SPLINE_CURVE_WITH_KNOTS('',3,(#10540,#10541,#10542,#10543,#10544,
#10545,#10546,#10547,#10548,#10549),.UNSPECIFIED.,.F.,.F.,(4,2,2,2,4),(0.0558780260751085,
0.0621802697195777,0.068482513364047,0.0810870006529855,0.0859836393604416),
 .UNSPECIFIED.);
#236=B_SPLINE_CURVE_WITH_KNOTS('',3,(#10553,#10554,#10555,#10556,#10557,
#10558,#10559,#10560,#10561,#10562),.UNSPECIFIED.,.F.,.F.,(4,2,2,2,4),(0.134073239294786,
0.138969878002245,0.151574365291183,0.157876608935652,0.164178852580121),
 .UNSPECIFIED.);
#237=B_SPLINE_CURVE_WITH_KNOTS('',3,(#10568,#10569,#10570,#10571,#10572,
#10573,#10574,#10575,#10576,#10577,#10578,#10579,#10580,#10581),
 .UNSPECIFIED.,.F.,.F.,(4,2,2,2,2,2,4),(0.0344647467467032,0.0427360098041785,
0.0572950830084628,0.071854156212747,0.08641322941703,0.100972302621313,
0.109243565678787),.UNSPECIFIED.);
#238=B_SPLINE_CURVE_WITH_KNOTS('',3,(#10587,#10588,#10589,#10590,#10591,
#10592,#10593,#10594,#10595,#10596),.UNSPECIFIED.,.F.,.F.,(4,2,2,2,4),(0.0558780260751061,
0.0621802697195754,0.0684825133640447,0.0810870006529833,0.0859836393604355),
 .UNSPECIFIED.);
#239=B_SPLINE_CURVE_WITH_KNOTS('',3,(#10600,#10601,#10602,#10603,#10604,
#10605,#10606,#10607,#10608,#10609),.UNSPECIFIED.,.F.,.F.,(4,2,2,2,4),(0.13407323929478,
0.13896987800224,0.151574365291178,0.157876608935647,0.164178852580116),
 .UNSPECIFIED.);
#240=B_SPLINE_CURVE_WITH_KNOTS('',3,(#10615,#10616,#10617,#10618,#10619,
#10620,#10621,#10622,#10623,#10624,#10625,#10626,#10627,#10628),
 .UNSPECIFIED.,.F.,.F.,(4,2,2,2,2,2,4),(0.0344647467467172,0.0427360098041773,
0.0572950830084625,0.0718541562127478,0.0864132294170323,0.100972302621317,
0.109243565678789),.UNSPECIFIED.);
#241=B_SPLINE_CURVE_WITH_KNOTS('',3,(#10634,#10635,#10636,#10637,#10638,
#10639,#10640,#10641,#10642,#10643),.UNSPECIFIED.,.F.,.F.,(4,2,2,2,4),(0.055878026075113,
0.0621802697195818,0.0684825133640506,0.0810870006529882,0.0859836393604458),
 .UNSPECIFIED.);
#242=B_SPLINE_CURVE_WITH_KNOTS('',3,(#10647,#10648,#10649,#10650,#10651,
#10652,#10653,#10654,#10655,#10656),.UNSPECIFIED.,.F.,.F.,(4,2,2,2,4),(0.134073239294791,
0.138969878002245,0.151574365291184,0.157876608935653,0.164178852580123),
 .UNSPECIFIED.);
#243=B_SPLINE_CURVE_WITH_KNOTS('',3,(#10662,#10663,#10664,#10665,#10666,
#10667,#10668,#10669,#10670,#10671,#10672,#10673,#10674,#10675),
 .UNSPECIFIED.,.F.,.F.,(4,2,2,2,2,2,4),(0.0344647467466986,0.0427360098041801,
0.057295083008463,0.0718541562127459,0.0864132294170299,0.100972302621314,
0.109243565678785),.UNSPECIFIED.);
#244=B_SPLINE_CURVE_WITH_KNOTS('',3,(#10681,#10682,#10683,#10684,#10685,
#10686,#10687,#10688,#10689,#10690),.UNSPECIFIED.,.F.,.F.,(4,2,2,2,4),(0.0558780260751104,
0.0621802697195796,0.0684825133640489,0.0810870006529874,0.0859836393604447),
 .UNSPECIFIED.);
#245=B_SPLINE_CURVE_WITH_KNOTS('',3,(#10694,#10695,#10696,#10697,#10698,
#10699,#10700,#10701,#10702,#10703),.UNSPECIFIED.,.F.,.F.,(4,2,2,2,4),(0.134073239294777,
0.13896987800224,0.151574365291179,0.157876608935648,0.164178852580117),
 .UNSPECIFIED.);
#246=B_SPLINE_CURVE_WITH_KNOTS('',3,(#10709,#10710,#10711,#10712,#10713,
#10714,#10715,#10716,#10717,#10718,#10719,#10720,#10721,#10722),
 .UNSPECIFIED.,.F.,.F.,(4,2,2,2,2,2,4),(0.034464746746708,0.0427360098041838,
0.0572950830084663,0.0718541562127488,0.0864132294170341,0.10097230262132,
0.10924356567879),.UNSPECIFIED.);
#247=B_SPLINE_CURVE_WITH_KNOTS('',3,(#10728,#10729,#10730,#10731,#10732,
#10733,#10734,#10735,#10736,#10737),.UNSPECIFIED.,.F.,.F.,(4,2,2,2,4),(0.055878026075109,
0.0621802697195778,0.0684825133640467,0.0810870006529843,0.0859836393604449),
 .UNSPECIFIED.);
#248=B_SPLINE_CURVE_WITH_KNOTS('',3,(#10741,#10742,#10743,#10744,#10745,
#10746,#10747,#10748,#10749,#10750),.UNSPECIFIED.,.F.,.F.,(4,2,2,2,4),(0.134073239294783,
0.138969878002243,0.151574365291181,0.157876608935651,0.16417885258012),
 .UNSPECIFIED.);
#249=B_SPLINE_CURVE_WITH_KNOTS('',3,(#10756,#10757,#10758,#10759,#10760,
#10761,#10762,#10763,#10764,#10765,#10766,#10767,#10768,#10769),
 .UNSPECIFIED.,.F.,.F.,(4,2,2,2,2,2,4),(0.0344647467467109,0.0427360098041789,
0.0572950830084628,0.0718541562127468,0.0864132294170299,0.100972302621313,
0.109243565678787),.UNSPECIFIED.);
#250=B_SPLINE_CURVE_WITH_KNOTS('',3,(#10775,#10776,#10777,#10778,#10779,
#10780,#10781,#10782,#10783,#10784),.UNSPECIFIED.,.F.,.F.,(4,2,2,2,4),(0.0558780260751076,
0.0621802697195765,0.0684825133640455,0.0810870006529834,0.0859836393604474),
 .UNSPECIFIED.);
#251=B_SPLINE_CURVE_WITH_KNOTS('',3,(#10788,#10789,#10790,#10791,#10792,
#10793,#10794,#10795,#10796,#10797),.UNSPECIFIED.,.F.,.F.,(4,2,2,2,4),(0.134073239294788,
0.138969878002243,0.151574365291183,0.157876608935653,0.164178852580122),
 .UNSPECIFIED.);
#252=B_SPLINE_CURVE_WITH_KNOTS('',3,(#10803,#10804,#10805,#10806,#10807,
#10808,#10809,#10810,#10811,#10812,#10813,#10814,#10815,#10816),
 .UNSPECIFIED.,.F.,.F.,(4,2,2,2,2,2,4),(0.0344647467467084,0.0427360098041772,
0.0572950830084633,0.0718541562127493,0.0864132294170327,0.100972302621316,
0.109243565678785),.UNSPECIFIED.);
#253=B_SPLINE_CURVE_WITH_KNOTS('',3,(#10822,#10823,#10824,#10825,#10826,
#10827,#10828,#10829,#10830,#10831),.UNSPECIFIED.,.F.,.F.,(4,2,2,2,4),(0.0558780260751097,
0.0621802697195794,0.0684825133640492,0.0810870006529888,0.0859836393604481),
 .UNSPECIFIED.);
#254=B_SPLINE_CURVE_WITH_KNOTS('',3,(#10835,#10836,#10837,#10838,#10839,
#10840,#10841,#10842,#10843,#10844),.UNSPECIFIED.,.F.,.F.,(4,2,2,2,4),(0.134073239294785,
0.138969878002241,0.15157436529118,0.157876608935649,0.164178852580118),
 .UNSPECIFIED.);
#255=B_SPLINE_CURVE_WITH_KNOTS('',3,(#10850,#10851,#10852,#10853,#10854,
#10855,#10856,#10857,#10858,#10859,#10860,#10861,#10862,#10863),
 .UNSPECIFIED.,.F.,.F.,(4,2,2,2,2,2,4),(0.0344647467467052,0.0427360098041761,
0.0572950830084621,0.0718541562127481,0.0864132294170311,0.100972302621314,
0.109243565678787),.UNSPECIFIED.);
#256=B_SPLINE_CURVE_WITH_KNOTS('',3,(#10869,#10870,#10871,#10872,#10873,
#10874,#10875,#10876,#10877,#10878),.UNSPECIFIED.,.F.,.F.,(4,2,2,2,4),(0.0558780260751143,
0.0621802697195828,0.0684825133640513,0.0810870006529882,0.0859836393604554),
 .UNSPECIFIED.);
#257=B_SPLINE_CURVE_WITH_KNOTS('',3,(#10882,#10883,#10884,#10885,#10886,
#10887,#10888,#10889,#10890,#10891),.UNSPECIFIED.,.F.,.F.,(4,2,2,2,4),(0.134073239294788,
0.13896987800224,0.151574365291177,0.157876608935646,0.164178852580114),
 .UNSPECIFIED.);
#258=B_SPLINE_CURVE_WITH_KNOTS('',3,(#10897,#10898,#10899,#10900,#10901,
#10902,#10903,#10904,#10905,#10906,#10907,#10908,#10909,#10910),
 .UNSPECIFIED.,.F.,.F.,(4,2,2,2,2,2,4),(0.0344647467467078,0.0427360098041821,
0.0572950830084651,0.0718541562127481,0.0864132294170306,0.100972302621313,
0.109243565678788),.UNSPECIFIED.);
#259=B_SPLINE_CURVE_WITH_KNOTS('',3,(#10916,#10917,#10918,#10919,#10920,
#10921,#10922,#10923,#10924,#10925),.UNSPECIFIED.,.F.,.F.,(4,2,2,2,4),(0.0558780260751136,
0.0621802697195834,0.0684825133640531,0.0810870006529927,0.0859836393604511),
 .UNSPECIFIED.);
#260=B_SPLINE_CURVE_WITH_KNOTS('',3,(#10929,#10930,#10931,#10932,#10933,
#10934,#10935,#10936,#10937,#10938),.UNSPECIFIED.,.F.,.F.,(4,2,2,2,4),(0.13407323929478,
0.138969878002241,0.151574365291178,0.157876608935647,0.164178852580116),
 .UNSPECIFIED.);
#261=B_SPLINE_CURVE_WITH_KNOTS('',3,(#10944,#10945,#10946,#10947,#10948,
#10949,#10950,#10951,#10952,#10953,#10954,#10955,#10956,#10957),
 .UNSPECIFIED.,.F.,.F.,(4,2,2,2,2,2,4),(0.0344647467467126,0.0427360098041813,
0.0572950830084646,0.071854156212748,0.0864132294170328,0.100972302621318,
0.109243565678789),.UNSPECIFIED.);
#262=B_SPLINE_CURVE_WITH_KNOTS('',3,(#10963,#10964,#10965,#10966,#10967,
#10968,#10969,#10970,#10971,#10972),.UNSPECIFIED.,.F.,.F.,(4,2,2,2,4),(0.0558780260751113,
0.0621802697195801,0.0684825133640488,0.0810870006529862,0.0859836393604523),
 .UNSPECIFIED.);
#263=B_SPLINE_CURVE_WITH_KNOTS('',3,(#10976,#10977,#10978,#10979,#10980,
#10981,#10982,#10983,#10984,#10985),.UNSPECIFIED.,.F.,.F.,(4,2,2,2,4),(0.134073239294784,
0.138969878002238,0.151574365291179,0.157876608935649,0.164178852580119),
 .UNSPECIFIED.);
#264=B_SPLINE_CURVE_WITH_KNOTS('',3,(#10991,#10992,#10993,#10994,#10995,
#10996,#10997,#10998,#10999,#11000,#11001,#11002,#11003,#11004),
 .UNSPECIFIED.,.F.,.F.,(4,2,2,2,2,2,4),(0.0344647467467109,0.0427360098041831,
0.0572950830084653,0.0718541562127474,0.0864132294170329,0.100972302621318,
0.109243565678787),.UNSPECIFIED.);
#265=B_SPLINE_CURVE_WITH_KNOTS('',3,(#11010,#11011,#11012,#11013,#11014,
#11015,#11016,#11017,#11018,#11019),.UNSPECIFIED.,.F.,.F.,(4,2,2,2,4),(0.0558780260751092,
0.0621802697195788,0.0684825133640484,0.0810870006529875,0.0859836393604382),
 .UNSPECIFIED.);
#266=CYLINDRICAL_SURFACE('',#6148,0.3);
#267=CYLINDRICAL_SURFACE('',#6149,12.5);
#268=CYLINDRICAL_SURFACE('',#6203,0.3);
#269=CYLINDRICAL_SURFACE('',#6204,12.5);
#270=CYLINDRICAL_SURFACE('',#6205,0.3);
#271=CYLINDRICAL_SURFACE('',#6206,0.3);
#272=CYLINDRICAL_SURFACE('',#6207,12.5);
#273=CYLINDRICAL_SURFACE('',#6208,0.3);
#274=CYLINDRICAL_SURFACE('',#6209,0.3);
#275=CYLINDRICAL_SURFACE('',#6210,12.5);
#276=CYLINDRICAL_SURFACE('',#6211,0.3);
#277=CYLINDRICAL_SURFACE('',#6212,0.3);
#278=CYLINDRICAL_SURFACE('',#6213,12.5);
#279=CYLINDRICAL_SURFACE('',#6214,0.3);
#280=CYLINDRICAL_SURFACE('',#6215,0.3);
#281=CYLINDRICAL_SURFACE('',#6216,12.5);
#282=CYLINDRICAL_SURFACE('',#6217,0.3);
#283=CYLINDRICAL_SURFACE('',#6218,0.3);
#284=CYLINDRICAL_SURFACE('',#6219,12.5);
#285=CYLINDRICAL_SURFACE('',#6220,0.3);
#286=CYLINDRICAL_SURFACE('',#6221,0.3);
#287=CYLINDRICAL_SURFACE('',#6222,12.5);
#288=CYLINDRICAL_SURFACE('',#6223,0.3);
#289=CYLINDRICAL_SURFACE('',#6224,0.3);
#290=CYLINDRICAL_SURFACE('',#6225,12.5);
#291=CYLINDRICAL_SURFACE('',#6226,0.3);
#292=CYLINDRICAL_SURFACE('',#6227,0.3);
#293=CYLINDRICAL_SURFACE('',#6228,12.5);
#294=CYLINDRICAL_SURFACE('',#6229,0.3);
#295=CYLINDRICAL_SURFACE('',#6230,0.3);
#296=CYLINDRICAL_SURFACE('',#6231,12.5);
#297=CYLINDRICAL_SURFACE('',#6232,0.3);
#298=CYLINDRICAL_SURFACE('',#6233,0.3);
#299=CYLINDRICAL_SURFACE('',#6234,12.5);
#300=CYLINDRICAL_SURFACE('',#6235,0.3);
#301=CYLINDRICAL_SURFACE('',#6236,0.3);
#302=CYLINDRICAL_SURFACE('',#6237,12.5);
#303=CYLINDRICAL_SURFACE('',#6238,0.3);
#304=CYLINDRICAL_SURFACE('',#6239,0.3);
#305=CYLINDRICAL_SURFACE('',#6240,12.5);
#306=CYLINDRICAL_SURFACE('',#6241,0.3);
#307=CYLINDRICAL_SURFACE('',#6242,0.3);
#308=CYLINDRICAL_SURFACE('',#6243,12.5);
#309=CYLINDRICAL_SURFACE('',#6244,0.3);
#310=CYLINDRICAL_SURFACE('',#6245,0.3);
#311=CYLINDRICAL_SURFACE('',#6246,12.5);
#312=CYLINDRICAL_SURFACE('',#6247,0.3);
#313=CYLINDRICAL_SURFACE('',#6248,0.3);
#314=CYLINDRICAL_SURFACE('',#6249,12.5);
#315=CYLINDRICAL_SURFACE('',#6250,0.3);
#316=CYLINDRICAL_SURFACE('',#6251,0.3);
#317=CYLINDRICAL_SURFACE('',#6252,12.5);
#318=CYLINDRICAL_SURFACE('',#6253,0.3);
#319=CYLINDRICAL_SURFACE('',#6254,0.3);
#320=CYLINDRICAL_SURFACE('',#6255,12.5);
#321=CYLINDRICAL_SURFACE('',#6256,0.3);
#322=CYLINDRICAL_SURFACE('',#6257,0.3);
#323=CYLINDRICAL_SURFACE('',#6258,12.5);
#324=CYLINDRICAL_SURFACE('',#6259,0.3);
#325=CYLINDRICAL_SURFACE('',#6260,0.3);
#326=CYLINDRICAL_SURFACE('',#6261,12.5);
#327=CYLINDRICAL_SURFACE('',#6262,0.3);
#328=CYLINDRICAL_SURFACE('',#6263,0.3);
#329=CYLINDRICAL_SURFACE('',#6264,12.5);
#330=CYLINDRICAL_SURFACE('',#6265,0.3);
#331=CYLINDRICAL_SURFACE('',#6266,0.3);
#332=CYLINDRICAL_SURFACE('',#6267,12.5);
#333=CYLINDRICAL_SURFACE('',#6268,0.3);
#334=CYLINDRICAL_SURFACE('',#6269,0.3);
#335=CYLINDRICAL_SURFACE('',#6270,12.5);
#336=CYLINDRICAL_SURFACE('',#6271,0.3);
#337=CYLINDRICAL_SURFACE('',#6272,0.3);
#338=CYLINDRICAL_SURFACE('',#6273,12.5);
#339=CYLINDRICAL_SURFACE('',#6274,0.3);
#340=CYLINDRICAL_SURFACE('',#6275,0.3);
#341=CYLINDRICAL_SURFACE('',#6276,12.5);
#342=CYLINDRICAL_SURFACE('',#6277,0.3);
#343=CYLINDRICAL_SURFACE('',#6278,0.3);
#344=CYLINDRICAL_SURFACE('',#6279,12.5);
#345=CYLINDRICAL_SURFACE('',#6280,0.3);
#346=CYLINDRICAL_SURFACE('',#6281,0.3);
#347=CYLINDRICAL_SURFACE('',#6282,12.5);
#348=CYLINDRICAL_SURFACE('',#6283,0.3);
#349=CYLINDRICAL_SURFACE('',#6284,0.3);
#350=CYLINDRICAL_SURFACE('',#6285,12.5);
#351=CYLINDRICAL_SURFACE('',#6286,0.3);
#352=CYLINDRICAL_SURFACE('',#6287,0.3);
#353=CYLINDRICAL_SURFACE('',#6288,12.5);
#354=CYLINDRICAL_SURFACE('',#6289,0.3);
#355=CYLINDRICAL_SURFACE('',#6290,0.3);
#356=CYLINDRICAL_SURFACE('',#6291,12.5);
#357=CYLINDRICAL_SURFACE('',#6292,0.3);
#358=CYLINDRICAL_SURFACE('',#6293,0.3);
#359=CYLINDRICAL_SURFACE('',#6294,12.5);
#360=CYLINDRICAL_SURFACE('',#6295,0.3);
#361=CYLINDRICAL_SURFACE('',#6296,0.3);
#362=CYLINDRICAL_SURFACE('',#6297,12.5);
#363=CYLINDRICAL_SURFACE('',#6298,0.3);
#364=CYLINDRICAL_SURFACE('',#6299,0.3);
#365=CYLINDRICAL_SURFACE('',#6300,12.5);
#366=CYLINDRICAL_SURFACE('',#6301,0.3);
#367=CYLINDRICAL_SURFACE('',#6302,0.3);
#368=CYLINDRICAL_SURFACE('',#6303,12.5);
#369=CYLINDRICAL_SURFACE('',#6304,0.3);
#370=CYLINDRICAL_SURFACE('',#6305,0.3);
#371=CYLINDRICAL_SURFACE('',#6306,12.5);
#372=CYLINDRICAL_SURFACE('',#6307,0.3);
#373=CYLINDRICAL_SURFACE('',#6308,0.3);
#374=CYLINDRICAL_SURFACE('',#6309,12.5);
#375=CYLINDRICAL_SURFACE('',#6310,0.3);
#376=CYLINDRICAL_SURFACE('',#6311,0.3);
#377=CYLINDRICAL_SURFACE('',#6312,12.5);
#378=CYLINDRICAL_SURFACE('',#6313,0.3);
#379=CYLINDRICAL_SURFACE('',#6314,0.3);
#380=CYLINDRICAL_SURFACE('',#6315,12.5);
#381=CYLINDRICAL_SURFACE('',#6316,0.3);
#382=CYLINDRICAL_SURFACE('',#6317,0.3);
#383=CYLINDRICAL_SURFACE('',#6318,12.5);
#384=CYLINDRICAL_SURFACE('',#6319,0.3);
#385=CYLINDRICAL_SURFACE('',#6320,0.3);
#386=CYLINDRICAL_SURFACE('',#6321,12.5);
#387=CYLINDRICAL_SURFACE('',#6322,0.3);
#388=CYLINDRICAL_SURFACE('',#6323,0.3);
#389=CYLINDRICAL_SURFACE('',#6324,12.5);
#390=CYLINDRICAL_SURFACE('',#6325,0.3);
#391=CYLINDRICAL_SURFACE('',#6326,0.3);
#392=CYLINDRICAL_SURFACE('',#6327,12.5);
#393=CYLINDRICAL_SURFACE('',#6328,0.3);
#394=CYLINDRICAL_SURFACE('',#6329,0.3);
#395=CYLINDRICAL_SURFACE('',#6330,12.5);
#396=CYLINDRICAL_SURFACE('',#6331,0.3);
#397=CYLINDRICAL_SURFACE('',#6332,0.3);
#398=CYLINDRICAL_SURFACE('',#6333,12.5);
#399=CYLINDRICAL_SURFACE('',#6334,0.3);
#400=CYLINDRICAL_SURFACE('',#6335,0.3);
#401=CYLINDRICAL_SURFACE('',#6336,12.5);
#402=CYLINDRICAL_SURFACE('',#6337,0.3);
#403=CYLINDRICAL_SURFACE('',#6338,0.3);
#404=CYLINDRICAL_SURFACE('',#6339,12.5);
#405=CYLINDRICAL_SURFACE('',#6340,0.3);
#406=CYLINDRICAL_SURFACE('',#6341,0.3);
#407=CYLINDRICAL_SURFACE('',#6342,12.5);
#408=CYLINDRICAL_SURFACE('',#6343,0.3);
#409=CYLINDRICAL_SURFACE('',#6344,0.3);
#410=CYLINDRICAL_SURFACE('',#6345,12.5);
#411=CYLINDRICAL_SURFACE('',#6346,0.3);
#412=CYLINDRICAL_SURFACE('',#6347,0.3);
#413=CYLINDRICAL_SURFACE('',#6348,12.5);
#414=CYLINDRICAL_SURFACE('',#6349,0.4);
#415=CYLINDRICAL_SURFACE('',#6351,0.4);
#416=CYLINDRICAL_SURFACE('',#6353,0.4);
#417=CYLINDRICAL_SURFACE('',#6355,0.4);
#418=CYLINDRICAL_SURFACE('',#6357,0.4);
#419=CYLINDRICAL_SURFACE('',#6359,0.4);
#420=CYLINDRICAL_SURFACE('',#6361,0.4);
#421=CYLINDRICAL_SURFACE('',#6363,0.4);
#422=CYLINDRICAL_SURFACE('',#6365,0.4);
#423=CYLINDRICAL_SURFACE('',#6367,0.4);
#424=CYLINDRICAL_SURFACE('',#6369,0.4);
#425=CYLINDRICAL_SURFACE('',#6371,0.4);
#426=CYLINDRICAL_SURFACE('',#6373,0.4);
#427=CYLINDRICAL_SURFACE('',#6375,0.4);
#428=CYLINDRICAL_SURFACE('',#6377,0.4);
#429=CYLINDRICAL_SURFACE('',#6379,0.4);
#430=CYLINDRICAL_SURFACE('',#6381,0.4);
#431=CYLINDRICAL_SURFACE('',#6383,0.4);
#432=CYLINDRICAL_SURFACE('',#6385,0.4);
#433=CYLINDRICAL_SURFACE('',#6387,0.4);
#434=CYLINDRICAL_SURFACE('',#6389,0.4);
#435=CYLINDRICAL_SURFACE('',#6391,0.4);
#436=CYLINDRICAL_SURFACE('',#6393,0.4);
#437=CYLINDRICAL_SURFACE('',#6395,0.4);
#438=CYLINDRICAL_SURFACE('',#6397,0.4);
#439=CYLINDRICAL_SURFACE('',#6399,0.4);
#440=CYLINDRICAL_SURFACE('',#6401,0.4);
#441=CYLINDRICAL_SURFACE('',#6403,0.4);
#442=CYLINDRICAL_SURFACE('',#6405,0.4);
#443=CYLINDRICAL_SURFACE('',#6407,0.4);
#444=CYLINDRICAL_SURFACE('',#6409,0.4);
#445=CYLINDRICAL_SURFACE('',#6411,0.4);
#446=CYLINDRICAL_SURFACE('',#6413,0.4);
#447=CYLINDRICAL_SURFACE('',#6415,0.4);
#448=CYLINDRICAL_SURFACE('',#6417,0.4);
#449=CYLINDRICAL_SURFACE('',#6419,0.4);
#450=CYLINDRICAL_SURFACE('',#6421,0.4);
#451=CYLINDRICAL_SURFACE('',#6423,0.4);
#452=CYLINDRICAL_SURFACE('',#6425,0.4);
#453=CYLINDRICAL_SURFACE('',#6427,0.4);
#454=CYLINDRICAL_SURFACE('',#6429,0.4);
#455=CYLINDRICAL_SURFACE('',#6431,0.4);
#456=CYLINDRICAL_SURFACE('',#6433,0.4);
#457=CYLINDRICAL_SURFACE('',#6435,0.4);
#458=CYLINDRICAL_SURFACE('',#6437,0.4);
#459=CYLINDRICAL_SURFACE('',#6439,0.4);
#460=CYLINDRICAL_SURFACE('',#6441,0.4);
#461=CYLINDRICAL_SURFACE('',#6443,0.4);
#462=CYLINDRICAL_SURFACE('',#6445,0.4);
#463=CYLINDRICAL_SURFACE('',#6496,0.3);
#464=CYLINDRICAL_SURFACE('',#6497,0.3);
#465=CYLINDRICAL_SURFACE('',#6498,0.4);
#466=CYLINDRICAL_SURFACE('',#6502,3.866);
#467=CYLINDRICAL_SURFACE('',#6509,3.1300000000001);
#468=FACE_BOUND('',#780,.T.);
#469=FACE_BOUND('',#1085,.T.);
#470=FACE_OUTER_BOUND('',#779,.T.);
#471=FACE_OUTER_BOUND('',#781,.T.);
#472=FACE_OUTER_BOUND('',#782,.T.);
#473=FACE_OUTER_BOUND('',#783,.T.);
#474=FACE_OUTER_BOUND('',#784,.T.);
#475=FACE_OUTER_BOUND('',#785,.T.);
#476=FACE_OUTER_BOUND('',#786,.T.);
#477=FACE_OUTER_BOUND('',#787,.T.);
#478=FACE_OUTER_BOUND('',#788,.T.);
#479=FACE_OUTER_BOUND('',#789,.T.);
#480=FACE_OUTER_BOUND('',#790,.T.);
#481=FACE_OUTER_BOUND('',#791,.T.);
#482=FACE_OUTER_BOUND('',#792,.T.);
#483=FACE_OUTER_BOUND('',#793,.T.);
#484=FACE_OUTER_BOUND('',#794,.T.);
#485=FACE_OUTER_BOUND('',#795,.T.);
#486=FACE_OUTER_BOUND('',#796,.T.);
#487=FACE_OUTER_BOUND('',#797,.T.);
#488=FACE_OUTER_BOUND('',#798,.T.);
#489=FACE_OUTER_BOUND('',#799,.T.);
#490=FACE_OUTER_BOUND('',#800,.T.);
#491=FACE_OUTER_BOUND('',#801,.T.);
#492=FACE_OUTER_BOUND('',#802,.T.);
#493=FACE_OUTER_BOUND('',#803,.T.);
#494=FACE_OUTER_BOUND('',#804,.T.);
#495=FACE_OUTER_BOUND('',#805,.T.);
#496=FACE_OUTER_BOUND('',#806,.T.);
#497=FACE_OUTER_BOUND('',#807,.T.);
#498=FACE_OUTER_BOUND('',#808,.T.);
#499=FACE_OUTER_BOUND('',#809,.T.);
#500=FACE_OUTER_BOUND('',#810,.T.);
#501=FACE_OUTER_BOUND('',#811,.T.);
#502=FACE_OUTER_BOUND('',#812,.T.);
#503=FACE_OUTER_BOUND('',#813,.T.);
#504=FACE_OUTER_BOUND('',#814,.T.);
#505=FACE_OUTER_BOUND('',#815,.T.);
#506=FACE_OUTER_BOUND('',#816,.T.);
#507=FACE_OUTER_BOUND('',#817,.T.);
#508=FACE_OUTER_BOUND('',#818,.T.);
#509=FACE_OUTER_BOUND('',#819,.T.);
#510=FACE_OUTER_BOUND('',#820,.T.);
#511=FACE_OUTER_BOUND('',#821,.T.);
#512=FACE_OUTER_BOUND('',#822,.T.);
#513=FACE_OUTER_BOUND('',#823,.T.);
#514=FACE_OUTER_BOUND('',#824,.T.);
#515=FACE_OUTER_BOUND('',#825,.T.);
#516=FACE_OUTER_BOUND('',#826,.T.);
#517=FACE_OUTER_BOUND('',#827,.T.);
#518=FACE_OUTER_BOUND('',#828,.T.);
#519=FACE_OUTER_BOUND('',#829,.T.);
#520=FACE_OUTER_BOUND('',#830,.T.);
#521=FACE_OUTER_BOUND('',#831,.T.);
#522=FACE_OUTER_BOUND('',#832,.T.);
#523=FACE_OUTER_BOUND('',#833,.T.);
#524=FACE_OUTER_BOUND('',#834,.T.);
#525=FACE_OUTER_BOUND('',#835,.T.);
#526=FACE_OUTER_BOUND('',#836,.T.);
#527=FACE_OUTER_BOUND('',#837,.T.);
#528=FACE_OUTER_BOUND('',#838,.T.);
#529=FACE_OUTER_BOUND('',#839,.T.);
#530=FACE_OUTER_BOUND('',#840,.T.);
#531=FACE_OUTER_BOUND('',#841,.T.);
#532=FACE_OUTER_BOUND('',#842,.T.);
#533=FACE_OUTER_BOUND('',#843,.T.);
#534=FACE_OUTER_BOUND('',#844,.T.);
#535=FACE_OUTER_BOUND('',#845,.T.);
#536=FACE_OUTER_BOUND('',#846,.T.);
#537=FACE_OUTER_BOUND('',#847,.T.);
#538=FACE_OUTER_BOUND('',#848,.T.);
#539=FACE_OUTER_BOUND('',#849,.T.);
#540=FACE_OUTER_BOUND('',#850,.T.);
#541=FACE_OUTER_BOUND('',#851,.T.);
#542=FACE_OUTER_BOUND('',#852,.T.);
#543=FACE_OUTER_BOUND('',#853,.T.);
#544=FACE_OUTER_BOUND('',#854,.T.);
#545=FACE_OUTER_BOUND('',#855,.T.);
#546=FACE_OUTER_BOUND('',#856,.T.);
#547=FACE_OUTER_BOUND('',#857,.T.);
#548=FACE_OUTER_BOUND('',#858,.T.);
#549=FACE_OUTER_BOUND('',#859,.T.);
#550=FACE_OUTER_BOUND('',#860,.T.);
#551=FACE_OUTER_BOUND('',#861,.T.);
#552=FACE_OUTER_BOUND('',#862,.T.);
#553=FACE_OUTER_BOUND('',#863,.T.);
#554=FACE_OUTER_BOUND('',#864,.T.);
#555=FACE_OUTER_BOUND('',#865,.T.);
#556=FACE_OUTER_BOUND('',#866,.T.);
#557=FACE_OUTER_BOUND('',#867,.T.);
#558=FACE_OUTER_BOUND('',#868,.T.);
#559=FACE_OUTER_BOUND('',#869,.T.);
#560=FACE_OUTER_BOUND('',#870,.T.);
#561=FACE_OUTER_BOUND('',#871,.T.);
#562=FACE_OUTER_BOUND('',#872,.T.);
#563=FACE_OUTER_BOUND('',#873,.T.);
#564=FACE_OUTER_BOUND('',#874,.T.);
#565=FACE_OUTER_BOUND('',#875,.T.);
#566=FACE_OUTER_BOUND('',#876,.T.);
#567=FACE_OUTER_BOUND('',#877,.T.);
#568=FACE_OUTER_BOUND('',#878,.T.);
#569=FACE_OUTER_BOUND('',#879,.T.);
#570=FACE_OUTER_BOUND('',#880,.T.);
#571=FACE_OUTER_BOUND('',#881,.T.);
#572=FACE_OUTER_BOUND('',#882,.T.);
#573=FACE_OUTER_BOUND('',#883,.T.);
#574=FACE_OUTER_BOUND('',#884,.T.);
#575=FACE_OUTER_BOUND('',#885,.T.);
#576=FACE_OUTER_BOUND('',#886,.T.);
#577=FACE_OUTER_BOUND('',#887,.T.);
#578=FACE_OUTER_BOUND('',#888,.T.);
#579=FACE_OUTER_BOUND('',#889,.T.);
#580=FACE_OUTER_BOUND('',#890,.T.);
#581=FACE_OUTER_BOUND('',#891,.T.);
#582=FACE_OUTER_BOUND('',#892,.T.);
#583=FACE_OUTER_BOUND('',#893,.T.);
#584=FACE_OUTER_BOUND('',#894,.T.);
#585=FACE_OUTER_BOUND('',#895,.T.);
#586=FACE_OUTER_BOUND('',#896,.T.);
#587=FACE_OUTER_BOUND('',#897,.T.);
#588=FACE_OUTER_BOUND('',#898,.T.);
#589=FACE_OUTER_BOUND('',#899,.T.);
#590=FACE_OUTER_BOUND('',#900,.T.);
#591=FACE_OUTER_BOUND('',#901,.T.);
#592=FACE_OUTER_BOUND('',#902,.T.);
#593=FACE_OUTER_BOUND('',#903,.T.);
#594=FACE_OUTER_BOUND('',#904,.T.);
#595=FACE_OUTER_BOUND('',#905,.T.);
#596=FACE_OUTER_BOUND('',#906,.T.);
#597=FACE_OUTER_BOUND('',#907,.T.);
#598=FACE_OUTER_BOUND('',#908,.T.);
#599=FACE_OUTER_BOUND('',#909,.T.);
#600=FACE_OUTER_BOUND('',#910,.T.);
#601=FACE_OUTER_BOUND('',#911,.T.);
#602=FACE_OUTER_BOUND('',#912,.T.);
#603=FACE_OUTER_BOUND('',#913,.T.);
#604=FACE_OUTER_BOUND('',#914,.T.);
#605=FACE_OUTER_BOUND('',#915,.T.);
#606=FACE_OUTER_BOUND('',#916,.T.);
#607=FACE_OUTER_BOUND('',#917,.T.);
#608=FACE_OUTER_BOUND('',#918,.T.);
#609=FACE_OUTER_BOUND('',#919,.T.);
#610=FACE_OUTER_BOUND('',#920,.T.);
#611=FACE_OUTER_BOUND('',#921,.T.);
#612=FACE_OUTER_BOUND('',#922,.T.);
#613=FACE_OUTER_BOUND('',#923,.T.);
#614=FACE_OUTER_BOUND('',#924,.T.);
#615=FACE_OUTER_BOUND('',#925,.T.);
#616=FACE_OUTER_BOUND('',#926,.T.);
#617=FACE_OUTER_BOUND('',#927,.T.);
#618=FACE_OUTER_BOUND('',#928,.T.);
#619=FACE_OUTER_BOUND('',#929,.T.);
#620=FACE_OUTER_BOUND('',#930,.T.);
#621=FACE_OUTER_BOUND('',#931,.T.);
#622=FACE_OUTER_BOUND('',#932,.T.);
#623=FACE_OUTER_BOUND('',#933,.T.);
#624=FACE_OUTER_BOUND('',#934,.T.);
#625=FACE_OUTER_BOUND('',#935,.T.);
#626=FACE_OUTER_BOUND('',#936,.T.);
#627=FACE_OUTER_BOUND('',#937,.T.);
#628=FACE_OUTER_BOUND('',#938,.T.);
#629=FACE_OUTER_BOUND('',#939,.T.);
#630=FACE_OUTER_BOUND('',#940,.T.);
#631=FACE_OUTER_BOUND('',#941,.T.);
#632=FACE_OUTER_BOUND('',#942,.T.);
#633=FACE_OUTER_BOUND('',#943,.T.);
#634=FACE_OUTER_BOUND('',#944,.T.);
#635=FACE_OUTER_BOUND('',#945,.T.);
#636=FACE_OUTER_BOUND('',#946,.T.);
#637=FACE_OUTER_BOUND('',#947,.T.);
#638=FACE_OUTER_BOUND('',#948,.T.);
#639=FACE_OUTER_BOUND('',#949,.T.);
#640=FACE_OUTER_BOUND('',#950,.T.);
#641=FACE_OUTER_BOUND('',#951,.T.);
#642=FACE_OUTER_BOUND('',#952,.T.);
#643=FACE_OUTER_BOUND('',#953,.T.);
#644=FACE_OUTER_BOUND('',#954,.T.);
#645=FACE_OUTER_BOUND('',#955,.T.);
#646=FACE_OUTER_BOUND('',#956,.T.);
#647=FACE_OUTER_BOUND('',#957,.T.);
#648=FACE_OUTER_BOUND('',#958,.T.);
#649=FACE_OUTER_BOUND('',#959,.T.);
#650=FACE_OUTER_BOUND('',#960,.T.);
#651=FACE_OUTER_BOUND('',#961,.T.);
#652=FACE_OUTER_BOUND('',#962,.T.);
#653=FACE_OUTER_BOUND('',#963,.T.);
#654=FACE_OUTER_BOUND('',#964,.T.);
#655=FACE_OUTER_BOUND('',#965,.T.);
#656=FACE_OUTER_BOUND('',#966,.T.);
#657=FACE_OUTER_BOUND('',#967,.T.);
#658=FACE_OUTER_BOUND('',#968,.T.);
#659=FACE_OUTER_BOUND('',#969,.T.);
#660=FACE_OUTER_BOUND('',#970,.T.);
#661=FACE_OUTER_BOUND('',#971,.T.);
#662=FACE_OUTER_BOUND('',#972,.T.);
#663=FACE_OUTER_BOUND('',#973,.T.);
#664=FACE_OUTER_BOUND('',#974,.T.);
#665=FACE_OUTER_BOUND('',#975,.T.);
#666=FACE_OUTER_BOUND('',#976,.T.);
#667=FACE_OUTER_BOUND('',#977,.T.);
#668=FACE_OUTER_BOUND('',#978,.T.);
#669=FACE_OUTER_BOUND('',#979,.T.);
#670=FACE_OUTER_BOUND('',#980,.T.);
#671=FACE_OUTER_BOUND('',#981,.T.);
#672=FACE_OUTER_BOUND('',#982,.T.);
#673=FACE_OUTER_BOUND('',#983,.T.);
#674=FACE_OUTER_BOUND('',#984,.T.);
#675=FACE_OUTER_BOUND('',#985,.T.);
#676=FACE_OUTER_BOUND('',#986,.T.);
#677=FACE_OUTER_BOUND('',#987,.T.);
#678=FACE_OUTER_BOUND('',#988,.T.);
#679=FACE_OUTER_BOUND('',#989,.T.);
#680=FACE_OUTER_BOUND('',#990,.T.);
#681=FACE_OUTER_BOUND('',#991,.T.);
#682=FACE_OUTER_BOUND('',#992,.T.);
#683=FACE_OUTER_BOUND('',#993,.T.);
#684=FACE_OUTER_BOUND('',#994,.T.);
#685=FACE_OUTER_BOUND('',#995,.T.);
#686=FACE_OUTER_BOUND('',#996,.T.);
#687=FACE_OUTER_BOUND('',#997,.T.);
#688=FACE_OUTER_BOUND('',#998,.T.);
#689=FACE_OUTER_BOUND('',#999,.T.);
#690=FACE_OUTER_BOUND('',#1000,.T.);
#691=FACE_OUTER_BOUND('',#1001,.T.);
#692=FACE_OUTER_BOUND('',#1002,.T.);
#693=FACE_OUTER_BOUND('',#1003,.T.);
#694=FACE_OUTER_BOUND('',#1004,.T.);
#695=FACE_OUTER_BOUND('',#1005,.T.);
#696=FACE_OUTER_BOUND('',#1006,.T.);
#697=FACE_OUTER_BOUND('',#1007,.T.);
#698=FACE_OUTER_BOUND('',#1008,.T.);
#699=FACE_OUTER_BOUND('',#1009,.T.);
#700=FACE_OUTER_BOUND('',#1010,.T.);
#701=FACE_OUTER_BOUND('',#1011,.T.);
#702=FACE_OUTER_BOUND('',#1012,.T.);
#703=FACE_OUTER_BOUND('',#1013,.T.);
#704=FACE_OUTER_BOUND('',#1014,.T.);
#705=FACE_OUTER_BOUND('',#1015,.T.);
#706=FACE_OUTER_BOUND('',#1016,.T.);
#707=FACE_OUTER_BOUND('',#1017,.T.);
#708=FACE_OUTER_BOUND('',#1018,.T.);
#709=FACE_OUTER_BOUND('',#1019,.T.);
#710=FACE_OUTER_BOUND('',#1020,.T.);
#711=FACE_OUTER_BOUND('',#1021,.T.);
#712=FACE_OUTER_BOUND('',#1022,.T.);
#713=FACE_OUTER_BOUND('',#1023,.T.);
#714=FACE_OUTER_BOUND('',#1024,.T.);
#715=FACE_OUTER_BOUND('',#1025,.T.);
#716=FACE_OUTER_BOUND('',#1026,.T.);
#717=FACE_OUTER_BOUND('',#1027,.T.);
#718=FACE_OUTER_BOUND('',#1028,.T.);
#719=FACE_OUTER_BOUND('',#1029,.T.);
#720=FACE_OUTER_BOUND('',#1030,.T.);
#721=FACE_OUTER_BOUND('',#1031,.T.);
#722=FACE_OUTER_BOUND('',#1032,.T.);
#723=FACE_OUTER_BOUND('',#1033,.T.);
#724=FACE_OUTER_BOUND('',#1034,.T.);
#725=FACE_OUTER_BOUND('',#1035,.T.);
#726=FACE_OUTER_BOUND('',#1036,.T.);
#727=FACE_OUTER_BOUND('',#1037,.T.);
#728=FACE_OUTER_BOUND('',#1038,.T.);
#729=FACE_OUTER_BOUND('',#1039,.T.);
#730=FACE_OUTER_BOUND('',#1040,.T.);
#731=FACE_OUTER_BOUND('',#1041,.T.);
#732=FACE_OUTER_BOUND('',#1042,.T.);
#733=FACE_OUTER_BOUND('',#1043,.T.);
#734=FACE_OUTER_BOUND('',#1044,.T.);
#735=FACE_OUTER_BOUND('',#1045,.T.);
#736=FACE_OUTER_BOUND('',#1046,.T.);
#737=FACE_OUTER_BOUND('',#1047,.T.);
#738=FACE_OUTER_BOUND('',#1048,.T.);
#739=FACE_OUTER_BOUND('',#1049,.T.);
#740=FACE_OUTER_BOUND('',#1050,.T.);
#741=FACE_OUTER_BOUND('',#1051,.T.);
#742=FACE_OUTER_BOUND('',#1052,.T.);
#743=FACE_OUTER_BOUND('',#1053,.T.);
#744=FACE_OUTER_BOUND('',#1054,.T.);
#745=FACE_OUTER_BOUND('',#1055,.T.);
#746=FACE_OUTER_BOUND('',#1056,.T.);
#747=FACE_OUTER_BOUND('',#1057,.T.);
#748=FACE_OUTER_BOUND('',#1058,.T.);
#749=FACE_OUTER_BOUND('',#1059,.T.);
#750=FACE_OUTER_BOUND('',#1060,.T.);
#751=FACE_OUTER_BOUND('',#1061,.T.);
#752=FACE_OUTER_BOUND('',#1062,.T.);
#753=FACE_OUTER_BOUND('',#1063,.T.);
#754=FACE_OUTER_BOUND('',#1064,.T.);
#755=FACE_OUTER_BOUND('',#1065,.T.);
#756=FACE_OUTER_BOUND('',#1066,.T.);
#757=FACE_OUTER_BOUND('',#1067,.T.);
#758=FACE_OUTER_BOUND('',#1068,.T.);
#759=FACE_OUTER_BOUND('',#1069,.T.);
#760=FACE_OUTER_BOUND('',#1070,.T.);
#761=FACE_OUTER_BOUND('',#1071,.T.);
#762=FACE_OUTER_BOUND('',#1072,.T.);
#763=FACE_OUTER_BOUND('',#1073,.T.);
#764=FACE_OUTER_BOUND('',#1074,.T.);
#765=FACE_OUTER_BOUND('',#1075,.T.);
#766=FACE_OUTER_BOUND('',#1076,.T.);
#767=FACE_OUTER_BOUND('',#1077,.T.);
#768=FACE_OUTER_BOUND('',#1078,.T.);
#769=FACE_OUTER_BOUND('',#1079,.T.);
#770=FACE_OUTER_BOUND('',#1080,.T.);
#771=FACE_OUTER_BOUND('',#1081,.T.);
#772=FACE_OUTER_BOUND('',#1082,.T.);
#773=FACE_OUTER_BOUND('',#1083,.T.);
#774=FACE_OUTER_BOUND('',#1084,.T.);
#775=FACE_OUTER_BOUND('',#1086,.T.);
#776=FACE_OUTER_BOUND('',#1087,.T.);
#777=FACE_OUTER_BOUND('',#1088,.T.);
#778=FACE_OUTER_BOUND('',#1089,.T.);
#779=EDGE_LOOP('',(#3687,#3688,#3689,#3690,#3691,#3692,#3693,#3694,#3695,
#3696,#3697,#3698,#3699,#3700,#3701,#3702,#3703,#3704,#3705,#3706,#3707,
#3708,#3709,#3710,#3711,#3712,#3713,#3714,#3715,#3716,#3717,#3718,#3719,
#3720,#3721,#3722,#3723,#3724,#3725,#3726,#3727,#3728,#3729,#3730,#3731,
#3732,#3733,#3734,#3735,#3736,#3737,#3738,#3739,#3740,#3741,#3742,#3743,
#3744,#3745,#3746,#3747,#3748,#3749,#3750,#3751,#3752,#3753,#3754,#3755,
#3756,#3757,#3758,#3759,#3760,#3761,#3762,#3763,#3764,#3765,#3766,#3767,
#3768,#3769,#3770,#3771,#3772,#3773,#3774,#3775,#3776,#3777,#3778,#3779,
#3780,#3781,#3782,#3783,#3784,#3785,#3786,#3787,#3788,#3789,#3790,#3791,
#3792,#3793,#3794,#3795,#3796,#3797,#3798,#3799,#3800,#3801,#3802,#3803,
#3804,#3805,#3806,#3807,#3808,#3809,#3810,#3811,#3812,#3813,#3814,#3815,
#3816,#3817,#3818,#3819,#3820,#3821,#3822,#3823,#3824,#3825,#3826,#3827,
#3828,#3829,#3830,#3831,#3832,#3833,#3834,#3835,#3836,#3837,#3838,#3839,
#3840,#3841,#3842,#3843,#3844,#3845,#3846,#3847,#3848,#3849,#3850,#3851,
#3852,#3853,#3854,#3855,#3856,#3857,#3858,#3859,#3860,#3861,#3862,#3863,
#3864,#3865,#3866,#3867,#3868,#3869,#3870,#3871,#3872,#3873,#3874,#3875,
#3876,#3877,#3878,#3879,#3880,#3881,#3882,#3883,#3884,#3885,#3886,#3887,
#3888,#3889,#3890,#3891,#3892,#3893,#3894,#3895,#3896,#3897,#3898,#3899,
#3900,#3901,#3902,#3903,#3904,#3905,#3906,#3907,#3908,#3909,#3910,#3911,
#3912,#3913,#3914,#3915,#3916,#3917,#3918,#3919,#3920,#3921,#3922,#3923,
#3924,#3925,#3926,#3927,#3928,#3929,#3930,#3931,#3932,#3933,#3934,#3935,
#3936,#3937,#3938,#3939,#3940,#3941,#3942,#3943,#3944,#3945,#3946,#3947,
#3948,#3949,#3950,#3951,#3952,#3953,#3954,#3955,#3956,#3957,#3958,#3959,
#3960,#3961,#3962,#3963,#3964,#3965,#3966,#3967,#3968,#3969,#3970,#3971,
#3972,#3973,#3974,#3975,#3976,#3977,#3978,#3979,#3980,#3981,#3982,#3983,
#3984,#3985,#3986));
#780=EDGE_LOOP('',(#3987));
#781=EDGE_LOOP('',(#3988,#3989,#3990,#3991));
#782=EDGE_LOOP('',(#3992,#3993,#3994,#3995));
#783=EDGE_LOOP('',(#3996,#3997,#3998,#3999,#4000,#4001,#4002,#4003,#4004,
#4005,#4006,#4007,#4008,#4009,#4010,#4011,#4012,#4013,#4014,#4015,#4016,
#4017,#4018,#4019,#4020,#4021,#4022,#4023,#4024,#4025,#4026,#4027,#4028,
#4029,#4030,#4031,#4032,#4033,#4034,#4035,#4036,#4037,#4038,#4039,#4040,
#4041,#4042,#4043,#4044,#4045,#4046,#4047,#4048,#4049,#4050,#4051,#4052,
#4053,#4054,#4055,#4056,#4057,#4058,#4059,#4060,#4061,#4062,#4063,#4064,
#4065,#4066,#4067,#4068,#4069,#4070,#4071,#4072,#4073,#4074,#4075,#4076,
#4077,#4078,#4079,#4080,#4081,#4082,#4083,#4084,#4085,#4086,#4087,#4088,
#4089,#4090,#4091,#4092,#4093,#4094,#4095,#4096,#4097,#4098,#4099,#4100,
#4101,#4102,#4103,#4104,#4105,#4106,#4107,#4108,#4109,#4110,#4111,#4112,
#4113,#4114,#4115,#4116,#4117,#4118,#4119,#4120,#4121,#4122,#4123,#4124,
#4125,#4126,#4127,#4128,#4129,#4130,#4131,#4132,#4133,#4134,#4135,#4136,
#4137,#4138,#4139,#4140,#4141,#4142,#4143,#4144,#4145,#4146,#4147,#4148,
#4149,#4150,#4151,#4152,#4153,#4154,#4155,#4156,#4157,#4158,#4159,#4160,
#4161,#4162,#4163,#4164,#4165,#4166,#4167,#4168,#4169,#4170,#4171,#4172,
#4173,#4174,#4175,#4176,#4177,#4178,#4179,#4180,#4181,#4182,#4183,#4184,
#4185,#4186,#4187,#4188,#4189,#4190,#4191,#4192,#4193,#4194,#4195,#4196,
#4197,#4198,#4199,#4200,#4201,#4202,#4203,#4204,#4205,#4206,#4207,#4208,
#4209,#4210,#4211,#4212,#4213,#4214,#4215,#4216,#4217,#4218,#4219,#4220,
#4221,#4222,#4223,#4224,#4225,#4226,#4227,#4228,#4229,#4230,#4231,#4232,
#4233,#4234,#4235,#4236,#4237,#4238,#4239,#4240,#4241,#4242,#4243,#4244,
#4245,#4246,#4247,#4248,#4249,#4250,#4251,#4252,#4253,#4254,#4255,#4256,
#4257,#4258,#4259,#4260,#4261,#4262,#4263,#4264,#4265,#4266,#4267,#4268,
#4269,#4270,#4271,#4272,#4273,#4274,#4275,#4276,#4277,#4278,#4279,#4280,
#4281,#4282,#4283,#4284,#4285,#4286,#4287,#4288,#4289,#4290,#4291,#4292,
#4293,#4294,#4295,#4296,#4297,#4298,#4299));
#784=EDGE_LOOP('',(#4300,#4301,#4302,#4303));
#785=EDGE_LOOP('',(#4304,#4305,#4306,#4307));
#786=EDGE_LOOP('',(#4308,#4309,#4310,#4311));
#787=EDGE_LOOP('',(#4312,#4313,#4314,#4315));
#788=EDGE_LOOP('',(#4316,#4317,#4318,#4319));
#789=EDGE_LOOP('',(#4320,#4321,#4322,#4323));
#790=EDGE_LOOP('',(#4324,#4325,#4326,#4327));
#791=EDGE_LOOP('',(#4328,#4329,#4330,#4331));
#792=EDGE_LOOP('',(#4332,#4333,#4334,#4335));
#793=EDGE_LOOP('',(#4336,#4337,#4338,#4339));
#794=EDGE_LOOP('',(#4340,#4341,#4342,#4343));
#795=EDGE_LOOP('',(#4344,#4345,#4346,#4347));
#796=EDGE_LOOP('',(#4348,#4349,#4350,#4351));
#797=EDGE_LOOP('',(#4352,#4353,#4354,#4355));
#798=EDGE_LOOP('',(#4356,#4357,#4358,#4359));
#799=EDGE_LOOP('',(#4360,#4361,#4362,#4363));
#800=EDGE_LOOP('',(#4364,#4365,#4366,#4367));
#801=EDGE_LOOP('',(#4368,#4369,#4370,#4371));
#802=EDGE_LOOP('',(#4372,#4373,#4374,#4375));
#803=EDGE_LOOP('',(#4376,#4377,#4378,#4379));
#804=EDGE_LOOP('',(#4380,#4381,#4382,#4383));
#805=EDGE_LOOP('',(#4384,#4385,#4386,#4387));
#806=EDGE_LOOP('',(#4388,#4389,#4390,#4391));
#807=EDGE_LOOP('',(#4392,#4393,#4394,#4395));
#808=EDGE_LOOP('',(#4396,#4397,#4398,#4399));
#809=EDGE_LOOP('',(#4400,#4401,#4402,#4403));
#810=EDGE_LOOP('',(#4404,#4405,#4406,#4407));
#811=EDGE_LOOP('',(#4408,#4409,#4410,#4411));
#812=EDGE_LOOP('',(#4412,#4413,#4414,#4415));
#813=EDGE_LOOP('',(#4416,#4417,#4418,#4419));
#814=EDGE_LOOP('',(#4420,#4421,#4422,#4423));
#815=EDGE_LOOP('',(#4424,#4425,#4426,#4427));
#816=EDGE_LOOP('',(#4428,#4429,#4430,#4431));
#817=EDGE_LOOP('',(#4432,#4433,#4434,#4435));
#818=EDGE_LOOP('',(#4436,#4437,#4438,#4439,#4440));
#819=EDGE_LOOP('',(#4441,#4442,#4443,#4444));
#820=EDGE_LOOP('',(#4445,#4446,#4447,#4448));
#821=EDGE_LOOP('',(#4449,#4450,#4451,#4452));
#822=EDGE_LOOP('',(#4453,#4454,#4455,#4456));
#823=EDGE_LOOP('',(#4457,#4458,#4459,#4460));
#824=EDGE_LOOP('',(#4461,#4462,#4463,#4464));
#825=EDGE_LOOP('',(#4465,#4466,#4467,#4468));
#826=EDGE_LOOP('',(#4469,#4470,#4471,#4472));
#827=EDGE_LOOP('',(#4473,#4474,#4475,#4476));
#828=EDGE_LOOP('',(#4477,#4478,#4479,#4480));
#829=EDGE_LOOP('',(#4481,#4482,#4483,#4484));
#830=EDGE_LOOP('',(#4485,#4486,#4487,#4488));
#831=EDGE_LOOP('',(#4489,#4490,#4491,#4492));
#832=EDGE_LOOP('',(#4493,#4494,#4495,#4496));
#833=EDGE_LOOP('',(#4497,#4498,#4499,#4500));
#834=EDGE_LOOP('',(#4501,#4502,#4503,#4504));
#835=EDGE_LOOP('',(#4505,#4506,#4507,#4508));
#836=EDGE_LOOP('',(#4509,#4510,#4511,#4512));
#837=EDGE_LOOP('',(#4513,#4514,#4515,#4516));
#838=EDGE_LOOP('',(#4517,#4518,#4519,#4520));
#839=EDGE_LOOP('',(#4521,#4522,#4523,#4524));
#840=EDGE_LOOP('',(#4525,#4526,#4527,#4528));
#841=EDGE_LOOP('',(#4529,#4530,#4531,#4532));
#842=EDGE_LOOP('',(#4533,#4534,#4535,#4536));
#843=EDGE_LOOP('',(#4537,#4538,#4539,#4540));
#844=EDGE_LOOP('',(#4541,#4542,#4543,#4544));
#845=EDGE_LOOP('',(#4545,#4546,#4547,#4548));
#846=EDGE_LOOP('',(#4549,#4550,#4551,#4552));
#847=EDGE_LOOP('',(#4553,#4554,#4555,#4556));
#848=EDGE_LOOP('',(#4557,#4558,#4559,#4560));
#849=EDGE_LOOP('',(#4561,#4562,#4563,#4564));
#850=EDGE_LOOP('',(#4565,#4566,#4567,#4568));
#851=EDGE_LOOP('',(#4569,#4570,#4571,#4572));
#852=EDGE_LOOP('',(#4573,#4574,#4575,#4576));
#853=EDGE_LOOP('',(#4577,#4578,#4579,#4580));
#854=EDGE_LOOP('',(#4581,#4582,#4583,#4584));
#855=EDGE_LOOP('',(#4585,#4586,#4587,#4588));
#856=EDGE_LOOP('',(#4589,#4590,#4591,#4592));
#857=EDGE_LOOP('',(#4593,#4594,#4595,#4596));
#858=EDGE_LOOP('',(#4597,#4598,#4599,#4600));
#859=EDGE_LOOP('',(#4601,#4602,#4603,#4604));
#860=EDGE_LOOP('',(#4605,#4606,#4607,#4608));
#861=EDGE_LOOP('',(#4609,#4610,#4611,#4612));
#862=EDGE_LOOP('',(#4613,#4614,#4615,#4616));
#863=EDGE_LOOP('',(#4617,#4618,#4619,#4620));
#864=EDGE_LOOP('',(#4621,#4622,#4623,#4624));
#865=EDGE_LOOP('',(#4625,#4626,#4627,#4628));
#866=EDGE_LOOP('',(#4629,#4630,#4631,#4632));
#867=EDGE_LOOP('',(#4633,#4634,#4635,#4636));
#868=EDGE_LOOP('',(#4637,#4638,#4639,#4640));
#869=EDGE_LOOP('',(#4641,#4642,#4643,#4644));
#870=EDGE_LOOP('',(#4645,#4646,#4647,#4648));
#871=EDGE_LOOP('',(#4649,#4650,#4651,#4652));
#872=EDGE_LOOP('',(#4653,#4654,#4655,#4656));
#873=EDGE_LOOP('',(#4657,#4658,#4659,#4660));
#874=EDGE_LOOP('',(#4661,#4662,#4663,#4664));
#875=EDGE_LOOP('',(#4665,#4666,#4667,#4668));
#876=EDGE_LOOP('',(#4669,#4670,#4671,#4672));
#877=EDGE_LOOP('',(#4673,#4674,#4675,#4676));
#878=EDGE_LOOP('',(#4677,#4678,#4679,#4680));
#879=EDGE_LOOP('',(#4681,#4682,#4683,#4684));
#880=EDGE_LOOP('',(#4685,#4686,#4687,#4688));
#881=EDGE_LOOP('',(#4689,#4690,#4691,#4692));
#882=EDGE_LOOP('',(#4693,#4694,#4695,#4696));
#883=EDGE_LOOP('',(#4697,#4698,#4699,#4700));
#884=EDGE_LOOP('',(#4701,#4702,#4703,#4704));
#885=EDGE_LOOP('',(#4705,#4706,#4707,#4708));
#886=EDGE_LOOP('',(#4709,#4710,#4711,#4712));
#887=EDGE_LOOP('',(#4713,#4714,#4715,#4716));
#888=EDGE_LOOP('',(#4717,#4718,#4719,#4720));
#889=EDGE_LOOP('',(#4721,#4722,#4723,#4724));
#890=EDGE_LOOP('',(#4725,#4726,#4727,#4728));
#891=EDGE_LOOP('',(#4729,#4730,#4731,#4732));
#892=EDGE_LOOP('',(#4733,#4734,#4735,#4736));
#893=EDGE_LOOP('',(#4737,#4738,#4739,#4740));
#894=EDGE_LOOP('',(#4741,#4742,#4743,#4744));
#895=EDGE_LOOP('',(#4745,#4746,#4747,#4748));
#896=EDGE_LOOP('',(#4749,#4750,#4751,#4752));
#897=EDGE_LOOP('',(#4753,#4754,#4755,#4756));
#898=EDGE_LOOP('',(#4757,#4758,#4759,#4760));
#899=EDGE_LOOP('',(#4761,#4762,#4763,#4764));
#900=EDGE_LOOP('',(#4765,#4766,#4767,#4768));
#901=EDGE_LOOP('',(#4769,#4770,#4771,#4772));
#902=EDGE_LOOP('',(#4773,#4774,#4775,#4776));
#903=EDGE_LOOP('',(#4777,#4778,#4779,#4780));
#904=EDGE_LOOP('',(#4781,#4782,#4783,#4784));
#905=EDGE_LOOP('',(#4785,#4786,#4787,#4788));
#906=EDGE_LOOP('',(#4789,#4790,#4791,#4792));
#907=EDGE_LOOP('',(#4793,#4794,#4795,#4796));
#908=EDGE_LOOP('',(#4797,#4798,#4799,#4800));
#909=EDGE_LOOP('',(#4801,#4802,#4803,#4804));
#910=EDGE_LOOP('',(#4805,#4806,#4807,#4808));
#911=EDGE_LOOP('',(#4809,#4810,#4811,#4812));
#912=EDGE_LOOP('',(#4813,#4814,#4815,#4816));
#913=EDGE_LOOP('',(#4817,#4818,#4819,#4820));
#914=EDGE_LOOP('',(#4821,#4822,#4823,#4824));
#915=EDGE_LOOP('',(#4825,#4826,#4827,#4828));
#916=EDGE_LOOP('',(#4829,#4830,#4831,#4832));
#917=EDGE_LOOP('',(#4833,#4834,#4835,#4836));
#918=EDGE_LOOP('',(#4837,#4838,#4839,#4840));
#919=EDGE_LOOP('',(#4841,#4842,#4843,#4844));
#920=EDGE_LOOP('',(#4845,#4846,#4847,#4848));
#921=EDGE_LOOP('',(#4849,#4850,#4851,#4852));
#922=EDGE_LOOP('',(#4853,#4854,#4855,#4856));
#923=EDGE_LOOP('',(#4857,#4858,#4859,#4860));
#924=EDGE_LOOP('',(#4861,#4862,#4863,#4864));
#925=EDGE_LOOP('',(#4865,#4866,#4867,#4868));
#926=EDGE_LOOP('',(#4869,#4870,#4871,#4872));
#927=EDGE_LOOP('',(#4873,#4874,#4875,#4876));
#928=EDGE_LOOP('',(#4877,#4878,#4879,#4880));
#929=EDGE_LOOP('',(#4881,#4882,#4883,#4884));
#930=EDGE_LOOP('',(#4885,#4886,#4887,#4888));
#931=EDGE_LOOP('',(#4889,#4890,#4891,#4892));
#932=EDGE_LOOP('',(#4893,#4894,#4895,#4896));
#933=EDGE_LOOP('',(#4897,#4898,#4899,#4900));
#934=EDGE_LOOP('',(#4901,#4902,#4903,#4904));
#935=EDGE_LOOP('',(#4905,#4906,#4907,#4908));
#936=EDGE_LOOP('',(#4909,#4910,#4911,#4912));
#937=EDGE_LOOP('',(#4913,#4914,#4915,#4916));
#938=EDGE_LOOP('',(#4917,#4918,#4919,#4920));
#939=EDGE_LOOP('',(#4921,#4922,#4923,#4924));
#940=EDGE_LOOP('',(#4925,#4926,#4927,#4928));
#941=EDGE_LOOP('',(#4929,#4930,#4931,#4932));
#942=EDGE_LOOP('',(#4933,#4934,#4935,#4936));
#943=EDGE_LOOP('',(#4937,#4938,#4939,#4940));
#944=EDGE_LOOP('',(#4941,#4942,#4943,#4944));
#945=EDGE_LOOP('',(#4945,#4946,#4947,#4948));
#946=EDGE_LOOP('',(#4949,#4950,#4951,#4952));
#947=EDGE_LOOP('',(#4953,#4954,#4955,#4956));
#948=EDGE_LOOP('',(#4957,#4958,#4959,#4960));
#949=EDGE_LOOP('',(#4961,#4962,#4963,#4964));
#950=EDGE_LOOP('',(#4965,#4966,#4967,#4968));
#951=EDGE_LOOP('',(#4969,#4970,#4971,#4972));
#952=EDGE_LOOP('',(#4973,#4974,#4975,#4976));
#953=EDGE_LOOP('',(#4977,#4978,#4979,#4980));
#954=EDGE_LOOP('',(#4981,#4982,#4983,#4984));
#955=EDGE_LOOP('',(#4985,#4986,#4987,#4988));
#956=EDGE_LOOP('',(#4989,#4990,#4991,#4992));
#957=EDGE_LOOP('',(#4993,#4994,#4995,#4996));
#958=EDGE_LOOP('',(#4997,#4998,#4999,#5000));
#959=EDGE_LOOP('',(#5001,#5002,#5003,#5004));
#960=EDGE_LOOP('',(#5005,#5006,#5007,#5008));
#961=EDGE_LOOP('',(#5009,#5010,#5011,#5012));
#962=EDGE_LOOP('',(#5013,#5014,#5015,#5016));
#963=EDGE_LOOP('',(#5017,#5018,#5019,#5020));
#964=EDGE_LOOP('',(#5021,#5022,#5023,#5024));
#965=EDGE_LOOP('',(#5025,#5026,#5027,#5028));
#966=EDGE_LOOP('',(#5029,#5030,#5031,#5032));
#967=EDGE_LOOP('',(#5033,#5034,#5035,#5036));
#968=EDGE_LOOP('',(#5037,#5038,#5039,#5040));
#969=EDGE_LOOP('',(#5041,#5042,#5043,#5044));
#970=EDGE_LOOP('',(#5045,#5046,#5047,#5048));
#971=EDGE_LOOP('',(#5049,#5050,#5051,#5052));
#972=EDGE_LOOP('',(#5053,#5054,#5055,#5056));
#973=EDGE_LOOP('',(#5057,#5058,#5059,#5060));
#974=EDGE_LOOP('',(#5061,#5062,#5063,#5064));
#975=EDGE_LOOP('',(#5065,#5066,#5067,#5068));
#976=EDGE_LOOP('',(#5069,#5070,#5071,#5072));
#977=EDGE_LOOP('',(#5073,#5074,#5075,#5076));
#978=EDGE_LOOP('',(#5077,#5078,#5079,#5080));
#979=EDGE_LOOP('',(#5081,#5082,#5083,#5084));
#980=EDGE_LOOP('',(#5085,#5086,#5087,#5088));
#981=EDGE_LOOP('',(#5089,#5090,#5091,#5092));
#982=EDGE_LOOP('',(#5093,#5094,#5095,#5096));
#983=EDGE_LOOP('',(#5097,#5098,#5099,#5100));
#984=EDGE_LOOP('',(#5101,#5102,#5103,#5104));
#985=EDGE_LOOP('',(#5105,#5106,#5107,#5108));
#986=EDGE_LOOP('',(#5109,#5110,#5111,#5112));
#987=EDGE_LOOP('',(#5113,#5114,#5115,#5116));
#988=EDGE_LOOP('',(#5117,#5118,#5119,#5120));
#989=EDGE_LOOP('',(#5121,#5122,#5123,#5124));
#990=EDGE_LOOP('',(#5125,#5126,#5127,#5128));
#991=EDGE_LOOP('',(#5129,#5130,#5131,#5132));
#992=EDGE_LOOP('',(#5133,#5134,#5135,#5136));
#993=EDGE_LOOP('',(#5137,#5138,#5139,#5140));
#994=EDGE_LOOP('',(#5141,#5142,#5143,#5144));
#995=EDGE_LOOP('',(#5145,#5146,#5147,#5148));
#996=EDGE_LOOP('',(#5149,#5150,#5151,#5152));
#997=EDGE_LOOP('',(#5153,#5154,#5155,#5156));
#998=EDGE_LOOP('',(#5157,#5158,#5159,#5160));
#999=EDGE_LOOP('',(#5161,#5162,#5163,#5164));
#1000=EDGE_LOOP('',(#5165,#5166,#5167,#5168));
#1001=EDGE_LOOP('',(#5169,#5170,#5171,#5172));
#1002=EDGE_LOOP('',(#5173,#5174,#5175,#5176));
#1003=EDGE_LOOP('',(#5177,#5178,#5179,#5180));
#1004=EDGE_LOOP('',(#5181,#5182,#5183,#5184));
#1005=EDGE_LOOP('',(#5185,#5186,#5187,#5188));
#1006=EDGE_LOOP('',(#5189,#5190,#5191,#5192));
#1007=EDGE_LOOP('',(#5193,#5194,#5195,#5196));
#1008=EDGE_LOOP('',(#5197,#5198,#5199,#5200));
#1009=EDGE_LOOP('',(#5201,#5202,#5203,#5204));
#1010=EDGE_LOOP('',(#5205,#5206,#5207,#5208));
#1011=EDGE_LOOP('',(#5209,#5210,#5211,#5212));
#1012=EDGE_LOOP('',(#5213,#5214,#5215,#5216));
#1013=EDGE_LOOP('',(#5217,#5218,#5219,#5220));
#1014=EDGE_LOOP('',(#5221,#5222,#5223,#5224));
#1015=EDGE_LOOP('',(#5225,#5226,#5227,#5228));
#1016=EDGE_LOOP('',(#5229,#5230,#5231,#5232));
#1017=EDGE_LOOP('',(#5233,#5234,#5235,#5236));
#1018=EDGE_LOOP('',(#5237,#5238,#5239,#5240));
#1019=EDGE_LOOP('',(#5241,#5242,#5243,#5244));
#1020=EDGE_LOOP('',(#5245,#5246,#5247,#5248));
#1021=EDGE_LOOP('',(#5249,#5250,#5251,#5252));
#1022=EDGE_LOOP('',(#5253,#5254,#5255,#5256));
#1023=EDGE_LOOP('',(#5257,#5258,#5259,#5260));
#1024=EDGE_LOOP('',(#5261,#5262,#5263,#5264));
#1025=EDGE_LOOP('',(#5265,#5266,#5267,#5268));
#1026=EDGE_LOOP('',(#5269,#5270,#5271,#5272));
#1027=EDGE_LOOP('',(#5273,#5274,#5275,#5276));
#1028=EDGE_LOOP('',(#5277,#5278,#5279,#5280));
#1029=EDGE_LOOP('',(#5281,#5282,#5283,#5284));
#1030=EDGE_LOOP('',(#5285,#5286,#5287,#5288));
#1031=EDGE_LOOP('',(#5289,#5290,#5291,#5292));
#1032=EDGE_LOOP('',(#5293,#5294,#5295,#5296));
#1033=EDGE_LOOP('',(#5297,#5298,#5299,#5300));
#1034=EDGE_LOOP('',(#5301,#5302,#5303,#5304));
#1035=EDGE_LOOP('',(#5305,#5306,#5307,#5308));
#1036=EDGE_LOOP('',(#5309,#5310,#5311,#5312));
#1037=EDGE_LOOP('',(#5313,#5314,#5315,#5316));
#1038=EDGE_LOOP('',(#5317,#5318,#5319,#5320));
#1039=EDGE_LOOP('',(#5321,#5322,#5323,#5324));
#1040=EDGE_LOOP('',(#5325,#5326,#5327,#5328));
#1041=EDGE_LOOP('',(#5329,#5330,#5331,#5332));
#1042=EDGE_LOOP('',(#5333,#5334,#5335,#5336));
#1043=EDGE_LOOP('',(#5337,#5338,#5339,#5340));
#1044=EDGE_LOOP('',(#5341,#5342,#5343,#5344));
#1045=EDGE_LOOP('',(#5345,#5346,#5347,#5348));
#1046=EDGE_LOOP('',(#5349,#5350,#5351,#5352));
#1047=EDGE_LOOP('',(#5353,#5354,#5355,#5356));
#1048=EDGE_LOOP('',(#5357,#5358,#5359,#5360));
#1049=EDGE_LOOP('',(#5361,#5362,#5363,#5364));
#1050=EDGE_LOOP('',(#5365,#5366,#5367,#5368));
#1051=EDGE_LOOP('',(#5369,#5370,#5371,#5372));
#1052=EDGE_LOOP('',(#5373,#5374,#5375,#5376));
#1053=EDGE_LOOP('',(#5377,#5378,#5379,#5380));
#1054=EDGE_LOOP('',(#5381,#5382,#5383,#5384));
#1055=EDGE_LOOP('',(#5385,#5386,#5387,#5388));
#1056=EDGE_LOOP('',(#5389,#5390,#5391,#5392));
#1057=EDGE_LOOP('',(#5393,#5394,#5395,#5396));
#1058=EDGE_LOOP('',(#5397,#5398,#5399,#5400));
#1059=EDGE_LOOP('',(#5401,#5402,#5403,#5404));
#1060=EDGE_LOOP('',(#5405,#5406,#5407,#5408));
#1061=EDGE_LOOP('',(#5409,#5410,#5411,#5412));
#1062=EDGE_LOOP('',(#5413,#5414,#5415,#5416));
#1063=EDGE_LOOP('',(#5417,#5418,#5419,#5420));
#1064=EDGE_LOOP('',(#5421,#5422,#5423,#5424));
#1065=EDGE_LOOP('',(#5425,#5426,#5427,#5428));
#1066=EDGE_LOOP('',(#5429,#5430,#5431,#5432));
#1067=EDGE_LOOP('',(#5433,#5434,#5435,#5436));
#1068=EDGE_LOOP('',(#5437,#5438,#5439,#5440));
#1069=EDGE_LOOP('',(#5441,#5442,#5443,#5444));
#1070=EDGE_LOOP('',(#5445,#5446,#5447,#5448));
#1071=EDGE_LOOP('',(#5449,#5450,#5451,#5452));
#1072=EDGE_LOOP('',(#5453,#5454,#5455,#5456));
#1073=EDGE_LOOP('',(#5457,#5458,#5459,#5460));
#1074=EDGE_LOOP('',(#5461,#5462,#5463,#5464));
#1075=EDGE_LOOP('',(#5465,#5466,#5467,#5468));
#1076=EDGE_LOOP('',(#5469,#5470,#5471,#5472));
#1077=EDGE_LOOP('',(#5473,#5474,#5475,#5476));
#1078=EDGE_LOOP('',(#5477,#5478,#5479,#5480));
#1079=EDGE_LOOP('',(#5481,#5482,#5483,#5484));
#1080=EDGE_LOOP('',(#5485,#5486,#5487,#5488));
#1081=EDGE_LOOP('',(#5489,#5490,#5491,#5492));
#1082=EDGE_LOOP('',(#5493));
#1083=EDGE_LOOP('',(#5494,#5495,#5496,#5497));
#1084=EDGE_LOOP('',(#5498));
#1085=EDGE_LOOP('',(#5499));
#1086=EDGE_LOOP('',(#5500,#5501,#5502));
#1087=EDGE_LOOP('',(#5503,#5504,#5505,#5506,#5507,#5508,#5509,#5510));
#1088=EDGE_LOOP('',(#5511,#5512,#5513,#5514));
#1089=EDGE_LOOP('',(#5515,#5516));
#1090=LINE('',#8066,#1497);
#1091=LINE('',#8070,#1498);
#1092=LINE('',#8078,#1499);
#1093=LINE('',#8082,#1500);
#1094=LINE('',#8090,#1501);
#1095=LINE('',#8094,#1502);
#1096=LINE('',#8102,#1503);
#1097=LINE('',#8106,#1504);
#1098=LINE('',#8114,#1505);
#1099=LINE('',#8118,#1506);
#1100=LINE('',#8126,#1507);
#1101=LINE('',#8130,#1508);
#1102=LINE('',#8138,#1509);
#1103=LINE('',#8142,#1510);
#1104=LINE('',#8150,#1511);
#1105=LINE('',#8154,#1512);
#1106=LINE('',#8162,#1513);
#1107=LINE('',#8166,#1514);
#1108=LINE('',#8174,#1515);
#1109=LINE('',#8178,#1516);
#1110=LINE('',#8186,#1517);
#1111=LINE('',#8190,#1518);
#1112=LINE('',#8198,#1519);
#1113=LINE('',#8202,#1520);
#1114=LINE('',#8210,#1521);
#1115=LINE('',#8214,#1522);
#1116=LINE('',#8222,#1523);
#1117=LINE('',#8226,#1524);
#1118=LINE('',#8234,#1525);
#1119=LINE('',#8238,#1526);
#1120=LINE('',#8246,#1527);
#1121=LINE('',#8250,#1528);
#1122=LINE('',#8258,#1529);
#1123=LINE('',#8262,#1530);
#1124=LINE('',#8270,#1531);
#1125=LINE('',#8274,#1532);
#1126=LINE('',#8282,#1533);
#1127=LINE('',#8286,#1534);
#1128=LINE('',#8294,#1535);
#1129=LINE('',#8298,#1536);
#1130=LINE('',#8306,#1537);
#1131=LINE('',#8310,#1538);
#1132=LINE('',#8318,#1539);
#1133=LINE('',#8322,#1540);
#1134=LINE('',#8330,#1541);
#1135=LINE('',#8334,#1542);
#1136=LINE('',#8342,#1543);
#1137=LINE('',#8346,#1544);
#1138=LINE('',#8354,#1545);
#1139=LINE('',#8358,#1546);
#1140=LINE('',#8366,#1547);
#1141=LINE('',#8370,#1548);
#1142=LINE('',#8378,#1549);
#1143=LINE('',#8382,#1550);
#1144=LINE('',#8390,#1551);
#1145=LINE('',#8394,#1552);
#1146=LINE('',#8402,#1553);
#1147=LINE('',#8406,#1554);
#1148=LINE('',#8414,#1555);
#1149=LINE('',#8418,#1556);
#1150=LINE('',#8426,#1557);
#1151=LINE('',#8430,#1558);
#1152=LINE('',#8438,#1559);
#1153=LINE('',#8442,#1560);
#1154=LINE('',#8450,#1561);
#1155=LINE('',#8454,#1562);
#1156=LINE('',#8462,#1563);
#1157=LINE('',#8466,#1564);
#1158=LINE('',#8474,#1565);
#1159=LINE('',#8478,#1566);
#1160=LINE('',#8486,#1567);
#1161=LINE('',#8490,#1568);
#1162=LINE('',#8498,#1569);
#1163=LINE('',#8502,#1570);
#1164=LINE('',#8510,#1571);
#1165=LINE('',#8514,#1572);
#1166=LINE('',#8522,#1573);
#1167=LINE('',#8526,#1574);
#1168=LINE('',#8534,#1575);
#1169=LINE('',#8538,#1576);
#1170=LINE('',#8546,#1577);
#1171=LINE('',#8550,#1578);
#1172=LINE('',#8558,#1579);
#1173=LINE('',#8562,#1580);
#1174=LINE('',#8570,#1581);
#1175=LINE('',#8574,#1582);
#1176=LINE('',#8582,#1583);
#1177=LINE('',#8586,#1584);
#1178=LINE('',#8594,#1585);
#1179=LINE('',#8598,#1586);
#1180=LINE('',#8606,#1587);
#1181=LINE('',#8610,#1588);
#1182=LINE('',#8618,#1589);
#1183=LINE('',#8622,#1590);
#1184=LINE('',#8630,#1591);
#1185=LINE('',#8634,#1592);
#1186=LINE('',#8642,#1593);
#1187=LINE('',#8646,#1594);
#1188=LINE('',#8654,#1595);
#1189=LINE('',#8657,#1596);
#1190=LINE('',#8673,#1597);
#1191=LINE('',#8674,#1598);
#1192=LINE('',#8678,#1599);
#1193=LINE('',#8683,#1600);
#1194=LINE('',#11022,#1601);
#1195=LINE('',#11023,#1602);
#1196=LINE('',#11025,#1603);
#1197=LINE('',#11027,#1604);
#1198=LINE('',#11029,#1605);
#1199=LINE('',#11030,#1606);
#1200=LINE('',#11032,#1607);
#1201=LINE('',#11034,#1608);
#1202=LINE('',#11036,#1609);
#1203=LINE('',#11037,#1610);
#1204=LINE('',#11039,#1611);
#1205=LINE('',#11041,#1612);
#1206=LINE('',#11043,#1613);
#1207=LINE('',#11044,#1614);
#1208=LINE('',#11046,#1615);
#1209=LINE('',#11048,#1616);
#1210=LINE('',#11050,#1617);
#1211=LINE('',#11051,#1618);
#1212=LINE('',#11053,#1619);
#1213=LINE('',#11055,#1620);
#1214=LINE('',#11057,#1621);
#1215=LINE('',#11058,#1622);
#1216=LINE('',#11060,#1623);
#1217=LINE('',#11062,#1624);
#1218=LINE('',#11064,#1625);
#1219=LINE('',#11065,#1626);
#1220=LINE('',#11067,#1627);
#1221=LINE('',#11069,#1628);
#1222=LINE('',#11071,#1629);
#1223=LINE('',#11072,#1630);
#1224=LINE('',#11074,#1631);
#1225=LINE('',#11076,#1632);
#1226=LINE('',#11078,#1633);
#1227=LINE('',#11079,#1634);
#1228=LINE('',#11081,#1635);
#1229=LINE('',#11083,#1636);
#1230=LINE('',#11085,#1637);
#1231=LINE('',#11086,#1638);
#1232=LINE('',#11088,#1639);
#1233=LINE('',#11090,#1640);
#1234=LINE('',#11092,#1641);
#1235=LINE('',#11093,#1642);
#1236=LINE('',#11095,#1643);
#1237=LINE('',#11097,#1644);
#1238=LINE('',#11099,#1645);
#1239=LINE('',#11100,#1646);
#1240=LINE('',#11102,#1647);
#1241=LINE('',#11104,#1648);
#1242=LINE('',#11106,#1649);
#1243=LINE('',#11107,#1650);
#1244=LINE('',#11109,#1651);
#1245=LINE('',#11111,#1652);
#1246=LINE('',#11113,#1653);
#1247=LINE('',#11114,#1654);
#1248=LINE('',#11116,#1655);
#1249=LINE('',#11118,#1656);
#1250=LINE('',#11120,#1657);
#1251=LINE('',#11121,#1658);
#1252=LINE('',#11123,#1659);
#1253=LINE('',#11125,#1660);
#1254=LINE('',#11127,#1661);
#1255=LINE('',#11128,#1662);
#1256=LINE('',#11130,#1663);
#1257=LINE('',#11132,#1664);
#1258=LINE('',#11134,#1665);
#1259=LINE('',#11135,#1666);
#1260=LINE('',#11137,#1667);
#1261=LINE('',#11139,#1668);
#1262=LINE('',#11141,#1669);
#1263=LINE('',#11142,#1670);
#1264=LINE('',#11144,#1671);
#1265=LINE('',#11146,#1672);
#1266=LINE('',#11148,#1673);
#1267=LINE('',#11149,#1674);
#1268=LINE('',#11151,#1675);
#1269=LINE('',#11153,#1676);
#1270=LINE('',#11155,#1677);
#1271=LINE('',#11156,#1678);
#1272=LINE('',#11158,#1679);
#1273=LINE('',#11160,#1680);
#1274=LINE('',#11162,#1681);
#1275=LINE('',#11163,#1682);
#1276=LINE('',#11165,#1683);
#1277=LINE('',#11167,#1684);
#1278=LINE('',#11169,#1685);
#1279=LINE('',#11170,#1686);
#1280=LINE('',#11172,#1687);
#1281=LINE('',#11174,#1688);
#1282=LINE('',#11176,#1689);
#1283=LINE('',#11177,#1690);
#1284=LINE('',#11179,#1691);
#1285=LINE('',#11181,#1692);
#1286=LINE('',#11183,#1693);
#1287=LINE('',#11184,#1694);
#1288=LINE('',#11186,#1695);
#1289=LINE('',#11188,#1696);
#1290=LINE('',#11190,#1697);
#1291=LINE('',#11191,#1698);
#1292=LINE('',#11193,#1699);
#1293=LINE('',#11195,#1700);
#1294=LINE('',#11197,#1701);
#1295=LINE('',#11198,#1702);
#1296=LINE('',#11200,#1703);
#1297=LINE('',#11202,#1704);
#1298=LINE('',#11204,#1705);
#1299=LINE('',#11205,#1706);
#1300=LINE('',#11207,#1707);
#1301=LINE('',#11209,#1708);
#1302=LINE('',#11211,#1709);
#1303=LINE('',#11212,#1710);
#1304=LINE('',#11214,#1711);
#1305=LINE('',#11216,#1712);
#1306=LINE('',#11218,#1713);
#1307=LINE('',#11219,#1714);
#1308=LINE('',#11221,#1715);
#1309=LINE('',#11223,#1716);
#1310=LINE('',#11225,#1717);
#1311=LINE('',#11226,#1718);
#1312=LINE('',#11228,#1719);
#1313=LINE('',#11230,#1720);
#1314=LINE('',#11232,#1721);
#1315=LINE('',#11233,#1722);
#1316=LINE('',#11235,#1723);
#1317=LINE('',#11237,#1724);
#1318=LINE('',#11239,#1725);
#1319=LINE('',#11240,#1726);
#1320=LINE('',#11242,#1727);
#1321=LINE('',#11244,#1728);
#1322=LINE('',#11246,#1729);
#1323=LINE('',#11247,#1730);
#1324=LINE('',#11249,#1731);
#1325=LINE('',#11251,#1732);
#1326=LINE('',#11253,#1733);
#1327=LINE('',#11254,#1734);
#1328=LINE('',#11256,#1735);
#1329=LINE('',#11258,#1736);
#1330=LINE('',#11260,#1737);
#1331=LINE('',#11261,#1738);
#1332=LINE('',#11263,#1739);
#1333=LINE('',#11265,#1740);
#1334=LINE('',#11267,#1741);
#1335=LINE('',#11268,#1742);
#1336=LINE('',#11270,#1743);
#1337=LINE('',#11272,#1744);
#1338=LINE('',#11274,#1745);
#1339=LINE('',#11275,#1746);
#1340=LINE('',#11277,#1747);
#1341=LINE('',#11279,#1748);
#1342=LINE('',#11281,#1749);
#1343=LINE('',#11282,#1750);
#1344=LINE('',#11284,#1751);
#1345=LINE('',#11286,#1752);
#1346=LINE('',#11288,#1753);
#1347=LINE('',#11289,#1754);
#1348=LINE('',#11291,#1755);
#1349=LINE('',#11293,#1756);
#1350=LINE('',#11295,#1757);
#1351=LINE('',#11296,#1758);
#1352=LINE('',#11298,#1759);
#1353=LINE('',#11300,#1760);
#1354=LINE('',#11302,#1761);
#1355=LINE('',#11303,#1762);
#1356=LINE('',#11305,#1763);
#1357=LINE('',#11307,#1764);
#1358=LINE('',#11309,#1765);
#1359=LINE('',#11310,#1766);
#1360=LINE('',#11312,#1767);
#1361=LINE('',#11314,#1768);
#1362=LINE('',#11316,#1769);
#1363=LINE('',#11317,#1770);
#1364=LINE('',#11319,#1771);
#1365=LINE('',#11321,#1772);
#1366=LINE('',#11323,#1773);
#1367=LINE('',#11324,#1774);
#1368=LINE('',#11326,#1775);
#1369=LINE('',#11328,#1776);
#1370=LINE('',#11330,#1777);
#1371=LINE('',#11331,#1778);
#1372=LINE('',#11333,#1779);
#1373=LINE('',#11335,#1780);
#1374=LINE('',#11337,#1781);
#1375=LINE('',#11338,#1782);
#1376=LINE('',#11340,#1783);
#1377=LINE('',#11342,#1784);
#1378=LINE('',#11344,#1785);
#1379=LINE('',#11345,#1786);
#1380=LINE('',#11347,#1787);
#1381=LINE('',#11349,#1788);
#1382=LINE('',#11351,#1789);
#1383=LINE('',#11352,#1790);
#1384=LINE('',#11354,#1791);
#1385=LINE('',#11356,#1792);
#1386=LINE('',#11358,#1793);
#1387=LINE('',#11359,#1794);
#1388=LINE('',#11361,#1795);
#1389=LINE('',#11363,#1796);
#1390=LINE('',#11364,#1797);
#1391=LINE('',#11367,#1798);
#1392=LINE('',#11368,#1799);
#1393=LINE('',#11371,#1800);
#1394=LINE('',#11372,#1801);
#1395=LINE('',#11375,#1802);
#1396=LINE('',#11376,#1803);
#1397=LINE('',#11379,#1804);
#1398=LINE('',#11380,#1805);
#1399=LINE('',#11383,#1806);
#1400=LINE('',#11384,#1807);
#1401=LINE('',#11387,#1808);
#1402=LINE('',#11388,#1809);
#1403=LINE('',#11391,#1810);
#1404=LINE('',#11392,#1811);
#1405=LINE('',#11395,#1812);
#1406=LINE('',#11396,#1813);
#1407=LINE('',#11399,#1814);
#1408=LINE('',#11400,#1815);
#1409=LINE('',#11403,#1816);
#1410=LINE('',#11404,#1817);
#1411=LINE('',#11407,#1818);
#1412=LINE('',#11408,#1819);
#1413=LINE('',#11411,#1820);
#1414=LINE('',#11412,#1821);
#1415=LINE('',#11415,#1822);
#1416=LINE('',#11416,#1823);
#1417=LINE('',#11419,#1824);
#1418=LINE('',#11420,#1825);
#1419=LINE('',#11423,#1826);
#1420=LINE('',#11424,#1827);
#1421=LINE('',#11427,#1828);
#1422=LINE('',#11428,#1829);
#1423=LINE('',#11431,#1830);
#1424=LINE('',#11432,#1831);
#1425=LINE('',#11435,#1832);
#1426=LINE('',#11436,#1833);
#1427=LINE('',#11439,#1834);
#1428=LINE('',#11440,#1835);
#1429=LINE('',#11443,#1836);
#1430=LINE('',#11444,#1837);
#1431=LINE('',#11447,#1838);
#1432=LINE('',#11448,#1839);
#1433=LINE('',#11451,#1840);
#1434=LINE('',#11452,#1841);
#1435=LINE('',#11455,#1842);
#1436=LINE('',#11456,#1843);
#1437=LINE('',#11459,#1844);
#1438=LINE('',#11460,#1845);
#1439=LINE('',#11463,#1846);
#1440=LINE('',#11464,#1847);
#1441=LINE('',#11467,#1848);
#1442=LINE('',#11468,#1849);
#1443=LINE('',#11471,#1850);
#1444=LINE('',#11472,#1851);
#1445=LINE('',#11475,#1852);
#1446=LINE('',#11476,#1853);
#1447=LINE('',#11479,#1854);
#1448=LINE('',#11480,#1855);
#1449=LINE('',#11483,#1856);
#1450=LINE('',#11484,#1857);
#1451=LINE('',#11487,#1858);
#1452=LINE('',#11488,#1859);
#1453=LINE('',#11491,#1860);
#1454=LINE('',#11492,#1861);
#1455=LINE('',#11495,#1862);
#1456=LINE('',#11496,#1863);
#1457=LINE('',#11499,#1864);
#1458=LINE('',#11500,#1865);
#1459=LINE('',#11503,#1866);
#1460=LINE('',#11504,#1867);
#1461=LINE('',#11507,#1868);
#1462=LINE('',#11508,#1869);
#1463=LINE('',#11511,#1870);
#1464=LINE('',#11512,#1871);
#1465=LINE('',#11515,#1872);
#1466=LINE('',#11516,#1873);
#1467=LINE('',#11519,#1874);
#1468=LINE('',#11520,#1875);
#1469=LINE('',#11523,#1876);
#1470=LINE('',#11524,#1877);
#1471=LINE('',#11527,#1878);
#1472=LINE('',#11528,#1879);
#1473=LINE('',#11531,#1880);
#1474=LINE('',#11532,#1881);
#1475=LINE('',#11535,#1882);
#1476=LINE('',#11536,#1883);
#1477=LINE('',#11539,#1884);
#1478=LINE('',#11540,#1885);
#1479=LINE('',#11543,#1886);
#1480=LINE('',#11544,#1887);
#1481=LINE('',#11547,#1888);
#1482=LINE('',#11548,#1889);
#1483=LINE('',#11551,#1890);
#1484=LINE('',#11552,#1891);
#1485=LINE('',#11555,#1892);
#1486=LINE('',#11556,#1893);
#1487=LINE('',#11608,#1894);
#1488=LINE('',#11610,#1895);
#1489=LINE('',#11612,#1896);
#1490=LINE('',#11613,#1897);
#1491=LINE('',#11619,#1898);
#1492=LINE('',#11630,#1899);
#1493=LINE('',#11632,#1900);
#1494=LINE('',#11634,#1901);
#1495=LINE('',#11637,#1902);
#1496=LINE('',#11639,#1903);
#1497=VECTOR('',#6523,10.);
#1498=VECTOR('',#6526,10.);
#1499=VECTOR('',#6533,10.);
#1500=VECTOR('',#6536,10.);
#1501=VECTOR('',#6543,10.);
#1502=VECTOR('',#6546,10.);
#1503=VECTOR('',#6553,10.);
#1504=VECTOR('',#6556,10.);
#1505=VECTOR('',#6563,10.);
#1506=VECTOR('',#6566,10.);
#1507=VECTOR('',#6573,10.);
#1508=VECTOR('',#6576,10.);
#1509=VECTOR('',#6583,10.);
#1510=VECTOR('',#6586,10.);
#1511=VECTOR('',#6593,10.);
#1512=VECTOR('',#6596,10.);
#1513=VECTOR('',#6603,10.);
#1514=VECTOR('',#6606,10.);
#1515=VECTOR('',#6613,10.);
#1516=VECTOR('',#6616,10.);
#1517=VECTOR('',#6623,10.);
#1518=VECTOR('',#6626,10.);
#1519=VECTOR('',#6633,10.);
#1520=VECTOR('',#6636,10.);
#1521=VECTOR('',#6643,10.);
#1522=VECTOR('',#6646,10.);
#1523=VECTOR('',#6653,10.);
#1524=VECTOR('',#6656,10.);
#1525=VECTOR('',#6663,10.);
#1526=VECTOR('',#6666,10.);
#1527=VECTOR('',#6673,10.);
#1528=VECTOR('',#6676,10.);
#1529=VECTOR('',#6683,10.);
#1530=VECTOR('',#6686,10.);
#1531=VECTOR('',#6693,10.);
#1532=VECTOR('',#6696,10.);
#1533=VECTOR('',#6703,10.);
#1534=VECTOR('',#6706,10.);
#1535=VECTOR('',#6713,10.);
#1536=VECTOR('',#6716,10.);
#1537=VECTOR('',#6723,10.);
#1538=VECTOR('',#6726,10.);
#1539=VECTOR('',#6733,10.);
#1540=VECTOR('',#6736,10.);
#1541=VECTOR('',#6743,10.);
#1542=VECTOR('',#6746,10.);
#1543=VECTOR('',#6753,10.);
#1544=VECTOR('',#6756,10.);
#1545=VECTOR('',#6763,10.);
#1546=VECTOR('',#6766,10.);
#1547=VECTOR('',#6773,10.);
#1548=VECTOR('',#6776,10.);
#1549=VECTOR('',#6783,10.);
#1550=VECTOR('',#6786,10.);
#1551=VECTOR('',#6793,10.);
#1552=VECTOR('',#6796,10.);
#1553=VECTOR('',#6803,10.);
#1554=VECTOR('',#6806,10.);
#1555=VECTOR('',#6813,10.);
#1556=VECTOR('',#6816,10.);
#1557=VECTOR('',#6823,10.);
#1558=VECTOR('',#6826,10.);
#1559=VECTOR('',#6833,10.);
#1560=VECTOR('',#6836,10.);
#1561=VECTOR('',#6843,10.);
#1562=VECTOR('',#6846,10.);
#1563=VECTOR('',#6853,10.);
#1564=VECTOR('',#6856,10.);
#1565=VECTOR('',#6863,10.);
#1566=VECTOR('',#6866,10.);
#1567=VECTOR('',#6873,10.);
#1568=VECTOR('',#6876,10.);
#1569=VECTOR('',#6883,10.);
#1570=VECTOR('',#6886,10.);
#1571=VECTOR('',#6893,10.);
#1572=VECTOR('',#6896,10.);
#1573=VECTOR('',#6903,10.);
#1574=VECTOR('',#6906,10.);
#1575=VECTOR('',#6913,10.);
#1576=VECTOR('',#6916,10.);
#1577=VECTOR('',#6923,10.);
#1578=VECTOR('',#6926,10.);
#1579=VECTOR('',#6933,10.);
#1580=VECTOR('',#6936,10.);
#1581=VECTOR('',#6943,10.);
#1582=VECTOR('',#6946,10.);
#1583=VECTOR('',#6953,10.);
#1584=VECTOR('',#6956,10.);
#1585=VECTOR('',#6963,10.);
#1586=VECTOR('',#6966,10.);
#1587=VECTOR('',#6973,10.);
#1588=VECTOR('',#6976,10.);
#1589=VECTOR('',#6983,10.);
#1590=VECTOR('',#6986,10.);
#1591=VECTOR('',#6993,10.);
#1592=VECTOR('',#6996,10.);
#1593=VECTOR('',#7003,10.);
#1594=VECTOR('',#7006,10.);
#1595=VECTOR('',#7013,10.);
#1596=VECTOR('',#7016,10.);
#1597=VECTOR('',#7021,10.);
#1598=VECTOR('',#7022,10.);
#1599=VECTOR('',#7027,10.);
#1600=VECTOR('',#7032,12.);
#1601=VECTOR('',#7135,10.);
#1602=VECTOR('',#7136,10.);
#1603=VECTOR('',#7139,10.);
#1604=VECTOR('',#7142,10.);
#1605=VECTOR('',#7145,10.);
#1606=VECTOR('',#7146,10.);
#1607=VECTOR('',#7149,10.);
#1608=VECTOR('',#7152,10.);
#1609=VECTOR('',#7155,10.);
#1610=VECTOR('',#7156,10.);
#1611=VECTOR('',#7159,10.);
#1612=VECTOR('',#7162,10.);
#1613=VECTOR('',#7165,10.);
#1614=VECTOR('',#7166,10.);
#1615=VECTOR('',#7169,10.);
#1616=VECTOR('',#7172,10.);
#1617=VECTOR('',#7175,10.);
#1618=VECTOR('',#7176,10.);
#1619=VECTOR('',#7179,10.);
#1620=VECTOR('',#7182,10.);
#1621=VECTOR('',#7185,10.);
#1622=VECTOR('',#7186,10.);
#1623=VECTOR('',#7189,10.);
#1624=VECTOR('',#7192,10.);
#1625=VECTOR('',#7195,10.);
#1626=VECTOR('',#7196,10.);
#1627=VECTOR('',#7199,10.);
#1628=VECTOR('',#7202,10.);
#1629=VECTOR('',#7205,10.);
#1630=VECTOR('',#7206,10.);
#1631=VECTOR('',#7209,10.);
#1632=VECTOR('',#7212,10.);
#1633=VECTOR('',#7215,10.);
#1634=VECTOR('',#7216,10.);
#1635=VECTOR('',#7219,10.);
#1636=VECTOR('',#7222,10.);
#1637=VECTOR('',#7225,10.);
#1638=VECTOR('',#7226,10.);
#1639=VECTOR('',#7229,10.);
#1640=VECTOR('',#7232,10.);
#1641=VECTOR('',#7235,10.);
#1642=VECTOR('',#7236,10.);
#1643=VECTOR('',#7239,10.);
#1644=VECTOR('',#7242,10.);
#1645=VECTOR('',#7245,10.);
#1646=VECTOR('',#7246,10.);
#1647=VECTOR('',#7249,10.);
#1648=VECTOR('',#7252,10.);
#1649=VECTOR('',#7255,10.);
#1650=VECTOR('',#7256,10.);
#1651=VECTOR('',#7259,10.);
#1652=VECTOR('',#7262,10.);
#1653=VECTOR('',#7265,10.);
#1654=VECTOR('',#7266,10.);
#1655=VECTOR('',#7269,10.);
#1656=VECTOR('',#7272,10.);
#1657=VECTOR('',#7275,10.);
#1658=VECTOR('',#7276,10.);
#1659=VECTOR('',#7279,10.);
#1660=VECTOR('',#7282,10.);
#1661=VECTOR('',#7285,10.);
#1662=VECTOR('',#7286,10.);
#1663=VECTOR('',#7289,10.);
#1664=VECTOR('',#7292,10.);
#1665=VECTOR('',#7295,10.);
#1666=VECTOR('',#7296,10.);
#1667=VECTOR('',#7299,10.);
#1668=VECTOR('',#7302,10.);
#1669=VECTOR('',#7305,10.);
#1670=VECTOR('',#7306,10.);
#1671=VECTOR('',#7309,10.);
#1672=VECTOR('',#7312,10.);
#1673=VECTOR('',#7315,10.);
#1674=VECTOR('',#7316,10.);
#1675=VECTOR('',#7319,10.);
#1676=VECTOR('',#7322,10.);
#1677=VECTOR('',#7325,10.);
#1678=VECTOR('',#7326,10.);
#1679=VECTOR('',#7329,10.);
#1680=VECTOR('',#7332,10.);
#1681=VECTOR('',#7335,10.);
#1682=VECTOR('',#7336,10.);
#1683=VECTOR('',#7339,10.);
#1684=VECTOR('',#7342,10.);
#1685=VECTOR('',#7345,10.);
#1686=VECTOR('',#7346,10.);
#1687=VECTOR('',#7349,10.);
#1688=VECTOR('',#7352,10.);
#1689=VECTOR('',#7355,10.);
#1690=VECTOR('',#7356,10.);
#1691=VECTOR('',#7359,10.);
#1692=VECTOR('',#7362,10.);
#1693=VECTOR('',#7365,10.);
#1694=VECTOR('',#7366,10.);
#1695=VECTOR('',#7369,10.);
#1696=VECTOR('',#7372,10.);
#1697=VECTOR('',#7375,10.);
#1698=VECTOR('',#7376,10.);
#1699=VECTOR('',#7379,10.);
#1700=VECTOR('',#7382,10.);
#1701=VECTOR('',#7385,10.);
#1702=VECTOR('',#7386,10.);
#1703=VECTOR('',#7389,10.);
#1704=VECTOR('',#7392,10.);
#1705=VECTOR('',#7395,10.);
#1706=VECTOR('',#7396,10.);
#1707=VECTOR('',#7399,10.);
#1708=VECTOR('',#7402,10.);
#1709=VECTOR('',#7405,10.);
#1710=VECTOR('',#7406,10.);
#1711=VECTOR('',#7409,10.);
#1712=VECTOR('',#7412,10.);
#1713=VECTOR('',#7415,10.);
#1714=VECTOR('',#7416,10.);
#1715=VECTOR('',#7419,10.);
#1716=VECTOR('',#7422,10.);
#1717=VECTOR('',#7425,10.);
#1718=VECTOR('',#7426,10.);
#1719=VECTOR('',#7429,10.);
#1720=VECTOR('',#7432,10.);
#1721=VECTOR('',#7435,10.);
#1722=VECTOR('',#7436,10.);
#1723=VECTOR('',#7439,10.);
#1724=VECTOR('',#7442,10.);
#1725=VECTOR('',#7445,10.);
#1726=VECTOR('',#7446,10.);
#1727=VECTOR('',#7449,10.);
#1728=VECTOR('',#7452,10.);
#1729=VECTOR('',#7455,10.);
#1730=VECTOR('',#7456,10.);
#1731=VECTOR('',#7459,10.);
#1732=VECTOR('',#7462,10.);
#1733=VECTOR('',#7465,10.);
#1734=VECTOR('',#7466,10.);
#1735=VECTOR('',#7469,10.);
#1736=VECTOR('',#7472,10.);
#1737=VECTOR('',#7475,10.);
#1738=VECTOR('',#7476,10.);
#1739=VECTOR('',#7479,10.);
#1740=VECTOR('',#7482,10.);
#1741=VECTOR('',#7485,10.);
#1742=VECTOR('',#7486,10.);
#1743=VECTOR('',#7489,10.);
#1744=VECTOR('',#7492,10.);
#1745=VECTOR('',#7495,10.);
#1746=VECTOR('',#7496,10.);
#1747=VECTOR('',#7499,10.);
#1748=VECTOR('',#7502,10.);
#1749=VECTOR('',#7505,10.);
#1750=VECTOR('',#7506,10.);
#1751=VECTOR('',#7509,10.);
#1752=VECTOR('',#7512,10.);
#1753=VECTOR('',#7515,10.);
#1754=VECTOR('',#7516,10.);
#1755=VECTOR('',#7519,10.);
#1756=VECTOR('',#7522,10.);
#1757=VECTOR('',#7525,10.);
#1758=VECTOR('',#7526,10.);
#1759=VECTOR('',#7529,10.);
#1760=VECTOR('',#7532,10.);
#1761=VECTOR('',#7535,10.);
#1762=VECTOR('',#7536,10.);
#1763=VECTOR('',#7539,10.);
#1764=VECTOR('',#7542,10.);
#1765=VECTOR('',#7545,10.);
#1766=VECTOR('',#7546,10.);
#1767=VECTOR('',#7549,10.);
#1768=VECTOR('',#7552,10.);
#1769=VECTOR('',#7555,10.);
#1770=VECTOR('',#7556,10.);
#1771=VECTOR('',#7559,10.);
#1772=VECTOR('',#7562,10.);
#1773=VECTOR('',#7565,10.);
#1774=VECTOR('',#7566,10.);
#1775=VECTOR('',#7569,10.);
#1776=VECTOR('',#7572,10.);
#1777=VECTOR('',#7575,10.);
#1778=VECTOR('',#7576,10.);
#1779=VECTOR('',#7579,10.);
#1780=VECTOR('',#7582,10.);
#1781=VECTOR('',#7585,10.);
#1782=VECTOR('',#7586,10.);
#1783=VECTOR('',#7589,10.);
#1784=VECTOR('',#7592,10.);
#1785=VECTOR('',#7595,10.);
#1786=VECTOR('',#7596,10.);
#1787=VECTOR('',#7599,10.);
#1788=VECTOR('',#7602,10.);
#1789=VECTOR('',#7605,10.);
#1790=VECTOR('',#7606,10.);
#1791=VECTOR('',#7609,10.);
#1792=VECTOR('',#7612,10.);
#1793=VECTOR('',#7615,10.);
#1794=VECTOR('',#7616,10.);
#1795=VECTOR('',#7619,10.);
#1796=VECTOR('',#7622,10.);
#1797=VECTOR('',#7623,10.);
#1798=VECTOR('',#7628,10.);
#1799=VECTOR('',#7629,10.);
#1800=VECTOR('',#7634,10.);
#1801=VECTOR('',#7635,10.);
#1802=VECTOR('',#7640,10.);
#1803=VECTOR('',#7641,10.);
#1804=VECTOR('',#7646,10.);
#1805=VECTOR('',#7647,10.);
#1806=VECTOR('',#7652,10.);
#1807=VECTOR('',#7653,10.);
#1808=VECTOR('',#7658,10.);
#1809=VECTOR('',#7659,10.);
#1810=VECTOR('',#7664,10.);
#1811=VECTOR('',#7665,10.);
#1812=VECTOR('',#7670,10.);
#1813=VECTOR('',#7671,10.);
#1814=VECTOR('',#7676,10.);
#1815=VECTOR('',#7677,10.);
#1816=VECTOR('',#7682,10.);
#1817=VECTOR('',#7683,10.);
#1818=VECTOR('',#7688,10.);
#1819=VECTOR('',#7689,10.);
#1820=VECTOR('',#7694,10.);
#1821=VECTOR('',#7695,10.);
#1822=VECTOR('',#7700,10.);
#1823=VECTOR('',#7701,10.);
#1824=VECTOR('',#7706,10.);
#1825=VECTOR('',#7707,10.);
#1826=VECTOR('',#7712,10.);
#1827=VECTOR('',#7713,10.);
#1828=VECTOR('',#7718,10.);
#1829=VECTOR('',#7719,10.);
#1830=VECTOR('',#7724,10.);
#1831=VECTOR('',#7725,10.);
#1832=VECTOR('',#7730,10.);
#1833=VECTOR('',#7731,10.);
#1834=VECTOR('',#7736,10.);
#1835=VECTOR('',#7737,10.);
#1836=VECTOR('',#7742,10.);
#1837=VECTOR('',#7743,10.);
#1838=VECTOR('',#7748,10.);
#1839=VECTOR('',#7749,10.);
#1840=VECTOR('',#7754,10.);
#1841=VECTOR('',#7755,10.);
#1842=VECTOR('',#7760,10.);
#1843=VECTOR('',#7761,10.);
#1844=VECTOR('',#7766,10.);
#1845=VECTOR('',#7767,10.);
#1846=VECTOR('',#7772,10.);
#1847=VECTOR('',#7773,10.);
#1848=VECTOR('',#7778,10.);
#1849=VECTOR('',#7779,10.);
#1850=VECTOR('',#7784,10.);
#1851=VECTOR('',#7785,10.);
#1852=VECTOR('',#7790,10.);
#1853=VECTOR('',#7791,10.);
#1854=VECTOR('',#7796,10.);
#1855=VECTOR('',#7797,10.);
#1856=VECTOR('',#7802,10.);
#1857=VECTOR('',#7803,10.);
#1858=VECTOR('',#7808,10.);
#1859=VECTOR('',#7809,10.);
#1860=VECTOR('',#7814,10.);
#1861=VECTOR('',#7815,10.);
#1862=VECTOR('',#7820,10.);
#1863=VECTOR('',#7821,10.);
#1864=VECTOR('',#7826,10.);
#1865=VECTOR('',#7827,10.);
#1866=VECTOR('',#7832,10.);
#1867=VECTOR('',#7833,10.);
#1868=VECTOR('',#7838,10.);
#1869=VECTOR('',#7839,10.);
#1870=VECTOR('',#7844,10.);
#1871=VECTOR('',#7845,10.);
#1872=VECTOR('',#7850,10.);
#1873=VECTOR('',#7851,10.);
#1874=VECTOR('',#7856,10.);
#1875=VECTOR('',#7857,10.);
#1876=VECTOR('',#7862,10.);
#1877=VECTOR('',#7863,10.);
#1878=VECTOR('',#7868,10.);
#1879=VECTOR('',#7869,10.);
#1880=VECTOR('',#7874,10.);
#1881=VECTOR('',#7875,10.);
#1882=VECTOR('',#7880,10.);
#1883=VECTOR('',#7881,10.);
#1884=VECTOR('',#7886,10.);
#1885=VECTOR('',#7887,10.);
#1886=VECTOR('',#7892,10.);
#1887=VECTOR('',#7893,10.);
#1888=VECTOR('',#7898,10.);
#1889=VECTOR('',#7899,10.);
#1890=VECTOR('',#7904,10.);
#1891=VECTOR('',#7905,10.);
#1892=VECTOR('',#7910,10.);
#1893=VECTOR('',#7911,10.);
#1894=VECTOR('',#8014,10.);
#1895=VECTOR('',#8017,10.);
#1896=VECTOR('',#8020,10.);
#1897=VECTOR('',#8021,10.);
#1898=VECTOR('',#8030,3.866);
#1899=VECTOR('',#8043,10.);
#1900=VECTOR('',#8046,3.1300000000001);
#1901=VECTOR('',#8047,10.);
#1902=VECTOR('',#8050,10.);
#1903=VECTOR('',#8053,10.);
#1904=CIRCLE('',#5947,0.3);
#1905=CIRCLE('',#5948,12.5);
#1906=CIRCLE('',#5949,0.3);
#1907=CIRCLE('',#5950,0.4);
#1908=CIRCLE('',#5951,0.3);
#1909=CIRCLE('',#5952,12.5);
#1910=CIRCLE('',#5953,0.3);
#1911=CIRCLE('',#5954,0.4);
#1912=CIRCLE('',#5955,0.3);
#1913=CIRCLE('',#5956,12.5);
#1914=CIRCLE('',#5957,0.3);
#1915=CIRCLE('',#5958,0.4);
#1916=CIRCLE('',#5959,0.3);
#1917=CIRCLE('',#5960,12.5);
#1918=CIRCLE('',#5961,0.3);
#1919=CIRCLE('',#5962,0.4);
#1920=CIRCLE('',#5963,0.3);
#1921=CIRCLE('',#5964,12.5);
#1922=CIRCLE('',#5965,0.3);
#1923=CIRCLE('',#5966,0.4);
#1924=CIRCLE('',#5967,0.3);
#1925=CIRCLE('',#5968,12.5);
#1926=CIRCLE('',#5969,0.3);
#1927=CIRCLE('',#5970,0.4);
#1928=CIRCLE('',#5971,0.3);
#1929=CIRCLE('',#5972,12.5);
#1930=CIRCLE('',#5973,0.3);
#1931=CIRCLE('',#5974,0.4);
#1932=CIRCLE('',#5975,0.3);
#1933=CIRCLE('',#5976,12.5);
#1934=CIRCLE('',#5977,0.3);
#1935=CIRCLE('',#5978,0.4);
#1936=CIRCLE('',#5979,0.3);
#1937=CIRCLE('',#5980,12.5);
#1938=CIRCLE('',#5981,0.3);
#1939=CIRCLE('',#5982,0.4);
#1940=CIRCLE('',#5983,0.3);
#1941=CIRCLE('',#5984,12.5);
#1942=CIRCLE('',#5985,0.3);
#1943=CIRCLE('',#5986,0.4);
#1944=CIRCLE('',#5987,0.3);
#1945=CIRCLE('',#5988,12.5);
#1946=CIRCLE('',#5989,0.3);
#1947=CIRCLE('',#5990,0.4);
#1948=CIRCLE('',#5991,0.3);
#1949=CIRCLE('',#5992,12.5);
#1950=CIRCLE('',#5993,0.3);
#1951=CIRCLE('',#5994,0.4);
#1952=CIRCLE('',#5995,0.3);
#1953=CIRCLE('',#5996,12.5);
#1954=CIRCLE('',#5997,0.3);
#1955=CIRCLE('',#5998,0.4);
#1956=CIRCLE('',#5999,0.3);
#1957=CIRCLE('',#6000,12.5);
#1958=CIRCLE('',#6001,0.3);
#1959=CIRCLE('',#6002,0.4);
#1960=CIRCLE('',#6003,0.3);
#1961=CIRCLE('',#6004,12.5);
#1962=CIRCLE('',#6005,0.3);
#1963=CIRCLE('',#6006,0.4);
#1964=CIRCLE('',#6007,0.3);
#1965=CIRCLE('',#6008,12.5);
#1966=CIRCLE('',#6009,0.3);
#1967=CIRCLE('',#6010,0.4);
#1968=CIRCLE('',#6011,0.3);
#1969=CIRCLE('',#6012,12.5);
#1970=CIRCLE('',#6013,0.3);
#1971=CIRCLE('',#6014,0.4);
#1972=CIRCLE('',#6015,0.3);
#1973=CIRCLE('',#6016,12.5);
#1974=CIRCLE('',#6017,0.3);
#1975=CIRCLE('',#6018,0.4);
#1976=CIRCLE('',#6019,0.3);
#1977=CIRCLE('',#6020,12.5);
#1978=CIRCLE('',#6021,0.3);
#1979=CIRCLE('',#6022,0.4);
#1980=CIRCLE('',#6023,0.3);
#1981=CIRCLE('',#6024,12.5);
#1982=CIRCLE('',#6025,0.3);
#1983=CIRCLE('',#6026,0.4);
#1984=CIRCLE('',#6027,0.3);
#1985=CIRCLE('',#6028,12.5);
#1986=CIRCLE('',#6029,0.3);
#1987=CIRCLE('',#6030,0.4);
#1988=CIRCLE('',#6031,0.3);
#1989=CIRCLE('',#6032,12.5);
#1990=CIRCLE('',#6033,0.3);
#1991=CIRCLE('',#6034,0.4);
#1992=CIRCLE('',#6035,0.3);
#1993=CIRCLE('',#6036,12.5);
#1994=CIRCLE('',#6037,0.3);
#1995=CIRCLE('',#6038,0.4);
#1996=CIRCLE('',#6039,0.3);
#1997=CIRCLE('',#6040,12.5);
#1998=CIRCLE('',#6041,0.3);
#1999=CIRCLE('',#6042,0.4);
#2000=CIRCLE('',#6043,0.3);
#2001=CIRCLE('',#6044,12.5);
#2002=CIRCLE('',#6045,0.3);
#2003=CIRCLE('',#6046,0.4);
#2004=CIRCLE('',#6047,0.3);
#2005=CIRCLE('',#6048,12.5);
#2006=CIRCLE('',#6049,0.3);
#2007=CIRCLE('',#6050,0.4);
#2008=CIRCLE('',#6051,0.3);
#2009=CIRCLE('',#6052,12.5);
#2010=CIRCLE('',#6053,0.3);
#2011=CIRCLE('',#6054,0.4);
#2012=CIRCLE('',#6055,0.3);
#2013=CIRCLE('',#6056,12.5);
#2014=CIRCLE('',#6057,0.3);
#2015=CIRCLE('',#6058,0.4);
#2016=CIRCLE('',#6059,0.3);
#2017=CIRCLE('',#6060,12.5);
#2018=CIRCLE('',#6061,0.3);
#2019=CIRCLE('',#6062,0.4);
#2020=CIRCLE('',#6063,0.3);
#2021=CIRCLE('',#6064,12.5);
#2022=CIRCLE('',#6065,0.3);
#2023=CIRCLE('',#6066,0.4);
#2024=CIRCLE('',#6067,0.3);
#2025=CIRCLE('',#6068,12.5);
#2026=CIRCLE('',#6069,0.3);
#2027=CIRCLE('',#6070,0.4);
#2028=CIRCLE('',#6071,0.3);
#2029=CIRCLE('',#6072,12.5);
#2030=CIRCLE('',#6073,0.3);
#2031=CIRCLE('',#6074,0.4);
#2032=CIRCLE('',#6075,0.3);
#2033=CIRCLE('',#6076,12.5);
#2034=CIRCLE('',#6077,0.3);
#2035=CIRCLE('',#6078,0.4);
#2036=CIRCLE('',#6079,0.3);
#2037=CIRCLE('',#6080,12.5);
#2038=CIRCLE('',#6081,0.3);
#2039=CIRCLE('',#6082,0.4);
#2040=CIRCLE('',#6083,0.3);
#2041=CIRCLE('',#6084,12.5);
#2042=CIRCLE('',#6085,0.3);
#2043=CIRCLE('',#6086,0.4);
#2044=CIRCLE('',#6087,0.3);
#2045=CIRCLE('',#6088,12.5);
#2046=CIRCLE('',#6089,0.3);
#2047=CIRCLE('',#6090,0.4);
#2048=CIRCLE('',#6091,0.3);
#2049=CIRCLE('',#6092,12.5);
#2050=CIRCLE('',#6093,0.3);
#2051=CIRCLE('',#6094,0.4);
#2052=CIRCLE('',#6095,0.3);
#2053=CIRCLE('',#6096,12.5);
#2054=CIRCLE('',#6097,0.3);
#2055=CIRCLE('',#6098,0.4);
#2056=CIRCLE('',#6099,0.3);
#2057=CIRCLE('',#6100,12.5);
#2058=CIRCLE('',#6101,0.3);
#2059=CIRCLE('',#6102,0.4);
#2060=CIRCLE('',#6103,0.3);
#2061=CIRCLE('',#6104,12.5);
#2062=CIRCLE('',#6105,0.3);
#2063=CIRCLE('',#6106,0.4);
#2064=CIRCLE('',#6107,0.3);
#2065=CIRCLE('',#6108,12.5);
#2066=CIRCLE('',#6109,0.3);
#2067=CIRCLE('',#6110,0.4);
#2068=CIRCLE('',#6111,0.3);
#2069=CIRCLE('',#6112,12.5);
#2070=CIRCLE('',#6113,0.3);
#2071=CIRCLE('',#6114,0.4);
#2072=CIRCLE('',#6115,0.3);
#2073=CIRCLE('',#6116,12.5);
#2074=CIRCLE('',#6117,0.3);
#2075=CIRCLE('',#6118,0.4);
#2076=CIRCLE('',#6119,0.3);
#2077=CIRCLE('',#6120,12.5);
#2078=CIRCLE('',#6121,0.3);
#2079=CIRCLE('',#6122,0.4);
#2080=CIRCLE('',#6123,0.3);
#2081=CIRCLE('',#6124,12.5);
#2082=CIRCLE('',#6125,0.3);
#2083=CIRCLE('',#6126,0.4);
#2084=CIRCLE('',#6127,0.3);
#2085=CIRCLE('',#6128,12.5);
#2086=CIRCLE('',#6129,0.3);
#2087=CIRCLE('',#6130,0.4);
#2088=CIRCLE('',#6131,0.3);
#2089=CIRCLE('',#6132,12.5);
#2090=CIRCLE('',#6133,0.3);
#2091=CIRCLE('',#6134,0.4);
#2092=CIRCLE('',#6135,0.3);
#2093=CIRCLE('',#6136,12.5);
#2094=CIRCLE('',#6137,0.3);
#2095=CIRCLE('',#6138,0.4);
#2096=CIRCLE('',#6139,0.3);
#2097=CIRCLE('',#6140,12.5);
#2098=CIRCLE('',#6141,0.3);
#2099=CIRCLE('',#6142,0.4);
#2100=CIRCLE('',#6143,0.3);
#2101=CIRCLE('',#6144,12.5);
#2102=CIRCLE('',#6145,0.3);
#2103=CIRCLE('',#6146,0.4);
#2104=CIRCLE('',#6147,3.866);
#2105=CIRCLE('',#6150,12.5);
#2106=CIRCLE('',#6152,11.5);
#2107=CIRCLE('',#6153,12.5);
#2108=CIRCLE('',#6154,12.5);
#2109=CIRCLE('',#6155,12.5);
#2110=CIRCLE('',#6156,12.5);
#2111=CIRCLE('',#6157,12.5);
#2112=CIRCLE('',#6158,12.5);
#2113=CIRCLE('',#6159,12.5);
#2114=CIRCLE('',#6160,12.5);
#2115=CIRCLE('',#6161,12.5);
#2116=CIRCLE('',#6162,12.5);
#2117=CIRCLE('',#6163,12.5);
#2118=CIRCLE('',#6164,12.5);
#2119=CIRCLE('',#6165,12.5);
#2120=CIRCLE('',#6166,12.5);
#2121=CIRCLE('',#6167,12.5);
#2122=CIRCLE('',#6168,12.5);
#2123=CIRCLE('',#6169,12.5);
#2124=CIRCLE('',#6170,12.5);
#2125=CIRCLE('',#6171,12.5);
#2126=CIRCLE('',#6172,12.5);
#2127=CIRCLE('',#6173,12.5);
#2128=CIRCLE('',#6174,12.5);
#2129=CIRCLE('',#6175,12.5);
#2130=CIRCLE('',#6176,12.5);
#2131=CIRCLE('',#6177,12.5);
#2132=CIRCLE('',#6178,12.5);
#2133=CIRCLE('',#6179,12.5);
#2134=CIRCLE('',#6180,12.5);
#2135=CIRCLE('',#6181,12.5);
#2136=CIRCLE('',#6182,12.5);
#2137=CIRCLE('',#6183,12.5);
#2138=CIRCLE('',#6184,12.5);
#2139=CIRCLE('',#6185,12.5);
#2140=CIRCLE('',#6186,12.5);
#2141=CIRCLE('',#6187,12.5);
#2142=CIRCLE('',#6188,12.5);
#2143=CIRCLE('',#6189,12.5);
#2144=CIRCLE('',#6190,12.5);
#2145=CIRCLE('',#6191,12.5);
#2146=CIRCLE('',#6192,12.5);
#2147=CIRCLE('',#6193,12.5);
#2148=CIRCLE('',#6194,12.5);
#2149=CIRCLE('',#6195,12.5);
#2150=CIRCLE('',#6196,12.5);
#2151=CIRCLE('',#6197,12.5);
#2152=CIRCLE('',#6198,12.5);
#2153=CIRCLE('',#6199,12.5);
#2154=CIRCLE('',#6200,12.5);
#2155=CIRCLE('',#6201,12.5);
#2156=CIRCLE('',#6202,12.5);
#2157=CIRCLE('',#6503,3.866);
#2158=CIRCLE('',#6505,3.13000000000009);
#2159=CIRCLE('',#6507,3.1300000000001);
#2160=CIRCLE('',#6508,3.1300000000001);
#2161=CIRCLE('',#6510,3.13000000000009);
#2162=VERTEX_POINT('',#8058);
#2163=VERTEX_POINT('',#8059);
#2164=VERTEX_POINT('',#8061);
#2165=VERTEX_POINT('',#8063);
#2166=VERTEX_POINT('',#8065);
#2167=VERTEX_POINT('',#8067);
#2168=VERTEX_POINT('',#8069);
#2169=VERTEX_POINT('',#8071);
#2170=VERTEX_POINT('',#8073);
#2171=VERTEX_POINT('',#8075);
#2172=VERTEX_POINT('',#8077);
#2173=VERTEX_POINT('',#8079);
#2174=VERTEX_POINT('',#8081);
#2175=VERTEX_POINT('',#8083);
#2176=VERTEX_POINT('',#8085);
#2177=VERTEX_POINT('',#8087);
#2178=VERTEX_POINT('',#8089);
#2179=VERTEX_POINT('',#8091);
#2180=VERTEX_POINT('',#8093);
#2181=VERTEX_POINT('',#8095);
#2182=VERTEX_POINT('',#8097);
#2183=VERTEX_POINT('',#8099);
#2184=VERTEX_POINT('',#8101);
#2185=VERTEX_POINT('',#8103);
#2186=VERTEX_POINT('',#8105);
#2187=VERTEX_POINT('',#8107);
#2188=VERTEX_POINT('',#8109);
#2189=VERTEX_POINT('',#8111);
#2190=VERTEX_POINT('',#8113);
#2191=VERTEX_POINT('',#8115);
#2192=VERTEX_POINT('',#8117);
#2193=VERTEX_POINT('',#8119);
#2194=VERTEX_POINT('',#8121);
#2195=VERTEX_POINT('',#8123);
#2196=VERTEX_POINT('',#8125);
#2197=VERTEX_POINT('',#8127);
#2198=VERTEX_POINT('',#8129);
#2199=VERTEX_POINT('',#8131);
#2200=VERTEX_POINT('',#8133);
#2201=VERTEX_POINT('',#8135);
#2202=VERTEX_POINT('',#8137);
#2203=VERTEX_POINT('',#8139);
#2204=VERTEX_POINT('',#8141);
#2205=VERTEX_POINT('',#8143);
#2206=VERTEX_POINT('',#8145);
#2207=VERTEX_POINT('',#8147);
#2208=VERTEX_POINT('',#8149);
#2209=VERTEX_POINT('',#8151);
#2210=VERTEX_POINT('',#8153);
#2211=VERTEX_POINT('',#8155);
#2212=VERTEX_POINT('',#8157);
#2213=VERTEX_POINT('',#8159);
#2214=VERTEX_POINT('',#8161);
#2215=VERTEX_POINT('',#8163);
#2216=VERTEX_POINT('',#8165);
#2217=VERTEX_POINT('',#8167);
#2218=VERTEX_POINT('',#8169);
#2219=VERTEX_POINT('',#8171);
#2220=VERTEX_POINT('',#8173);
#2221=VERTEX_POINT('',#8175);
#2222=VERTEX_POINT('',#8177);
#2223=VERTEX_POINT('',#8179);
#2224=VERTEX_POINT('',#8181);
#2225=VERTEX_POINT('',#8183);
#2226=VERTEX_POINT('',#8185);
#2227=VERTEX_POINT('',#8187);
#2228=VERTEX_POINT('',#8189);
#2229=VERTEX_POINT('',#8191);
#2230=VERTEX_POINT('',#8193);
#2231=VERTEX_POINT('',#8195);
#2232=VERTEX_POINT('',#8197);
#2233=VERTEX_POINT('',#8199);
#2234=VERTEX_POINT('',#8201);
#2235=VERTEX_POINT('',#8203);
#2236=VERTEX_POINT('',#8205);
#2237=VERTEX_POINT('',#8207);
#2238=VERTEX_POINT('',#8209);
#2239=VERTEX_POINT('',#8211);
#2240=VERTEX_POINT('',#8213);
#2241=VERTEX_POINT('',#8215);
#2242=VERTEX_POINT('',#8217);
#2243=VERTEX_POINT('',#8219);
#2244=VERTEX_POINT('',#8221);
#2245=VERTEX_POINT('',#8223);
#2246=VERTEX_POINT('',#8225);
#2247=VERTEX_POINT('',#8227);
#2248=VERTEX_POINT('',#8229);
#2249=VERTEX_POINT('',#8231);
#2250=VERTEX_POINT('',#8233);
#2251=VERTEX_POINT('',#8235);
#2252=VERTEX_POINT('',#8237);
#2253=VERTEX_POINT('',#8239);
#2254=VERTEX_POINT('',#8241);
#2255=VERTEX_POINT('',#8243);
#2256=VERTEX_POINT('',#8245);
#2257=VERTEX_POINT('',#8247);
#2258=VERTEX_POINT('',#8249);
#2259=VERTEX_POINT('',#8251);
#2260=VERTEX_POINT('',#8253);
#2261=VERTEX_POINT('',#8255);
#2262=VERTEX_POINT('',#8257);
#2263=VERTEX_POINT('',#8259);
#2264=VERTEX_POINT('',#8261);
#2265=VERTEX_POINT('',#8263);
#2266=VERTEX_POINT('',#8265);
#2267=VERTEX_POINT('',#8267);
#2268=VERTEX_POINT('',#8269);
#2269=VERTEX_POINT('',#8271);
#2270=VERTEX_POINT('',#8273);
#2271=VERTEX_POINT('',#8275);
#2272=VERTEX_POINT('',#8277);
#2273=VERTEX_POINT('',#8279);
#2274=VERTEX_POINT('',#8281);
#2275=VERTEX_POINT('',#8283);
#2276=VERTEX_POINT('',#8285);
#2277=VERTEX_POINT('',#8287);
#2278=VERTEX_POINT('',#8289);
#2279=VERTEX_POINT('',#8291);
#2280=VERTEX_POINT('',#8293);
#2281=VERTEX_POINT('',#8295);
#2282=VERTEX_POINT('',#8297);
#2283=VERTEX_POINT('',#8299);
#2284=VERTEX_POINT('',#8301);
#2285=VERTEX_POINT('',#8303);
#2286=VERTEX_POINT('',#8305);
#2287=VERTEX_POINT('',#8307);
#2288=VERTEX_POINT('',#8309);
#2289=VERTEX_POINT('',#8311);
#2290=VERTEX_POINT('',#8313);
#2291=VERTEX_POINT('',#8315);
#2292=VERTEX_POINT('',#8317);
#2293=VERTEX_POINT('',#8319);
#2294=VERTEX_POINT('',#8321);
#2295=VERTEX_POINT('',#8323);
#2296=VERTEX_POINT('',#8325);
#2297=VERTEX_POINT('',#8327);
#2298=VERTEX_POINT('',#8329);
#2299=VERTEX_POINT('',#8331);
#2300=VERTEX_POINT('',#8333);
#2301=VERTEX_POINT('',#8335);
#2302=VERTEX_POINT('',#8337);
#2303=VERTEX_POINT('',#8339);
#2304=VERTEX_POINT('',#8341);
#2305=VERTEX_POINT('',#8343);
#2306=VERTEX_POINT('',#8345);
#2307=VERTEX_POINT('',#8347);
#2308=VERTEX_POINT('',#8349);
#2309=VERTEX_POINT('',#8351);
#2310=VERTEX_POINT('',#8353);
#2311=VERTEX_POINT('',#8355);
#2312=VERTEX_POINT('',#8357);
#2313=VERTEX_POINT('',#8359);
#2314=VERTEX_POINT('',#8361);
#2315=VERTEX_POINT('',#8363);
#2316=VERTEX_POINT('',#8365);
#2317=VERTEX_POINT('',#8367);
#2318=VERTEX_POINT('',#8369);
#2319=VERTEX_POINT('',#8371);
#2320=VERTEX_POINT('',#8373);
#2321=VERTEX_POINT('',#8375);
#2322=VERTEX_POINT('',#8377);
#2323=VERTEX_POINT('',#8379);
#2324=VERTEX_POINT('',#8381);
#2325=VERTEX_POINT('',#8383);
#2326=VERTEX_POINT('',#8385);
#2327=VERTEX_POINT('',#8387);
#2328=VERTEX_POINT('',#8389);
#2329=VERTEX_POINT('',#8391);
#2330=VERTEX_POINT('',#8393);
#2331=VERTEX_POINT('',#8395);
#2332=VERTEX_POINT('',#8397);
#2333=VERTEX_POINT('',#8399);
#2334=VERTEX_POINT('',#8401);
#2335=VERTEX_POINT('',#8403);
#2336=VERTEX_POINT('',#8405);
#2337=VERTEX_POINT('',#8407);
#2338=VERTEX_POINT('',#8409);
#2339=VERTEX_POINT('',#8411);
#2340=VERTEX_POINT('',#8413);
#2341=VERTEX_POINT('',#8415);
#2342=VERTEX_POINT('',#8417);
#2343=VERTEX_POINT('',#8419);
#2344=VERTEX_POINT('',#8421);
#2345=VERTEX_POINT('',#8423);
#2346=VERTEX_POINT('',#8425);
#2347=VERTEX_POINT('',#8427);
#2348=VERTEX_POINT('',#8429);
#2349=VERTEX_POINT('',#8431);
#2350=VERTEX_POINT('',#8433);
#2351=VERTEX_POINT('',#8435);
#2352=VERTEX_POINT('',#8437);
#2353=VERTEX_POINT('',#8439);
#2354=VERTEX_POINT('',#8441);
#2355=VERTEX_POINT('',#8443);
#2356=VERTEX_POINT('',#8445);
#2357=VERTEX_POINT('',#8447);
#2358=VERTEX_POINT('',#8449);
#2359=VERTEX_POINT('',#8451);
#2360=VERTEX_POINT('',#8453);
#2361=VERTEX_POINT('',#8455);
#2362=VERTEX_POINT('',#8457);
#2363=VERTEX_POINT('',#8459);
#2364=VERTEX_POINT('',#8461);
#2365=VERTEX_POINT('',#8463);
#2366=VERTEX_POINT('',#8465);
#2367=VERTEX_POINT('',#8467);
#2368=VERTEX_POINT('',#8469);
#2369=VERTEX_POINT('',#8471);
#2370=VERTEX_POINT('',#8473);
#2371=VERTEX_POINT('',#8475);
#2372=VERTEX_POINT('',#8477);
#2373=VERTEX_POINT('',#8479);
#2374=VERTEX_POINT('',#8481);
#2375=VERTEX_POINT('',#8483);
#2376=VERTEX_POINT('',#8485);
#2377=VERTEX_POINT('',#8487);
#2378=VERTEX_POINT('',#8489);
#2379=VERTEX_POINT('',#8491);
#2380=VERTEX_POINT('',#8493);
#2381=VERTEX_POINT('',#8495);
#2382=VERTEX_POINT('',#8497);
#2383=VERTEX_POINT('',#8499);
#2384=VERTEX_POINT('',#8501);
#2385=VERTEX_POINT('',#8503);
#2386=VERTEX_POINT('',#8505);
#2387=VERTEX_POINT('',#8507);
#2388=VERTEX_POINT('',#8509);
#2389=VERTEX_POINT('',#8511);
#2390=VERTEX_POINT('',#8513);
#2391=VERTEX_POINT('',#8515);
#2392=VERTEX_POINT('',#8517);
#2393=VERTEX_POINT('',#8519);
#2394=VERTEX_POINT('',#8521);
#2395=VERTEX_POINT('',#8523);
#2396=VERTEX_POINT('',#8525);
#2397=VERTEX_POINT('',#8527);
#2398=VERTEX_POINT('',#8529);
#2399=VERTEX_POINT('',#8531);
#2400=VERTEX_POINT('',#8533);
#2401=VERTEX_POINT('',#8535);
#2402=VERTEX_POINT('',#8537);
#2403=VERTEX_POINT('',#8539);
#2404=VERTEX_POINT('',#8541);
#2405=VERTEX_POINT('',#8543);
#2406=VERTEX_POINT('',#8545);
#2407=VERTEX_POINT('',#8547);
#2408=VERTEX_POINT('',#8549);
#2409=VERTEX_POINT('',#8551);
#2410=VERTEX_POINT('',#8553);
#2411=VERTEX_POINT('',#8555);
#2412=VERTEX_POINT('',#8557);
#2413=VERTEX_POINT('',#8559);
#2414=VERTEX_POINT('',#8561);
#2415=VERTEX_POINT('',#8563);
#2416=VERTEX_POINT('',#8565);
#2417=VERTEX_POINT('',#8567);
#2418=VERTEX_POINT('',#8569);
#2419=VERTEX_POINT('',#8571);
#2420=VERTEX_POINT('',#8573);
#2421=VERTEX_POINT('',#8575);
#2422=VERTEX_POINT('',#8577);
#2423=VERTEX_POINT('',#8579);
#2424=VERTEX_POINT('',#8581);
#2425=VERTEX_POINT('',#8583);
#2426=VERTEX_POINT('',#8585);
#2427=VERTEX_POINT('',#8587);
#2428=VERTEX_POINT('',#8589);
#2429=VERTEX_POINT('',#8591);
#2430=VERTEX_POINT('',#8593);
#2431=VERTEX_POINT('',#8595);
#2432=VERTEX_POINT('',#8597);
#2433=VERTEX_POINT('',#8599);
#2434=VERTEX_POINT('',#8601);
#2435=VERTEX_POINT('',#8603);
#2436=VERTEX_POINT('',#8605);
#2437=VERTEX_POINT('',#8607);
#2438=VERTEX_POINT('',#8609);
#2439=VERTEX_POINT('',#8611);
#2440=VERTEX_POINT('',#8613);
#2441=VERTEX_POINT('',#8615);
#2442=VERTEX_POINT('',#8617);
#2443=VERTEX_POINT('',#8619);
#2444=VERTEX_POINT('',#8621);
#2445=VERTEX_POINT('',#8623);
#2446=VERTEX_POINT('',#8625);
#2447=VERTEX_POINT('',#8627);
#2448=VERTEX_POINT('',#8629);
#2449=VERTEX_POINT('',#8631);
#2450=VERTEX_POINT('',#8633);
#2451=VERTEX_POINT('',#8635);
#2452=VERTEX_POINT('',#8637);
#2453=VERTEX_POINT('',#8639);
#2454=VERTEX_POINT('',#8641);
#2455=VERTEX_POINT('',#8643);
#2456=VERTEX_POINT('',#8645);
#2457=VERTEX_POINT('',#8647);
#2458=VERTEX_POINT('',#8649);
#2459=VERTEX_POINT('',#8651);
#2460=VERTEX_POINT('',#8653);
#2461=VERTEX_POINT('',#8655);
#2462=VERTEX_POINT('',#8658);
#2463=VERTEX_POINT('',#8661);
#2464=VERTEX_POINT('',#8662);
#2465=VERTEX_POINT('',#8676);
#2466=VERTEX_POINT('',#8680);
#2467=VERTEX_POINT('',#8682);
#2468=VERTEX_POINT('',#8684);
#2469=VERTEX_POINT('',#8686);
#2470=VERTEX_POINT('',#8697);
#2471=VERTEX_POINT('',#8701);
#2472=VERTEX_POINT('',#8716);
#2473=VERTEX_POINT('',#8720);
#2474=VERTEX_POINT('',#8731);
#2475=VERTEX_POINT('',#8733);
#2476=VERTEX_POINT('',#8744);
#2477=VERTEX_POINT('',#8748);
#2478=VERTEX_POINT('',#8763);
#2479=VERTEX_POINT('',#8767);
#2480=VERTEX_POINT('',#8778);
#2481=VERTEX_POINT('',#8780);
#2482=VERTEX_POINT('',#8791);
#2483=VERTEX_POINT('',#8795);
#2484=VERTEX_POINT('',#8810);
#2485=VERTEX_POINT('',#8814);
#2486=VERTEX_POINT('',#8825);
#2487=VERTEX_POINT('',#8827);
#2488=VERTEX_POINT('',#8838);
#2489=VERTEX_POINT('',#8842);
#2490=VERTEX_POINT('',#8857);
#2491=VERTEX_POINT('',#8861);
#2492=VERTEX_POINT('',#8872);
#2493=VERTEX_POINT('',#8874);
#2494=VERTEX_POINT('',#8885);
#2495=VERTEX_POINT('',#8889);
#2496=VERTEX_POINT('',#8904);
#2497=VERTEX_POINT('',#8908);
#2498=VERTEX_POINT('',#8919);
#2499=VERTEX_POINT('',#8921);
#2500=VERTEX_POINT('',#8932);
#2501=VERTEX_POINT('',#8936);
#2502=VERTEX_POINT('',#8951);
#2503=VERTEX_POINT('',#8955);
#2504=VERTEX_POINT('',#8966);
#2505=VERTEX_POINT('',#8968);
#2506=VERTEX_POINT('',#8979);
#2507=VERTEX_POINT('',#8983);
#2508=VERTEX_POINT('',#8998);
#2509=VERTEX_POINT('',#9002);
#2510=VERTEX_POINT('',#9013);
#2511=VERTEX_POINT('',#9015);
#2512=VERTEX_POINT('',#9026);
#2513=VERTEX_POINT('',#9030);
#2514=VERTEX_POINT('',#9045);
#2515=VERTEX_POINT('',#9049);
#2516=VERTEX_POINT('',#9060);
#2517=VERTEX_POINT('',#9062);
#2518=VERTEX_POINT('',#9073);
#2519=VERTEX_POINT('',#9077);
#2520=VERTEX_POINT('',#9092);
#2521=VERTEX_POINT('',#9096);
#2522=VERTEX_POINT('',#9107);
#2523=VERTEX_POINT('',#9109);
#2524=VERTEX_POINT('',#9120);
#2525=VERTEX_POINT('',#9124);
#2526=VERTEX_POINT('',#9139);
#2527=VERTEX_POINT('',#9143);
#2528=VERTEX_POINT('',#9154);
#2529=VERTEX_POINT('',#9156);
#2530=VERTEX_POINT('',#9167);
#2531=VERTEX_POINT('',#9171);
#2532=VERTEX_POINT('',#9186);
#2533=VERTEX_POINT('',#9190);
#2534=VERTEX_POINT('',#9201);
#2535=VERTEX_POINT('',#9203);
#2536=VERTEX_POINT('',#9214);
#2537=VERTEX_POINT('',#9218);
#2538=VERTEX_POINT('',#9233);
#2539=VERTEX_POINT('',#9237);
#2540=VERTEX_POINT('',#9248);
#2541=VERTEX_POINT('',#9250);
#2542=VERTEX_POINT('',#9261);
#2543=VERTEX_POINT('',#9265);
#2544=VERTEX_POINT('',#9280);
#2545=VERTEX_POINT('',#9284);
#2546=VERTEX_POINT('',#9295);
#2547=VERTEX_POINT('',#9297);
#2548=VERTEX_POINT('',#9308);
#2549=VERTEX_POINT('',#9312);
#2550=VERTEX_POINT('',#9327);
#2551=VERTEX_POINT('',#9331);
#2552=VERTEX_POINT('',#9342);
#2553=VERTEX_POINT('',#9344);
#2554=VERTEX_POINT('',#9355);
#2555=VERTEX_POINT('',#9359);
#2556=VERTEX_POINT('',#9374);
#2557=VERTEX_POINT('',#9378);
#2558=VERTEX_POINT('',#9389);
#2559=VERTEX_POINT('',#9391);
#2560=VERTEX_POINT('',#9402);
#2561=VERTEX_POINT('',#9406);
#2562=VERTEX_POINT('',#9421);
#2563=VERTEX_POINT('',#9425);
#2564=VERTEX_POINT('',#9436);
#2565=VERTEX_POINT('',#9438);
#2566=VERTEX_POINT('',#9449);
#2567=VERTEX_POINT('',#9453);
#2568=VERTEX_POINT('',#9468);
#2569=VERTEX_POINT('',#9472);
#2570=VERTEX_POINT('',#9483);
#2571=VERTEX_POINT('',#9485);
#2572=VERTEX_POINT('',#9496);
#2573=VERTEX_POINT('',#9500);
#2574=VERTEX_POINT('',#9515);
#2575=VERTEX_POINT('',#9519);
#2576=VERTEX_POINT('',#9530);
#2577=VERTEX_POINT('',#9532);
#2578=VERTEX_POINT('',#9543);
#2579=VERTEX_POINT('',#9547);
#2580=VERTEX_POINT('',#9562);
#2581=VERTEX_POINT('',#9566);
#2582=VERTEX_POINT('',#9577);
#2583=VERTEX_POINT('',#9579);
#2584=VERTEX_POINT('',#9590);
#2585=VERTEX_POINT('',#9594);
#2586=VERTEX_POINT('',#9609);
#2587=VERTEX_POINT('',#9613);
#2588=VERTEX_POINT('',#9624);
#2589=VERTEX_POINT('',#9626);
#2590=VERTEX_POINT('',#9637);
#2591=VERTEX_POINT('',#9641);
#2592=VERTEX_POINT('',#9656);
#2593=VERTEX_POINT('',#9660);
#2594=VERTEX_POINT('',#9671);
#2595=VERTEX_POINT('',#9673);
#2596=VERTEX_POINT('',#9684);
#2597=VERTEX_POINT('',#9688);
#2598=VERTEX_POINT('',#9703);
#2599=VERTEX_POINT('',#9707);
#2600=VERTEX_POINT('',#9718);
#2601=VERTEX_POINT('',#9720);
#2602=VERTEX_POINT('',#9731);
#2603=VERTEX_POINT('',#9735);
#2604=VERTEX_POINT('',#9750);
#2605=VERTEX_POINT('',#9754);
#2606=VERTEX_POINT('',#9765);
#2607=VERTEX_POINT('',#9767);
#2608=VERTEX_POINT('',#9778);
#2609=VERTEX_POINT('',#9782);
#2610=VERTEX_POINT('',#9797);
#2611=VERTEX_POINT('',#9801);
#2612=VERTEX_POINT('',#9812);
#2613=VERTEX_POINT('',#9814);
#2614=VERTEX_POINT('',#9825);
#2615=VERTEX_POINT('',#9829);
#2616=VERTEX_POINT('',#9844);
#2617=VERTEX_POINT('',#9848);
#2618=VERTEX_POINT('',#9859);
#2619=VERTEX_POINT('',#9861);
#2620=VERTEX_POINT('',#9872);
#2621=VERTEX_POINT('',#9876);
#2622=VERTEX_POINT('',#9891);
#2623=VERTEX_POINT('',#9895);
#2624=VERTEX_POINT('',#9906);
#2625=VERTEX_POINT('',#9908);
#2626=VERTEX_POINT('',#9919);
#2627=VERTEX_POINT('',#9923);
#2628=VERTEX_POINT('',#9938);
#2629=VERTEX_POINT('',#9942);
#2630=VERTEX_POINT('',#9953);
#2631=VERTEX_POINT('',#9955);
#2632=VERTEX_POINT('',#9966);
#2633=VERTEX_POINT('',#9970);
#2634=VERTEX_POINT('',#9985);
#2635=VERTEX_POINT('',#9989);
#2636=VERTEX_POINT('',#10000);
#2637=VERTEX_POINT('',#10002);
#2638=VERTEX_POINT('',#10013);
#2639=VERTEX_POINT('',#10017);
#2640=VERTEX_POINT('',#10032);
#2641=VERTEX_POINT('',#10036);
#2642=VERTEX_POINT('',#10047);
#2643=VERTEX_POINT('',#10049);
#2644=VERTEX_POINT('',#10060);
#2645=VERTEX_POINT('',#10064);
#2646=VERTEX_POINT('',#10079);
#2647=VERTEX_POINT('',#10083);
#2648=VERTEX_POINT('',#10094);
#2649=VERTEX_POINT('',#10096);
#2650=VERTEX_POINT('',#10107);
#2651=VERTEX_POINT('',#10111);
#2652=VERTEX_POINT('',#10126);
#2653=VERTEX_POINT('',#10130);
#2654=VERTEX_POINT('',#10141);
#2655=VERTEX_POINT('',#10143);
#2656=VERTEX_POINT('',#10154);
#2657=VERTEX_POINT('',#10158);
#2658=VERTEX_POINT('',#10173);
#2659=VERTEX_POINT('',#10177);
#2660=VERTEX_POINT('',#10188);
#2661=VERTEX_POINT('',#10190);
#2662=VERTEX_POINT('',#10201);
#2663=VERTEX_POINT('',#10205);
#2664=VERTEX_POINT('',#10220);
#2665=VERTEX_POINT('',#10224);
#2666=VERTEX_POINT('',#10235);
#2667=VERTEX_POINT('',#10237);
#2668=VERTEX_POINT('',#10248);
#2669=VERTEX_POINT('',#10252);
#2670=VERTEX_POINT('',#10267);
#2671=VERTEX_POINT('',#10271);
#2672=VERTEX_POINT('',#10282);
#2673=VERTEX_POINT('',#10284);
#2674=VERTEX_POINT('',#10295);
#2675=VERTEX_POINT('',#10299);
#2676=VERTEX_POINT('',#10314);
#2677=VERTEX_POINT('',#10318);
#2678=VERTEX_POINT('',#10329);
#2679=VERTEX_POINT('',#10331);
#2680=VERTEX_POINT('',#10342);
#2681=VERTEX_POINT('',#10346);
#2682=VERTEX_POINT('',#10361);
#2683=VERTEX_POINT('',#10365);
#2684=VERTEX_POINT('',#10376);
#2685=VERTEX_POINT('',#10378);
#2686=VERTEX_POINT('',#10389);
#2687=VERTEX_POINT('',#10393);
#2688=VERTEX_POINT('',#10408);
#2689=VERTEX_POINT('',#10412);
#2690=VERTEX_POINT('',#10423);
#2691=VERTEX_POINT('',#10425);
#2692=VERTEX_POINT('',#10436);
#2693=VERTEX_POINT('',#10440);
#2694=VERTEX_POINT('',#10455);
#2695=VERTEX_POINT('',#10469);
#2696=VERTEX_POINT('',#10473);
#2697=VERTEX_POINT('',#10488);
#2698=VERTEX_POINT('',#10492);
#2699=VERTEX_POINT('',#10503);
#2700=VERTEX_POINT('',#10505);
#2701=VERTEX_POINT('',#10516);
#2702=VERTEX_POINT('',#10520);
#2703=VERTEX_POINT('',#10535);
#2704=VERTEX_POINT('',#10539);
#2705=VERTEX_POINT('',#10550);
#2706=VERTEX_POINT('',#10552);
#2707=VERTEX_POINT('',#10563);
#2708=VERTEX_POINT('',#10567);
#2709=VERTEX_POINT('',#10582);
#2710=VERTEX_POINT('',#10586);
#2711=VERTEX_POINT('',#10597);
#2712=VERTEX_POINT('',#10599);
#2713=VERTEX_POINT('',#10610);
#2714=VERTEX_POINT('',#10614);
#2715=VERTEX_POINT('',#10629);
#2716=VERTEX_POINT('',#10633);
#2717=VERTEX_POINT('',#10644);
#2718=VERTEX_POINT('',#10646);
#2719=VERTEX_POINT('',#10657);
#2720=VERTEX_POINT('',#10661);
#2721=VERTEX_POINT('',#10676);
#2722=VERTEX_POINT('',#10680);
#2723=VERTEX_POINT('',#10691);
#2724=VERTEX_POINT('',#10693);
#2725=VERTEX_POINT('',#10704);
#2726=VERTEX_POINT('',#10708);
#2727=VERTEX_POINT('',#10723);
#2728=VERTEX_POINT('',#10727);
#2729=VERTEX_POINT('',#10738);
#2730=VERTEX_POINT('',#10740);
#2731=VERTEX_POINT('',#10751);
#2732=VERTEX_POINT('',#10755);
#2733=VERTEX_POINT('',#10770);
#2734=VERTEX_POINT('',#10774);
#2735=VERTEX_POINT('',#10785);
#2736=VERTEX_POINT('',#10787);
#2737=VERTEX_POINT('',#10798);
#2738=VERTEX_POINT('',#10802);
#2739=VERTEX_POINT('',#10817);
#2740=VERTEX_POINT('',#10821);
#2741=VERTEX_POINT('',#10832);
#2742=VERTEX_POINT('',#10834);
#2743=VERTEX_POINT('',#10845);
#2744=VERTEX_POINT('',#10849);
#2745=VERTEX_POINT('',#10864);
#2746=VERTEX_POINT('',#10868);
#2747=VERTEX_POINT('',#10879);
#2748=VERTEX_POINT('',#10881);
#2749=VERTEX_POINT('',#10892);
#2750=VERTEX_POINT('',#10896);
#2751=VERTEX_POINT('',#10911);
#2752=VERTEX_POINT('',#10915);
#2753=VERTEX_POINT('',#10926);
#2754=VERTEX_POINT('',#10928);
#2755=VERTEX_POINT('',#10939);
#2756=VERTEX_POINT('',#10943);
#2757=VERTEX_POINT('',#10958);
#2758=VERTEX_POINT('',#10962);
#2759=VERTEX_POINT('',#10973);
#2760=VERTEX_POINT('',#10975);
#2761=VERTEX_POINT('',#10986);
#2762=VERTEX_POINT('',#10990);
#2763=VERTEX_POINT('',#11005);
#2764=VERTEX_POINT('',#11009);
#2765=VERTEX_POINT('',#11618);
#2766=VERTEX_POINT('',#11622);
#2767=VERTEX_POINT('',#11625);
#2768=VERTEX_POINT('',#11626);
#2769=VERTEX_POINT('',#11628);
#2770=VERTEX_POINT('',#11633);
#2771=VERTEX_POINT('',#11635);
#2772=EDGE_CURVE('',#2162,#2163,#1904,.T.);
#2773=EDGE_CURVE('',#2163,#2164,#1905,.T.);
#2774=EDGE_CURVE('',#2164,#2165,#1906,.T.);
#2775=EDGE_CURVE('',#2165,#2166,#1090,.T.);
#2776=EDGE_CURVE('',#2166,#2167,#1907,.T.);
#2777=EDGE_CURVE('',#2167,#2168,#1091,.T.);
#2778=EDGE_CURVE('',#2168,#2169,#1908,.T.);
#2779=EDGE_CURVE('',#2169,#2170,#1909,.T.);
#2780=EDGE_CURVE('',#2170,#2171,#1910,.T.);
#2781=EDGE_CURVE('',#2171,#2172,#1092,.T.);
#2782=EDGE_CURVE('',#2172,#2173,#1911,.T.);
#2783=EDGE_CURVE('',#2173,#2174,#1093,.T.);
#2784=EDGE_CURVE('',#2174,#2175,#1912,.T.);
#2785=EDGE_CURVE('',#2175,#2176,#1913,.T.);
#2786=EDGE_CURVE('',#2176,#2177,#1914,.T.);
#2787=EDGE_CURVE('',#2177,#2178,#1094,.T.);
#2788=EDGE_CURVE('',#2178,#2179,#1915,.T.);
#2789=EDGE_CURVE('',#2179,#2180,#1095,.T.);
#2790=EDGE_CURVE('',#2180,#2181,#1916,.T.);
#2791=EDGE_CURVE('',#2181,#2182,#1917,.T.);
#2792=EDGE_CURVE('',#2182,#2183,#1918,.T.);
#2793=EDGE_CURVE('',#2183,#2184,#1096,.T.);
#2794=EDGE_CURVE('',#2184,#2185,#1919,.T.);
#2795=EDGE_CURVE('',#2185,#2186,#1097,.T.);
#2796=EDGE_CURVE('',#2186,#2187,#1920,.T.);
#2797=EDGE_CURVE('',#2187,#2188,#1921,.T.);
#2798=EDGE_CURVE('',#2188,#2189,#1922,.T.);
#2799=EDGE_CURVE('',#2189,#2190,#1098,.T.);
#2800=EDGE_CURVE('',#2190,#2191,#1923,.T.);
#2801=EDGE_CURVE('',#2191,#2192,#1099,.T.);
#2802=EDGE_CURVE('',#2192,#2193,#1924,.T.);
#2803=EDGE_CURVE('',#2193,#2194,#1925,.T.);
#2804=EDGE_CURVE('',#2194,#2195,#1926,.T.);
#2805=EDGE_CURVE('',#2195,#2196,#1100,.T.);
#2806=EDGE_CURVE('',#2196,#2197,#1927,.T.);
#2807=EDGE_CURVE('',#2197,#2198,#1101,.T.);
#2808=EDGE_CURVE('',#2198,#2199,#1928,.T.);
#2809=EDGE_CURVE('',#2199,#2200,#1929,.T.);
#2810=EDGE_CURVE('',#2200,#2201,#1930,.T.);
#2811=EDGE_CURVE('',#2201,#2202,#1102,.T.);
#2812=EDGE_CURVE('',#2202,#2203,#1931,.T.);
#2813=EDGE_CURVE('',#2203,#2204,#1103,.T.);
#2814=EDGE_CURVE('',#2204,#2205,#1932,.T.);
#2815=EDGE_CURVE('',#2205,#2206,#1933,.T.);
#2816=EDGE_CURVE('',#2206,#2207,#1934,.T.);
#2817=EDGE_CURVE('',#2207,#2208,#1104,.T.);
#2818=EDGE_CURVE('',#2208,#2209,#1935,.T.);
#2819=EDGE_CURVE('',#2209,#2210,#1105,.T.);
#2820=EDGE_CURVE('',#2210,#2211,#1936,.T.);
#2821=EDGE_CURVE('',#2211,#2212,#1937,.T.);
#2822=EDGE_CURVE('',#2212,#2213,#1938,.T.);
#2823=EDGE_CURVE('',#2213,#2214,#1106,.T.);
#2824=EDGE_CURVE('',#2214,#2215,#1939,.T.);
#2825=EDGE_CURVE('',#2215,#2216,#1107,.T.);
#2826=EDGE_CURVE('',#2216,#2217,#1940,.T.);
#2827=EDGE_CURVE('',#2217,#2218,#1941,.T.);
#2828=EDGE_CURVE('',#2218,#2219,#1942,.T.);
#2829=EDGE_CURVE('',#2219,#2220,#1108,.T.);
#2830=EDGE_CURVE('',#2220,#2221,#1943,.T.);
#2831=EDGE_CURVE('',#2221,#2222,#1109,.T.);
#2832=EDGE_CURVE('',#2222,#2223,#1944,.T.);
#2833=EDGE_CURVE('',#2223,#2224,#1945,.T.);
#2834=EDGE_CURVE('',#2224,#2225,#1946,.T.);
#2835=EDGE_CURVE('',#2225,#2226,#1110,.T.);
#2836=EDGE_CURVE('',#2226,#2227,#1947,.T.);
#2837=EDGE_CURVE('',#2227,#2228,#1111,.T.);
#2838=EDGE_CURVE('',#2228,#2229,#1948,.T.);
#2839=EDGE_CURVE('',#2229,#2230,#1949,.T.);
#2840=EDGE_CURVE('',#2230,#2231,#1950,.T.);
#2841=EDGE_CURVE('',#2231,#2232,#1112,.T.);
#2842=EDGE_CURVE('',#2232,#2233,#1951,.T.);
#2843=EDGE_CURVE('',#2233,#2234,#1113,.T.);
#2844=EDGE_CURVE('',#2234,#2235,#1952,.T.);
#2845=EDGE_CURVE('',#2235,#2236,#1953,.T.);
#2846=EDGE_CURVE('',#2236,#2237,#1954,.T.);
#2847=EDGE_CURVE('',#2237,#2238,#1114,.T.);
#2848=EDGE_CURVE('',#2238,#2239,#1955,.T.);
#2849=EDGE_CURVE('',#2239,#2240,#1115,.T.);
#2850=EDGE_CURVE('',#2240,#2241,#1956,.T.);
#2851=EDGE_CURVE('',#2241,#2242,#1957,.T.);
#2852=EDGE_CURVE('',#2242,#2243,#1958,.T.);
#2853=EDGE_CURVE('',#2243,#2244,#1116,.T.);
#2854=EDGE_CURVE('',#2244,#2245,#1959,.T.);
#2855=EDGE_CURVE('',#2245,#2246,#1117,.T.);
#2856=EDGE_CURVE('',#2246,#2247,#1960,.T.);
#2857=EDGE_CURVE('',#2247,#2248,#1961,.T.);
#2858=EDGE_CURVE('',#2248,#2249,#1962,.T.);
#2859=EDGE_CURVE('',#2249,#2250,#1118,.T.);
#2860=EDGE_CURVE('',#2250,#2251,#1963,.T.);
#2861=EDGE_CURVE('',#2251,#2252,#1119,.T.);
#2862=EDGE_CURVE('',#2252,#2253,#1964,.T.);
#2863=EDGE_CURVE('',#2253,#2254,#1965,.T.);
#2864=EDGE_CURVE('',#2254,#2255,#1966,.T.);
#2865=EDGE_CURVE('',#2255,#2256,#1120,.T.);
#2866=EDGE_CURVE('',#2256,#2257,#1967,.T.);
#2867=EDGE_CURVE('',#2257,#2258,#1121,.T.);
#2868=EDGE_CURVE('',#2258,#2259,#1968,.T.);
#2869=EDGE_CURVE('',#2259,#2260,#1969,.T.);
#2870=EDGE_CURVE('',#2260,#2261,#1970,.T.);
#2871=EDGE_CURVE('',#2261,#2262,#1122,.T.);
#2872=EDGE_CURVE('',#2262,#2263,#1971,.T.);
#2873=EDGE_CURVE('',#2263,#2264,#1123,.T.);
#2874=EDGE_CURVE('',#2264,#2265,#1972,.T.);
#2875=EDGE_CURVE('',#2265,#2266,#1973,.T.);
#2876=EDGE_CURVE('',#2266,#2267,#1974,.T.);
#2877=EDGE_CURVE('',#2267,#2268,#1124,.T.);
#2878=EDGE_CURVE('',#2268,#2269,#1975,.T.);
#2879=EDGE_CURVE('',#2269,#2270,#1125,.T.);
#2880=EDGE_CURVE('',#2270,#2271,#1976,.T.);
#2881=EDGE_CURVE('',#2271,#2272,#1977,.T.);
#2882=EDGE_CURVE('',#2272,#2273,#1978,.T.);
#2883=EDGE_CURVE('',#2273,#2274,#1126,.T.);
#2884=EDGE_CURVE('',#2274,#2275,#1979,.T.);
#2885=EDGE_CURVE('',#2275,#2276,#1127,.T.);
#2886=EDGE_CURVE('',#2276,#2277,#1980,.T.);
#2887=EDGE_CURVE('',#2277,#2278,#1981,.T.);
#2888=EDGE_CURVE('',#2278,#2279,#1982,.T.);
#2889=EDGE_CURVE('',#2279,#2280,#1128,.T.);
#2890=EDGE_CURVE('',#2280,#2281,#1983,.T.);
#2891=EDGE_CURVE('',#2281,#2282,#1129,.T.);
#2892=EDGE_CURVE('',#2282,#2283,#1984,.T.);
#2893=EDGE_CURVE('',#2283,#2284,#1985,.T.);
#2894=EDGE_CURVE('',#2284,#2285,#1986,.T.);
#2895=EDGE_CURVE('',#2285,#2286,#1130,.T.);
#2896=EDGE_CURVE('',#2286,#2287,#1987,.T.);
#2897=EDGE_CURVE('',#2287,#2288,#1131,.T.);
#2898=EDGE_CURVE('',#2288,#2289,#1988,.T.);
#2899=EDGE_CURVE('',#2289,#2290,#1989,.T.);
#2900=EDGE_CURVE('',#2290,#2291,#1990,.T.);
#2901=EDGE_CURVE('',#2291,#2292,#1132,.T.);
#2902=EDGE_CURVE('',#2292,#2293,#1991,.T.);
#2903=EDGE_CURVE('',#2293,#2294,#1133,.T.);
#2904=EDGE_CURVE('',#2294,#2295,#1992,.T.);
#2905=EDGE_CURVE('',#2295,#2296,#1993,.T.);
#2906=EDGE_CURVE('',#2296,#2297,#1994,.T.);
#2907=EDGE_CURVE('',#2297,#2298,#1134,.T.);
#2908=EDGE_CURVE('',#2298,#2299,#1995,.T.);
#2909=EDGE_CURVE('',#2299,#2300,#1135,.T.);
#2910=EDGE_CURVE('',#2300,#2301,#1996,.T.);
#2911=EDGE_CURVE('',#2301,#2302,#1997,.T.);
#2912=EDGE_CURVE('',#2302,#2303,#1998,.T.);
#2913=EDGE_CURVE('',#2303,#2304,#1136,.T.);
#2914=EDGE_CURVE('',#2304,#2305,#1999,.T.);
#2915=EDGE_CURVE('',#2305,#2306,#1137,.T.);
#2916=EDGE_CURVE('',#2306,#2307,#2000,.T.);
#2917=EDGE_CURVE('',#2307,#2308,#2001,.T.);
#2918=EDGE_CURVE('',#2308,#2309,#2002,.T.);
#2919=EDGE_CURVE('',#2309,#2310,#1138,.T.);
#2920=EDGE_CURVE('',#2310,#2311,#2003,.T.);
#2921=EDGE_CURVE('',#2311,#2312,#1139,.T.);
#2922=EDGE_CURVE('',#2312,#2313,#2004,.T.);
#2923=EDGE_CURVE('',#2313,#2314,#2005,.T.);
#2924=EDGE_CURVE('',#2314,#2315,#2006,.T.);
#2925=EDGE_CURVE('',#2315,#2316,#1140,.T.);
#2926=EDGE_CURVE('',#2316,#2317,#2007,.T.);
#2927=EDGE_CURVE('',#2317,#2318,#1141,.T.);
#2928=EDGE_CURVE('',#2318,#2319,#2008,.T.);
#2929=EDGE_CURVE('',#2319,#2320,#2009,.T.);
#2930=EDGE_CURVE('',#2320,#2321,#2010,.T.);
#2931=EDGE_CURVE('',#2321,#2322,#1142,.T.);
#2932=EDGE_CURVE('',#2322,#2323,#2011,.T.);
#2933=EDGE_CURVE('',#2323,#2324,#1143,.T.);
#2934=EDGE_CURVE('',#2324,#2325,#2012,.T.);
#2935=EDGE_CURVE('',#2325,#2326,#2013,.T.);
#2936=EDGE_CURVE('',#2326,#2327,#2014,.T.);
#2937=EDGE_CURVE('',#2327,#2328,#1144,.T.);
#2938=EDGE_CURVE('',#2328,#2329,#2015,.T.);
#2939=EDGE_CURVE('',#2329,#2330,#1145,.T.);
#2940=EDGE_CURVE('',#2330,#2331,#2016,.T.);
#2941=EDGE_CURVE('',#2331,#2332,#2017,.T.);
#2942=EDGE_CURVE('',#2332,#2333,#2018,.T.);
#2943=EDGE_CURVE('',#2333,#2334,#1146,.T.);
#2944=EDGE_CURVE('',#2334,#2335,#2019,.T.);
#2945=EDGE_CURVE('',#2335,#2336,#1147,.T.);
#2946=EDGE_CURVE('',#2336,#2337,#2020,.T.);
#2947=EDGE_CURVE('',#2337,#2338,#2021,.T.);
#2948=EDGE_CURVE('',#2338,#2339,#2022,.T.);
#2949=EDGE_CURVE('',#2339,#2340,#1148,.T.);
#2950=EDGE_CURVE('',#2340,#2341,#2023,.T.);
#2951=EDGE_CURVE('',#2341,#2342,#1149,.T.);
#2952=EDGE_CURVE('',#2342,#2343,#2024,.T.);
#2953=EDGE_CURVE('',#2343,#2344,#2025,.T.);
#2954=EDGE_CURVE('',#2344,#2345,#2026,.T.);
#2955=EDGE_CURVE('',#2345,#2346,#1150,.T.);
#2956=EDGE_CURVE('',#2346,#2347,#2027,.T.);
#2957=EDGE_CURVE('',#2347,#2348,#1151,.T.);
#2958=EDGE_CURVE('',#2348,#2349,#2028,.T.);
#2959=EDGE_CURVE('',#2349,#2350,#2029,.T.);
#2960=EDGE_CURVE('',#2350,#2351,#2030,.T.);
#2961=EDGE_CURVE('',#2351,#2352,#1152,.T.);
#2962=EDGE_CURVE('',#2352,#2353,#2031,.T.);
#2963=EDGE_CURVE('',#2353,#2354,#1153,.T.);
#2964=EDGE_CURVE('',#2354,#2355,#2032,.T.);
#2965=EDGE_CURVE('',#2355,#2356,#2033,.T.);
#2966=EDGE_CURVE('',#2356,#2357,#2034,.T.);
#2967=EDGE_CURVE('',#2357,#2358,#1154,.T.);
#2968=EDGE_CURVE('',#2358,#2359,#2035,.T.);
#2969=EDGE_CURVE('',#2359,#2360,#1155,.T.);
#2970=EDGE_CURVE('',#2360,#2361,#2036,.T.);
#2971=EDGE_CURVE('',#2361,#2362,#2037,.T.);
#2972=EDGE_CURVE('',#2362,#2363,#2038,.T.);
#2973=EDGE_CURVE('',#2363,#2364,#1156,.T.);
#2974=EDGE_CURVE('',#2364,#2365,#2039,.T.);
#2975=EDGE_CURVE('',#2365,#2366,#1157,.T.);
#2976=EDGE_CURVE('',#2366,#2367,#2040,.T.);
#2977=EDGE_CURVE('',#2367,#2368,#2041,.T.);
#2978=EDGE_CURVE('',#2368,#2369,#2042,.T.);
#2979=EDGE_CURVE('',#2369,#2370,#1158,.T.);
#2980=EDGE_CURVE('',#2370,#2371,#2043,.T.);
#2981=EDGE_CURVE('',#2371,#2372,#1159,.T.);
#2982=EDGE_CURVE('',#2372,#2373,#2044,.T.);
#2983=EDGE_CURVE('',#2373,#2374,#2045,.T.);
#2984=EDGE_CURVE('',#2374,#2375,#2046,.T.);
#2985=EDGE_CURVE('',#2375,#2376,#1160,.T.);
#2986=EDGE_CURVE('',#2376,#2377,#2047,.T.);
#2987=EDGE_CURVE('',#2377,#2378,#1161,.T.);
#2988=EDGE_CURVE('',#2378,#2379,#2048,.T.);
#2989=EDGE_CURVE('',#2379,#2380,#2049,.T.);
#2990=EDGE_CURVE('',#2380,#2381,#2050,.T.);
#2991=EDGE_CURVE('',#2381,#2382,#1162,.T.);
#2992=EDGE_CURVE('',#2382,#2383,#2051,.T.);
#2993=EDGE_CURVE('',#2383,#2384,#1163,.T.);
#2994=EDGE_CURVE('',#2384,#2385,#2052,.T.);
#2995=EDGE_CURVE('',#2385,#2386,#2053,.T.);
#2996=EDGE_CURVE('',#2386,#2387,#2054,.T.);
#2997=EDGE_CURVE('',#2387,#2388,#1164,.T.);
#2998=EDGE_CURVE('',#2388,#2389,#2055,.T.);
#2999=EDGE_CURVE('',#2389,#2390,#1165,.T.);
#3000=EDGE_CURVE('',#2390,#2391,#2056,.T.);
#3001=EDGE_CURVE('',#2391,#2392,#2057,.T.);
#3002=EDGE_CURVE('',#2392,#2393,#2058,.T.);
#3003=EDGE_CURVE('',#2393,#2394,#1166,.T.);
#3004=EDGE_CURVE('',#2394,#2395,#2059,.T.);
#3005=EDGE_CURVE('',#2395,#2396,#1167,.T.);
#3006=EDGE_CURVE('',#2396,#2397,#2060,.T.);
#3007=EDGE_CURVE('',#2397,#2398,#2061,.T.);
#3008=EDGE_CURVE('',#2398,#2399,#2062,.T.);
#3009=EDGE_CURVE('',#2399,#2400,#1168,.T.);
#3010=EDGE_CURVE('',#2400,#2401,#2063,.T.);
#3011=EDGE_CURVE('',#2401,#2402,#1169,.T.);
#3012=EDGE_CURVE('',#2402,#2403,#2064,.T.);
#3013=EDGE_CURVE('',#2403,#2404,#2065,.T.);
#3014=EDGE_CURVE('',#2404,#2405,#2066,.T.);
#3015=EDGE_CURVE('',#2405,#2406,#1170,.T.);
#3016=EDGE_CURVE('',#2406,#2407,#2067,.T.);
#3017=EDGE_CURVE('',#2407,#2408,#1171,.T.);
#3018=EDGE_CURVE('',#2408,#2409,#2068,.T.);
#3019=EDGE_CURVE('',#2409,#2410,#2069,.T.);
#3020=EDGE_CURVE('',#2410,#2411,#2070,.T.);
#3021=EDGE_CURVE('',#2411,#2412,#1172,.T.);
#3022=EDGE_CURVE('',#2412,#2413,#2071,.T.);
#3023=EDGE_CURVE('',#2413,#2414,#1173,.T.);
#3024=EDGE_CURVE('',#2414,#2415,#2072,.T.);
#3025=EDGE_CURVE('',#2415,#2416,#2073,.T.);
#3026=EDGE_CURVE('',#2416,#2417,#2074,.T.);
#3027=EDGE_CURVE('',#2417,#2418,#1174,.T.);
#3028=EDGE_CURVE('',#2418,#2419,#2075,.T.);
#3029=EDGE_CURVE('',#2419,#2420,#1175,.T.);
#3030=EDGE_CURVE('',#2420,#2421,#2076,.T.);
#3031=EDGE_CURVE('',#2421,#2422,#2077,.T.);
#3032=EDGE_CURVE('',#2422,#2423,#2078,.T.);
#3033=EDGE_CURVE('',#2423,#2424,#1176,.T.);
#3034=EDGE_CURVE('',#2424,#2425,#2079,.T.);
#3035=EDGE_CURVE('',#2425,#2426,#1177,.T.);
#3036=EDGE_CURVE('',#2426,#2427,#2080,.T.);
#3037=EDGE_CURVE('',#2427,#2428,#2081,.T.);
#3038=EDGE_CURVE('',#2428,#2429,#2082,.T.);
#3039=EDGE_CURVE('',#2429,#2430,#1178,.T.);
#3040=EDGE_CURVE('',#2430,#2431,#2083,.T.);
#3041=EDGE_CURVE('',#2431,#2432,#1179,.T.);
#3042=EDGE_CURVE('',#2432,#2433,#2084,.T.);
#3043=EDGE_CURVE('',#2433,#2434,#2085,.T.);
#3044=EDGE_CURVE('',#2434,#2435,#2086,.T.);
#3045=EDGE_CURVE('',#2435,#2436,#1180,.T.);
#3046=EDGE_CURVE('',#2436,#2437,#2087,.T.);
#3047=EDGE_CURVE('',#2437,#2438,#1181,.T.);
#3048=EDGE_CURVE('',#2438,#2439,#2088,.T.);
#3049=EDGE_CURVE('',#2439,#2440,#2089,.T.);
#3050=EDGE_CURVE('',#2440,#2441,#2090,.T.);
#3051=EDGE_CURVE('',#2441,#2442,#1182,.T.);
#3052=EDGE_CURVE('',#2442,#2443,#2091,.T.);
#3053=EDGE_CURVE('',#2443,#2444,#1183,.T.);
#3054=EDGE_CURVE('',#2444,#2445,#2092,.T.);
#3055=EDGE_CURVE('',#2445,#2446,#2093,.T.);
#3056=EDGE_CURVE('',#2446,#2447,#2094,.T.);
#3057=EDGE_CURVE('',#2447,#2448,#1184,.T.);
#3058=EDGE_CURVE('',#2448,#2449,#2095,.T.);
#3059=EDGE_CURVE('',#2449,#2450,#1185,.T.);
#3060=EDGE_CURVE('',#2450,#2451,#2096,.T.);
#3061=EDGE_CURVE('',#2451,#2452,#2097,.T.);
#3062=EDGE_CURVE('',#2452,#2453,#2098,.T.);
#3063=EDGE_CURVE('',#2453,#2454,#1186,.T.);
#3064=EDGE_CURVE('',#2454,#2455,#2099,.T.);
#3065=EDGE_CURVE('',#2455,#2456,#1187,.T.);
#3066=EDGE_CURVE('',#2456,#2457,#2100,.T.);
#3067=EDGE_CURVE('',#2457,#2458,#2101,.T.);
#3068=EDGE_CURVE('',#2458,#2459,#2102,.T.);
#3069=EDGE_CURVE('',#2459,#2460,#1188,.T.);
#3070=EDGE_CURVE('',#2460,#2461,#2103,.T.);
#3071=EDGE_CURVE('',#2461,#2162,#1189,.T.);
#3072=EDGE_CURVE('',#2462,#2462,#2104,.T.);
#3073=EDGE_CURVE('',#2463,#2464,#116,.T.);
#3074=EDGE_CURVE('',#2464,#2163,#1190,.T.);
#3075=EDGE_CURVE('',#2162,#2463,#1191,.T.);
#3076=EDGE_CURVE('',#2465,#2464,#2105,.T.);
#3077=EDGE_CURVE('',#2164,#2465,#1192,.T.);
#3078=EDGE_CURVE('',#2466,#2466,#2106,.T.);
#3079=EDGE_CURVE('',#2466,#2467,#1193,.T.);
#3080=EDGE_CURVE('',#2467,#2468,#2107,.T.);
#3081=EDGE_CURVE('',#2469,#2468,#117,.T.);
#3082=EDGE_CURVE('',#2469,#2470,#15,.T.);
#3083=EDGE_CURVE('',#2471,#2470,#118,.T.);
#3084=EDGE_CURVE('',#2471,#2472,#16,.T.);
#3085=EDGE_CURVE('',#2473,#2472,#119,.T.);
#3086=EDGE_CURVE('',#2473,#2474,#2108,.T.);
#3087=EDGE_CURVE('',#2475,#2474,#120,.T.);
#3088=EDGE_CURVE('',#2475,#2476,#17,.T.);
#3089=EDGE_CURVE('',#2477,#2476,#121,.T.);
#3090=EDGE_CURVE('',#2477,#2478,#18,.T.);
#3091=EDGE_CURVE('',#2479,#2478,#122,.T.);
#3092=EDGE_CURVE('',#2479,#2480,#2109,.T.);
#3093=EDGE_CURVE('',#2481,#2480,#123,.T.);
#3094=EDGE_CURVE('',#2481,#2482,#19,.T.);
#3095=EDGE_CURVE('',#2483,#2482,#124,.T.);
#3096=EDGE_CURVE('',#2483,#2484,#20,.T.);
#3097=EDGE_CURVE('',#2485,#2484,#125,.T.);
#3098=EDGE_CURVE('',#2485,#2486,#2110,.T.);
#3099=EDGE_CURVE('',#2487,#2486,#126,.T.);
#3100=EDGE_CURVE('',#2487,#2488,#21,.T.);
#3101=EDGE_CURVE('',#2489,#2488,#127,.T.);
#3102=EDGE_CURVE('',#2489,#2490,#22,.T.);
#3103=EDGE_CURVE('',#2491,#2490,#128,.T.);
#3104=EDGE_CURVE('',#2491,#2492,#2111,.T.);
#3105=EDGE_CURVE('',#2493,#2492,#129,.T.);
#3106=EDGE_CURVE('',#2493,#2494,#23,.T.);
#3107=EDGE_CURVE('',#2495,#2494,#130,.T.);
#3108=EDGE_CURVE('',#2495,#2496,#24,.T.);
#3109=EDGE_CURVE('',#2497,#2496,#131,.T.);
#3110=EDGE_CURVE('',#2497,#2498,#2112,.T.);
#3111=EDGE_CURVE('',#2499,#2498,#132,.T.);
#3112=EDGE_CURVE('',#2499,#2500,#25,.T.);
#3113=EDGE_CURVE('',#2501,#2500,#133,.T.);
#3114=EDGE_CURVE('',#2501,#2502,#26,.T.);
#3115=EDGE_CURVE('',#2503,#2502,#134,.T.);
#3116=EDGE_CURVE('',#2503,#2504,#2113,.T.);
#3117=EDGE_CURVE('',#2505,#2504,#135,.T.);
#3118=EDGE_CURVE('',#2505,#2506,#27,.T.);
#3119=EDGE_CURVE('',#2507,#2506,#136,.T.);
#3120=EDGE_CURVE('',#2507,#2508,#28,.T.);
#3121=EDGE_CURVE('',#2509,#2508,#137,.T.);
#3122=EDGE_CURVE('',#2509,#2510,#2114,.T.);
#3123=EDGE_CURVE('',#2511,#2510,#138,.T.);
#3124=EDGE_CURVE('',#2511,#2512,#29,.T.);
#3125=EDGE_CURVE('',#2513,#2512,#139,.T.);
#3126=EDGE_CURVE('',#2513,#2514,#30,.T.);
#3127=EDGE_CURVE('',#2515,#2514,#140,.T.);
#3128=EDGE_CURVE('',#2515,#2516,#2115,.T.);
#3129=EDGE_CURVE('',#2517,#2516,#141,.T.);
#3130=EDGE_CURVE('',#2517,#2518,#31,.T.);
#3131=EDGE_CURVE('',#2519,#2518,#142,.T.);
#3132=EDGE_CURVE('',#2519,#2520,#32,.T.);
#3133=EDGE_CURVE('',#2521,#2520,#143,.T.);
#3134=EDGE_CURVE('',#2521,#2522,#2116,.T.);
#3135=EDGE_CURVE('',#2523,#2522,#144,.T.);
#3136=EDGE_CURVE('',#2523,#2524,#33,.T.);
#3137=EDGE_CURVE('',#2525,#2524,#145,.T.);
#3138=EDGE_CURVE('',#2525,#2526,#34,.T.);
#3139=EDGE_CURVE('',#2527,#2526,#146,.T.);
#3140=EDGE_CURVE('',#2527,#2528,#2117,.T.);
#3141=EDGE_CURVE('',#2529,#2528,#147,.T.);
#3142=EDGE_CURVE('',#2529,#2530,#35,.T.);
#3143=EDGE_CURVE('',#2531,#2530,#148,.T.);
#3144=EDGE_CURVE('',#2531,#2532,#36,.T.);
#3145=EDGE_CURVE('',#2533,#2532,#149,.T.);
#3146=EDGE_CURVE('',#2533,#2534,#2118,.T.);
#3147=EDGE_CURVE('',#2535,#2534,#150,.T.);
#3148=EDGE_CURVE('',#2535,#2536,#37,.T.);
#3149=EDGE_CURVE('',#2537,#2536,#151,.T.);
#3150=EDGE_CURVE('',#2537,#2538,#38,.T.);
#3151=EDGE_CURVE('',#2539,#2538,#152,.T.);
#3152=EDGE_CURVE('',#2539,#2540,#2119,.T.);
#3153=EDGE_CURVE('',#2541,#2540,#153,.T.);
#3154=EDGE_CURVE('',#2541,#2542,#39,.T.);
#3155=EDGE_CURVE('',#2543,#2542,#154,.T.);
#3156=EDGE_CURVE('',#2543,#2544,#40,.T.);
#3157=EDGE_CURVE('',#2545,#2544,#155,.T.);
#3158=EDGE_CURVE('',#2545,#2546,#2120,.T.);
#3159=EDGE_CURVE('',#2547,#2546,#156,.T.);
#3160=EDGE_CURVE('',#2547,#2548,#41,.T.);
#3161=EDGE_CURVE('',#2549,#2548,#157,.T.);
#3162=EDGE_CURVE('',#2549,#2550,#42,.T.);
#3163=EDGE_CURVE('',#2551,#2550,#158,.T.);
#3164=EDGE_CURVE('',#2551,#2552,#2121,.T.);
#3165=EDGE_CURVE('',#2553,#2552,#159,.T.);
#3166=EDGE_CURVE('',#2553,#2554,#43,.T.);
#3167=EDGE_CURVE('',#2555,#2554,#160,.T.);
#3168=EDGE_CURVE('',#2555,#2556,#44,.T.);
#3169=EDGE_CURVE('',#2557,#2556,#161,.T.);
#3170=EDGE_CURVE('',#2557,#2558,#2122,.T.);
#3171=EDGE_CURVE('',#2559,#2558,#162,.T.);
#3172=EDGE_CURVE('',#2559,#2560,#45,.T.);
#3173=EDGE_CURVE('',#2561,#2560,#163,.T.);
#3174=EDGE_CURVE('',#2561,#2562,#46,.T.);
#3175=EDGE_CURVE('',#2563,#2562,#164,.T.);
#3176=EDGE_CURVE('',#2563,#2564,#2123,.T.);
#3177=EDGE_CURVE('',#2565,#2564,#165,.T.);
#3178=EDGE_CURVE('',#2565,#2566,#47,.T.);
#3179=EDGE_CURVE('',#2567,#2566,#166,.T.);
#3180=EDGE_CURVE('',#2567,#2568,#48,.T.);
#3181=EDGE_CURVE('',#2569,#2568,#167,.T.);
#3182=EDGE_CURVE('',#2569,#2570,#2124,.T.);
#3183=EDGE_CURVE('',#2571,#2570,#168,.T.);
#3184=EDGE_CURVE('',#2571,#2572,#49,.T.);
#3185=EDGE_CURVE('',#2573,#2572,#169,.T.);
#3186=EDGE_CURVE('',#2573,#2574,#50,.T.);
#3187=EDGE_CURVE('',#2575,#2574,#170,.T.);
#3188=EDGE_CURVE('',#2575,#2576,#2125,.T.);
#3189=EDGE_CURVE('',#2577,#2576,#171,.T.);
#3190=EDGE_CURVE('',#2577,#2578,#51,.T.);
#3191=EDGE_CURVE('',#2579,#2578,#172,.T.);
#3192=EDGE_CURVE('',#2579,#2580,#52,.T.);
#3193=EDGE_CURVE('',#2581,#2580,#173,.T.);
#3194=EDGE_CURVE('',#2581,#2582,#2126,.T.);
#3195=EDGE_CURVE('',#2583,#2582,#174,.T.);
#3196=EDGE_CURVE('',#2583,#2584,#53,.T.);
#3197=EDGE_CURVE('',#2585,#2584,#175,.T.);
#3198=EDGE_CURVE('',#2585,#2586,#54,.T.);
#3199=EDGE_CURVE('',#2587,#2586,#176,.T.);
#3200=EDGE_CURVE('',#2587,#2588,#2127,.T.);
#3201=EDGE_CURVE('',#2589,#2588,#177,.T.);
#3202=EDGE_CURVE('',#2589,#2590,#55,.T.);
#3203=EDGE_CURVE('',#2591,#2590,#178,.T.);
#3204=EDGE_CURVE('',#2591,#2592,#56,.T.);
#3205=EDGE_CURVE('',#2593,#2592,#179,.T.);
#3206=EDGE_CURVE('',#2593,#2594,#2128,.T.);
#3207=EDGE_CURVE('',#2595,#2594,#180,.T.);
#3208=EDGE_CURVE('',#2595,#2596,#57,.T.);
#3209=EDGE_CURVE('',#2597,#2596,#181,.T.);
#3210=EDGE_CURVE('',#2597,#2598,#58,.T.);
#3211=EDGE_CURVE('',#2599,#2598,#182,.T.);
#3212=EDGE_CURVE('',#2599,#2600,#2129,.T.);
#3213=EDGE_CURVE('',#2601,#2600,#183,.T.);
#3214=EDGE_CURVE('',#2601,#2602,#59,.T.);
#3215=EDGE_CURVE('',#2603,#2602,#184,.T.);
#3216=EDGE_CURVE('',#2603,#2604,#60,.T.);
#3217=EDGE_CURVE('',#2605,#2604,#185,.T.);
#3218=EDGE_CURVE('',#2605,#2606,#2130,.T.);
#3219=EDGE_CURVE('',#2607,#2606,#186,.T.);
#3220=EDGE_CURVE('',#2607,#2608,#61,.T.);
#3221=EDGE_CURVE('',#2609,#2608,#187,.T.);
#3222=EDGE_CURVE('',#2609,#2610,#62,.T.);
#3223=EDGE_CURVE('',#2611,#2610,#188,.T.);
#3224=EDGE_CURVE('',#2611,#2612,#2131,.T.);
#3225=EDGE_CURVE('',#2613,#2612,#189,.T.);
#3226=EDGE_CURVE('',#2613,#2614,#63,.T.);
#3227=EDGE_CURVE('',#2615,#2614,#190,.T.);
#3228=EDGE_CURVE('',#2615,#2616,#64,.T.);
#3229=EDGE_CURVE('',#2617,#2616,#191,.T.);
#3230=EDGE_CURVE('',#2617,#2618,#2132,.T.);
#3231=EDGE_CURVE('',#2619,#2618,#192,.T.);
#3232=EDGE_CURVE('',#2619,#2620,#65,.T.);
#3233=EDGE_CURVE('',#2621,#2620,#193,.T.);
#3234=EDGE_CURVE('',#2621,#2622,#66,.T.);
#3235=EDGE_CURVE('',#2623,#2622,#194,.T.);
#3236=EDGE_CURVE('',#2623,#2624,#2133,.T.);
#3237=EDGE_CURVE('',#2625,#2624,#195,.T.);
#3238=EDGE_CURVE('',#2625,#2626,#67,.T.);
#3239=EDGE_CURVE('',#2627,#2626,#196,.T.);
#3240=EDGE_CURVE('',#2627,#2628,#68,.T.);
#3241=EDGE_CURVE('',#2629,#2628,#197,.T.);
#3242=EDGE_CURVE('',#2629,#2630,#2134,.T.);
#3243=EDGE_CURVE('',#2631,#2630,#198,.T.);
#3244=EDGE_CURVE('',#2631,#2632,#69,.T.);
#3245=EDGE_CURVE('',#2633,#2632,#199,.T.);
#3246=EDGE_CURVE('',#2633,#2634,#70,.T.);
#3247=EDGE_CURVE('',#2635,#2634,#200,.T.);
#3248=EDGE_CURVE('',#2635,#2636,#2135,.T.);
#3249=EDGE_CURVE('',#2637,#2636,#201,.T.);
#3250=EDGE_CURVE('',#2637,#2638,#71,.T.);
#3251=EDGE_CURVE('',#2639,#2638,#202,.T.);
#3252=EDGE_CURVE('',#2639,#2640,#72,.T.);
#3253=EDGE_CURVE('',#2641,#2640,#203,.T.);
#3254=EDGE_CURVE('',#2641,#2642,#2136,.T.);
#3255=EDGE_CURVE('',#2643,#2642,#204,.T.);
#3256=EDGE_CURVE('',#2643,#2644,#73,.T.);
#3257=EDGE_CURVE('',#2645,#2644,#205,.T.);
#3258=EDGE_CURVE('',#2645,#2646,#74,.T.);
#3259=EDGE_CURVE('',#2647,#2646,#206,.T.);
#3260=EDGE_CURVE('',#2647,#2648,#2137,.T.);
#3261=EDGE_CURVE('',#2649,#2648,#207,.T.);
#3262=EDGE_CURVE('',#2649,#2650,#75,.T.);
#3263=EDGE_CURVE('',#2651,#2650,#208,.T.);
#3264=EDGE_CURVE('',#2651,#2652,#76,.T.);
#3265=EDGE_CURVE('',#2653,#2652,#209,.T.);
#3266=EDGE_CURVE('',#2653,#2654,#2138,.T.);
#3267=EDGE_CURVE('',#2655,#2654,#210,.T.);
#3268=EDGE_CURVE('',#2655,#2656,#77,.T.);
#3269=EDGE_CURVE('',#2657,#2656,#211,.T.);
#3270=EDGE_CURVE('',#2657,#2658,#78,.T.);
#3271=EDGE_CURVE('',#2659,#2658,#212,.T.);
#3272=EDGE_CURVE('',#2659,#2660,#2139,.T.);
#3273=EDGE_CURVE('',#2661,#2660,#213,.T.);
#3274=EDGE_CURVE('',#2661,#2662,#79,.T.);
#3275=EDGE_CURVE('',#2663,#2662,#214,.T.);
#3276=EDGE_CURVE('',#2663,#2664,#80,.T.);
#3277=EDGE_CURVE('',#2665,#2664,#215,.T.);
#3278=EDGE_CURVE('',#2665,#2666,#2140,.T.);
#3279=EDGE_CURVE('',#2667,#2666,#216,.T.);
#3280=EDGE_CURVE('',#2667,#2668,#81,.T.);
#3281=EDGE_CURVE('',#2669,#2668,#217,.T.);
#3282=EDGE_CURVE('',#2669,#2670,#82,.T.);
#3283=EDGE_CURVE('',#2671,#2670,#218,.T.);
#3284=EDGE_CURVE('',#2671,#2672,#2141,.T.);
#3285=EDGE_CURVE('',#2673,#2672,#219,.T.);
#3286=EDGE_CURVE('',#2673,#2674,#83,.T.);
#3287=EDGE_CURVE('',#2675,#2674,#220,.T.);
#3288=EDGE_CURVE('',#2675,#2676,#84,.T.);
#3289=EDGE_CURVE('',#2677,#2676,#221,.T.);
#3290=EDGE_CURVE('',#2677,#2678,#2142,.T.);
#3291=EDGE_CURVE('',#2679,#2678,#222,.T.);
#3292=EDGE_CURVE('',#2679,#2680,#85,.T.);
#3293=EDGE_CURVE('',#2681,#2680,#223,.T.);
#3294=EDGE_CURVE('',#2681,#2682,#86,.T.);
#3295=EDGE_CURVE('',#2683,#2682,#224,.T.);
#3296=EDGE_CURVE('',#2683,#2684,#2143,.T.);
#3297=EDGE_CURVE('',#2685,#2684,#225,.T.);
#3298=EDGE_CURVE('',#2685,#2686,#87,.T.);
#3299=EDGE_CURVE('',#2687,#2686,#226,.T.);
#3300=EDGE_CURVE('',#2687,#2688,#88,.T.);
#3301=EDGE_CURVE('',#2689,#2688,#227,.T.);
#3302=EDGE_CURVE('',#2689,#2690,#2144,.T.);
#3303=EDGE_CURVE('',#2691,#2690,#228,.T.);
#3304=EDGE_CURVE('',#2691,#2692,#89,.T.);
#3305=EDGE_CURVE('',#2693,#2692,#229,.T.);
#3306=EDGE_CURVE('',#2693,#2694,#90,.T.);
#3307=EDGE_CURVE('',#2465,#2694,#230,.T.);
#3308=EDGE_CURVE('',#2463,#2695,#91,.T.);
#3309=EDGE_CURVE('',#2696,#2695,#231,.T.);
#3310=EDGE_CURVE('',#2696,#2697,#92,.T.);
#3311=EDGE_CURVE('',#2698,#2697,#232,.T.);
#3312=EDGE_CURVE('',#2698,#2699,#2145,.T.);
#3313=EDGE_CURVE('',#2700,#2699,#233,.T.);
#3314=EDGE_CURVE('',#2700,#2701,#93,.T.);
#3315=EDGE_CURVE('',#2702,#2701,#234,.T.);
#3316=EDGE_CURVE('',#2702,#2703,#94,.T.);
#3317=EDGE_CURVE('',#2704,#2703,#235,.T.);
#3318=EDGE_CURVE('',#2704,#2705,#2146,.T.);
#3319=EDGE_CURVE('',#2706,#2705,#236,.T.);
#3320=EDGE_CURVE('',#2706,#2707,#95,.T.);
#3321=EDGE_CURVE('',#2708,#2707,#237,.T.);
#3322=EDGE_CURVE('',#2708,#2709,#96,.T.);
#3323=EDGE_CURVE('',#2710,#2709,#238,.T.);
#3324=EDGE_CURVE('',#2710,#2711,#2147,.T.);
#3325=EDGE_CURVE('',#2712,#2711,#239,.T.);
#3326=EDGE_CURVE('',#2712,#2713,#97,.T.);
#3327=EDGE_CURVE('',#2714,#2713,#240,.T.);
#3328=EDGE_CURVE('',#2714,#2715,#98,.T.);
#3329=EDGE_CURVE('',#2716,#2715,#241,.T.);
#3330=EDGE_CURVE('',#2716,#2717,#2148,.T.);
#3331=EDGE_CURVE('',#2718,#2717,#242,.T.);
#3332=EDGE_CURVE('',#2718,#2719,#99,.T.);
#3333=EDGE_CURVE('',#2720,#2719,#243,.T.);
#3334=EDGE_CURVE('',#2720,#2721,#100,.T.);
#3335=EDGE_CURVE('',#2722,#2721,#244,.T.);
#3336=EDGE_CURVE('',#2722,#2723,#2149,.T.);
#3337=EDGE_CURVE('',#2724,#2723,#245,.T.);
#3338=EDGE_CURVE('',#2724,#2725,#101,.T.);
#3339=EDGE_CURVE('',#2726,#2725,#246,.T.);
#3340=EDGE_CURVE('',#2726,#2727,#102,.T.);
#3341=EDGE_CURVE('',#2728,#2727,#247,.T.);
#3342=EDGE_CURVE('',#2728,#2729,#2150,.T.);
#3343=EDGE_CURVE('',#2730,#2729,#248,.T.);
#3344=EDGE_CURVE('',#2730,#2731,#103,.T.);
#3345=EDGE_CURVE('',#2732,#2731,#249,.T.);
#3346=EDGE_CURVE('',#2732,#2733,#104,.T.);
#3347=EDGE_CURVE('',#2734,#2733,#250,.T.);
#3348=EDGE_CURVE('',#2734,#2735,#2151,.T.);
#3349=EDGE_CURVE('',#2736,#2735,#251,.T.);
#3350=EDGE_CURVE('',#2736,#2737,#105,.T.);
#3351=EDGE_CURVE('',#2738,#2737,#252,.T.);
#3352=EDGE_CURVE('',#2738,#2739,#106,.T.);
#3353=EDGE_CURVE('',#2740,#2739,#253,.T.);
#3354=EDGE_CURVE('',#2740,#2741,#2152,.T.);
#3355=EDGE_CURVE('',#2742,#2741,#254,.T.);
#3356=EDGE_CURVE('',#2742,#2743,#107,.T.);
#3357=EDGE_CURVE('',#2744,#2743,#255,.T.);
#3358=EDGE_CURVE('',#2744,#2745,#108,.T.);
#3359=EDGE_CURVE('',#2746,#2745,#256,.T.);
#3360=EDGE_CURVE('',#2746,#2747,#2153,.T.);
#3361=EDGE_CURVE('',#2748,#2747,#257,.T.);
#3362=EDGE_CURVE('',#2748,#2749,#109,.T.);
#3363=EDGE_CURVE('',#2750,#2749,#258,.T.);
#3364=EDGE_CURVE('',#2750,#2751,#110,.T.);
#3365=EDGE_CURVE('',#2752,#2751,#259,.T.);
#3366=EDGE_CURVE('',#2752,#2753,#2154,.T.);
#3367=EDGE_CURVE('',#2754,#2753,#260,.T.);
#3368=EDGE_CURVE('',#2754,#2755,#111,.T.);
#3369=EDGE_CURVE('',#2756,#2755,#261,.T.);
#3370=EDGE_CURVE('',#2756,#2757,#112,.T.);
#3371=EDGE_CURVE('',#2758,#2757,#262,.T.);
#3372=EDGE_CURVE('',#2758,#2759,#2155,.T.);
#3373=EDGE_CURVE('',#2760,#2759,#263,.T.);
#3374=EDGE_CURVE('',#2760,#2761,#113,.T.);
#3375=EDGE_CURVE('',#2762,#2761,#264,.T.);
#3376=EDGE_CURVE('',#2762,#2763,#114,.T.);
#3377=EDGE_CURVE('',#2764,#2763,#265,.T.);
#3378=EDGE_CURVE('',#2764,#2467,#2156,.T.);
#3379=EDGE_CURVE('',#2458,#2698,#1194,.T.);
#3380=EDGE_CURVE('',#2697,#2459,#1195,.T.);
#3381=EDGE_CURVE('',#2699,#2457,#1196,.T.);
#3382=EDGE_CURVE('',#2456,#2700,#1197,.T.);
#3383=EDGE_CURVE('',#2452,#2704,#1198,.T.);
#3384=EDGE_CURVE('',#2703,#2453,#1199,.T.);
#3385=EDGE_CURVE('',#2705,#2451,#1200,.T.);
#3386=EDGE_CURVE('',#2450,#2706,#1201,.T.);
#3387=EDGE_CURVE('',#2446,#2710,#1202,.T.);
#3388=EDGE_CURVE('',#2709,#2447,#1203,.T.);
#3389=EDGE_CURVE('',#2711,#2445,#1204,.T.);
#3390=EDGE_CURVE('',#2444,#2712,#1205,.T.);
#3391=EDGE_CURVE('',#2440,#2716,#1206,.T.);
#3392=EDGE_CURVE('',#2715,#2441,#1207,.T.);
#3393=EDGE_CURVE('',#2717,#2439,#1208,.T.);
#3394=EDGE_CURVE('',#2438,#2718,#1209,.T.);
#3395=EDGE_CURVE('',#2434,#2722,#1210,.T.);
#3396=EDGE_CURVE('',#2721,#2435,#1211,.T.);
#3397=EDGE_CURVE('',#2723,#2433,#1212,.T.);
#3398=EDGE_CURVE('',#2432,#2724,#1213,.T.);
#3399=EDGE_CURVE('',#2428,#2728,#1214,.T.);
#3400=EDGE_CURVE('',#2727,#2429,#1215,.T.);
#3401=EDGE_CURVE('',#2729,#2427,#1216,.T.);
#3402=EDGE_CURVE('',#2426,#2730,#1217,.T.);
#3403=EDGE_CURVE('',#2422,#2734,#1218,.T.);
#3404=EDGE_CURVE('',#2733,#2423,#1219,.T.);
#3405=EDGE_CURVE('',#2735,#2421,#1220,.T.);
#3406=EDGE_CURVE('',#2420,#2736,#1221,.T.);
#3407=EDGE_CURVE('',#2416,#2740,#1222,.T.);
#3408=EDGE_CURVE('',#2739,#2417,#1223,.T.);
#3409=EDGE_CURVE('',#2741,#2415,#1224,.T.);
#3410=EDGE_CURVE('',#2414,#2742,#1225,.T.);
#3411=EDGE_CURVE('',#2410,#2746,#1226,.T.);
#3412=EDGE_CURVE('',#2745,#2411,#1227,.T.);
#3413=EDGE_CURVE('',#2747,#2409,#1228,.T.);
#3414=EDGE_CURVE('',#2408,#2748,#1229,.T.);
#3415=EDGE_CURVE('',#2404,#2752,#1230,.T.);
#3416=EDGE_CURVE('',#2751,#2405,#1231,.T.);
#3417=EDGE_CURVE('',#2753,#2403,#1232,.T.);
#3418=EDGE_CURVE('',#2402,#2754,#1233,.T.);
#3419=EDGE_CURVE('',#2398,#2758,#1234,.T.);
#3420=EDGE_CURVE('',#2757,#2399,#1235,.T.);
#3421=EDGE_CURVE('',#2759,#2397,#1236,.T.);
#3422=EDGE_CURVE('',#2396,#2760,#1237,.T.);
#3423=EDGE_CURVE('',#2392,#2764,#1238,.T.);
#3424=EDGE_CURVE('',#2763,#2393,#1239,.T.);
#3425=EDGE_CURVE('',#2468,#2391,#1240,.T.);
#3426=EDGE_CURVE('',#2390,#2469,#1241,.T.);
#3427=EDGE_CURVE('',#2386,#2473,#1242,.T.);
#3428=EDGE_CURVE('',#2472,#2387,#1243,.T.);
#3429=EDGE_CURVE('',#2474,#2385,#1244,.T.);
#3430=EDGE_CURVE('',#2384,#2475,#1245,.T.);
#3431=EDGE_CURVE('',#2380,#2479,#1246,.T.);
#3432=EDGE_CURVE('',#2478,#2381,#1247,.T.);
#3433=EDGE_CURVE('',#2480,#2379,#1248,.T.);
#3434=EDGE_CURVE('',#2378,#2481,#1249,.T.);
#3435=EDGE_CURVE('',#2374,#2485,#1250,.T.);
#3436=EDGE_CURVE('',#2484,#2375,#1251,.T.);
#3437=EDGE_CURVE('',#2486,#2373,#1252,.T.);
#3438=EDGE_CURVE('',#2372,#2487,#1253,.T.);
#3439=EDGE_CURVE('',#2368,#2491,#1254,.T.);
#3440=EDGE_CURVE('',#2490,#2369,#1255,.T.);
#3441=EDGE_CURVE('',#2492,#2367,#1256,.T.);
#3442=EDGE_CURVE('',#2366,#2493,#1257,.T.);
#3443=EDGE_CURVE('',#2362,#2497,#1258,.T.);
#3444=EDGE_CURVE('',#2496,#2363,#1259,.T.);
#3445=EDGE_CURVE('',#2498,#2361,#1260,.T.);
#3446=EDGE_CURVE('',#2360,#2499,#1261,.T.);
#3447=EDGE_CURVE('',#2356,#2503,#1262,.T.);
#3448=EDGE_CURVE('',#2502,#2357,#1263,.T.);
#3449=EDGE_CURVE('',#2504,#2355,#1264,.T.);
#3450=EDGE_CURVE('',#2354,#2505,#1265,.T.);
#3451=EDGE_CURVE('',#2350,#2509,#1266,.T.);
#3452=EDGE_CURVE('',#2508,#2351,#1267,.T.);
#3453=EDGE_CURVE('',#2510,#2349,#1268,.T.);
#3454=EDGE_CURVE('',#2348,#2511,#1269,.T.);
#3455=EDGE_CURVE('',#2344,#2515,#1270,.T.);
#3456=EDGE_CURVE('',#2514,#2345,#1271,.T.);
#3457=EDGE_CURVE('',#2516,#2343,#1272,.T.);
#3458=EDGE_CURVE('',#2342,#2517,#1273,.T.);
#3459=EDGE_CURVE('',#2338,#2521,#1274,.T.);
#3460=EDGE_CURVE('',#2520,#2339,#1275,.T.);
#3461=EDGE_CURVE('',#2522,#2337,#1276,.T.);
#3462=EDGE_CURVE('',#2336,#2523,#1277,.T.);
#3463=EDGE_CURVE('',#2332,#2527,#1278,.T.);
#3464=EDGE_CURVE('',#2526,#2333,#1279,.T.);
#3465=EDGE_CURVE('',#2528,#2331,#1280,.T.);
#3466=EDGE_CURVE('',#2330,#2529,#1281,.T.);
#3467=EDGE_CURVE('',#2326,#2533,#1282,.T.);
#3468=EDGE_CURVE('',#2532,#2327,#1283,.T.);
#3469=EDGE_CURVE('',#2534,#2325,#1284,.T.);
#3470=EDGE_CURVE('',#2324,#2535,#1285,.T.);
#3471=EDGE_CURVE('',#2320,#2539,#1286,.T.);
#3472=EDGE_CURVE('',#2538,#2321,#1287,.T.);
#3473=EDGE_CURVE('',#2540,#2319,#1288,.T.);
#3474=EDGE_CURVE('',#2318,#2541,#1289,.T.);
#3475=EDGE_CURVE('',#2314,#2545,#1290,.T.);
#3476=EDGE_CURVE('',#2544,#2315,#1291,.T.);
#3477=EDGE_CURVE('',#2546,#2313,#1292,.T.);
#3478=EDGE_CURVE('',#2312,#2547,#1293,.T.);
#3479=EDGE_CURVE('',#2308,#2551,#1294,.T.);
#3480=EDGE_CURVE('',#2550,#2309,#1295,.T.);
#3481=EDGE_CURVE('',#2552,#2307,#1296,.T.);
#3482=EDGE_CURVE('',#2306,#2553,#1297,.T.);
#3483=EDGE_CURVE('',#2302,#2557,#1298,.T.);
#3484=EDGE_CURVE('',#2556,#2303,#1299,.T.);
#3485=EDGE_CURVE('',#2558,#2301,#1300,.T.);
#3486=EDGE_CURVE('',#2300,#2559,#1301,.T.);
#3487=EDGE_CURVE('',#2296,#2563,#1302,.T.);
#3488=EDGE_CURVE('',#2562,#2297,#1303,.T.);
#3489=EDGE_CURVE('',#2564,#2295,#1304,.T.);
#3490=EDGE_CURVE('',#2294,#2565,#1305,.T.);
#3491=EDGE_CURVE('',#2290,#2569,#1306,.T.);
#3492=EDGE_CURVE('',#2568,#2291,#1307,.T.);
#3493=EDGE_CURVE('',#2570,#2289,#1308,.T.);
#3494=EDGE_CURVE('',#2288,#2571,#1309,.T.);
#3495=EDGE_CURVE('',#2284,#2575,#1310,.T.);
#3496=EDGE_CURVE('',#2574,#2285,#1311,.T.);
#3497=EDGE_CURVE('',#2576,#2283,#1312,.T.);
#3498=EDGE_CURVE('',#2282,#2577,#1313,.T.);
#3499=EDGE_CURVE('',#2278,#2581,#1314,.T.);
#3500=EDGE_CURVE('',#2580,#2279,#1315,.T.);
#3501=EDGE_CURVE('',#2582,#2277,#1316,.T.);
#3502=EDGE_CURVE('',#2276,#2583,#1317,.T.);
#3503=EDGE_CURVE('',#2272,#2587,#1318,.T.);
#3504=EDGE_CURVE('',#2586,#2273,#1319,.T.);
#3505=EDGE_CURVE('',#2588,#2271,#1320,.T.);
#3506=EDGE_CURVE('',#2270,#2589,#1321,.T.);
#3507=EDGE_CURVE('',#2266,#2593,#1322,.T.);
#3508=EDGE_CURVE('',#2592,#2267,#1323,.T.);
#3509=EDGE_CURVE('',#2594,#2265,#1324,.T.);
#3510=EDGE_CURVE('',#2264,#2595,#1325,.T.);
#3511=EDGE_CURVE('',#2260,#2599,#1326,.T.);
#3512=EDGE_CURVE('',#2598,#2261,#1327,.T.);
#3513=EDGE_CURVE('',#2600,#2259,#1328,.T.);
#3514=EDGE_CURVE('',#2258,#2601,#1329,.T.);
#3515=EDGE_CURVE('',#2254,#2605,#1330,.T.);
#3516=EDGE_CURVE('',#2604,#2255,#1331,.T.);
#3517=EDGE_CURVE('',#2606,#2253,#1332,.T.);
#3518=EDGE_CURVE('',#2252,#2607,#1333,.T.);
#3519=EDGE_CURVE('',#2248,#2611,#1334,.T.);
#3520=EDGE_CURVE('',#2610,#2249,#1335,.T.);
#3521=EDGE_CURVE('',#2612,#2247,#1336,.T.);
#3522=EDGE_CURVE('',#2246,#2613,#1337,.T.);
#3523=EDGE_CURVE('',#2242,#2617,#1338,.T.);
#3524=EDGE_CURVE('',#2616,#2243,#1339,.T.);
#3525=EDGE_CURVE('',#2618,#2241,#1340,.T.);
#3526=EDGE_CURVE('',#2240,#2619,#1341,.T.);
#3527=EDGE_CURVE('',#2236,#2623,#1342,.T.);
#3528=EDGE_CURVE('',#2622,#2237,#1343,.T.);
#3529=EDGE_CURVE('',#2624,#2235,#1344,.T.);
#3530=EDGE_CURVE('',#2234,#2625,#1345,.T.);
#3531=EDGE_CURVE('',#2230,#2629,#1346,.T.);
#3532=EDGE_CURVE('',#2628,#2231,#1347,.T.);
#3533=EDGE_CURVE('',#2630,#2229,#1348,.T.);
#3534=EDGE_CURVE('',#2228,#2631,#1349,.T.);
#3535=EDGE_CURVE('',#2224,#2635,#1350,.T.);
#3536=EDGE_CURVE('',#2634,#2225,#1351,.T.);
#3537=EDGE_CURVE('',#2636,#2223,#1352,.T.);
#3538=EDGE_CURVE('',#2222,#2637,#1353,.T.);
#3539=EDGE_CURVE('',#2218,#2641,#1354,.T.);
#3540=EDGE_CURVE('',#2640,#2219,#1355,.T.);
#3541=EDGE_CURVE('',#2642,#2217,#1356,.T.);
#3542=EDGE_CURVE('',#2216,#2643,#1357,.T.);
#3543=EDGE_CURVE('',#2212,#2647,#1358,.T.);
#3544=EDGE_CURVE('',#2646,#2213,#1359,.T.);
#3545=EDGE_CURVE('',#2648,#2211,#1360,.T.);
#3546=EDGE_CURVE('',#2210,#2649,#1361,.T.);
#3547=EDGE_CURVE('',#2206,#2653,#1362,.T.);
#3548=EDGE_CURVE('',#2652,#2207,#1363,.T.);
#3549=EDGE_CURVE('',#2654,#2205,#1364,.T.);
#3550=EDGE_CURVE('',#2204,#2655,#1365,.T.);
#3551=EDGE_CURVE('',#2200,#2659,#1366,.T.);
#3552=EDGE_CURVE('',#2658,#2201,#1367,.T.);
#3553=EDGE_CURVE('',#2660,#2199,#1368,.T.);
#3554=EDGE_CURVE('',#2198,#2661,#1369,.T.);
#3555=EDGE_CURVE('',#2194,#2665,#1370,.T.);
#3556=EDGE_CURVE('',#2664,#2195,#1371,.T.);
#3557=EDGE_CURVE('',#2666,#2193,#1372,.T.);
#3558=EDGE_CURVE('',#2192,#2667,#1373,.T.);
#3559=EDGE_CURVE('',#2188,#2671,#1374,.T.);
#3560=EDGE_CURVE('',#2670,#2189,#1375,.T.);
#3561=EDGE_CURVE('',#2672,#2187,#1376,.T.);
#3562=EDGE_CURVE('',#2186,#2673,#1377,.T.);
#3563=EDGE_CURVE('',#2182,#2677,#1378,.T.);
#3564=EDGE_CURVE('',#2676,#2183,#1379,.T.);
#3565=EDGE_CURVE('',#2678,#2181,#1380,.T.);
#3566=EDGE_CURVE('',#2180,#2679,#1381,.T.);
#3567=EDGE_CURVE('',#2176,#2683,#1382,.T.);
#3568=EDGE_CURVE('',#2682,#2177,#1383,.T.);
#3569=EDGE_CURVE('',#2684,#2175,#1384,.T.);
#3570=EDGE_CURVE('',#2174,#2685,#1385,.T.);
#3571=EDGE_CURVE('',#2170,#2689,#1386,.T.);
#3572=EDGE_CURVE('',#2688,#2171,#1387,.T.);
#3573=EDGE_CURVE('',#2690,#2169,#1388,.T.);
#3574=EDGE_CURVE('',#2695,#2461,#1389,.T.);
#3575=EDGE_CURVE('',#2460,#2696,#1390,.T.);
#3576=EDGE_CURVE('',#2701,#2455,#1391,.T.);
#3577=EDGE_CURVE('',#2454,#2702,#1392,.T.);
#3578=EDGE_CURVE('',#2707,#2449,#1393,.T.);
#3579=EDGE_CURVE('',#2448,#2708,#1394,.T.);
#3580=EDGE_CURVE('',#2713,#2443,#1395,.T.);
#3581=EDGE_CURVE('',#2442,#2714,#1396,.T.);
#3582=EDGE_CURVE('',#2719,#2437,#1397,.T.);
#3583=EDGE_CURVE('',#2436,#2720,#1398,.T.);
#3584=EDGE_CURVE('',#2725,#2431,#1399,.T.);
#3585=EDGE_CURVE('',#2430,#2726,#1400,.T.);
#3586=EDGE_CURVE('',#2731,#2425,#1401,.T.);
#3587=EDGE_CURVE('',#2424,#2732,#1402,.T.);
#3588=EDGE_CURVE('',#2737,#2419,#1403,.T.);
#3589=EDGE_CURVE('',#2418,#2738,#1404,.T.);
#3590=EDGE_CURVE('',#2743,#2413,#1405,.T.);
#3591=EDGE_CURVE('',#2412,#2744,#1406,.T.);
#3592=EDGE_CURVE('',#2749,#2407,#1407,.T.);
#3593=EDGE_CURVE('',#2406,#2750,#1408,.T.);
#3594=EDGE_CURVE('',#2755,#2401,#1409,.T.);
#3595=EDGE_CURVE('',#2400,#2756,#1410,.T.);
#3596=EDGE_CURVE('',#2761,#2395,#1411,.T.);
#3597=EDGE_CURVE('',#2394,#2762,#1412,.T.);
#3598=EDGE_CURVE('',#2470,#2389,#1413,.T.);
#3599=EDGE_CURVE('',#2388,#2471,#1414,.T.);
#3600=EDGE_CURVE('',#2476,#2383,#1415,.T.);
#3601=EDGE_CURVE('',#2382,#2477,#1416,.T.);
#3602=EDGE_CURVE('',#2482,#2377,#1417,.T.);
#3603=EDGE_CURVE('',#2376,#2483,#1418,.T.);
#3604=EDGE_CURVE('',#2488,#2371,#1419,.T.);
#3605=EDGE_CURVE('',#2370,#2489,#1420,.T.);
#3606=EDGE_CURVE('',#2494,#2365,#1421,.T.);
#3607=EDGE_CURVE('',#2364,#2495,#1422,.T.);
#3608=EDGE_CURVE('',#2500,#2359,#1423,.T.);
#3609=EDGE_CURVE('',#2358,#2501,#1424,.T.);
#3610=EDGE_CURVE('',#2506,#2353,#1425,.T.);
#3611=EDGE_CURVE('',#2352,#2507,#1426,.T.);
#3612=EDGE_CURVE('',#2512,#2347,#1427,.T.);
#3613=EDGE_CURVE('',#2346,#2513,#1428,.T.);
#3614=EDGE_CURVE('',#2518,#2341,#1429,.T.);
#3615=EDGE_CURVE('',#2340,#2519,#1430,.T.);
#3616=EDGE_CURVE('',#2524,#2335,#1431,.T.);
#3617=EDGE_CURVE('',#2334,#2525,#1432,.T.);
#3618=EDGE_CURVE('',#2530,#2329,#1433,.T.);
#3619=EDGE_CURVE('',#2328,#2531,#1434,.T.);
#3620=EDGE_CURVE('',#2536,#2323,#1435,.T.);
#3621=EDGE_CURVE('',#2322,#2537,#1436,.T.);
#3622=EDGE_CURVE('',#2542,#2317,#1437,.T.);
#3623=EDGE_CURVE('',#2316,#2543,#1438,.T.);
#3624=EDGE_CURVE('',#2548,#2311,#1439,.T.);
#3625=EDGE_CURVE('',#2310,#2549,#1440,.T.);
#3626=EDGE_CURVE('',#2554,#2305,#1441,.T.);
#3627=EDGE_CURVE('',#2304,#2555,#1442,.T.);
#3628=EDGE_CURVE('',#2560,#2299,#1443,.T.);
#3629=EDGE_CURVE('',#2298,#2561,#1444,.T.);
#3630=EDGE_CURVE('',#2566,#2293,#1445,.T.);
#3631=EDGE_CURVE('',#2292,#2567,#1446,.T.);
#3632=EDGE_CURVE('',#2572,#2287,#1447,.T.);
#3633=EDGE_CURVE('',#2286,#2573,#1448,.T.);
#3634=EDGE_CURVE('',#2578,#2281,#1449,.T.);
#3635=EDGE_CURVE('',#2280,#2579,#1450,.T.);
#3636=EDGE_CURVE('',#2584,#2275,#1451,.T.);
#3637=EDGE_CURVE('',#2274,#2585,#1452,.T.);
#3638=EDGE_CURVE('',#2590,#2269,#1453,.T.);
#3639=EDGE_CURVE('',#2268,#2591,#1454,.T.);
#3640=EDGE_CURVE('',#2596,#2263,#1455,.T.);
#3641=EDGE_CURVE('',#2262,#2597,#1456,.T.);
#3642=EDGE_CURVE('',#2602,#2257,#1457,.T.);
#3643=EDGE_CURVE('',#2256,#2603,#1458,.T.);
#3644=EDGE_CURVE('',#2608,#2251,#1459,.T.);
#3645=EDGE_CURVE('',#2250,#2609,#1460,.T.);
#3646=EDGE_CURVE('',#2614,#2245,#1461,.T.);
#3647=EDGE_CURVE('',#2244,#2615,#1462,.T.);
#3648=EDGE_CURVE('',#2620,#2239,#1463,.T.);
#3649=EDGE_CURVE('',#2238,#2621,#1464,.T.);
#3650=EDGE_CURVE('',#2626,#2233,#1465,.T.);
#3651=EDGE_CURVE('',#2232,#2627,#1466,.T.);
#3652=EDGE_CURVE('',#2632,#2227,#1467,.T.);
#3653=EDGE_CURVE('',#2226,#2633,#1468,.T.);
#3654=EDGE_CURVE('',#2638,#2221,#1469,.T.);
#3655=EDGE_CURVE('',#2220,#2639,#1470,.T.);
#3656=EDGE_CURVE('',#2644,#2215,#1471,.T.);
#3657=EDGE_CURVE('',#2214,#2645,#1472,.T.);
#3658=EDGE_CURVE('',#2650,#2209,#1473,.T.);
#3659=EDGE_CURVE('',#2208,#2651,#1474,.T.);
#3660=EDGE_CURVE('',#2656,#2203,#1475,.T.);
#3661=EDGE_CURVE('',#2202,#2657,#1476,.T.);
#3662=EDGE_CURVE('',#2662,#2197,#1477,.T.);
#3663=EDGE_CURVE('',#2196,#2663,#1478,.T.);
#3664=EDGE_CURVE('',#2668,#2191,#1479,.T.);
#3665=EDGE_CURVE('',#2190,#2669,#1480,.T.);
#3666=EDGE_CURVE('',#2674,#2185,#1481,.T.);
#3667=EDGE_CURVE('',#2184,#2675,#1482,.T.);
#3668=EDGE_CURVE('',#2680,#2179,#1483,.T.);
#3669=EDGE_CURVE('',#2178,#2681,#1484,.T.);
#3670=EDGE_CURVE('',#2686,#2173,#1485,.T.);
#3671=EDGE_CURVE('',#2172,#2687,#1486,.T.);
#3672=EDGE_CURVE('',#2168,#2691,#1487,.T.);
#3673=EDGE_CURVE('',#2694,#2165,#1488,.T.);
#3674=EDGE_CURVE('',#2692,#2167,#1489,.T.);
#3675=EDGE_CURVE('',#2166,#2693,#1490,.T.);
#3676=EDGE_CURVE('',#2462,#2765,#1491,.T.);
#3677=EDGE_CURVE('',#2765,#2765,#2157,.T.);
#3678=EDGE_CURVE('',#2766,#2766,#2158,.T.);
#3679=EDGE_CURVE('',#2767,#2768,#2159,.T.);
#3680=EDGE_CURVE('',#2768,#2769,#2160,.T.);
#3681=EDGE_CURVE('',#2769,#2767,#1492,.T.);
#3682=EDGE_CURVE('',#2766,#2768,#1493,.T.);
#3683=EDGE_CURVE('',#2767,#2770,#1494,.T.);
#3684=EDGE_CURVE('',#2771,#2770,#2161,.T.);
#3685=EDGE_CURVE('',#2769,#2771,#1495,.T.);
#3686=EDGE_CURVE('',#2770,#2771,#1496,.T.);
#3687=ORIENTED_EDGE('',*,*,#2772,.T.);
#3688=ORIENTED_EDGE('',*,*,#2773,.T.);
#3689=ORIENTED_EDGE('',*,*,#2774,.T.);
#3690=ORIENTED_EDGE('',*,*,#2775,.T.);
#3691=ORIENTED_EDGE('',*,*,#2776,.T.);
#3692=ORIENTED_EDGE('',*,*,#2777,.T.);
#3693=ORIENTED_EDGE('',*,*,#2778,.T.);
#3694=ORIENTED_EDGE('',*,*,#2779,.T.);
#3695=ORIENTED_EDGE('',*,*,#2780,.T.);
#3696=ORIENTED_EDGE('',*,*,#2781,.T.);
#3697=ORIENTED_EDGE('',*,*,#2782,.T.);
#3698=ORIENTED_EDGE('',*,*,#2783,.T.);
#3699=ORIENTED_EDGE('',*,*,#2784,.T.);
#3700=ORIENTED_EDGE('',*,*,#2785,.T.);
#3701=ORIENTED_EDGE('',*,*,#2786,.T.);
#3702=ORIENTED_EDGE('',*,*,#2787,.T.);
#3703=ORIENTED_EDGE('',*,*,#2788,.T.);
#3704=ORIENTED_EDGE('',*,*,#2789,.T.);
#3705=ORIENTED_EDGE('',*,*,#2790,.T.);
#3706=ORIENTED_EDGE('',*,*,#2791,.T.);
#3707=ORIENTED_EDGE('',*,*,#2792,.T.);
#3708=ORIENTED_EDGE('',*,*,#2793,.T.);
#3709=ORIENTED_EDGE('',*,*,#2794,.T.);
#3710=ORIENTED_EDGE('',*,*,#2795,.T.);
#3711=ORIENTED_EDGE('',*,*,#2796,.T.);
#3712=ORIENTED_EDGE('',*,*,#2797,.T.);
#3713=ORIENTED_EDGE('',*,*,#2798,.T.);
#3714=ORIENTED_EDGE('',*,*,#2799,.T.);
#3715=ORIENTED_EDGE('',*,*,#2800,.T.);
#3716=ORIENTED_EDGE('',*,*,#2801,.T.);
#3717=ORIENTED_EDGE('',*,*,#2802,.T.);
#3718=ORIENTED_EDGE('',*,*,#2803,.T.);
#3719=ORIENTED_EDGE('',*,*,#2804,.T.);
#3720=ORIENTED_EDGE('',*,*,#2805,.T.);
#3721=ORIENTED_EDGE('',*,*,#2806,.T.);
#3722=ORIENTED_EDGE('',*,*,#2807,.T.);
#3723=ORIENTED_EDGE('',*,*,#2808,.T.);
#3724=ORIENTED_EDGE('',*,*,#2809,.T.);
#3725=ORIENTED_EDGE('',*,*,#2810,.T.);
#3726=ORIENTED_EDGE('',*,*,#2811,.T.);
#3727=ORIENTED_EDGE('',*,*,#2812,.T.);
#3728=ORIENTED_EDGE('',*,*,#2813,.T.);
#3729=ORIENTED_EDGE('',*,*,#2814,.T.);
#3730=ORIENTED_EDGE('',*,*,#2815,.T.);
#3731=ORIENTED_EDGE('',*,*,#2816,.T.);
#3732=ORIENTED_EDGE('',*,*,#2817,.T.);
#3733=ORIENTED_EDGE('',*,*,#2818,.T.);
#3734=ORIENTED_EDGE('',*,*,#2819,.T.);
#3735=ORIENTED_EDGE('',*,*,#2820,.T.);
#3736=ORIENTED_EDGE('',*,*,#2821,.T.);
#3737=ORIENTED_EDGE('',*,*,#2822,.T.);
#3738=ORIENTED_EDGE('',*,*,#2823,.T.);
#3739=ORIENTED_EDGE('',*,*,#2824,.T.);
#3740=ORIENTED_EDGE('',*,*,#2825,.T.);
#3741=ORIENTED_EDGE('',*,*,#2826,.T.);
#3742=ORIENTED_EDGE('',*,*,#2827,.T.);
#3743=ORIENTED_EDGE('',*,*,#2828,.T.);
#3744=ORIENTED_EDGE('',*,*,#2829,.T.);
#3745=ORIENTED_EDGE('',*,*,#2830,.T.);
#3746=ORIENTED_EDGE('',*,*,#2831,.T.);
#3747=ORIENTED_EDGE('',*,*,#2832,.T.);
#3748=ORIENTED_EDGE('',*,*,#2833,.T.);
#3749=ORIENTED_EDGE('',*,*,#2834,.T.);
#3750=ORIENTED_EDGE('',*,*,#2835,.T.);
#3751=ORIENTED_EDGE('',*,*,#2836,.T.);
#3752=ORIENTED_EDGE('',*,*,#2837,.T.);
#3753=ORIENTED_EDGE('',*,*,#2838,.T.);
#3754=ORIENTED_EDGE('',*,*,#2839,.T.);
#3755=ORIENTED_EDGE('',*,*,#2840,.T.);
#3756=ORIENTED_EDGE('',*,*,#2841,.T.);
#3757=ORIENTED_EDGE('',*,*,#2842,.T.);
#3758=ORIENTED_EDGE('',*,*,#2843,.T.);
#3759=ORIENTED_EDGE('',*,*,#2844,.T.);
#3760=ORIENTED_EDGE('',*,*,#2845,.T.);
#3761=ORIENTED_EDGE('',*,*,#2846,.T.);
#3762=ORIENTED_EDGE('',*,*,#2847,.T.);
#3763=ORIENTED_EDGE('',*,*,#2848,.T.);
#3764=ORIENTED_EDGE('',*,*,#2849,.T.);
#3765=ORIENTED_EDGE('',*,*,#2850,.T.);
#3766=ORIENTED_EDGE('',*,*,#2851,.T.);
#3767=ORIENTED_EDGE('',*,*,#2852,.T.);
#3768=ORIENTED_EDGE('',*,*,#2853,.T.);
#3769=ORIENTED_EDGE('',*,*,#2854,.T.);
#3770=ORIENTED_EDGE('',*,*,#2855,.T.);
#3771=ORIENTED_EDGE('',*,*,#2856,.T.);
#3772=ORIENTED_EDGE('',*,*,#2857,.T.);
#3773=ORIENTED_EDGE('',*,*,#2858,.T.);
#3774=ORIENTED_EDGE('',*,*,#2859,.T.);
#3775=ORIENTED_EDGE('',*,*,#2860,.T.);
#3776=ORIENTED_EDGE('',*,*,#2861,.T.);
#3777=ORIENTED_EDGE('',*,*,#2862,.T.);
#3778=ORIENTED_EDGE('',*,*,#2863,.T.);
#3779=ORIENTED_EDGE('',*,*,#2864,.T.);
#3780=ORIENTED_EDGE('',*,*,#2865,.T.);
#3781=ORIENTED_EDGE('',*,*,#2866,.T.);
#3782=ORIENTED_EDGE('',*,*,#2867,.T.);
#3783=ORIENTED_EDGE('',*,*,#2868,.T.);
#3784=ORIENTED_EDGE('',*,*,#2869,.T.);
#3785=ORIENTED_EDGE('',*,*,#2870,.T.);
#3786=ORIENTED_EDGE('',*,*,#2871,.T.);
#3787=ORIENTED_EDGE('',*,*,#2872,.T.);
#3788=ORIENTED_EDGE('',*,*,#2873,.T.);
#3789=ORIENTED_EDGE('',*,*,#2874,.T.);
#3790=ORIENTED_EDGE('',*,*,#2875,.T.);
#3791=ORIENTED_EDGE('',*,*,#2876,.T.);
#3792=ORIENTED_EDGE('',*,*,#2877,.T.);
#3793=ORIENTED_EDGE('',*,*,#2878,.T.);
#3794=ORIENTED_EDGE('',*,*,#2879,.T.);
#3795=ORIENTED_EDGE('',*,*,#2880,.T.);
#3796=ORIENTED_EDGE('',*,*,#2881,.T.);
#3797=ORIENTED_EDGE('',*,*,#2882,.T.);
#3798=ORIENTED_EDGE('',*,*,#2883,.T.);
#3799=ORIENTED_EDGE('',*,*,#2884,.T.);
#3800=ORIENTED_EDGE('',*,*,#2885,.T.);
#3801=ORIENTED_EDGE('',*,*,#2886,.T.);
#3802=ORIENTED_EDGE('',*,*,#2887,.T.);
#3803=ORIENTED_EDGE('',*,*,#2888,.T.);
#3804=ORIENTED_EDGE('',*,*,#2889,.T.);
#3805=ORIENTED_EDGE('',*,*,#2890,.T.);
#3806=ORIENTED_EDGE('',*,*,#2891,.T.);
#3807=ORIENTED_EDGE('',*,*,#2892,.T.);
#3808=ORIENTED_EDGE('',*,*,#2893,.T.);
#3809=ORIENTED_EDGE('',*,*,#2894,.T.);
#3810=ORIENTED_EDGE('',*,*,#2895,.T.);
#3811=ORIENTED_EDGE('',*,*,#2896,.T.);
#3812=ORIENTED_EDGE('',*,*,#2897,.T.);
#3813=ORIENTED_EDGE('',*,*,#2898,.T.);
#3814=ORIENTED_EDGE('',*,*,#2899,.T.);
#3815=ORIENTED_EDGE('',*,*,#2900,.T.);
#3816=ORIENTED_EDGE('',*,*,#2901,.T.);
#3817=ORIENTED_EDGE('',*,*,#2902,.T.);
#3818=ORIENTED_EDGE('',*,*,#2903,.T.);
#3819=ORIENTED_EDGE('',*,*,#2904,.T.);
#3820=ORIENTED_EDGE('',*,*,#2905,.T.);
#3821=ORIENTED_EDGE('',*,*,#2906,.T.);
#3822=ORIENTED_EDGE('',*,*,#2907,.T.);
#3823=ORIENTED_EDGE('',*,*,#2908,.T.);
#3824=ORIENTED_EDGE('',*,*,#2909,.T.);
#3825=ORIENTED_EDGE('',*,*,#2910,.T.);
#3826=ORIENTED_EDGE('',*,*,#2911,.T.);
#3827=ORIENTED_EDGE('',*,*,#2912,.T.);
#3828=ORIENTED_EDGE('',*,*,#2913,.T.);
#3829=ORIENTED_EDGE('',*,*,#2914,.T.);
#3830=ORIENTED_EDGE('',*,*,#2915,.T.);
#3831=ORIENTED_EDGE('',*,*,#2916,.T.);
#3832=ORIENTED_EDGE('',*,*,#2917,.T.);
#3833=ORIENTED_EDGE('',*,*,#2918,.T.);
#3834=ORIENTED_EDGE('',*,*,#2919,.T.);
#3835=ORIENTED_EDGE('',*,*,#2920,.T.);
#3836=ORIENTED_EDGE('',*,*,#2921,.T.);
#3837=ORIENTED_EDGE('',*,*,#2922,.T.);
#3838=ORIENTED_EDGE('',*,*,#2923,.T.);
#3839=ORIENTED_EDGE('',*,*,#2924,.T.);
#3840=ORIENTED_EDGE('',*,*,#2925,.T.);
#3841=ORIENTED_EDGE('',*,*,#2926,.T.);
#3842=ORIENTED_EDGE('',*,*,#2927,.T.);
#3843=ORIENTED_EDGE('',*,*,#2928,.T.);
#3844=ORIENTED_EDGE('',*,*,#2929,.T.);
#3845=ORIENTED_EDGE('',*,*,#2930,.T.);
#3846=ORIENTED_EDGE('',*,*,#2931,.T.);
#3847=ORIENTED_EDGE('',*,*,#2932,.T.);
#3848=ORIENTED_EDGE('',*,*,#2933,.T.);
#3849=ORIENTED_EDGE('',*,*,#2934,.T.);
#3850=ORIENTED_EDGE('',*,*,#2935,.T.);
#3851=ORIENTED_EDGE('',*,*,#2936,.T.);
#3852=ORIENTED_EDGE('',*,*,#2937,.T.);
#3853=ORIENTED_EDGE('',*,*,#2938,.T.);
#3854=ORIENTED_EDGE('',*,*,#2939,.T.);
#3855=ORIENTED_EDGE('',*,*,#2940,.T.);
#3856=ORIENTED_EDGE('',*,*,#2941,.T.);
#3857=ORIENTED_EDGE('',*,*,#2942,.T.);
#3858=ORIENTED_EDGE('',*,*,#2943,.T.);
#3859=ORIENTED_EDGE('',*,*,#2944,.T.);
#3860=ORIENTED_EDGE('',*,*,#2945,.T.);
#3861=ORIENTED_EDGE('',*,*,#2946,.T.);
#3862=ORIENTED_EDGE('',*,*,#2947,.T.);
#3863=ORIENTED_EDGE('',*,*,#2948,.T.);
#3864=ORIENTED_EDGE('',*,*,#2949,.T.);
#3865=ORIENTED_EDGE('',*,*,#2950,.T.);
#3866=ORIENTED_EDGE('',*,*,#2951,.T.);
#3867=ORIENTED_EDGE('',*,*,#2952,.T.);
#3868=ORIENTED_EDGE('',*,*,#2953,.T.);
#3869=ORIENTED_EDGE('',*,*,#2954,.T.);
#3870=ORIENTED_EDGE('',*,*,#2955,.T.);
#3871=ORIENTED_EDGE('',*,*,#2956,.T.);
#3872=ORIENTED_EDGE('',*,*,#2957,.T.);
#3873=ORIENTED_EDGE('',*,*,#2958,.T.);
#3874=ORIENTED_EDGE('',*,*,#2959,.T.);
#3875=ORIENTED_EDGE('',*,*,#2960,.T.);
#3876=ORIENTED_EDGE('',*,*,#2961,.T.);
#3877=ORIENTED_EDGE('',*,*,#2962,.T.);
#3878=ORIENTED_EDGE('',*,*,#2963,.T.);
#3879=ORIENTED_EDGE('',*,*,#2964,.T.);
#3880=ORIENTED_EDGE('',*,*,#2965,.T.);
#3881=ORIENTED_EDGE('',*,*,#2966,.T.);
#3882=ORIENTED_EDGE('',*,*,#2967,.T.);
#3883=ORIENTED_EDGE('',*,*,#2968,.T.);
#3884=ORIENTED_EDGE('',*,*,#2969,.T.);
#3885=ORIENTED_EDGE('',*,*,#2970,.T.);
#3886=ORIENTED_EDGE('',*,*,#2971,.T.);
#3887=ORIENTED_EDGE('',*,*,#2972,.T.);
#3888=ORIENTED_EDGE('',*,*,#2973,.T.);
#3889=ORIENTED_EDGE('',*,*,#2974,.T.);
#3890=ORIENTED_EDGE('',*,*,#2975,.T.);
#3891=ORIENTED_EDGE('',*,*,#2976,.T.);
#3892=ORIENTED_EDGE('',*,*,#2977,.T.);
#3893=ORIENTED_EDGE('',*,*,#2978,.T.);
#3894=ORIENTED_EDGE('',*,*,#2979,.T.);
#3895=ORIENTED_EDGE('',*,*,#2980,.T.);
#3896=ORIENTED_EDGE('',*,*,#2981,.T.);
#3897=ORIENTED_EDGE('',*,*,#2982,.T.);
#3898=ORIENTED_EDGE('',*,*,#2983,.T.);
#3899=ORIENTED_EDGE('',*,*,#2984,.T.);
#3900=ORIENTED_EDGE('',*,*,#2985,.T.);
#3901=ORIENTED_EDGE('',*,*,#2986,.T.);
#3902=ORIENTED_EDGE('',*,*,#2987,.T.);
#3903=ORIENTED_EDGE('',*,*,#2988,.T.);
#3904=ORIENTED_EDGE('',*,*,#2989,.T.);
#3905=ORIENTED_EDGE('',*,*,#2990,.T.);
#3906=ORIENTED_EDGE('',*,*,#2991,.T.);
#3907=ORIENTED_EDGE('',*,*,#2992,.T.);
#3908=ORIENTED_EDGE('',*,*,#2993,.T.);
#3909=ORIENTED_EDGE('',*,*,#2994,.T.);
#3910=ORIENTED_EDGE('',*,*,#2995,.T.);
#3911=ORIENTED_EDGE('',*,*,#2996,.T.);
#3912=ORIENTED_EDGE('',*,*,#2997,.T.);
#3913=ORIENTED_EDGE('',*,*,#2998,.T.);
#3914=ORIENTED_EDGE('',*,*,#2999,.T.);
#3915=ORIENTED_EDGE('',*,*,#3000,.T.);
#3916=ORIENTED_EDGE('',*,*,#3001,.T.);
#3917=ORIENTED_EDGE('',*,*,#3002,.T.);
#3918=ORIENTED_EDGE('',*,*,#3003,.T.);
#3919=ORIENTED_EDGE('',*,*,#3004,.T.);
#3920=ORIENTED_EDGE('',*,*,#3005,.T.);
#3921=ORIENTED_EDGE('',*,*,#3006,.T.);
#3922=ORIENTED_EDGE('',*,*,#3007,.T.);
#3923=ORIENTED_EDGE('',*,*,#3008,.T.);
#3924=ORIENTED_EDGE('',*,*,#3009,.T.);
#3925=ORIENTED_EDGE('',*,*,#3010,.T.);
#3926=ORIENTED_EDGE('',*,*,#3011,.T.);
#3927=ORIENTED_EDGE('',*,*,#3012,.T.);
#3928=ORIENTED_EDGE('',*,*,#3013,.T.);
#3929=ORIENTED_EDGE('',*,*,#3014,.T.);
#3930=ORIENTED_EDGE('',*,*,#3015,.T.);
#3931=ORIENTED_EDGE('',*,*,#3016,.T.);
#3932=ORIENTED_EDGE('',*,*,#3017,.T.);
#3933=ORIENTED_EDGE('',*,*,#3018,.T.);
#3934=ORIENTED_EDGE('',*,*,#3019,.T.);
#3935=ORIENTED_EDGE('',*,*,#3020,.T.);
#3936=ORIENTED_EDGE('',*,*,#3021,.T.);
#3937=ORIENTED_EDGE('',*,*,#3022,.T.);
#3938=ORIENTED_EDGE('',*,*,#3023,.T.);
#3939=ORIENTED_EDGE('',*,*,#3024,.T.);
#3940=ORIENTED_EDGE('',*,*,#3025,.T.);
#3941=ORIENTED_EDGE('',*,*,#3026,.T.);
#3942=ORIENTED_EDGE('',*,*,#3027,.T.);
#3943=ORIENTED_EDGE('',*,*,#3028,.T.);
#3944=ORIENTED_EDGE('',*,*,#3029,.T.);
#3945=ORIENTED_EDGE('',*,*,#3030,.T.);
#3946=ORIENTED_EDGE('',*,*,#3031,.T.);
#3947=ORIENTED_EDGE('',*,*,#3032,.T.);
#3948=ORIENTED_EDGE('',*,*,#3033,.T.);
#3949=ORIENTED_EDGE('',*,*,#3034,.T.);
#3950=ORIENTED_EDGE('',*,*,#3035,.T.);
#3951=ORIENTED_EDGE('',*,*,#3036,.T.);
#3952=ORIENTED_EDGE('',*,*,#3037,.T.);
#3953=ORIENTED_EDGE('',*,*,#3038,.T.);
#3954=ORIENTED_EDGE('',*,*,#3039,.T.);
#3955=ORIENTED_EDGE('',*,*,#3040,.T.);
#3956=ORIENTED_EDGE('',*,*,#3041,.T.);
#3957=ORIENTED_EDGE('',*,*,#3042,.T.);
#3958=ORIENTED_EDGE('',*,*,#3043,.T.);
#3959=ORIENTED_EDGE('',*,*,#3044,.T.);
#3960=ORIENTED_EDGE('',*,*,#3045,.T.);
#3961=ORIENTED_EDGE('',*,*,#3046,.T.);
#3962=ORIENTED_EDGE('',*,*,#3047,.T.);
#3963=ORIENTED_EDGE('',*,*,#3048,.T.);
#3964=ORIENTED_EDGE('',*,*,#3049,.T.);
#3965=ORIENTED_EDGE('',*,*,#3050,.T.);
#3966=ORIENTED_EDGE('',*,*,#3051,.T.);
#3967=ORIENTED_EDGE('',*,*,#3052,.T.);
#3968=ORIENTED_EDGE('',*,*,#3053,.T.);
#3969=ORIENTED_EDGE('',*,*,#3054,.T.);
#3970=ORIENTED_EDGE('',*,*,#3055,.T.);
#3971=ORIENTED_EDGE('',*,*,#3056,.T.);
#3972=ORIENTED_EDGE('',*,*,#3057,.T.);
#3973=ORIENTED_EDGE('',*,*,#3058,.T.);
#3974=ORIENTED_EDGE('',*,*,#3059,.T.);
#3975=ORIENTED_EDGE('',*,*,#3060,.T.);
#3976=ORIENTED_EDGE('',*,*,#3061,.T.);
#3977=ORIENTED_EDGE('',*,*,#3062,.T.);
#3978=ORIENTED_EDGE('',*,*,#3063,.T.);
#3979=ORIENTED_EDGE('',*,*,#3064,.T.);
#3980=ORIENTED_EDGE('',*,*,#3065,.T.);
#3981=ORIENTED_EDGE('',*,*,#3066,.T.);
#3982=ORIENTED_EDGE('',*,*,#3067,.T.);
#3983=ORIENTED_EDGE('',*,*,#3068,.T.);
#3984=ORIENTED_EDGE('',*,*,#3069,.T.);
#3985=ORIENTED_EDGE('',*,*,#3070,.T.);
#3986=ORIENTED_EDGE('',*,*,#3071,.T.);
#3987=ORIENTED_EDGE('',*,*,#3072,.T.);
#3988=ORIENTED_EDGE('',*,*,#3073,.T.);
#3989=ORIENTED_EDGE('',*,*,#3074,.T.);
#3990=ORIENTED_EDGE('',*,*,#2772,.F.);
#3991=ORIENTED_EDGE('',*,*,#3075,.T.);
#3992=ORIENTED_EDGE('',*,*,#3074,.F.);
#3993=ORIENTED_EDGE('',*,*,#3076,.F.);
#3994=ORIENTED_EDGE('',*,*,#3077,.F.);
#3995=ORIENTED_EDGE('',*,*,#2773,.F.);
#3996=ORIENTED_EDGE('',*,*,#3078,.T.);
#3997=ORIENTED_EDGE('',*,*,#3079,.T.);
#3998=ORIENTED_EDGE('',*,*,#3080,.T.);
#3999=ORIENTED_EDGE('',*,*,#3081,.F.);
#4000=ORIENTED_EDGE('',*,*,#3082,.T.);
#4001=ORIENTED_EDGE('',*,*,#3083,.F.);
#4002=ORIENTED_EDGE('',*,*,#3084,.T.);
#4003=ORIENTED_EDGE('',*,*,#3085,.F.);
#4004=ORIENTED_EDGE('',*,*,#3086,.T.);
#4005=ORIENTED_EDGE('',*,*,#3087,.F.);
#4006=ORIENTED_EDGE('',*,*,#3088,.T.);
#4007=ORIENTED_EDGE('',*,*,#3089,.F.);
#4008=ORIENTED_EDGE('',*,*,#3090,.T.);
#4009=ORIENTED_EDGE('',*,*,#3091,.F.);
#4010=ORIENTED_EDGE('',*,*,#3092,.T.);
#4011=ORIENTED_EDGE('',*,*,#3093,.F.);
#4012=ORIENTED_EDGE('',*,*,#3094,.T.);
#4013=ORIENTED_EDGE('',*,*,#3095,.F.);
#4014=ORIENTED_EDGE('',*,*,#3096,.T.);
#4015=ORIENTED_EDGE('',*,*,#3097,.F.);
#4016=ORIENTED_EDGE('',*,*,#3098,.T.);
#4017=ORIENTED_EDGE('',*,*,#3099,.F.);
#4018=ORIENTED_EDGE('',*,*,#3100,.T.);
#4019=ORIENTED_EDGE('',*,*,#3101,.F.);
#4020=ORIENTED_EDGE('',*,*,#3102,.T.);
#4021=ORIENTED_EDGE('',*,*,#3103,.F.);
#4022=ORIENTED_EDGE('',*,*,#3104,.T.);
#4023=ORIENTED_EDGE('',*,*,#3105,.F.);
#4024=ORIENTED_EDGE('',*,*,#3106,.T.);
#4025=ORIENTED_EDGE('',*,*,#3107,.F.);
#4026=ORIENTED_EDGE('',*,*,#3108,.T.);
#4027=ORIENTED_EDGE('',*,*,#3109,.F.);
#4028=ORIENTED_EDGE('',*,*,#3110,.T.);
#4029=ORIENTED_EDGE('',*,*,#3111,.F.);
#4030=ORIENTED_EDGE('',*,*,#3112,.T.);
#4031=ORIENTED_EDGE('',*,*,#3113,.F.);
#4032=ORIENTED_EDGE('',*,*,#3114,.T.);
#4033=ORIENTED_EDGE('',*,*,#3115,.F.);
#4034=ORIENTED_EDGE('',*,*,#3116,.T.);
#4035=ORIENTED_EDGE('',*,*,#3117,.F.);
#4036=ORIENTED_EDGE('',*,*,#3118,.T.);
#4037=ORIENTED_EDGE('',*,*,#3119,.F.);
#4038=ORIENTED_EDGE('',*,*,#3120,.T.);
#4039=ORIENTED_EDGE('',*,*,#3121,.F.);
#4040=ORIENTED_EDGE('',*,*,#3122,.T.);
#4041=ORIENTED_EDGE('',*,*,#3123,.F.);
#4042=ORIENTED_EDGE('',*,*,#3124,.T.);
#4043=ORIENTED_EDGE('',*,*,#3125,.F.);
#4044=ORIENTED_EDGE('',*,*,#3126,.T.);
#4045=ORIENTED_EDGE('',*,*,#3127,.F.);
#4046=ORIENTED_EDGE('',*,*,#3128,.T.);
#4047=ORIENTED_EDGE('',*,*,#3129,.F.);
#4048=ORIENTED_EDGE('',*,*,#3130,.T.);
#4049=ORIENTED_EDGE('',*,*,#3131,.F.);
#4050=ORIENTED_EDGE('',*,*,#3132,.T.);
#4051=ORIENTED_EDGE('',*,*,#3133,.F.);
#4052=ORIENTED_EDGE('',*,*,#3134,.T.);
#4053=ORIENTED_EDGE('',*,*,#3135,.F.);
#4054=ORIENTED_EDGE('',*,*,#3136,.T.);
#4055=ORIENTED_EDGE('',*,*,#3137,.F.);
#4056=ORIENTED_EDGE('',*,*,#3138,.T.);
#4057=ORIENTED_EDGE('',*,*,#3139,.F.);
#4058=ORIENTED_EDGE('',*,*,#3140,.T.);
#4059=ORIENTED_EDGE('',*,*,#3141,.F.);
#4060=ORIENTED_EDGE('',*,*,#3142,.T.);
#4061=ORIENTED_EDGE('',*,*,#3143,.F.);
#4062=ORIENTED_EDGE('',*,*,#3144,.T.);
#4063=ORIENTED_EDGE('',*,*,#3145,.F.);
#4064=ORIENTED_EDGE('',*,*,#3146,.T.);
#4065=ORIENTED_EDGE('',*,*,#3147,.F.);
#4066=ORIENTED_EDGE('',*,*,#3148,.T.);
#4067=ORIENTED_EDGE('',*,*,#3149,.F.);
#4068=ORIENTED_EDGE('',*,*,#3150,.T.);
#4069=ORIENTED_EDGE('',*,*,#3151,.F.);
#4070=ORIENTED_EDGE('',*,*,#3152,.T.);
#4071=ORIENTED_EDGE('',*,*,#3153,.F.);
#4072=ORIENTED_EDGE('',*,*,#3154,.T.);
#4073=ORIENTED_EDGE('',*,*,#3155,.F.);
#4074=ORIENTED_EDGE('',*,*,#3156,.T.);
#4075=ORIENTED_EDGE('',*,*,#3157,.F.);
#4076=ORIENTED_EDGE('',*,*,#3158,.T.);
#4077=ORIENTED_EDGE('',*,*,#3159,.F.);
#4078=ORIENTED_EDGE('',*,*,#3160,.T.);
#4079=ORIENTED_EDGE('',*,*,#3161,.F.);
#4080=ORIENTED_EDGE('',*,*,#3162,.T.);
#4081=ORIENTED_EDGE('',*,*,#3163,.F.);
#4082=ORIENTED_EDGE('',*,*,#3164,.T.);
#4083=ORIENTED_EDGE('',*,*,#3165,.F.);
#4084=ORIENTED_EDGE('',*,*,#3166,.T.);
#4085=ORIENTED_EDGE('',*,*,#3167,.F.);
#4086=ORIENTED_EDGE('',*,*,#3168,.T.);
#4087=ORIENTED_EDGE('',*,*,#3169,.F.);
#4088=ORIENTED_EDGE('',*,*,#3170,.T.);
#4089=ORIENTED_EDGE('',*,*,#3171,.F.);
#4090=ORIENTED_EDGE('',*,*,#3172,.T.);
#4091=ORIENTED_EDGE('',*,*,#3173,.F.);
#4092=ORIENTED_EDGE('',*,*,#3174,.T.);
#4093=ORIENTED_EDGE('',*,*,#3175,.F.);
#4094=ORIENTED_EDGE('',*,*,#3176,.T.);
#4095=ORIENTED_EDGE('',*,*,#3177,.F.);
#4096=ORIENTED_EDGE('',*,*,#3178,.T.);
#4097=ORIENTED_EDGE('',*,*,#3179,.F.);
#4098=ORIENTED_EDGE('',*,*,#3180,.T.);
#4099=ORIENTED_EDGE('',*,*,#3181,.F.);
#4100=ORIENTED_EDGE('',*,*,#3182,.T.);
#4101=ORIENTED_EDGE('',*,*,#3183,.F.);
#4102=ORIENTED_EDGE('',*,*,#3184,.T.);
#4103=ORIENTED_EDGE('',*,*,#3185,.F.);
#4104=ORIENTED_EDGE('',*,*,#3186,.T.);
#4105=ORIENTED_EDGE('',*,*,#3187,.F.);
#4106=ORIENTED_EDGE('',*,*,#3188,.T.);
#4107=ORIENTED_EDGE('',*,*,#3189,.F.);
#4108=ORIENTED_EDGE('',*,*,#3190,.T.);
#4109=ORIENTED_EDGE('',*,*,#3191,.F.);
#4110=ORIENTED_EDGE('',*,*,#3192,.T.);
#4111=ORIENTED_EDGE('',*,*,#3193,.F.);
#4112=ORIENTED_EDGE('',*,*,#3194,.T.);
#4113=ORIENTED_EDGE('',*,*,#3195,.F.);
#4114=ORIENTED_EDGE('',*,*,#3196,.T.);
#4115=ORIENTED_EDGE('',*,*,#3197,.F.);
#4116=ORIENTED_EDGE('',*,*,#3198,.T.);
#4117=ORIENTED_EDGE('',*,*,#3199,.F.);
#4118=ORIENTED_EDGE('',*,*,#3200,.T.);
#4119=ORIENTED_EDGE('',*,*,#3201,.F.);
#4120=ORIENTED_EDGE('',*,*,#3202,.T.);
#4121=ORIENTED_EDGE('',*,*,#3203,.F.);
#4122=ORIENTED_EDGE('',*,*,#3204,.T.);
#4123=ORIENTED_EDGE('',*,*,#3205,.F.);
#4124=ORIENTED_EDGE('',*,*,#3206,.T.);
#4125=ORIENTED_EDGE('',*,*,#3207,.F.);
#4126=ORIENTED_EDGE('',*,*,#3208,.T.);
#4127=ORIENTED_EDGE('',*,*,#3209,.F.);
#4128=ORIENTED_EDGE('',*,*,#3210,.T.);
#4129=ORIENTED_EDGE('',*,*,#3211,.F.);
#4130=ORIENTED_EDGE('',*,*,#3212,.T.);
#4131=ORIENTED_EDGE('',*,*,#3213,.F.);
#4132=ORIENTED_EDGE('',*,*,#3214,.T.);
#4133=ORIENTED_EDGE('',*,*,#3215,.F.);
#4134=ORIENTED_EDGE('',*,*,#3216,.T.);
#4135=ORIENTED_EDGE('',*,*,#3217,.F.);
#4136=ORIENTED_EDGE('',*,*,#3218,.T.);
#4137=ORIENTED_EDGE('',*,*,#3219,.F.);
#4138=ORIENTED_EDGE('',*,*,#3220,.T.);
#4139=ORIENTED_EDGE('',*,*,#3221,.F.);
#4140=ORIENTED_EDGE('',*,*,#3222,.T.);
#4141=ORIENTED_EDGE('',*,*,#3223,.F.);
#4142=ORIENTED_EDGE('',*,*,#3224,.T.);
#4143=ORIENTED_EDGE('',*,*,#3225,.F.);
#4144=ORIENTED_EDGE('',*,*,#3226,.T.);
#4145=ORIENTED_EDGE('',*,*,#3227,.F.);
#4146=ORIENTED_EDGE('',*,*,#3228,.T.);
#4147=ORIENTED_EDGE('',*,*,#3229,.F.);
#4148=ORIENTED_EDGE('',*,*,#3230,.T.);
#4149=ORIENTED_EDGE('',*,*,#3231,.F.);
#4150=ORIENTED_EDGE('',*,*,#3232,.T.);
#4151=ORIENTED_EDGE('',*,*,#3233,.F.);
#4152=ORIENTED_EDGE('',*,*,#3234,.T.);
#4153=ORIENTED_EDGE('',*,*,#3235,.F.);
#4154=ORIENTED_EDGE('',*,*,#3236,.T.);
#4155=ORIENTED_EDGE('',*,*,#3237,.F.);
#4156=ORIENTED_EDGE('',*,*,#3238,.T.);
#4157=ORIENTED_EDGE('',*,*,#3239,.F.);
#4158=ORIENTED_EDGE('',*,*,#3240,.T.);
#4159=ORIENTED_EDGE('',*,*,#3241,.F.);
#4160=ORIENTED_EDGE('',*,*,#3242,.T.);
#4161=ORIENTED_EDGE('',*,*,#3243,.F.);
#4162=ORIENTED_EDGE('',*,*,#3244,.T.);
#4163=ORIENTED_EDGE('',*,*,#3245,.F.);
#4164=ORIENTED_EDGE('',*,*,#3246,.T.);
#4165=ORIENTED_EDGE('',*,*,#3247,.F.);
#4166=ORIENTED_EDGE('',*,*,#3248,.T.);
#4167=ORIENTED_EDGE('',*,*,#3249,.F.);
#4168=ORIENTED_EDGE('',*,*,#3250,.T.);
#4169=ORIENTED_EDGE('',*,*,#3251,.F.);
#4170=ORIENTED_EDGE('',*,*,#3252,.T.);
#4171=ORIENTED_EDGE('',*,*,#3253,.F.);
#4172=ORIENTED_EDGE('',*,*,#3254,.T.);
#4173=ORIENTED_EDGE('',*,*,#3255,.F.);
#4174=ORIENTED_EDGE('',*,*,#3256,.T.);
#4175=ORIENTED_EDGE('',*,*,#3257,.F.);
#4176=ORIENTED_EDGE('',*,*,#3258,.T.);
#4177=ORIENTED_EDGE('',*,*,#3259,.F.);
#4178=ORIENTED_EDGE('',*,*,#3260,.T.);
#4179=ORIENTED_EDGE('',*,*,#3261,.F.);
#4180=ORIENTED_EDGE('',*,*,#3262,.T.);
#4181=ORIENTED_EDGE('',*,*,#3263,.F.);
#4182=ORIENTED_EDGE('',*,*,#3264,.T.);
#4183=ORIENTED_EDGE('',*,*,#3265,.F.);
#4184=ORIENTED_EDGE('',*,*,#3266,.T.);
#4185=ORIENTED_EDGE('',*,*,#3267,.F.);
#4186=ORIENTED_EDGE('',*,*,#3268,.T.);
#4187=ORIENTED_EDGE('',*,*,#3269,.F.);
#4188=ORIENTED_EDGE('',*,*,#3270,.T.);
#4189=ORIENTED_EDGE('',*,*,#3271,.F.);
#4190=ORIENTED_EDGE('',*,*,#3272,.T.);
#4191=ORIENTED_EDGE('',*,*,#3273,.F.);
#4192=ORIENTED_EDGE('',*,*,#3274,.T.);
#4193=ORIENTED_EDGE('',*,*,#3275,.F.);
#4194=ORIENTED_EDGE('',*,*,#3276,.T.);
#4195=ORIENTED_EDGE('',*,*,#3277,.F.);
#4196=ORIENTED_EDGE('',*,*,#3278,.T.);
#4197=ORIENTED_EDGE('',*,*,#3279,.F.);
#4198=ORIENTED_EDGE('',*,*,#3280,.T.);
#4199=ORIENTED_EDGE('',*,*,#3281,.F.);
#4200=ORIENTED_EDGE('',*,*,#3282,.T.);
#4201=ORIENTED_EDGE('',*,*,#3283,.F.);
#4202=ORIENTED_EDGE('',*,*,#3284,.T.);
#4203=ORIENTED_EDGE('',*,*,#3285,.F.);
#4204=ORIENTED_EDGE('',*,*,#3286,.T.);
#4205=ORIENTED_EDGE('',*,*,#3287,.F.);
#4206=ORIENTED_EDGE('',*,*,#3288,.T.);
#4207=ORIENTED_EDGE('',*,*,#3289,.F.);
#4208=ORIENTED_EDGE('',*,*,#3290,.T.);
#4209=ORIENTED_EDGE('',*,*,#3291,.F.);
#4210=ORIENTED_EDGE('',*,*,#3292,.T.);
#4211=ORIENTED_EDGE('',*,*,#3293,.F.);
#4212=ORIENTED_EDGE('',*,*,#3294,.T.);
#4213=ORIENTED_EDGE('',*,*,#3295,.F.);
#4214=ORIENTED_EDGE('',*,*,#3296,.T.);
#4215=ORIENTED_EDGE('',*,*,#3297,.F.);
#4216=ORIENTED_EDGE('',*,*,#3298,.T.);
#4217=ORIENTED_EDGE('',*,*,#3299,.F.);
#4218=ORIENTED_EDGE('',*,*,#3300,.T.);
#4219=ORIENTED_EDGE('',*,*,#3301,.F.);
#4220=ORIENTED_EDGE('',*,*,#3302,.T.);
#4221=ORIENTED_EDGE('',*,*,#3303,.F.);
#4222=ORIENTED_EDGE('',*,*,#3304,.T.);
#4223=ORIENTED_EDGE('',*,*,#3305,.F.);
#4224=ORIENTED_EDGE('',*,*,#3306,.T.);
#4225=ORIENTED_EDGE('',*,*,#3307,.F.);
#4226=ORIENTED_EDGE('',*,*,#3076,.T.);
#4227=ORIENTED_EDGE('',*,*,#3073,.F.);
#4228=ORIENTED_EDGE('',*,*,#3308,.T.);
#4229=ORIENTED_EDGE('',*,*,#3309,.F.);
#4230=ORIENTED_EDGE('',*,*,#3310,.T.);
#4231=ORIENTED_EDGE('',*,*,#3311,.F.);
#4232=ORIENTED_EDGE('',*,*,#3312,.T.);
#4233=ORIENTED_EDGE('',*,*,#3313,.F.);
#4234=ORIENTED_EDGE('',*,*,#3314,.T.);
#4235=ORIENTED_EDGE('',*,*,#3315,.F.);
#4236=ORIENTED_EDGE('',*,*,#3316,.T.);
#4237=ORIENTED_EDGE('',*,*,#3317,.F.);
#4238=ORIENTED_EDGE('',*,*,#3318,.T.);
#4239=ORIENTED_EDGE('',*,*,#3319,.F.);
#4240=ORIENTED_EDGE('',*,*,#3320,.T.);
#4241=ORIENTED_EDGE('',*,*,#3321,.F.);
#4242=ORIENTED_EDGE('',*,*,#3322,.T.);
#4243=ORIENTED_EDGE('',*,*,#3323,.F.);
#4244=ORIENTED_EDGE('',*,*,#3324,.T.);
#4245=ORIENTED_EDGE('',*,*,#3325,.F.);
#4246=ORIENTED_EDGE('',*,*,#3326,.T.);
#4247=ORIENTED_EDGE('',*,*,#3327,.F.);
#4248=ORIENTED_EDGE('',*,*,#3328,.T.);
#4249=ORIENTED_EDGE('',*,*,#3329,.F.);
#4250=ORIENTED_EDGE('',*,*,#3330,.T.);
#4251=ORIENTED_EDGE('',*,*,#3331,.F.);
#4252=ORIENTED_EDGE('',*,*,#3332,.T.);
#4253=ORIENTED_EDGE('',*,*,#3333,.F.);
#4254=ORIENTED_EDGE('',*,*,#3334,.T.);
#4255=ORIENTED_EDGE('',*,*,#3335,.F.);
#4256=ORIENTED_EDGE('',*,*,#3336,.T.);
#4257=ORIENTED_EDGE('',*,*,#3337,.F.);
#4258=ORIENTED_EDGE('',*,*,#3338,.T.);
#4259=ORIENTED_EDGE('',*,*,#3339,.F.);
#4260=ORIENTED_EDGE('',*,*,#3340,.T.);
#4261=ORIENTED_EDGE('',*,*,#3341,.F.);
#4262=ORIENTED_EDGE('',*,*,#3342,.T.);
#4263=ORIENTED_EDGE('',*,*,#3343,.F.);
#4264=ORIENTED_EDGE('',*,*,#3344,.T.);
#4265=ORIENTED_EDGE('',*,*,#3345,.F.);
#4266=ORIENTED_EDGE('',*,*,#3346,.T.);
#4267=ORIENTED_EDGE('',*,*,#3347,.F.);
#4268=ORIENTED_EDGE('',*,*,#3348,.T.);
#4269=ORIENTED_EDGE('',*,*,#3349,.F.);
#4270=ORIENTED_EDGE('',*,*,#3350,.T.);
#4271=ORIENTED_EDGE('',*,*,#3351,.F.);
#4272=ORIENTED_EDGE('',*,*,#3352,.T.);
#4273=ORIENTED_EDGE('',*,*,#3353,.F.);
#4274=ORIENTED_EDGE('',*,*,#3354,.T.);
#4275=ORIENTED_EDGE('',*,*,#3355,.F.);
#4276=ORIENTED_EDGE('',*,*,#3356,.T.);
#4277=ORIENTED_EDGE('',*,*,#3357,.F.);
#4278=ORIENTED_EDGE('',*,*,#3358,.T.);
#4279=ORIENTED_EDGE('',*,*,#3359,.F.);
#4280=ORIENTED_EDGE('',*,*,#3360,.T.);
#4281=ORIENTED_EDGE('',*,*,#3361,.F.);
#4282=ORIENTED_EDGE('',*,*,#3362,.T.);
#4283=ORIENTED_EDGE('',*,*,#3363,.F.);
#4284=ORIENTED_EDGE('',*,*,#3364,.T.);
#4285=ORIENTED_EDGE('',*,*,#3365,.F.);
#4286=ORIENTED_EDGE('',*,*,#3366,.T.);
#4287=ORIENTED_EDGE('',*,*,#3367,.F.);
#4288=ORIENTED_EDGE('',*,*,#3368,.T.);
#4289=ORIENTED_EDGE('',*,*,#3369,.F.);
#4290=ORIENTED_EDGE('',*,*,#3370,.T.);
#4291=ORIENTED_EDGE('',*,*,#3371,.F.);
#4292=ORIENTED_EDGE('',*,*,#3372,.T.);
#4293=ORIENTED_EDGE('',*,*,#3373,.F.);
#4294=ORIENTED_EDGE('',*,*,#3374,.T.);
#4295=ORIENTED_EDGE('',*,*,#3375,.F.);
#4296=ORIENTED_EDGE('',*,*,#3376,.T.);
#4297=ORIENTED_EDGE('',*,*,#3377,.F.);
#4298=ORIENTED_EDGE('',*,*,#3378,.T.);
#4299=ORIENTED_EDGE('',*,*,#3079,.F.);
#4300=ORIENTED_EDGE('',*,*,#3379,.T.);
#4301=ORIENTED_EDGE('',*,*,#3311,.T.);
#4302=ORIENTED_EDGE('',*,*,#3380,.T.);
#4303=ORIENTED_EDGE('',*,*,#3068,.F.);
#4304=ORIENTED_EDGE('',*,*,#3379,.F.);
#4305=ORIENTED_EDGE('',*,*,#3067,.F.);
#4306=ORIENTED_EDGE('',*,*,#3381,.F.);
#4307=ORIENTED_EDGE('',*,*,#3312,.F.);
#4308=ORIENTED_EDGE('',*,*,#3313,.T.);
#4309=ORIENTED_EDGE('',*,*,#3381,.T.);
#4310=ORIENTED_EDGE('',*,*,#3066,.F.);
#4311=ORIENTED_EDGE('',*,*,#3382,.T.);
#4312=ORIENTED_EDGE('',*,*,#3383,.T.);
#4313=ORIENTED_EDGE('',*,*,#3317,.T.);
#4314=ORIENTED_EDGE('',*,*,#3384,.T.);
#4315=ORIENTED_EDGE('',*,*,#3062,.F.);
#4316=ORIENTED_EDGE('',*,*,#3383,.F.);
#4317=ORIENTED_EDGE('',*,*,#3061,.F.);
#4318=ORIENTED_EDGE('',*,*,#3385,.F.);
#4319=ORIENTED_EDGE('',*,*,#3318,.F.);
#4320=ORIENTED_EDGE('',*,*,#3319,.T.);
#4321=ORIENTED_EDGE('',*,*,#3385,.T.);
#4322=ORIENTED_EDGE('',*,*,#3060,.F.);
#4323=ORIENTED_EDGE('',*,*,#3386,.T.);
#4324=ORIENTED_EDGE('',*,*,#3387,.T.);
#4325=ORIENTED_EDGE('',*,*,#3323,.T.);
#4326=ORIENTED_EDGE('',*,*,#3388,.T.);
#4327=ORIENTED_EDGE('',*,*,#3056,.F.);
#4328=ORIENTED_EDGE('',*,*,#3387,.F.);
#4329=ORIENTED_EDGE('',*,*,#3055,.F.);
#4330=ORIENTED_EDGE('',*,*,#3389,.F.);
#4331=ORIENTED_EDGE('',*,*,#3324,.F.);
#4332=ORIENTED_EDGE('',*,*,#3325,.T.);
#4333=ORIENTED_EDGE('',*,*,#3389,.T.);
#4334=ORIENTED_EDGE('',*,*,#3054,.F.);
#4335=ORIENTED_EDGE('',*,*,#3390,.T.);
#4336=ORIENTED_EDGE('',*,*,#3391,.T.);
#4337=ORIENTED_EDGE('',*,*,#3329,.T.);
#4338=ORIENTED_EDGE('',*,*,#3392,.T.);
#4339=ORIENTED_EDGE('',*,*,#3050,.F.);
#4340=ORIENTED_EDGE('',*,*,#3391,.F.);
#4341=ORIENTED_EDGE('',*,*,#3049,.F.);
#4342=ORIENTED_EDGE('',*,*,#3393,.F.);
#4343=ORIENTED_EDGE('',*,*,#3330,.F.);
#4344=ORIENTED_EDGE('',*,*,#3331,.T.);
#4345=ORIENTED_EDGE('',*,*,#3393,.T.);
#4346=ORIENTED_EDGE('',*,*,#3048,.F.);
#4347=ORIENTED_EDGE('',*,*,#3394,.T.);
#4348=ORIENTED_EDGE('',*,*,#3395,.T.);
#4349=ORIENTED_EDGE('',*,*,#3335,.T.);
#4350=ORIENTED_EDGE('',*,*,#3396,.T.);
#4351=ORIENTED_EDGE('',*,*,#3044,.F.);
#4352=ORIENTED_EDGE('',*,*,#3395,.F.);
#4353=ORIENTED_EDGE('',*,*,#3043,.F.);
#4354=ORIENTED_EDGE('',*,*,#3397,.F.);
#4355=ORIENTED_EDGE('',*,*,#3336,.F.);
#4356=ORIENTED_EDGE('',*,*,#3337,.T.);
#4357=ORIENTED_EDGE('',*,*,#3397,.T.);
#4358=ORIENTED_EDGE('',*,*,#3042,.F.);
#4359=ORIENTED_EDGE('',*,*,#3398,.T.);
#4360=ORIENTED_EDGE('',*,*,#3399,.T.);
#4361=ORIENTED_EDGE('',*,*,#3341,.T.);
#4362=ORIENTED_EDGE('',*,*,#3400,.T.);
#4363=ORIENTED_EDGE('',*,*,#3038,.F.);
#4364=ORIENTED_EDGE('',*,*,#3399,.F.);
#4365=ORIENTED_EDGE('',*,*,#3037,.F.);
#4366=ORIENTED_EDGE('',*,*,#3401,.F.);
#4367=ORIENTED_EDGE('',*,*,#3342,.F.);
#4368=ORIENTED_EDGE('',*,*,#3343,.T.);
#4369=ORIENTED_EDGE('',*,*,#3401,.T.);
#4370=ORIENTED_EDGE('',*,*,#3036,.F.);
#4371=ORIENTED_EDGE('',*,*,#3402,.T.);
#4372=ORIENTED_EDGE('',*,*,#3403,.T.);
#4373=ORIENTED_EDGE('',*,*,#3347,.T.);
#4374=ORIENTED_EDGE('',*,*,#3404,.T.);
#4375=ORIENTED_EDGE('',*,*,#3032,.F.);
#4376=ORIENTED_EDGE('',*,*,#3403,.F.);
#4377=ORIENTED_EDGE('',*,*,#3031,.F.);
#4378=ORIENTED_EDGE('',*,*,#3405,.F.);
#4379=ORIENTED_EDGE('',*,*,#3348,.F.);
#4380=ORIENTED_EDGE('',*,*,#3349,.T.);
#4381=ORIENTED_EDGE('',*,*,#3405,.T.);
#4382=ORIENTED_EDGE('',*,*,#3030,.F.);
#4383=ORIENTED_EDGE('',*,*,#3406,.T.);
#4384=ORIENTED_EDGE('',*,*,#3407,.T.);
#4385=ORIENTED_EDGE('',*,*,#3353,.T.);
#4386=ORIENTED_EDGE('',*,*,#3408,.T.);
#4387=ORIENTED_EDGE('',*,*,#3026,.F.);
#4388=ORIENTED_EDGE('',*,*,#3407,.F.);
#4389=ORIENTED_EDGE('',*,*,#3025,.F.);
#4390=ORIENTED_EDGE('',*,*,#3409,.F.);
#4391=ORIENTED_EDGE('',*,*,#3354,.F.);
#4392=ORIENTED_EDGE('',*,*,#3355,.T.);
#4393=ORIENTED_EDGE('',*,*,#3409,.T.);
#4394=ORIENTED_EDGE('',*,*,#3024,.F.);
#4395=ORIENTED_EDGE('',*,*,#3410,.T.);
#4396=ORIENTED_EDGE('',*,*,#3411,.T.);
#4397=ORIENTED_EDGE('',*,*,#3359,.T.);
#4398=ORIENTED_EDGE('',*,*,#3412,.T.);
#4399=ORIENTED_EDGE('',*,*,#3020,.F.);
#4400=ORIENTED_EDGE('',*,*,#3411,.F.);
#4401=ORIENTED_EDGE('',*,*,#3019,.F.);
#4402=ORIENTED_EDGE('',*,*,#3413,.F.);
#4403=ORIENTED_EDGE('',*,*,#3360,.F.);
#4404=ORIENTED_EDGE('',*,*,#3361,.T.);
#4405=ORIENTED_EDGE('',*,*,#3413,.T.);
#4406=ORIENTED_EDGE('',*,*,#3018,.F.);
#4407=ORIENTED_EDGE('',*,*,#3414,.T.);
#4408=ORIENTED_EDGE('',*,*,#3415,.T.);
#4409=ORIENTED_EDGE('',*,*,#3365,.T.);
#4410=ORIENTED_EDGE('',*,*,#3416,.T.);
#4411=ORIENTED_EDGE('',*,*,#3014,.F.);
#4412=ORIENTED_EDGE('',*,*,#3415,.F.);
#4413=ORIENTED_EDGE('',*,*,#3013,.F.);
#4414=ORIENTED_EDGE('',*,*,#3417,.F.);
#4415=ORIENTED_EDGE('',*,*,#3366,.F.);
#4416=ORIENTED_EDGE('',*,*,#3367,.T.);
#4417=ORIENTED_EDGE('',*,*,#3417,.T.);
#4418=ORIENTED_EDGE('',*,*,#3012,.F.);
#4419=ORIENTED_EDGE('',*,*,#3418,.T.);
#4420=ORIENTED_EDGE('',*,*,#3419,.T.);
#4421=ORIENTED_EDGE('',*,*,#3371,.T.);
#4422=ORIENTED_EDGE('',*,*,#3420,.T.);
#4423=ORIENTED_EDGE('',*,*,#3008,.F.);
#4424=ORIENTED_EDGE('',*,*,#3419,.F.);
#4425=ORIENTED_EDGE('',*,*,#3007,.F.);
#4426=ORIENTED_EDGE('',*,*,#3421,.F.);
#4427=ORIENTED_EDGE('',*,*,#3372,.F.);
#4428=ORIENTED_EDGE('',*,*,#3373,.T.);
#4429=ORIENTED_EDGE('',*,*,#3421,.T.);
#4430=ORIENTED_EDGE('',*,*,#3006,.F.);
#4431=ORIENTED_EDGE('',*,*,#3422,.T.);
#4432=ORIENTED_EDGE('',*,*,#3423,.T.);
#4433=ORIENTED_EDGE('',*,*,#3377,.T.);
#4434=ORIENTED_EDGE('',*,*,#3424,.T.);
#4435=ORIENTED_EDGE('',*,*,#3002,.F.);
#4436=ORIENTED_EDGE('',*,*,#3423,.F.);
#4437=ORIENTED_EDGE('',*,*,#3001,.F.);
#4438=ORIENTED_EDGE('',*,*,#3425,.F.);
#4439=ORIENTED_EDGE('',*,*,#3080,.F.);
#4440=ORIENTED_EDGE('',*,*,#3378,.F.);
#4441=ORIENTED_EDGE('',*,*,#3081,.T.);
#4442=ORIENTED_EDGE('',*,*,#3425,.T.);
#4443=ORIENTED_EDGE('',*,*,#3000,.F.);
#4444=ORIENTED_EDGE('',*,*,#3426,.T.);
#4445=ORIENTED_EDGE('',*,*,#3427,.T.);
#4446=ORIENTED_EDGE('',*,*,#3085,.T.);
#4447=ORIENTED_EDGE('',*,*,#3428,.T.);
#4448=ORIENTED_EDGE('',*,*,#2996,.F.);
#4449=ORIENTED_EDGE('',*,*,#3427,.F.);
#4450=ORIENTED_EDGE('',*,*,#2995,.F.);
#4451=ORIENTED_EDGE('',*,*,#3429,.F.);
#4452=ORIENTED_EDGE('',*,*,#3086,.F.);
#4453=ORIENTED_EDGE('',*,*,#3087,.T.);
#4454=ORIENTED_EDGE('',*,*,#3429,.T.);
#4455=ORIENTED_EDGE('',*,*,#2994,.F.);
#4456=ORIENTED_EDGE('',*,*,#3430,.T.);
#4457=ORIENTED_EDGE('',*,*,#3431,.T.);
#4458=ORIENTED_EDGE('',*,*,#3091,.T.);
#4459=ORIENTED_EDGE('',*,*,#3432,.T.);
#4460=ORIENTED_EDGE('',*,*,#2990,.F.);
#4461=ORIENTED_EDGE('',*,*,#3431,.F.);
#4462=ORIENTED_EDGE('',*,*,#2989,.F.);
#4463=ORIENTED_EDGE('',*,*,#3433,.F.);
#4464=ORIENTED_EDGE('',*,*,#3092,.F.);
#4465=ORIENTED_EDGE('',*,*,#3093,.T.);
#4466=ORIENTED_EDGE('',*,*,#3433,.T.);
#4467=ORIENTED_EDGE('',*,*,#2988,.F.);
#4468=ORIENTED_EDGE('',*,*,#3434,.T.);
#4469=ORIENTED_EDGE('',*,*,#3435,.T.);
#4470=ORIENTED_EDGE('',*,*,#3097,.T.);
#4471=ORIENTED_EDGE('',*,*,#3436,.T.);
#4472=ORIENTED_EDGE('',*,*,#2984,.F.);
#4473=ORIENTED_EDGE('',*,*,#3435,.F.);
#4474=ORIENTED_EDGE('',*,*,#2983,.F.);
#4475=ORIENTED_EDGE('',*,*,#3437,.F.);
#4476=ORIENTED_EDGE('',*,*,#3098,.F.);
#4477=ORIENTED_EDGE('',*,*,#3099,.T.);
#4478=ORIENTED_EDGE('',*,*,#3437,.T.);
#4479=ORIENTED_EDGE('',*,*,#2982,.F.);
#4480=ORIENTED_EDGE('',*,*,#3438,.T.);
#4481=ORIENTED_EDGE('',*,*,#3439,.T.);
#4482=ORIENTED_EDGE('',*,*,#3103,.T.);
#4483=ORIENTED_EDGE('',*,*,#3440,.T.);
#4484=ORIENTED_EDGE('',*,*,#2978,.F.);
#4485=ORIENTED_EDGE('',*,*,#3439,.F.);
#4486=ORIENTED_EDGE('',*,*,#2977,.F.);
#4487=ORIENTED_EDGE('',*,*,#3441,.F.);
#4488=ORIENTED_EDGE('',*,*,#3104,.F.);
#4489=ORIENTED_EDGE('',*,*,#3105,.T.);
#4490=ORIENTED_EDGE('',*,*,#3441,.T.);
#4491=ORIENTED_EDGE('',*,*,#2976,.F.);
#4492=ORIENTED_EDGE('',*,*,#3442,.T.);
#4493=ORIENTED_EDGE('',*,*,#3443,.T.);
#4494=ORIENTED_EDGE('',*,*,#3109,.T.);
#4495=ORIENTED_EDGE('',*,*,#3444,.T.);
#4496=ORIENTED_EDGE('',*,*,#2972,.F.);
#4497=ORIENTED_EDGE('',*,*,#3443,.F.);
#4498=ORIENTED_EDGE('',*,*,#2971,.F.);
#4499=ORIENTED_EDGE('',*,*,#3445,.F.);
#4500=ORIENTED_EDGE('',*,*,#3110,.F.);
#4501=ORIENTED_EDGE('',*,*,#3111,.T.);
#4502=ORIENTED_EDGE('',*,*,#3445,.T.);
#4503=ORIENTED_EDGE('',*,*,#2970,.F.);
#4504=ORIENTED_EDGE('',*,*,#3446,.T.);
#4505=ORIENTED_EDGE('',*,*,#3447,.T.);
#4506=ORIENTED_EDGE('',*,*,#3115,.T.);
#4507=ORIENTED_EDGE('',*,*,#3448,.T.);
#4508=ORIENTED_EDGE('',*,*,#2966,.F.);
#4509=ORIENTED_EDGE('',*,*,#3447,.F.);
#4510=ORIENTED_EDGE('',*,*,#2965,.F.);
#4511=ORIENTED_EDGE('',*,*,#3449,.F.);
#4512=ORIENTED_EDGE('',*,*,#3116,.F.);
#4513=ORIENTED_EDGE('',*,*,#3117,.T.);
#4514=ORIENTED_EDGE('',*,*,#3449,.T.);
#4515=ORIENTED_EDGE('',*,*,#2964,.F.);
#4516=ORIENTED_EDGE('',*,*,#3450,.T.);
#4517=ORIENTED_EDGE('',*,*,#3451,.T.);
#4518=ORIENTED_EDGE('',*,*,#3121,.T.);
#4519=ORIENTED_EDGE('',*,*,#3452,.T.);
#4520=ORIENTED_EDGE('',*,*,#2960,.F.);
#4521=ORIENTED_EDGE('',*,*,#3451,.F.);
#4522=ORIENTED_EDGE('',*,*,#2959,.F.);
#4523=ORIENTED_EDGE('',*,*,#3453,.F.);
#4524=ORIENTED_EDGE('',*,*,#3122,.F.);
#4525=ORIENTED_EDGE('',*,*,#3123,.T.);
#4526=ORIENTED_EDGE('',*,*,#3453,.T.);
#4527=ORIENTED_EDGE('',*,*,#2958,.F.);
#4528=ORIENTED_EDGE('',*,*,#3454,.T.);
#4529=ORIENTED_EDGE('',*,*,#3455,.T.);
#4530=ORIENTED_EDGE('',*,*,#3127,.T.);
#4531=ORIENTED_EDGE('',*,*,#3456,.T.);
#4532=ORIENTED_EDGE('',*,*,#2954,.F.);
#4533=ORIENTED_EDGE('',*,*,#3455,.F.);
#4534=ORIENTED_EDGE('',*,*,#2953,.F.);
#4535=ORIENTED_EDGE('',*,*,#3457,.F.);
#4536=ORIENTED_EDGE('',*,*,#3128,.F.);
#4537=ORIENTED_EDGE('',*,*,#3129,.T.);
#4538=ORIENTED_EDGE('',*,*,#3457,.T.);
#4539=ORIENTED_EDGE('',*,*,#2952,.F.);
#4540=ORIENTED_EDGE('',*,*,#3458,.T.);
#4541=ORIENTED_EDGE('',*,*,#3459,.T.);
#4542=ORIENTED_EDGE('',*,*,#3133,.T.);
#4543=ORIENTED_EDGE('',*,*,#3460,.T.);
#4544=ORIENTED_EDGE('',*,*,#2948,.F.);
#4545=ORIENTED_EDGE('',*,*,#3459,.F.);
#4546=ORIENTED_EDGE('',*,*,#2947,.F.);
#4547=ORIENTED_EDGE('',*,*,#3461,.F.);
#4548=ORIENTED_EDGE('',*,*,#3134,.F.);
#4549=ORIENTED_EDGE('',*,*,#3135,.T.);
#4550=ORIENTED_EDGE('',*,*,#3461,.T.);
#4551=ORIENTED_EDGE('',*,*,#2946,.F.);
#4552=ORIENTED_EDGE('',*,*,#3462,.T.);
#4553=ORIENTED_EDGE('',*,*,#3463,.T.);
#4554=ORIENTED_EDGE('',*,*,#3139,.T.);
#4555=ORIENTED_EDGE('',*,*,#3464,.T.);
#4556=ORIENTED_EDGE('',*,*,#2942,.F.);
#4557=ORIENTED_EDGE('',*,*,#3463,.F.);
#4558=ORIENTED_EDGE('',*,*,#2941,.F.);
#4559=ORIENTED_EDGE('',*,*,#3465,.F.);
#4560=ORIENTED_EDGE('',*,*,#3140,.F.);
#4561=ORIENTED_EDGE('',*,*,#3141,.T.);
#4562=ORIENTED_EDGE('',*,*,#3465,.T.);
#4563=ORIENTED_EDGE('',*,*,#2940,.F.);
#4564=ORIENTED_EDGE('',*,*,#3466,.T.);
#4565=ORIENTED_EDGE('',*,*,#3467,.T.);
#4566=ORIENTED_EDGE('',*,*,#3145,.T.);
#4567=ORIENTED_EDGE('',*,*,#3468,.T.);
#4568=ORIENTED_EDGE('',*,*,#2936,.F.);
#4569=ORIENTED_EDGE('',*,*,#3467,.F.);
#4570=ORIENTED_EDGE('',*,*,#2935,.F.);
#4571=ORIENTED_EDGE('',*,*,#3469,.F.);
#4572=ORIENTED_EDGE('',*,*,#3146,.F.);
#4573=ORIENTED_EDGE('',*,*,#3147,.T.);
#4574=ORIENTED_EDGE('',*,*,#3469,.T.);
#4575=ORIENTED_EDGE('',*,*,#2934,.F.);
#4576=ORIENTED_EDGE('',*,*,#3470,.T.);
#4577=ORIENTED_EDGE('',*,*,#3471,.T.);
#4578=ORIENTED_EDGE('',*,*,#3151,.T.);
#4579=ORIENTED_EDGE('',*,*,#3472,.T.);
#4580=ORIENTED_EDGE('',*,*,#2930,.F.);
#4581=ORIENTED_EDGE('',*,*,#3471,.F.);
#4582=ORIENTED_EDGE('',*,*,#2929,.F.);
#4583=ORIENTED_EDGE('',*,*,#3473,.F.);
#4584=ORIENTED_EDGE('',*,*,#3152,.F.);
#4585=ORIENTED_EDGE('',*,*,#3153,.T.);
#4586=ORIENTED_EDGE('',*,*,#3473,.T.);
#4587=ORIENTED_EDGE('',*,*,#2928,.F.);
#4588=ORIENTED_EDGE('',*,*,#3474,.T.);
#4589=ORIENTED_EDGE('',*,*,#3475,.T.);
#4590=ORIENTED_EDGE('',*,*,#3157,.T.);
#4591=ORIENTED_EDGE('',*,*,#3476,.T.);
#4592=ORIENTED_EDGE('',*,*,#2924,.F.);
#4593=ORIENTED_EDGE('',*,*,#3475,.F.);
#4594=ORIENTED_EDGE('',*,*,#2923,.F.);
#4595=ORIENTED_EDGE('',*,*,#3477,.F.);
#4596=ORIENTED_EDGE('',*,*,#3158,.F.);
#4597=ORIENTED_EDGE('',*,*,#3159,.T.);
#4598=ORIENTED_EDGE('',*,*,#3477,.T.);
#4599=ORIENTED_EDGE('',*,*,#2922,.F.);
#4600=ORIENTED_EDGE('',*,*,#3478,.T.);
#4601=ORIENTED_EDGE('',*,*,#3479,.T.);
#4602=ORIENTED_EDGE('',*,*,#3163,.T.);
#4603=ORIENTED_EDGE('',*,*,#3480,.T.);
#4604=ORIENTED_EDGE('',*,*,#2918,.F.);
#4605=ORIENTED_EDGE('',*,*,#3479,.F.);
#4606=ORIENTED_EDGE('',*,*,#2917,.F.);
#4607=ORIENTED_EDGE('',*,*,#3481,.F.);
#4608=ORIENTED_EDGE('',*,*,#3164,.F.);
#4609=ORIENTED_EDGE('',*,*,#3165,.T.);
#4610=ORIENTED_EDGE('',*,*,#3481,.T.);
#4611=ORIENTED_EDGE('',*,*,#2916,.F.);
#4612=ORIENTED_EDGE('',*,*,#3482,.T.);
#4613=ORIENTED_EDGE('',*,*,#3483,.T.);
#4614=ORIENTED_EDGE('',*,*,#3169,.T.);
#4615=ORIENTED_EDGE('',*,*,#3484,.T.);
#4616=ORIENTED_EDGE('',*,*,#2912,.F.);
#4617=ORIENTED_EDGE('',*,*,#3483,.F.);
#4618=ORIENTED_EDGE('',*,*,#2911,.F.);
#4619=ORIENTED_EDGE('',*,*,#3485,.F.);
#4620=ORIENTED_EDGE('',*,*,#3170,.F.);
#4621=ORIENTED_EDGE('',*,*,#3171,.T.);
#4622=ORIENTED_EDGE('',*,*,#3485,.T.);
#4623=ORIENTED_EDGE('',*,*,#2910,.F.);
#4624=ORIENTED_EDGE('',*,*,#3486,.T.);
#4625=ORIENTED_EDGE('',*,*,#3487,.T.);
#4626=ORIENTED_EDGE('',*,*,#3175,.T.);
#4627=ORIENTED_EDGE('',*,*,#3488,.T.);
#4628=ORIENTED_EDGE('',*,*,#2906,.F.);
#4629=ORIENTED_EDGE('',*,*,#3487,.F.);
#4630=ORIENTED_EDGE('',*,*,#2905,.F.);
#4631=ORIENTED_EDGE('',*,*,#3489,.F.);
#4632=ORIENTED_EDGE('',*,*,#3176,.F.);
#4633=ORIENTED_EDGE('',*,*,#3177,.T.);
#4634=ORIENTED_EDGE('',*,*,#3489,.T.);
#4635=ORIENTED_EDGE('',*,*,#2904,.F.);
#4636=ORIENTED_EDGE('',*,*,#3490,.T.);
#4637=ORIENTED_EDGE('',*,*,#3491,.T.);
#4638=ORIENTED_EDGE('',*,*,#3181,.T.);
#4639=ORIENTED_EDGE('',*,*,#3492,.T.);
#4640=ORIENTED_EDGE('',*,*,#2900,.F.);
#4641=ORIENTED_EDGE('',*,*,#3491,.F.);
#4642=ORIENTED_EDGE('',*,*,#2899,.F.);
#4643=ORIENTED_EDGE('',*,*,#3493,.F.);
#4644=ORIENTED_EDGE('',*,*,#3182,.F.);
#4645=ORIENTED_EDGE('',*,*,#3183,.T.);
#4646=ORIENTED_EDGE('',*,*,#3493,.T.);
#4647=ORIENTED_EDGE('',*,*,#2898,.F.);
#4648=ORIENTED_EDGE('',*,*,#3494,.T.);
#4649=ORIENTED_EDGE('',*,*,#3495,.T.);
#4650=ORIENTED_EDGE('',*,*,#3187,.T.);
#4651=ORIENTED_EDGE('',*,*,#3496,.T.);
#4652=ORIENTED_EDGE('',*,*,#2894,.F.);
#4653=ORIENTED_EDGE('',*,*,#3495,.F.);
#4654=ORIENTED_EDGE('',*,*,#2893,.F.);
#4655=ORIENTED_EDGE('',*,*,#3497,.F.);
#4656=ORIENTED_EDGE('',*,*,#3188,.F.);
#4657=ORIENTED_EDGE('',*,*,#3189,.T.);
#4658=ORIENTED_EDGE('',*,*,#3497,.T.);
#4659=ORIENTED_EDGE('',*,*,#2892,.F.);
#4660=ORIENTED_EDGE('',*,*,#3498,.T.);
#4661=ORIENTED_EDGE('',*,*,#3499,.T.);
#4662=ORIENTED_EDGE('',*,*,#3193,.T.);
#4663=ORIENTED_EDGE('',*,*,#3500,.T.);
#4664=ORIENTED_EDGE('',*,*,#2888,.F.);
#4665=ORIENTED_EDGE('',*,*,#3499,.F.);
#4666=ORIENTED_EDGE('',*,*,#2887,.F.);
#4667=ORIENTED_EDGE('',*,*,#3501,.F.);
#4668=ORIENTED_EDGE('',*,*,#3194,.F.);
#4669=ORIENTED_EDGE('',*,*,#3195,.T.);
#4670=ORIENTED_EDGE('',*,*,#3501,.T.);
#4671=ORIENTED_EDGE('',*,*,#2886,.F.);
#4672=ORIENTED_EDGE('',*,*,#3502,.T.);
#4673=ORIENTED_EDGE('',*,*,#3503,.T.);
#4674=ORIENTED_EDGE('',*,*,#3199,.T.);
#4675=ORIENTED_EDGE('',*,*,#3504,.T.);
#4676=ORIENTED_EDGE('',*,*,#2882,.F.);
#4677=ORIENTED_EDGE('',*,*,#3503,.F.);
#4678=ORIENTED_EDGE('',*,*,#2881,.F.);
#4679=ORIENTED_EDGE('',*,*,#3505,.F.);
#4680=ORIENTED_EDGE('',*,*,#3200,.F.);
#4681=ORIENTED_EDGE('',*,*,#3201,.T.);
#4682=ORIENTED_EDGE('',*,*,#3505,.T.);
#4683=ORIENTED_EDGE('',*,*,#2880,.F.);
#4684=ORIENTED_EDGE('',*,*,#3506,.T.);
#4685=ORIENTED_EDGE('',*,*,#3507,.T.);
#4686=ORIENTED_EDGE('',*,*,#3205,.T.);
#4687=ORIENTED_EDGE('',*,*,#3508,.T.);
#4688=ORIENTED_EDGE('',*,*,#2876,.F.);
#4689=ORIENTED_EDGE('',*,*,#3507,.F.);
#4690=ORIENTED_EDGE('',*,*,#2875,.F.);
#4691=ORIENTED_EDGE('',*,*,#3509,.F.);
#4692=ORIENTED_EDGE('',*,*,#3206,.F.);
#4693=ORIENTED_EDGE('',*,*,#3207,.T.);
#4694=ORIENTED_EDGE('',*,*,#3509,.T.);
#4695=ORIENTED_EDGE('',*,*,#2874,.F.);
#4696=ORIENTED_EDGE('',*,*,#3510,.T.);
#4697=ORIENTED_EDGE('',*,*,#3511,.T.);
#4698=ORIENTED_EDGE('',*,*,#3211,.T.);
#4699=ORIENTED_EDGE('',*,*,#3512,.T.);
#4700=ORIENTED_EDGE('',*,*,#2870,.F.);
#4701=ORIENTED_EDGE('',*,*,#3511,.F.);
#4702=ORIENTED_EDGE('',*,*,#2869,.F.);
#4703=ORIENTED_EDGE('',*,*,#3513,.F.);
#4704=ORIENTED_EDGE('',*,*,#3212,.F.);
#4705=ORIENTED_EDGE('',*,*,#3213,.T.);
#4706=ORIENTED_EDGE('',*,*,#3513,.T.);
#4707=ORIENTED_EDGE('',*,*,#2868,.F.);
#4708=ORIENTED_EDGE('',*,*,#3514,.T.);
#4709=ORIENTED_EDGE('',*,*,#3515,.T.);
#4710=ORIENTED_EDGE('',*,*,#3217,.T.);
#4711=ORIENTED_EDGE('',*,*,#3516,.T.);
#4712=ORIENTED_EDGE('',*,*,#2864,.F.);
#4713=ORIENTED_EDGE('',*,*,#3515,.F.);
#4714=ORIENTED_EDGE('',*,*,#2863,.F.);
#4715=ORIENTED_EDGE('',*,*,#3517,.F.);
#4716=ORIENTED_EDGE('',*,*,#3218,.F.);
#4717=ORIENTED_EDGE('',*,*,#3219,.T.);
#4718=ORIENTED_EDGE('',*,*,#3517,.T.);
#4719=ORIENTED_EDGE('',*,*,#2862,.F.);
#4720=ORIENTED_EDGE('',*,*,#3518,.T.);
#4721=ORIENTED_EDGE('',*,*,#3519,.T.);
#4722=ORIENTED_EDGE('',*,*,#3223,.T.);
#4723=ORIENTED_EDGE('',*,*,#3520,.T.);
#4724=ORIENTED_EDGE('',*,*,#2858,.F.);
#4725=ORIENTED_EDGE('',*,*,#3519,.F.);
#4726=ORIENTED_EDGE('',*,*,#2857,.F.);
#4727=ORIENTED_EDGE('',*,*,#3521,.F.);
#4728=ORIENTED_EDGE('',*,*,#3224,.F.);
#4729=ORIENTED_EDGE('',*,*,#3225,.T.);
#4730=ORIENTED_EDGE('',*,*,#3521,.T.);
#4731=ORIENTED_EDGE('',*,*,#2856,.F.);
#4732=ORIENTED_EDGE('',*,*,#3522,.T.);
#4733=ORIENTED_EDGE('',*,*,#3523,.T.);
#4734=ORIENTED_EDGE('',*,*,#3229,.T.);
#4735=ORIENTED_EDGE('',*,*,#3524,.T.);
#4736=ORIENTED_EDGE('',*,*,#2852,.F.);
#4737=ORIENTED_EDGE('',*,*,#3523,.F.);
#4738=ORIENTED_EDGE('',*,*,#2851,.F.);
#4739=ORIENTED_EDGE('',*,*,#3525,.F.);
#4740=ORIENTED_EDGE('',*,*,#3230,.F.);
#4741=ORIENTED_EDGE('',*,*,#3231,.T.);
#4742=ORIENTED_EDGE('',*,*,#3525,.T.);
#4743=ORIENTED_EDGE('',*,*,#2850,.F.);
#4744=ORIENTED_EDGE('',*,*,#3526,.T.);
#4745=ORIENTED_EDGE('',*,*,#3527,.T.);
#4746=ORIENTED_EDGE('',*,*,#3235,.T.);
#4747=ORIENTED_EDGE('',*,*,#3528,.T.);
#4748=ORIENTED_EDGE('',*,*,#2846,.F.);
#4749=ORIENTED_EDGE('',*,*,#3527,.F.);
#4750=ORIENTED_EDGE('',*,*,#2845,.F.);
#4751=ORIENTED_EDGE('',*,*,#3529,.F.);
#4752=ORIENTED_EDGE('',*,*,#3236,.F.);
#4753=ORIENTED_EDGE('',*,*,#3237,.T.);
#4754=ORIENTED_EDGE('',*,*,#3529,.T.);
#4755=ORIENTED_EDGE('',*,*,#2844,.F.);
#4756=ORIENTED_EDGE('',*,*,#3530,.T.);
#4757=ORIENTED_EDGE('',*,*,#3531,.T.);
#4758=ORIENTED_EDGE('',*,*,#3241,.T.);
#4759=ORIENTED_EDGE('',*,*,#3532,.T.);
#4760=ORIENTED_EDGE('',*,*,#2840,.F.);
#4761=ORIENTED_EDGE('',*,*,#3531,.F.);
#4762=ORIENTED_EDGE('',*,*,#2839,.F.);
#4763=ORIENTED_EDGE('',*,*,#3533,.F.);
#4764=ORIENTED_EDGE('',*,*,#3242,.F.);
#4765=ORIENTED_EDGE('',*,*,#3243,.T.);
#4766=ORIENTED_EDGE('',*,*,#3533,.T.);
#4767=ORIENTED_EDGE('',*,*,#2838,.F.);
#4768=ORIENTED_EDGE('',*,*,#3534,.T.);
#4769=ORIENTED_EDGE('',*,*,#3535,.T.);
#4770=ORIENTED_EDGE('',*,*,#3247,.T.);
#4771=ORIENTED_EDGE('',*,*,#3536,.T.);
#4772=ORIENTED_EDGE('',*,*,#2834,.F.);
#4773=ORIENTED_EDGE('',*,*,#3535,.F.);
#4774=ORIENTED_EDGE('',*,*,#2833,.F.);
#4775=ORIENTED_EDGE('',*,*,#3537,.F.);
#4776=ORIENTED_EDGE('',*,*,#3248,.F.);
#4777=ORIENTED_EDGE('',*,*,#3249,.T.);
#4778=ORIENTED_EDGE('',*,*,#3537,.T.);
#4779=ORIENTED_EDGE('',*,*,#2832,.F.);
#4780=ORIENTED_EDGE('',*,*,#3538,.T.);
#4781=ORIENTED_EDGE('',*,*,#3539,.T.);
#4782=ORIENTED_EDGE('',*,*,#3253,.T.);
#4783=ORIENTED_EDGE('',*,*,#3540,.T.);
#4784=ORIENTED_EDGE('',*,*,#2828,.F.);
#4785=ORIENTED_EDGE('',*,*,#3539,.F.);
#4786=ORIENTED_EDGE('',*,*,#2827,.F.);
#4787=ORIENTED_EDGE('',*,*,#3541,.F.);
#4788=ORIENTED_EDGE('',*,*,#3254,.F.);
#4789=ORIENTED_EDGE('',*,*,#3255,.T.);
#4790=ORIENTED_EDGE('',*,*,#3541,.T.);
#4791=ORIENTED_EDGE('',*,*,#2826,.F.);
#4792=ORIENTED_EDGE('',*,*,#3542,.T.);
#4793=ORIENTED_EDGE('',*,*,#3543,.T.);
#4794=ORIENTED_EDGE('',*,*,#3259,.T.);
#4795=ORIENTED_EDGE('',*,*,#3544,.T.);
#4796=ORIENTED_EDGE('',*,*,#2822,.F.);
#4797=ORIENTED_EDGE('',*,*,#3543,.F.);
#4798=ORIENTED_EDGE('',*,*,#2821,.F.);
#4799=ORIENTED_EDGE('',*,*,#3545,.F.);
#4800=ORIENTED_EDGE('',*,*,#3260,.F.);
#4801=ORIENTED_EDGE('',*,*,#3261,.T.);
#4802=ORIENTED_EDGE('',*,*,#3545,.T.);
#4803=ORIENTED_EDGE('',*,*,#2820,.F.);
#4804=ORIENTED_EDGE('',*,*,#3546,.T.);
#4805=ORIENTED_EDGE('',*,*,#3547,.T.);
#4806=ORIENTED_EDGE('',*,*,#3265,.T.);
#4807=ORIENTED_EDGE('',*,*,#3548,.T.);
#4808=ORIENTED_EDGE('',*,*,#2816,.F.);
#4809=ORIENTED_EDGE('',*,*,#3547,.F.);
#4810=ORIENTED_EDGE('',*,*,#2815,.F.);
#4811=ORIENTED_EDGE('',*,*,#3549,.F.);
#4812=ORIENTED_EDGE('',*,*,#3266,.F.);
#4813=ORIENTED_EDGE('',*,*,#3267,.T.);
#4814=ORIENTED_EDGE('',*,*,#3549,.T.);
#4815=ORIENTED_EDGE('',*,*,#2814,.F.);
#4816=ORIENTED_EDGE('',*,*,#3550,.T.);
#4817=ORIENTED_EDGE('',*,*,#3551,.T.);
#4818=ORIENTED_EDGE('',*,*,#3271,.T.);
#4819=ORIENTED_EDGE('',*,*,#3552,.T.);
#4820=ORIENTED_EDGE('',*,*,#2810,.F.);
#4821=ORIENTED_EDGE('',*,*,#3551,.F.);
#4822=ORIENTED_EDGE('',*,*,#2809,.F.);
#4823=ORIENTED_EDGE('',*,*,#3553,.F.);
#4824=ORIENTED_EDGE('',*,*,#3272,.F.);
#4825=ORIENTED_EDGE('',*,*,#3273,.T.);
#4826=ORIENTED_EDGE('',*,*,#3553,.T.);
#4827=ORIENTED_EDGE('',*,*,#2808,.F.);
#4828=ORIENTED_EDGE('',*,*,#3554,.T.);
#4829=ORIENTED_EDGE('',*,*,#3555,.T.);
#4830=ORIENTED_EDGE('',*,*,#3277,.T.);
#4831=ORIENTED_EDGE('',*,*,#3556,.T.);
#4832=ORIENTED_EDGE('',*,*,#2804,.F.);
#4833=ORIENTED_EDGE('',*,*,#3555,.F.);
#4834=ORIENTED_EDGE('',*,*,#2803,.F.);
#4835=ORIENTED_EDGE('',*,*,#3557,.F.);
#4836=ORIENTED_EDGE('',*,*,#3278,.F.);
#4837=ORIENTED_EDGE('',*,*,#3279,.T.);
#4838=ORIENTED_EDGE('',*,*,#3557,.T.);
#4839=ORIENTED_EDGE('',*,*,#2802,.F.);
#4840=ORIENTED_EDGE('',*,*,#3558,.T.);
#4841=ORIENTED_EDGE('',*,*,#3559,.T.);
#4842=ORIENTED_EDGE('',*,*,#3283,.T.);
#4843=ORIENTED_EDGE('',*,*,#3560,.T.);
#4844=ORIENTED_EDGE('',*,*,#2798,.F.);
#4845=ORIENTED_EDGE('',*,*,#3559,.F.);
#4846=ORIENTED_EDGE('',*,*,#2797,.F.);
#4847=ORIENTED_EDGE('',*,*,#3561,.F.);
#4848=ORIENTED_EDGE('',*,*,#3284,.F.);
#4849=ORIENTED_EDGE('',*,*,#3285,.T.);
#4850=ORIENTED_EDGE('',*,*,#3561,.T.);
#4851=ORIENTED_EDGE('',*,*,#2796,.F.);
#4852=ORIENTED_EDGE('',*,*,#3562,.T.);
#4853=ORIENTED_EDGE('',*,*,#3563,.T.);
#4854=ORIENTED_EDGE('',*,*,#3289,.T.);
#4855=ORIENTED_EDGE('',*,*,#3564,.T.);
#4856=ORIENTED_EDGE('',*,*,#2792,.F.);
#4857=ORIENTED_EDGE('',*,*,#3563,.F.);
#4858=ORIENTED_EDGE('',*,*,#2791,.F.);
#4859=ORIENTED_EDGE('',*,*,#3565,.F.);
#4860=ORIENTED_EDGE('',*,*,#3290,.F.);
#4861=ORIENTED_EDGE('',*,*,#3291,.T.);
#4862=ORIENTED_EDGE('',*,*,#3565,.T.);
#4863=ORIENTED_EDGE('',*,*,#2790,.F.);
#4864=ORIENTED_EDGE('',*,*,#3566,.T.);
#4865=ORIENTED_EDGE('',*,*,#3567,.T.);
#4866=ORIENTED_EDGE('',*,*,#3295,.T.);
#4867=ORIENTED_EDGE('',*,*,#3568,.T.);
#4868=ORIENTED_EDGE('',*,*,#2786,.F.);
#4869=ORIENTED_EDGE('',*,*,#3567,.F.);
#4870=ORIENTED_EDGE('',*,*,#2785,.F.);
#4871=ORIENTED_EDGE('',*,*,#3569,.F.);
#4872=ORIENTED_EDGE('',*,*,#3296,.F.);
#4873=ORIENTED_EDGE('',*,*,#3297,.T.);
#4874=ORIENTED_EDGE('',*,*,#3569,.T.);
#4875=ORIENTED_EDGE('',*,*,#2784,.F.);
#4876=ORIENTED_EDGE('',*,*,#3570,.T.);
#4877=ORIENTED_EDGE('',*,*,#3571,.T.);
#4878=ORIENTED_EDGE('',*,*,#3301,.T.);
#4879=ORIENTED_EDGE('',*,*,#3572,.T.);
#4880=ORIENTED_EDGE('',*,*,#2780,.F.);
#4881=ORIENTED_EDGE('',*,*,#3571,.F.);
#4882=ORIENTED_EDGE('',*,*,#2779,.F.);
#4883=ORIENTED_EDGE('',*,*,#3573,.F.);
#4884=ORIENTED_EDGE('',*,*,#3302,.F.);
#4885=ORIENTED_EDGE('',*,*,#3309,.T.);
#4886=ORIENTED_EDGE('',*,*,#3574,.T.);
#4887=ORIENTED_EDGE('',*,*,#3070,.F.);
#4888=ORIENTED_EDGE('',*,*,#3575,.T.);
#4889=ORIENTED_EDGE('',*,*,#3075,.F.);
#4890=ORIENTED_EDGE('',*,*,#3071,.F.);
#4891=ORIENTED_EDGE('',*,*,#3574,.F.);
#4892=ORIENTED_EDGE('',*,*,#3308,.F.);
#4893=ORIENTED_EDGE('',*,*,#3315,.T.);
#4894=ORIENTED_EDGE('',*,*,#3576,.T.);
#4895=ORIENTED_EDGE('',*,*,#3064,.F.);
#4896=ORIENTED_EDGE('',*,*,#3577,.T.);
#4897=ORIENTED_EDGE('',*,*,#3382,.F.);
#4898=ORIENTED_EDGE('',*,*,#3065,.F.);
#4899=ORIENTED_EDGE('',*,*,#3576,.F.);
#4900=ORIENTED_EDGE('',*,*,#3314,.F.);
#4901=ORIENTED_EDGE('',*,*,#3321,.T.);
#4902=ORIENTED_EDGE('',*,*,#3578,.T.);
#4903=ORIENTED_EDGE('',*,*,#3058,.F.);
#4904=ORIENTED_EDGE('',*,*,#3579,.T.);
#4905=ORIENTED_EDGE('',*,*,#3386,.F.);
#4906=ORIENTED_EDGE('',*,*,#3059,.F.);
#4907=ORIENTED_EDGE('',*,*,#3578,.F.);
#4908=ORIENTED_EDGE('',*,*,#3320,.F.);
#4909=ORIENTED_EDGE('',*,*,#3327,.T.);
#4910=ORIENTED_EDGE('',*,*,#3580,.T.);
#4911=ORIENTED_EDGE('',*,*,#3052,.F.);
#4912=ORIENTED_EDGE('',*,*,#3581,.T.);
#4913=ORIENTED_EDGE('',*,*,#3390,.F.);
#4914=ORIENTED_EDGE('',*,*,#3053,.F.);
#4915=ORIENTED_EDGE('',*,*,#3580,.F.);
#4916=ORIENTED_EDGE('',*,*,#3326,.F.);
#4917=ORIENTED_EDGE('',*,*,#3333,.T.);
#4918=ORIENTED_EDGE('',*,*,#3582,.T.);
#4919=ORIENTED_EDGE('',*,*,#3046,.F.);
#4920=ORIENTED_EDGE('',*,*,#3583,.T.);
#4921=ORIENTED_EDGE('',*,*,#3394,.F.);
#4922=ORIENTED_EDGE('',*,*,#3047,.F.);
#4923=ORIENTED_EDGE('',*,*,#3582,.F.);
#4924=ORIENTED_EDGE('',*,*,#3332,.F.);
#4925=ORIENTED_EDGE('',*,*,#3339,.T.);
#4926=ORIENTED_EDGE('',*,*,#3584,.T.);
#4927=ORIENTED_EDGE('',*,*,#3040,.F.);
#4928=ORIENTED_EDGE('',*,*,#3585,.T.);
#4929=ORIENTED_EDGE('',*,*,#3398,.F.);
#4930=ORIENTED_EDGE('',*,*,#3041,.F.);
#4931=ORIENTED_EDGE('',*,*,#3584,.F.);
#4932=ORIENTED_EDGE('',*,*,#3338,.F.);
#4933=ORIENTED_EDGE('',*,*,#3345,.T.);
#4934=ORIENTED_EDGE('',*,*,#3586,.T.);
#4935=ORIENTED_EDGE('',*,*,#3034,.F.);
#4936=ORIENTED_EDGE('',*,*,#3587,.T.);
#4937=ORIENTED_EDGE('',*,*,#3402,.F.);
#4938=ORIENTED_EDGE('',*,*,#3035,.F.);
#4939=ORIENTED_EDGE('',*,*,#3586,.F.);
#4940=ORIENTED_EDGE('',*,*,#3344,.F.);
#4941=ORIENTED_EDGE('',*,*,#3351,.T.);
#4942=ORIENTED_EDGE('',*,*,#3588,.T.);
#4943=ORIENTED_EDGE('',*,*,#3028,.F.);
#4944=ORIENTED_EDGE('',*,*,#3589,.T.);
#4945=ORIENTED_EDGE('',*,*,#3406,.F.);
#4946=ORIENTED_EDGE('',*,*,#3029,.F.);
#4947=ORIENTED_EDGE('',*,*,#3588,.F.);
#4948=ORIENTED_EDGE('',*,*,#3350,.F.);
#4949=ORIENTED_EDGE('',*,*,#3357,.T.);
#4950=ORIENTED_EDGE('',*,*,#3590,.T.);
#4951=ORIENTED_EDGE('',*,*,#3022,.F.);
#4952=ORIENTED_EDGE('',*,*,#3591,.T.);
#4953=ORIENTED_EDGE('',*,*,#3410,.F.);
#4954=ORIENTED_EDGE('',*,*,#3023,.F.);
#4955=ORIENTED_EDGE('',*,*,#3590,.F.);
#4956=ORIENTED_EDGE('',*,*,#3356,.F.);
#4957=ORIENTED_EDGE('',*,*,#3363,.T.);
#4958=ORIENTED_EDGE('',*,*,#3592,.T.);
#4959=ORIENTED_EDGE('',*,*,#3016,.F.);
#4960=ORIENTED_EDGE('',*,*,#3593,.T.);
#4961=ORIENTED_EDGE('',*,*,#3414,.F.);
#4962=ORIENTED_EDGE('',*,*,#3017,.F.);
#4963=ORIENTED_EDGE('',*,*,#3592,.F.);
#4964=ORIENTED_EDGE('',*,*,#3362,.F.);
#4965=ORIENTED_EDGE('',*,*,#3369,.T.);
#4966=ORIENTED_EDGE('',*,*,#3594,.T.);
#4967=ORIENTED_EDGE('',*,*,#3010,.F.);
#4968=ORIENTED_EDGE('',*,*,#3595,.T.);
#4969=ORIENTED_EDGE('',*,*,#3418,.F.);
#4970=ORIENTED_EDGE('',*,*,#3011,.F.);
#4971=ORIENTED_EDGE('',*,*,#3594,.F.);
#4972=ORIENTED_EDGE('',*,*,#3368,.F.);
#4973=ORIENTED_EDGE('',*,*,#3375,.T.);
#4974=ORIENTED_EDGE('',*,*,#3596,.T.);
#4975=ORIENTED_EDGE('',*,*,#3004,.F.);
#4976=ORIENTED_EDGE('',*,*,#3597,.T.);
#4977=ORIENTED_EDGE('',*,*,#3422,.F.);
#4978=ORIENTED_EDGE('',*,*,#3005,.F.);
#4979=ORIENTED_EDGE('',*,*,#3596,.F.);
#4980=ORIENTED_EDGE('',*,*,#3374,.F.);
#4981=ORIENTED_EDGE('',*,*,#3083,.T.);
#4982=ORIENTED_EDGE('',*,*,#3598,.T.);
#4983=ORIENTED_EDGE('',*,*,#2998,.F.);
#4984=ORIENTED_EDGE('',*,*,#3599,.T.);
#4985=ORIENTED_EDGE('',*,*,#3426,.F.);
#4986=ORIENTED_EDGE('',*,*,#2999,.F.);
#4987=ORIENTED_EDGE('',*,*,#3598,.F.);
#4988=ORIENTED_EDGE('',*,*,#3082,.F.);
#4989=ORIENTED_EDGE('',*,*,#3089,.T.);
#4990=ORIENTED_EDGE('',*,*,#3600,.T.);
#4991=ORIENTED_EDGE('',*,*,#2992,.F.);
#4992=ORIENTED_EDGE('',*,*,#3601,.T.);
#4993=ORIENTED_EDGE('',*,*,#3430,.F.);
#4994=ORIENTED_EDGE('',*,*,#2993,.F.);
#4995=ORIENTED_EDGE('',*,*,#3600,.F.);
#4996=ORIENTED_EDGE('',*,*,#3088,.F.);
#4997=ORIENTED_EDGE('',*,*,#3095,.T.);
#4998=ORIENTED_EDGE('',*,*,#3602,.T.);
#4999=ORIENTED_EDGE('',*,*,#2986,.F.);
#5000=ORIENTED_EDGE('',*,*,#3603,.T.);
#5001=ORIENTED_EDGE('',*,*,#3434,.F.);
#5002=ORIENTED_EDGE('',*,*,#2987,.F.);
#5003=ORIENTED_EDGE('',*,*,#3602,.F.);
#5004=ORIENTED_EDGE('',*,*,#3094,.F.);
#5005=ORIENTED_EDGE('',*,*,#3101,.T.);
#5006=ORIENTED_EDGE('',*,*,#3604,.T.);
#5007=ORIENTED_EDGE('',*,*,#2980,.F.);
#5008=ORIENTED_EDGE('',*,*,#3605,.T.);
#5009=ORIENTED_EDGE('',*,*,#3438,.F.);
#5010=ORIENTED_EDGE('',*,*,#2981,.F.);
#5011=ORIENTED_EDGE('',*,*,#3604,.F.);
#5012=ORIENTED_EDGE('',*,*,#3100,.F.);
#5013=ORIENTED_EDGE('',*,*,#3107,.T.);
#5014=ORIENTED_EDGE('',*,*,#3606,.T.);
#5015=ORIENTED_EDGE('',*,*,#2974,.F.);
#5016=ORIENTED_EDGE('',*,*,#3607,.T.);
#5017=ORIENTED_EDGE('',*,*,#3442,.F.);
#5018=ORIENTED_EDGE('',*,*,#2975,.F.);
#5019=ORIENTED_EDGE('',*,*,#3606,.F.);
#5020=ORIENTED_EDGE('',*,*,#3106,.F.);
#5021=ORIENTED_EDGE('',*,*,#3113,.T.);
#5022=ORIENTED_EDGE('',*,*,#3608,.T.);
#5023=ORIENTED_EDGE('',*,*,#2968,.F.);
#5024=ORIENTED_EDGE('',*,*,#3609,.T.);
#5025=ORIENTED_EDGE('',*,*,#3446,.F.);
#5026=ORIENTED_EDGE('',*,*,#2969,.F.);
#5027=ORIENTED_EDGE('',*,*,#3608,.F.);
#5028=ORIENTED_EDGE('',*,*,#3112,.F.);
#5029=ORIENTED_EDGE('',*,*,#3119,.T.);
#5030=ORIENTED_EDGE('',*,*,#3610,.T.);
#5031=ORIENTED_EDGE('',*,*,#2962,.F.);
#5032=ORIENTED_EDGE('',*,*,#3611,.T.);
#5033=ORIENTED_EDGE('',*,*,#3450,.F.);
#5034=ORIENTED_EDGE('',*,*,#2963,.F.);
#5035=ORIENTED_EDGE('',*,*,#3610,.F.);
#5036=ORIENTED_EDGE('',*,*,#3118,.F.);
#5037=ORIENTED_EDGE('',*,*,#3125,.T.);
#5038=ORIENTED_EDGE('',*,*,#3612,.T.);
#5039=ORIENTED_EDGE('',*,*,#2956,.F.);
#5040=ORIENTED_EDGE('',*,*,#3613,.T.);
#5041=ORIENTED_EDGE('',*,*,#3454,.F.);
#5042=ORIENTED_EDGE('',*,*,#2957,.F.);
#5043=ORIENTED_EDGE('',*,*,#3612,.F.);
#5044=ORIENTED_EDGE('',*,*,#3124,.F.);
#5045=ORIENTED_EDGE('',*,*,#3131,.T.);
#5046=ORIENTED_EDGE('',*,*,#3614,.T.);
#5047=ORIENTED_EDGE('',*,*,#2950,.F.);
#5048=ORIENTED_EDGE('',*,*,#3615,.T.);
#5049=ORIENTED_EDGE('',*,*,#3458,.F.);
#5050=ORIENTED_EDGE('',*,*,#2951,.F.);
#5051=ORIENTED_EDGE('',*,*,#3614,.F.);
#5052=ORIENTED_EDGE('',*,*,#3130,.F.);
#5053=ORIENTED_EDGE('',*,*,#3137,.T.);
#5054=ORIENTED_EDGE('',*,*,#3616,.T.);
#5055=ORIENTED_EDGE('',*,*,#2944,.F.);
#5056=ORIENTED_EDGE('',*,*,#3617,.T.);
#5057=ORIENTED_EDGE('',*,*,#3462,.F.);
#5058=ORIENTED_EDGE('',*,*,#2945,.F.);
#5059=ORIENTED_EDGE('',*,*,#3616,.F.);
#5060=ORIENTED_EDGE('',*,*,#3136,.F.);
#5061=ORIENTED_EDGE('',*,*,#3143,.T.);
#5062=ORIENTED_EDGE('',*,*,#3618,.T.);
#5063=ORIENTED_EDGE('',*,*,#2938,.F.);
#5064=ORIENTED_EDGE('',*,*,#3619,.T.);
#5065=ORIENTED_EDGE('',*,*,#3466,.F.);
#5066=ORIENTED_EDGE('',*,*,#2939,.F.);
#5067=ORIENTED_EDGE('',*,*,#3618,.F.);
#5068=ORIENTED_EDGE('',*,*,#3142,.F.);
#5069=ORIENTED_EDGE('',*,*,#3149,.T.);
#5070=ORIENTED_EDGE('',*,*,#3620,.T.);
#5071=ORIENTED_EDGE('',*,*,#2932,.F.);
#5072=ORIENTED_EDGE('',*,*,#3621,.T.);
#5073=ORIENTED_EDGE('',*,*,#3470,.F.);
#5074=ORIENTED_EDGE('',*,*,#2933,.F.);
#5075=ORIENTED_EDGE('',*,*,#3620,.F.);
#5076=ORIENTED_EDGE('',*,*,#3148,.F.);
#5077=ORIENTED_EDGE('',*,*,#3155,.T.);
#5078=ORIENTED_EDGE('',*,*,#3622,.T.);
#5079=ORIENTED_EDGE('',*,*,#2926,.F.);
#5080=ORIENTED_EDGE('',*,*,#3623,.T.);
#5081=ORIENTED_EDGE('',*,*,#3474,.F.);
#5082=ORIENTED_EDGE('',*,*,#2927,.F.);
#5083=ORIENTED_EDGE('',*,*,#3622,.F.);
#5084=ORIENTED_EDGE('',*,*,#3154,.F.);
#5085=ORIENTED_EDGE('',*,*,#3161,.T.);
#5086=ORIENTED_EDGE('',*,*,#3624,.T.);
#5087=ORIENTED_EDGE('',*,*,#2920,.F.);
#5088=ORIENTED_EDGE('',*,*,#3625,.T.);
#5089=ORIENTED_EDGE('',*,*,#3478,.F.);
#5090=ORIENTED_EDGE('',*,*,#2921,.F.);
#5091=ORIENTED_EDGE('',*,*,#3624,.F.);
#5092=ORIENTED_EDGE('',*,*,#3160,.F.);
#5093=ORIENTED_EDGE('',*,*,#3167,.T.);
#5094=ORIENTED_EDGE('',*,*,#3626,.T.);
#5095=ORIENTED_EDGE('',*,*,#2914,.F.);
#5096=ORIENTED_EDGE('',*,*,#3627,.T.);
#5097=ORIENTED_EDGE('',*,*,#3482,.F.);
#5098=ORIENTED_EDGE('',*,*,#2915,.F.);
#5099=ORIENTED_EDGE('',*,*,#3626,.F.);
#5100=ORIENTED_EDGE('',*,*,#3166,.F.);
#5101=ORIENTED_EDGE('',*,*,#3173,.T.);
#5102=ORIENTED_EDGE('',*,*,#3628,.T.);
#5103=ORIENTED_EDGE('',*,*,#2908,.F.);
#5104=ORIENTED_EDGE('',*,*,#3629,.T.);
#5105=ORIENTED_EDGE('',*,*,#3486,.F.);
#5106=ORIENTED_EDGE('',*,*,#2909,.F.);
#5107=ORIENTED_EDGE('',*,*,#3628,.F.);
#5108=ORIENTED_EDGE('',*,*,#3172,.F.);
#5109=ORIENTED_EDGE('',*,*,#3179,.T.);
#5110=ORIENTED_EDGE('',*,*,#3630,.T.);
#5111=ORIENTED_EDGE('',*,*,#2902,.F.);
#5112=ORIENTED_EDGE('',*,*,#3631,.T.);
#5113=ORIENTED_EDGE('',*,*,#3490,.F.);
#5114=ORIENTED_EDGE('',*,*,#2903,.F.);
#5115=ORIENTED_EDGE('',*,*,#3630,.F.);
#5116=ORIENTED_EDGE('',*,*,#3178,.F.);
#5117=ORIENTED_EDGE('',*,*,#3185,.T.);
#5118=ORIENTED_EDGE('',*,*,#3632,.T.);
#5119=ORIENTED_EDGE('',*,*,#2896,.F.);
#5120=ORIENTED_EDGE('',*,*,#3633,.T.);
#5121=ORIENTED_EDGE('',*,*,#3494,.F.);
#5122=ORIENTED_EDGE('',*,*,#2897,.F.);
#5123=ORIENTED_EDGE('',*,*,#3632,.F.);
#5124=ORIENTED_EDGE('',*,*,#3184,.F.);
#5125=ORIENTED_EDGE('',*,*,#3191,.T.);
#5126=ORIENTED_EDGE('',*,*,#3634,.T.);
#5127=ORIENTED_EDGE('',*,*,#2890,.F.);
#5128=ORIENTED_EDGE('',*,*,#3635,.T.);
#5129=ORIENTED_EDGE('',*,*,#3498,.F.);
#5130=ORIENTED_EDGE('',*,*,#2891,.F.);
#5131=ORIENTED_EDGE('',*,*,#3634,.F.);
#5132=ORIENTED_EDGE('',*,*,#3190,.F.);
#5133=ORIENTED_EDGE('',*,*,#3197,.T.);
#5134=ORIENTED_EDGE('',*,*,#3636,.T.);
#5135=ORIENTED_EDGE('',*,*,#2884,.F.);
#5136=ORIENTED_EDGE('',*,*,#3637,.T.);
#5137=ORIENTED_EDGE('',*,*,#3502,.F.);
#5138=ORIENTED_EDGE('',*,*,#2885,.F.);
#5139=ORIENTED_EDGE('',*,*,#3636,.F.);
#5140=ORIENTED_EDGE('',*,*,#3196,.F.);
#5141=ORIENTED_EDGE('',*,*,#3203,.T.);
#5142=ORIENTED_EDGE('',*,*,#3638,.T.);
#5143=ORIENTED_EDGE('',*,*,#2878,.F.);
#5144=ORIENTED_EDGE('',*,*,#3639,.T.);
#5145=ORIENTED_EDGE('',*,*,#3506,.F.);
#5146=ORIENTED_EDGE('',*,*,#2879,.F.);
#5147=ORIENTED_EDGE('',*,*,#3638,.F.);
#5148=ORIENTED_EDGE('',*,*,#3202,.F.);
#5149=ORIENTED_EDGE('',*,*,#3209,.T.);
#5150=ORIENTED_EDGE('',*,*,#3640,.T.);
#5151=ORIENTED_EDGE('',*,*,#2872,.F.);
#5152=ORIENTED_EDGE('',*,*,#3641,.T.);
#5153=ORIENTED_EDGE('',*,*,#3510,.F.);
#5154=ORIENTED_EDGE('',*,*,#2873,.F.);
#5155=ORIENTED_EDGE('',*,*,#3640,.F.);
#5156=ORIENTED_EDGE('',*,*,#3208,.F.);
#5157=ORIENTED_EDGE('',*,*,#3215,.T.);
#5158=ORIENTED_EDGE('',*,*,#3642,.T.);
#5159=ORIENTED_EDGE('',*,*,#2866,.F.);
#5160=ORIENTED_EDGE('',*,*,#3643,.T.);
#5161=ORIENTED_EDGE('',*,*,#3514,.F.);
#5162=ORIENTED_EDGE('',*,*,#2867,.F.);
#5163=ORIENTED_EDGE('',*,*,#3642,.F.);
#5164=ORIENTED_EDGE('',*,*,#3214,.F.);
#5165=ORIENTED_EDGE('',*,*,#3221,.T.);
#5166=ORIENTED_EDGE('',*,*,#3644,.T.);
#5167=ORIENTED_EDGE('',*,*,#2860,.F.);
#5168=ORIENTED_EDGE('',*,*,#3645,.T.);
#5169=ORIENTED_EDGE('',*,*,#3518,.F.);
#5170=ORIENTED_EDGE('',*,*,#2861,.F.);
#5171=ORIENTED_EDGE('',*,*,#3644,.F.);
#5172=ORIENTED_EDGE('',*,*,#3220,.F.);
#5173=ORIENTED_EDGE('',*,*,#3227,.T.);
#5174=ORIENTED_EDGE('',*,*,#3646,.T.);
#5175=ORIENTED_EDGE('',*,*,#2854,.F.);
#5176=ORIENTED_EDGE('',*,*,#3647,.T.);
#5177=ORIENTED_EDGE('',*,*,#3522,.F.);
#5178=ORIENTED_EDGE('',*,*,#2855,.F.);
#5179=ORIENTED_EDGE('',*,*,#3646,.F.);
#5180=ORIENTED_EDGE('',*,*,#3226,.F.);
#5181=ORIENTED_EDGE('',*,*,#3233,.T.);
#5182=ORIENTED_EDGE('',*,*,#3648,.T.);
#5183=ORIENTED_EDGE('',*,*,#2848,.F.);
#5184=ORIENTED_EDGE('',*,*,#3649,.T.);
#5185=ORIENTED_EDGE('',*,*,#3526,.F.);
#5186=ORIENTED_EDGE('',*,*,#2849,.F.);
#5187=ORIENTED_EDGE('',*,*,#3648,.F.);
#5188=ORIENTED_EDGE('',*,*,#3232,.F.);
#5189=ORIENTED_EDGE('',*,*,#3239,.T.);
#5190=ORIENTED_EDGE('',*,*,#3650,.T.);
#5191=ORIENTED_EDGE('',*,*,#2842,.F.);
#5192=ORIENTED_EDGE('',*,*,#3651,.T.);
#5193=ORIENTED_EDGE('',*,*,#3530,.F.);
#5194=ORIENTED_EDGE('',*,*,#2843,.F.);
#5195=ORIENTED_EDGE('',*,*,#3650,.F.);
#5196=ORIENTED_EDGE('',*,*,#3238,.F.);
#5197=ORIENTED_EDGE('',*,*,#3245,.T.);
#5198=ORIENTED_EDGE('',*,*,#3652,.T.);
#5199=ORIENTED_EDGE('',*,*,#2836,.F.);
#5200=ORIENTED_EDGE('',*,*,#3653,.T.);
#5201=ORIENTED_EDGE('',*,*,#3534,.F.);
#5202=ORIENTED_EDGE('',*,*,#2837,.F.);
#5203=ORIENTED_EDGE('',*,*,#3652,.F.);
#5204=ORIENTED_EDGE('',*,*,#3244,.F.);
#5205=ORIENTED_EDGE('',*,*,#3251,.T.);
#5206=ORIENTED_EDGE('',*,*,#3654,.T.);
#5207=ORIENTED_EDGE('',*,*,#2830,.F.);
#5208=ORIENTED_EDGE('',*,*,#3655,.T.);
#5209=ORIENTED_EDGE('',*,*,#3538,.F.);
#5210=ORIENTED_EDGE('',*,*,#2831,.F.);
#5211=ORIENTED_EDGE('',*,*,#3654,.F.);
#5212=ORIENTED_EDGE('',*,*,#3250,.F.);
#5213=ORIENTED_EDGE('',*,*,#3257,.T.);
#5214=ORIENTED_EDGE('',*,*,#3656,.T.);
#5215=ORIENTED_EDGE('',*,*,#2824,.F.);
#5216=ORIENTED_EDGE('',*,*,#3657,.T.);
#5217=ORIENTED_EDGE('',*,*,#3542,.F.);
#5218=ORIENTED_EDGE('',*,*,#2825,.F.);
#5219=ORIENTED_EDGE('',*,*,#3656,.F.);
#5220=ORIENTED_EDGE('',*,*,#3256,.F.);
#5221=ORIENTED_EDGE('',*,*,#3263,.T.);
#5222=ORIENTED_EDGE('',*,*,#3658,.T.);
#5223=ORIENTED_EDGE('',*,*,#2818,.F.);
#5224=ORIENTED_EDGE('',*,*,#3659,.T.);
#5225=ORIENTED_EDGE('',*,*,#3546,.F.);
#5226=ORIENTED_EDGE('',*,*,#2819,.F.);
#5227=ORIENTED_EDGE('',*,*,#3658,.F.);
#5228=ORIENTED_EDGE('',*,*,#3262,.F.);
#5229=ORIENTED_EDGE('',*,*,#3269,.T.);
#5230=ORIENTED_EDGE('',*,*,#3660,.T.);
#5231=ORIENTED_EDGE('',*,*,#2812,.F.);
#5232=ORIENTED_EDGE('',*,*,#3661,.T.);
#5233=ORIENTED_EDGE('',*,*,#3550,.F.);
#5234=ORIENTED_EDGE('',*,*,#2813,.F.);
#5235=ORIENTED_EDGE('',*,*,#3660,.F.);
#5236=ORIENTED_EDGE('',*,*,#3268,.F.);
#5237=ORIENTED_EDGE('',*,*,#3275,.T.);
#5238=ORIENTED_EDGE('',*,*,#3662,.T.);
#5239=ORIENTED_EDGE('',*,*,#2806,.F.);
#5240=ORIENTED_EDGE('',*,*,#3663,.T.);
#5241=ORIENTED_EDGE('',*,*,#3554,.F.);
#5242=ORIENTED_EDGE('',*,*,#2807,.F.);
#5243=ORIENTED_EDGE('',*,*,#3662,.F.);
#5244=ORIENTED_EDGE('',*,*,#3274,.F.);
#5245=ORIENTED_EDGE('',*,*,#3281,.T.);
#5246=ORIENTED_EDGE('',*,*,#3664,.T.);
#5247=ORIENTED_EDGE('',*,*,#2800,.F.);
#5248=ORIENTED_EDGE('',*,*,#3665,.T.);
#5249=ORIENTED_EDGE('',*,*,#3558,.F.);
#5250=ORIENTED_EDGE('',*,*,#2801,.F.);
#5251=ORIENTED_EDGE('',*,*,#3664,.F.);
#5252=ORIENTED_EDGE('',*,*,#3280,.F.);
#5253=ORIENTED_EDGE('',*,*,#3287,.T.);
#5254=ORIENTED_EDGE('',*,*,#3666,.T.);
#5255=ORIENTED_EDGE('',*,*,#2794,.F.);
#5256=ORIENTED_EDGE('',*,*,#3667,.T.);
#5257=ORIENTED_EDGE('',*,*,#3562,.F.);
#5258=ORIENTED_EDGE('',*,*,#2795,.F.);
#5259=ORIENTED_EDGE('',*,*,#3666,.F.);
#5260=ORIENTED_EDGE('',*,*,#3286,.F.);
#5261=ORIENTED_EDGE('',*,*,#3293,.T.);
#5262=ORIENTED_EDGE('',*,*,#3668,.T.);
#5263=ORIENTED_EDGE('',*,*,#2788,.F.);
#5264=ORIENTED_EDGE('',*,*,#3669,.T.);
#5265=ORIENTED_EDGE('',*,*,#3566,.F.);
#5266=ORIENTED_EDGE('',*,*,#2789,.F.);
#5267=ORIENTED_EDGE('',*,*,#3668,.F.);
#5268=ORIENTED_EDGE('',*,*,#3292,.F.);
#5269=ORIENTED_EDGE('',*,*,#3299,.T.);
#5270=ORIENTED_EDGE('',*,*,#3670,.T.);
#5271=ORIENTED_EDGE('',*,*,#2782,.F.);
#5272=ORIENTED_EDGE('',*,*,#3671,.T.);
#5273=ORIENTED_EDGE('',*,*,#3570,.F.);
#5274=ORIENTED_EDGE('',*,*,#2783,.F.);
#5275=ORIENTED_EDGE('',*,*,#3670,.F.);
#5276=ORIENTED_EDGE('',*,*,#3298,.F.);
#5277=ORIENTED_EDGE('',*,*,#3380,.F.);
#5278=ORIENTED_EDGE('',*,*,#3310,.F.);
#5279=ORIENTED_EDGE('',*,*,#3575,.F.);
#5280=ORIENTED_EDGE('',*,*,#3069,.F.);
#5281=ORIENTED_EDGE('',*,*,#3384,.F.);
#5282=ORIENTED_EDGE('',*,*,#3316,.F.);
#5283=ORIENTED_EDGE('',*,*,#3577,.F.);
#5284=ORIENTED_EDGE('',*,*,#3063,.F.);
#5285=ORIENTED_EDGE('',*,*,#3388,.F.);
#5286=ORIENTED_EDGE('',*,*,#3322,.F.);
#5287=ORIENTED_EDGE('',*,*,#3579,.F.);
#5288=ORIENTED_EDGE('',*,*,#3057,.F.);
#5289=ORIENTED_EDGE('',*,*,#3392,.F.);
#5290=ORIENTED_EDGE('',*,*,#3328,.F.);
#5291=ORIENTED_EDGE('',*,*,#3581,.F.);
#5292=ORIENTED_EDGE('',*,*,#3051,.F.);
#5293=ORIENTED_EDGE('',*,*,#3396,.F.);
#5294=ORIENTED_EDGE('',*,*,#3334,.F.);
#5295=ORIENTED_EDGE('',*,*,#3583,.F.);
#5296=ORIENTED_EDGE('',*,*,#3045,.F.);
#5297=ORIENTED_EDGE('',*,*,#3400,.F.);
#5298=ORIENTED_EDGE('',*,*,#3340,.F.);
#5299=ORIENTED_EDGE('',*,*,#3585,.F.);
#5300=ORIENTED_EDGE('',*,*,#3039,.F.);
#5301=ORIENTED_EDGE('',*,*,#3404,.F.);
#5302=ORIENTED_EDGE('',*,*,#3346,.F.);
#5303=ORIENTED_EDGE('',*,*,#3587,.F.);
#5304=ORIENTED_EDGE('',*,*,#3033,.F.);
#5305=ORIENTED_EDGE('',*,*,#3408,.F.);
#5306=ORIENTED_EDGE('',*,*,#3352,.F.);
#5307=ORIENTED_EDGE('',*,*,#3589,.F.);
#5308=ORIENTED_EDGE('',*,*,#3027,.F.);
#5309=ORIENTED_EDGE('',*,*,#3412,.F.);
#5310=ORIENTED_EDGE('',*,*,#3358,.F.);
#5311=ORIENTED_EDGE('',*,*,#3591,.F.);
#5312=ORIENTED_EDGE('',*,*,#3021,.F.);
#5313=ORIENTED_EDGE('',*,*,#3416,.F.);
#5314=ORIENTED_EDGE('',*,*,#3364,.F.);
#5315=ORIENTED_EDGE('',*,*,#3593,.F.);
#5316=ORIENTED_EDGE('',*,*,#3015,.F.);
#5317=ORIENTED_EDGE('',*,*,#3420,.F.);
#5318=ORIENTED_EDGE('',*,*,#3370,.F.);
#5319=ORIENTED_EDGE('',*,*,#3595,.F.);
#5320=ORIENTED_EDGE('',*,*,#3009,.F.);
#5321=ORIENTED_EDGE('',*,*,#3424,.F.);
#5322=ORIENTED_EDGE('',*,*,#3376,.F.);
#5323=ORIENTED_EDGE('',*,*,#3597,.F.);
#5324=ORIENTED_EDGE('',*,*,#3003,.F.);
#5325=ORIENTED_EDGE('',*,*,#3428,.F.);
#5326=ORIENTED_EDGE('',*,*,#3084,.F.);
#5327=ORIENTED_EDGE('',*,*,#3599,.F.);
#5328=ORIENTED_EDGE('',*,*,#2997,.F.);
#5329=ORIENTED_EDGE('',*,*,#3432,.F.);
#5330=ORIENTED_EDGE('',*,*,#3090,.F.);
#5331=ORIENTED_EDGE('',*,*,#3601,.F.);
#5332=ORIENTED_EDGE('',*,*,#2991,.F.);
#5333=ORIENTED_EDGE('',*,*,#3436,.F.);
#5334=ORIENTED_EDGE('',*,*,#3096,.F.);
#5335=ORIENTED_EDGE('',*,*,#3603,.F.);
#5336=ORIENTED_EDGE('',*,*,#2985,.F.);
#5337=ORIENTED_EDGE('',*,*,#3440,.F.);
#5338=ORIENTED_EDGE('',*,*,#3102,.F.);
#5339=ORIENTED_EDGE('',*,*,#3605,.F.);
#5340=ORIENTED_EDGE('',*,*,#2979,.F.);
#5341=ORIENTED_EDGE('',*,*,#3444,.F.);
#5342=ORIENTED_EDGE('',*,*,#3108,.F.);
#5343=ORIENTED_EDGE('',*,*,#3607,.F.);
#5344=ORIENTED_EDGE('',*,*,#2973,.F.);
#5345=ORIENTED_EDGE('',*,*,#3448,.F.);
#5346=ORIENTED_EDGE('',*,*,#3114,.F.);
#5347=ORIENTED_EDGE('',*,*,#3609,.F.);
#5348=ORIENTED_EDGE('',*,*,#2967,.F.);
#5349=ORIENTED_EDGE('',*,*,#3452,.F.);
#5350=ORIENTED_EDGE('',*,*,#3120,.F.);
#5351=ORIENTED_EDGE('',*,*,#3611,.F.);
#5352=ORIENTED_EDGE('',*,*,#2961,.F.);
#5353=ORIENTED_EDGE('',*,*,#3456,.F.);
#5354=ORIENTED_EDGE('',*,*,#3126,.F.);
#5355=ORIENTED_EDGE('',*,*,#3613,.F.);
#5356=ORIENTED_EDGE('',*,*,#2955,.F.);
#5357=ORIENTED_EDGE('',*,*,#3460,.F.);
#5358=ORIENTED_EDGE('',*,*,#3132,.F.);
#5359=ORIENTED_EDGE('',*,*,#3615,.F.);
#5360=ORIENTED_EDGE('',*,*,#2949,.F.);
#5361=ORIENTED_EDGE('',*,*,#3464,.F.);
#5362=ORIENTED_EDGE('',*,*,#3138,.F.);
#5363=ORIENTED_EDGE('',*,*,#3617,.F.);
#5364=ORIENTED_EDGE('',*,*,#2943,.F.);
#5365=ORIENTED_EDGE('',*,*,#3468,.F.);
#5366=ORIENTED_EDGE('',*,*,#3144,.F.);
#5367=ORIENTED_EDGE('',*,*,#3619,.F.);
#5368=ORIENTED_EDGE('',*,*,#2937,.F.);
#5369=ORIENTED_EDGE('',*,*,#3472,.F.);
#5370=ORIENTED_EDGE('',*,*,#3150,.F.);
#5371=ORIENTED_EDGE('',*,*,#3621,.F.);
#5372=ORIENTED_EDGE('',*,*,#2931,.F.);
#5373=ORIENTED_EDGE('',*,*,#3476,.F.);
#5374=ORIENTED_EDGE('',*,*,#3156,.F.);
#5375=ORIENTED_EDGE('',*,*,#3623,.F.);
#5376=ORIENTED_EDGE('',*,*,#2925,.F.);
#5377=ORIENTED_EDGE('',*,*,#3480,.F.);
#5378=ORIENTED_EDGE('',*,*,#3162,.F.);
#5379=ORIENTED_EDGE('',*,*,#3625,.F.);
#5380=ORIENTED_EDGE('',*,*,#2919,.F.);
#5381=ORIENTED_EDGE('',*,*,#3484,.F.);
#5382=ORIENTED_EDGE('',*,*,#3168,.F.);
#5383=ORIENTED_EDGE('',*,*,#3627,.F.);
#5384=ORIENTED_EDGE('',*,*,#2913,.F.);
#5385=ORIENTED_EDGE('',*,*,#3488,.F.);
#5386=ORIENTED_EDGE('',*,*,#3174,.F.);
#5387=ORIENTED_EDGE('',*,*,#3629,.F.);
#5388=ORIENTED_EDGE('',*,*,#2907,.F.);
#5389=ORIENTED_EDGE('',*,*,#3492,.F.);
#5390=ORIENTED_EDGE('',*,*,#3180,.F.);
#5391=ORIENTED_EDGE('',*,*,#3631,.F.);
#5392=ORIENTED_EDGE('',*,*,#2901,.F.);
#5393=ORIENTED_EDGE('',*,*,#3496,.F.);
#5394=ORIENTED_EDGE('',*,*,#3186,.F.);
#5395=ORIENTED_EDGE('',*,*,#3633,.F.);
#5396=ORIENTED_EDGE('',*,*,#2895,.F.);
#5397=ORIENTED_EDGE('',*,*,#3500,.F.);
#5398=ORIENTED_EDGE('',*,*,#3192,.F.);
#5399=ORIENTED_EDGE('',*,*,#3635,.F.);
#5400=ORIENTED_EDGE('',*,*,#2889,.F.);
#5401=ORIENTED_EDGE('',*,*,#3504,.F.);
#5402=ORIENTED_EDGE('',*,*,#3198,.F.);
#5403=ORIENTED_EDGE('',*,*,#3637,.F.);
#5404=ORIENTED_EDGE('',*,*,#2883,.F.);
#5405=ORIENTED_EDGE('',*,*,#3508,.F.);
#5406=ORIENTED_EDGE('',*,*,#3204,.F.);
#5407=ORIENTED_EDGE('',*,*,#3639,.F.);
#5408=ORIENTED_EDGE('',*,*,#2877,.F.);
#5409=ORIENTED_EDGE('',*,*,#3512,.F.);
#5410=ORIENTED_EDGE('',*,*,#3210,.F.);
#5411=ORIENTED_EDGE('',*,*,#3641,.F.);
#5412=ORIENTED_EDGE('',*,*,#2871,.F.);
#5413=ORIENTED_EDGE('',*,*,#3516,.F.);
#5414=ORIENTED_EDGE('',*,*,#3216,.F.);
#5415=ORIENTED_EDGE('',*,*,#3643,.F.);
#5416=ORIENTED_EDGE('',*,*,#2865,.F.);
#5417=ORIENTED_EDGE('',*,*,#3520,.F.);
#5418=ORIENTED_EDGE('',*,*,#3222,.F.);
#5419=ORIENTED_EDGE('',*,*,#3645,.F.);
#5420=ORIENTED_EDGE('',*,*,#2859,.F.);
#5421=ORIENTED_EDGE('',*,*,#3524,.F.);
#5422=ORIENTED_EDGE('',*,*,#3228,.F.);
#5423=ORIENTED_EDGE('',*,*,#3647,.F.);
#5424=ORIENTED_EDGE('',*,*,#2853,.F.);
#5425=ORIENTED_EDGE('',*,*,#3528,.F.);
#5426=ORIENTED_EDGE('',*,*,#3234,.F.);
#5427=ORIENTED_EDGE('',*,*,#3649,.F.);
#5428=ORIENTED_EDGE('',*,*,#2847,.F.);
#5429=ORIENTED_EDGE('',*,*,#3532,.F.);
#5430=ORIENTED_EDGE('',*,*,#3240,.F.);
#5431=ORIENTED_EDGE('',*,*,#3651,.F.);
#5432=ORIENTED_EDGE('',*,*,#2841,.F.);
#5433=ORIENTED_EDGE('',*,*,#3536,.F.);
#5434=ORIENTED_EDGE('',*,*,#3246,.F.);
#5435=ORIENTED_EDGE('',*,*,#3653,.F.);
#5436=ORIENTED_EDGE('',*,*,#2835,.F.);
#5437=ORIENTED_EDGE('',*,*,#3540,.F.);
#5438=ORIENTED_EDGE('',*,*,#3252,.F.);
#5439=ORIENTED_EDGE('',*,*,#3655,.F.);
#5440=ORIENTED_EDGE('',*,*,#2829,.F.);
#5441=ORIENTED_EDGE('',*,*,#3544,.F.);
#5442=ORIENTED_EDGE('',*,*,#3258,.F.);
#5443=ORIENTED_EDGE('',*,*,#3657,.F.);
#5444=ORIENTED_EDGE('',*,*,#2823,.F.);
#5445=ORIENTED_EDGE('',*,*,#3548,.F.);
#5446=ORIENTED_EDGE('',*,*,#3264,.F.);
#5447=ORIENTED_EDGE('',*,*,#3659,.F.);
#5448=ORIENTED_EDGE('',*,*,#2817,.F.);
#5449=ORIENTED_EDGE('',*,*,#3552,.F.);
#5450=ORIENTED_EDGE('',*,*,#3270,.F.);
#5451=ORIENTED_EDGE('',*,*,#3661,.F.);
#5452=ORIENTED_EDGE('',*,*,#2811,.F.);
#5453=ORIENTED_EDGE('',*,*,#3556,.F.);
#5454=ORIENTED_EDGE('',*,*,#3276,.F.);
#5455=ORIENTED_EDGE('',*,*,#3663,.F.);
#5456=ORIENTED_EDGE('',*,*,#2805,.F.);
#5457=ORIENTED_EDGE('',*,*,#3560,.F.);
#5458=ORIENTED_EDGE('',*,*,#3282,.F.);
#5459=ORIENTED_EDGE('',*,*,#3665,.F.);
#5460=ORIENTED_EDGE('',*,*,#2799,.F.);
#5461=ORIENTED_EDGE('',*,*,#3564,.F.);
#5462=ORIENTED_EDGE('',*,*,#3288,.F.);
#5463=ORIENTED_EDGE('',*,*,#3667,.F.);
#5464=ORIENTED_EDGE('',*,*,#2793,.F.);
#5465=ORIENTED_EDGE('',*,*,#3568,.F.);
#5466=ORIENTED_EDGE('',*,*,#3294,.F.);
#5467=ORIENTED_EDGE('',*,*,#3669,.F.);
#5468=ORIENTED_EDGE('',*,*,#2787,.F.);
#5469=ORIENTED_EDGE('',*,*,#3572,.F.);
#5470=ORIENTED_EDGE('',*,*,#3300,.F.);
#5471=ORIENTED_EDGE('',*,*,#3671,.F.);
#5472=ORIENTED_EDGE('',*,*,#2781,.F.);
#5473=ORIENTED_EDGE('',*,*,#3303,.T.);
#5474=ORIENTED_EDGE('',*,*,#3573,.T.);
#5475=ORIENTED_EDGE('',*,*,#2778,.F.);
#5476=ORIENTED_EDGE('',*,*,#3672,.T.);
#5477=ORIENTED_EDGE('',*,*,#3077,.T.);
#5478=ORIENTED_EDGE('',*,*,#3307,.T.);
#5479=ORIENTED_EDGE('',*,*,#3673,.T.);
#5480=ORIENTED_EDGE('',*,*,#2774,.F.);
#5481=ORIENTED_EDGE('',*,*,#3305,.T.);
#5482=ORIENTED_EDGE('',*,*,#3674,.T.);
#5483=ORIENTED_EDGE('',*,*,#2776,.F.);
#5484=ORIENTED_EDGE('',*,*,#3675,.T.);
#5485=ORIENTED_EDGE('',*,*,#3672,.F.);
#5486=ORIENTED_EDGE('',*,*,#2777,.F.);
#5487=ORIENTED_EDGE('',*,*,#3674,.F.);
#5488=ORIENTED_EDGE('',*,*,#3304,.F.);
#5489=ORIENTED_EDGE('',*,*,#3673,.F.);
#5490=ORIENTED_EDGE('',*,*,#3306,.F.);
#5491=ORIENTED_EDGE('',*,*,#3675,.F.);
#5492=ORIENTED_EDGE('',*,*,#2775,.F.);
#5493=ORIENTED_EDGE('',*,*,#3078,.F.);
#5494=ORIENTED_EDGE('',*,*,#3072,.F.);
#5495=ORIENTED_EDGE('',*,*,#3676,.T.);
#5496=ORIENTED_EDGE('',*,*,#3677,.F.);
#5497=ORIENTED_EDGE('',*,*,#3676,.F.);
#5498=ORIENTED_EDGE('',*,*,#3677,.T.);
#5499=ORIENTED_EDGE('',*,*,#3678,.T.);
#5500=ORIENTED_EDGE('',*,*,#3679,.T.);
#5501=ORIENTED_EDGE('',*,*,#3680,.T.);
#5502=ORIENTED_EDGE('',*,*,#3681,.T.);
#5503=ORIENTED_EDGE('',*,*,#3678,.F.);
#5504=ORIENTED_EDGE('',*,*,#3682,.T.);
#5505=ORIENTED_EDGE('',*,*,#3679,.F.);
#5506=ORIENTED_EDGE('',*,*,#3683,.T.);
#5507=ORIENTED_EDGE('',*,*,#3684,.F.);
#5508=ORIENTED_EDGE('',*,*,#3685,.F.);
#5509=ORIENTED_EDGE('',*,*,#3680,.F.);
#5510=ORIENTED_EDGE('',*,*,#3682,.F.);
#5511=ORIENTED_EDGE('',*,*,#3681,.F.);
#5512=ORIENTED_EDGE('',*,*,#3685,.T.);
#5513=ORIENTED_EDGE('',*,*,#3686,.F.);
#5514=ORIENTED_EDGE('',*,*,#3683,.F.);
#5515=ORIENTED_EDGE('',*,*,#3684,.T.);
#5516=ORIENTED_EDGE('',*,*,#3686,.T.);
#5517=PLANE('',#5946);
#5518=PLANE('',#6350);
#5519=PLANE('',#6352);
#5520=PLANE('',#6354);
#5521=PLANE('',#6356);
#5522=PLANE('',#6358);
#5523=PLANE('',#6360);
#5524=PLANE('',#6362);
#5525=PLANE('',#6364);
#5526=PLANE('',#6366);
#5527=PLANE('',#6368);
#5528=PLANE('',#6370);
#5529=PLANE('',#6372);
#5530=PLANE('',#6374);
#5531=PLANE('',#6376);
#5532=PLANE('',#6378);
#5533=PLANE('',#6380);
#5534=PLANE('',#6382);
#5535=PLANE('',#6384);
#5536=PLANE('',#6386);
#5537=PLANE('',#6388);
#5538=PLANE('',#6390);
#5539=PLANE('',#6392);
#5540=PLANE('',#6394);
#5541=PLANE('',#6396);
#5542=PLANE('',#6398);
#5543=PLANE('',#6400);
#5544=PLANE('',#6402);
#5545=PLANE('',#6404);
#5546=PLANE('',#6406);
#5547=PLANE('',#6408);
#5548=PLANE('',#6410);
#5549=PLANE('',#6412);
#5550=PLANE('',#6414);
#5551=PLANE('',#6416);
#5552=PLANE('',#6418);
#5553=PLANE('',#6420);
#5554=PLANE('',#6422);
#5555=PLANE('',#6424);
#5556=PLANE('',#6426);
#5557=PLANE('',#6428);
#5558=PLANE('',#6430);
#5559=PLANE('',#6432);
#5560=PLANE('',#6434);
#5561=PLANE('',#6436);
#5562=PLANE('',#6438);
#5563=PLANE('',#6440);
#5564=PLANE('',#6442);
#5565=PLANE('',#6444);
#5566=PLANE('',#6446);
#5567=PLANE('',#6447);
#5568=PLANE('',#6448);
#5569=PLANE('',#6449);
#5570=PLANE('',#6450);
#5571=PLANE('',#6451);
#5572=PLANE('',#6452);
#5573=PLANE('',#6453);
#5574=PLANE('',#6454);
#5575=PLANE('',#6455);
#5576=PLANE('',#6456);
#5577=PLANE('',#6457);
#5578=PLANE('',#6458);
#5579=PLANE('',#6459);
#5580=PLANE('',#6460);
#5581=PLANE('',#6461);
#5582=PLANE('',#6462);
#5583=PLANE('',#6463);
#5584=PLANE('',#6464);
#5585=PLANE('',#6465);
#5586=PLANE('',#6466);
#5587=PLANE('',#6467);
#5588=PLANE('',#6468);
#5589=PLANE('',#6469);
#5590=PLANE('',#6470);
#5591=PLANE('',#6471);
#5592=PLANE('',#6472);
#5593=PLANE('',#6473);
#5594=PLANE('',#6474);
#5595=PLANE('',#6475);
#5596=PLANE('',#6476);
#5597=PLANE('',#6477);
#5598=PLANE('',#6478);
#5599=PLANE('',#6479);
#5600=PLANE('',#6480);
#5601=PLANE('',#6481);
#5602=PLANE('',#6482);
#5603=PLANE('',#6483);
#5604=PLANE('',#6484);
#5605=PLANE('',#6485);
#5606=PLANE('',#6486);
#5607=PLANE('',#6487);
#5608=PLANE('',#6488);
#5609=PLANE('',#6489);
#5610=PLANE('',#6490);
#5611=PLANE('',#6491);
#5612=PLANE('',#6492);
#5613=PLANE('',#6493);
#5614=PLANE('',#6494);
#5615=PLANE('',#6495);
#5616=PLANE('',#6499);
#5617=PLANE('',#6500);
#5618=PLANE('',#6501);
#5619=PLANE('',#6504);
#5620=PLANE('',#6506);
#5621=PLANE('',#6511);
#5622=PLANE('',#6512);
#5623=ADVANCED_FACE('',(#470,#468),#5517,.T.);
#5624=ADVANCED_FACE('',(#471),#266,.T.);
#5625=ADVANCED_FACE('',(#472),#267,.T.);
#5626=ADVANCED_FACE('',(#473),#115,.T.);
#5627=ADVANCED_FACE('',(#474),#268,.T.);
#5628=ADVANCED_FACE('',(#475),#269,.T.);
#5629=ADVANCED_FACE('',(#476),#270,.T.);
#5630=ADVANCED_FACE('',(#477),#271,.T.);
#5631=ADVANCED_FACE('',(#478),#272,.T.);
#5632=ADVANCED_FACE('',(#479),#273,.T.);
#5633=ADVANCED_FACE('',(#480),#274,.T.);
#5634=ADVANCED_FACE('',(#481),#275,.T.);
#5635=ADVANCED_FACE('',(#482),#276,.T.);
#5636=ADVANCED_FACE('',(#483),#277,.T.);
#5637=ADVANCED_FACE('',(#484),#278,.T.);
#5638=ADVANCED_FACE('',(#485),#279,.T.);
#5639=ADVANCED_FACE('',(#486),#280,.T.);
#5640=ADVANCED_FACE('',(#487),#281,.T.);
#5641=ADVANCED_FACE('',(#488),#282,.T.);
#5642=ADVANCED_FACE('',(#489),#283,.T.);
#5643=ADVANCED_FACE('',(#490),#284,.T.);
#5644=ADVANCED_FACE('',(#491),#285,.T.);
#5645=ADVANCED_FACE('',(#492),#286,.T.);
#5646=ADVANCED_FACE('',(#493),#287,.T.);
#5647=ADVANCED_FACE('',(#494),#288,.T.);
#5648=ADVANCED_FACE('',(#495),#289,.T.);
#5649=ADVANCED_FACE('',(#496),#290,.T.);
#5650=ADVANCED_FACE('',(#497),#291,.T.);
#5651=ADVANCED_FACE('',(#498),#292,.T.);
#5652=ADVANCED_FACE('',(#499),#293,.T.);
#5653=ADVANCED_FACE('',(#500),#294,.T.);
#5654=ADVANCED_FACE('',(#501),#295,.T.);
#5655=ADVANCED_FACE('',(#502),#296,.T.);
#5656=ADVANCED_FACE('',(#503),#297,.T.);
#5657=ADVANCED_FACE('',(#504),#298,.T.);
#5658=ADVANCED_FACE('',(#505),#299,.T.);
#5659=ADVANCED_FACE('',(#506),#300,.T.);
#5660=ADVANCED_FACE('',(#507),#301,.T.);
#5661=ADVANCED_FACE('',(#508),#302,.T.);
#5662=ADVANCED_FACE('',(#509),#303,.T.);
#5663=ADVANCED_FACE('',(#510),#304,.T.);
#5664=ADVANCED_FACE('',(#511),#305,.T.);
#5665=ADVANCED_FACE('',(#512),#306,.T.);
#5666=ADVANCED_FACE('',(#513),#307,.T.);
#5667=ADVANCED_FACE('',(#514),#308,.T.);
#5668=ADVANCED_FACE('',(#515),#309,.T.);
#5669=ADVANCED_FACE('',(#516),#310,.T.);
#5670=ADVANCED_FACE('',(#517),#311,.T.);
#5671=ADVANCED_FACE('',(#518),#312,.T.);
#5672=ADVANCED_FACE('',(#519),#313,.T.);
#5673=ADVANCED_FACE('',(#520),#314,.T.);
#5674=ADVANCED_FACE('',(#521),#315,.T.);
#5675=ADVANCED_FACE('',(#522),#316,.T.);
#5676=ADVANCED_FACE('',(#523),#317,.T.);
#5677=ADVANCED_FACE('',(#524),#318,.T.);
#5678=ADVANCED_FACE('',(#525),#319,.T.);
#5679=ADVANCED_FACE('',(#526),#320,.T.);
#5680=ADVANCED_FACE('',(#527),#321,.T.);
#5681=ADVANCED_FACE('',(#528),#322,.T.);
#5682=ADVANCED_FACE('',(#529),#323,.T.);
#5683=ADVANCED_FACE('',(#530),#324,.T.);
#5684=ADVANCED_FACE('',(#531),#325,.T.);
#5685=ADVANCED_FACE('',(#532),#326,.T.);
#5686=ADVANCED_FACE('',(#533),#327,.T.);
#5687=ADVANCED_FACE('',(#534),#328,.T.);
#5688=ADVANCED_FACE('',(#535),#329,.T.);
#5689=ADVANCED_FACE('',(#536),#330,.T.);
#5690=ADVANCED_FACE('',(#537),#331,.T.);
#5691=ADVANCED_FACE('',(#538),#332,.T.);
#5692=ADVANCED_FACE('',(#539),#333,.T.);
#5693=ADVANCED_FACE('',(#540),#334,.T.);
#5694=ADVANCED_FACE('',(#541),#335,.T.);
#5695=ADVANCED_FACE('',(#542),#336,.T.);
#5696=ADVANCED_FACE('',(#543),#337,.T.);
#5697=ADVANCED_FACE('',(#544),#338,.T.);
#5698=ADVANCED_FACE('',(#545),#339,.T.);
#5699=ADVANCED_FACE('',(#546),#340,.T.);
#5700=ADVANCED_FACE('',(#547),#341,.T.);
#5701=ADVANCED_FACE('',(#548),#342,.T.);
#5702=ADVANCED_FACE('',(#549),#343,.T.);
#5703=ADVANCED_FACE('',(#550),#344,.T.);
#5704=ADVANCED_FACE('',(#551),#345,.T.);
#5705=ADVANCED_FACE('',(#552),#346,.T.);
#5706=ADVANCED_FACE('',(#553),#347,.T.);
#5707=ADVANCED_FACE('',(#554),#348,.T.);
#5708=ADVANCED_FACE('',(#555),#349,.T.);
#5709=ADVANCED_FACE('',(#556),#350,.T.);
#5710=ADVANCED_FACE('',(#557),#351,.T.);
#5711=ADVANCED_FACE('',(#558),#352,.T.);
#5712=ADVANCED_FACE('',(#559),#353,.T.);
#5713=ADVANCED_FACE('',(#560),#354,.T.);
#5714=ADVANCED_FACE('',(#561),#355,.T.);
#5715=ADVANCED_FACE('',(#562),#356,.T.);
#5716=ADVANCED_FACE('',(#563),#357,.T.);
#5717=ADVANCED_FACE('',(#564),#358,.T.);
#5718=ADVANCED_FACE('',(#565),#359,.T.);
#5719=ADVANCED_FACE('',(#566),#360,.T.);
#5720=ADVANCED_FACE('',(#567),#361,.T.);
#5721=ADVANCED_FACE('',(#568),#362,.T.);
#5722=ADVANCED_FACE('',(#569),#363,.T.);
#5723=ADVANCED_FACE('',(#570),#364,.T.);
#5724=ADVANCED_FACE('',(#571),#365,.T.);
#5725=ADVANCED_FACE('',(#572),#366,.T.);
#5726=ADVANCED_FACE('',(#573),#367,.T.);
#5727=ADVANCED_FACE('',(#574),#368,.T.);
#5728=ADVANCED_FACE('',(#575),#369,.T.);
#5729=ADVANCED_FACE('',(#576),#370,.T.);
#5730=ADVANCED_FACE('',(#577),#371,.T.);
#5731=ADVANCED_FACE('',(#578),#372,.T.);
#5732=ADVANCED_FACE('',(#579),#373,.T.);
#5733=ADVANCED_FACE('',(#580),#374,.T.);
#5734=ADVANCED_FACE('',(#581),#375,.T.);
#5735=ADVANCED_FACE('',(#582),#376,.T.);
#5736=ADVANCED_FACE('',(#583),#377,.T.);
#5737=ADVANCED_FACE('',(#584),#378,.T.);
#5738=ADVANCED_FACE('',(#585),#379,.T.);
#5739=ADVANCED_FACE('',(#586),#380,.T.);
#5740=ADVANCED_FACE('',(#587),#381,.T.);
#5741=ADVANCED_FACE('',(#588),#382,.T.);
#5742=ADVANCED_FACE('',(#589),#383,.T.);
#5743=ADVANCED_FACE('',(#590),#384,.T.);
#5744=ADVANCED_FACE('',(#591),#385,.T.);
#5745=ADVANCED_FACE('',(#592),#386,.T.);
#5746=ADVANCED_FACE('',(#593),#387,.T.);
#5747=ADVANCED_FACE('',(#594),#388,.T.);
#5748=ADVANCED_FACE('',(#595),#389,.T.);
#5749=ADVANCED_FACE('',(#596),#390,.T.);
#5750=ADVANCED_FACE('',(#597),#391,.T.);
#5751=ADVANCED_FACE('',(#598),#392,.T.);
#5752=ADVANCED_FACE('',(#599),#393,.T.);
#5753=ADVANCED_FACE('',(#600),#394,.T.);
#5754=ADVANCED_FACE('',(#601),#395,.T.);
#5755=ADVANCED_FACE('',(#602),#396,.T.);
#5756=ADVANCED_FACE('',(#603),#397,.T.);
#5757=ADVANCED_FACE('',(#604),#398,.T.);
#5758=ADVANCED_FACE('',(#605),#399,.T.);
#5759=ADVANCED_FACE('',(#606),#400,.T.);
#5760=ADVANCED_FACE('',(#607),#401,.T.);
#5761=ADVANCED_FACE('',(#608),#402,.T.);
#5762=ADVANCED_FACE('',(#609),#403,.T.);
#5763=ADVANCED_FACE('',(#610),#404,.T.);
#5764=ADVANCED_FACE('',(#611),#405,.T.);
#5765=ADVANCED_FACE('',(#612),#406,.T.);
#5766=ADVANCED_FACE('',(#613),#407,.T.);
#5767=ADVANCED_FACE('',(#614),#408,.T.);
#5768=ADVANCED_FACE('',(#615),#409,.T.);
#5769=ADVANCED_FACE('',(#616),#410,.T.);
#5770=ADVANCED_FACE('',(#617),#411,.T.);
#5771=ADVANCED_FACE('',(#618),#412,.T.);
#5772=ADVANCED_FACE('',(#619),#413,.T.);
#5773=ADVANCED_FACE('',(#620),#414,.F.);
#5774=ADVANCED_FACE('',(#621),#5518,.F.);
#5775=ADVANCED_FACE('',(#622),#415,.F.);
#5776=ADVANCED_FACE('',(#623),#5519,.F.);
#5777=ADVANCED_FACE('',(#624),#416,.F.);
#5778=ADVANCED_FACE('',(#625),#5520,.F.);
#5779=ADVANCED_FACE('',(#626),#417,.F.);
#5780=ADVANCED_FACE('',(#627),#5521,.F.);
#5781=ADVANCED_FACE('',(#628),#418,.F.);
#5782=ADVANCED_FACE('',(#629),#5522,.F.);
#5783=ADVANCED_FACE('',(#630),#419,.F.);
#5784=ADVANCED_FACE('',(#631),#5523,.F.);
#5785=ADVANCED_FACE('',(#632),#420,.F.);
#5786=ADVANCED_FACE('',(#633),#5524,.F.);
#5787=ADVANCED_FACE('',(#634),#421,.F.);
#5788=ADVANCED_FACE('',(#635),#5525,.F.);
#5789=ADVANCED_FACE('',(#636),#422,.F.);
#5790=ADVANCED_FACE('',(#637),#5526,.F.);
#5791=ADVANCED_FACE('',(#638),#423,.F.);
#5792=ADVANCED_FACE('',(#639),#5527,.F.);
#5793=ADVANCED_FACE('',(#640),#424,.F.);
#5794=ADVANCED_FACE('',(#641),#5528,.F.);
#5795=ADVANCED_FACE('',(#642),#425,.F.);
#5796=ADVANCED_FACE('',(#643),#5529,.F.);
#5797=ADVANCED_FACE('',(#644),#426,.F.);
#5798=ADVANCED_FACE('',(#645),#5530,.F.);
#5799=ADVANCED_FACE('',(#646),#427,.F.);
#5800=ADVANCED_FACE('',(#647),#5531,.F.);
#5801=ADVANCED_FACE('',(#648),#428,.F.);
#5802=ADVANCED_FACE('',(#649),#5532,.F.);
#5803=ADVANCED_FACE('',(#650),#429,.F.);
#5804=ADVANCED_FACE('',(#651),#5533,.F.);
#5805=ADVANCED_FACE('',(#652),#430,.F.);
#5806=ADVANCED_FACE('',(#653),#5534,.F.);
#5807=ADVANCED_FACE('',(#654),#431,.F.);
#5808=ADVANCED_FACE('',(#655),#5535,.F.);
#5809=ADVANCED_FACE('',(#656),#432,.F.);
#5810=ADVANCED_FACE('',(#657),#5536,.F.);
#5811=ADVANCED_FACE('',(#658),#433,.F.);
#5812=ADVANCED_FACE('',(#659),#5537,.F.);
#5813=ADVANCED_FACE('',(#660),#434,.F.);
#5814=ADVANCED_FACE('',(#661),#5538,.F.);
#5815=ADVANCED_FACE('',(#662),#435,.F.);
#5816=ADVANCED_FACE('',(#663),#5539,.F.);
#5817=ADVANCED_FACE('',(#664),#436,.F.);
#5818=ADVANCED_FACE('',(#665),#5540,.F.);
#5819=ADVANCED_FACE('',(#666),#437,.F.);
#5820=ADVANCED_FACE('',(#667),#5541,.F.);
#5821=ADVANCED_FACE('',(#668),#438,.F.);
#5822=ADVANCED_FACE('',(#669),#5542,.F.);
#5823=ADVANCED_FACE('',(#670),#439,.F.);
#5824=ADVANCED_FACE('',(#671),#5543,.F.);
#5825=ADVANCED_FACE('',(#672),#440,.F.);
#5826=ADVANCED_FACE('',(#673),#5544,.F.);
#5827=ADVANCED_FACE('',(#674),#441,.F.);
#5828=ADVANCED_FACE('',(#675),#5545,.F.);
#5829=ADVANCED_FACE('',(#676),#442,.F.);
#5830=ADVANCED_FACE('',(#677),#5546,.F.);
#5831=ADVANCED_FACE('',(#678),#443,.F.);
#5832=ADVANCED_FACE('',(#679),#5547,.F.);
#5833=ADVANCED_FACE('',(#680),#444,.F.);
#5834=ADVANCED_FACE('',(#681),#5548,.F.);
#5835=ADVANCED_FACE('',(#682),#445,.F.);
#5836=ADVANCED_FACE('',(#683),#5549,.F.);
#5837=ADVANCED_FACE('',(#684),#446,.F.);
#5838=ADVANCED_FACE('',(#685),#5550,.F.);
#5839=ADVANCED_FACE('',(#686),#447,.F.);
#5840=ADVANCED_FACE('',(#687),#5551,.F.);
#5841=ADVANCED_FACE('',(#688),#448,.F.);
#5842=ADVANCED_FACE('',(#689),#5552,.F.);
#5843=ADVANCED_FACE('',(#690),#449,.F.);
#5844=ADVANCED_FACE('',(#691),#5553,.F.);
#5845=ADVANCED_FACE('',(#692),#450,.F.);
#5846=ADVANCED_FACE('',(#693),#5554,.F.);
#5847=ADVANCED_FACE('',(#694),#451,.F.);
#5848=ADVANCED_FACE('',(#695),#5555,.F.);
#5849=ADVANCED_FACE('',(#696),#452,.F.);
#5850=ADVANCED_FACE('',(#697),#5556,.F.);
#5851=ADVANCED_FACE('',(#698),#453,.F.);
#5852=ADVANCED_FACE('',(#699),#5557,.F.);
#5853=ADVANCED_FACE('',(#700),#454,.F.);
#5854=ADVANCED_FACE('',(#701),#5558,.F.);
#5855=ADVANCED_FACE('',(#702),#455,.F.);
#5856=ADVANCED_FACE('',(#703),#5559,.F.);
#5857=ADVANCED_FACE('',(#704),#456,.F.);
#5858=ADVANCED_FACE('',(#705),#5560,.F.);
#5859=ADVANCED_FACE('',(#706),#457,.F.);
#5860=ADVANCED_FACE('',(#707),#5561,.F.);
#5861=ADVANCED_FACE('',(#708),#458,.F.);
#5862=ADVANCED_FACE('',(#709),#5562,.F.);
#5863=ADVANCED_FACE('',(#710),#459,.F.);
#5864=ADVANCED_FACE('',(#711),#5563,.F.);
#5865=ADVANCED_FACE('',(#712),#460,.F.);
#5866=ADVANCED_FACE('',(#713),#5564,.F.);
#5867=ADVANCED_FACE('',(#714),#461,.F.);
#5868=ADVANCED_FACE('',(#715),#5565,.F.);
#5869=ADVANCED_FACE('',(#716),#462,.F.);
#5870=ADVANCED_FACE('',(#717),#5566,.F.);
#5871=ADVANCED_FACE('',(#718),#5567,.F.);
#5872=ADVANCED_FACE('',(#719),#5568,.F.);
#5873=ADVANCED_FACE('',(#720),#5569,.F.);
#5874=ADVANCED_FACE('',(#721),#5570,.F.);
#5875=ADVANCED_FACE('',(#722),#5571,.F.);
#5876=ADVANCED_FACE('',(#723),#5572,.F.);
#5877=ADVANCED_FACE('',(#724),#5573,.F.);
#5878=ADVANCED_FACE('',(#725),#5574,.F.);
#5879=ADVANCED_FACE('',(#726),#5575,.F.);
#5880=ADVANCED_FACE('',(#727),#5576,.F.);
#5881=ADVANCED_FACE('',(#728),#5577,.F.);
#5882=ADVANCED_FACE('',(#729),#5578,.F.);
#5883=ADVANCED_FACE('',(#730),#5579,.F.);
#5884=ADVANCED_FACE('',(#731),#5580,.F.);
#5885=ADVANCED_FACE('',(#732),#5581,.F.);
#5886=ADVANCED_FACE('',(#733),#5582,.F.);
#5887=ADVANCED_FACE('',(#734),#5583,.F.);
#5888=ADVANCED_FACE('',(#735),#5584,.F.);
#5889=ADVANCED_FACE('',(#736),#5585,.F.);
#5890=ADVANCED_FACE('',(#737),#5586,.F.);
#5891=ADVANCED_FACE('',(#738),#5587,.F.);
#5892=ADVANCED_FACE('',(#739),#5588,.F.);
#5893=ADVANCED_FACE('',(#740),#5589,.F.);
#5894=ADVANCED_FACE('',(#741),#5590,.F.);
#5895=ADVANCED_FACE('',(#742),#5591,.F.);
#5896=ADVANCED_FACE('',(#743),#5592,.F.);
#5897=ADVANCED_FACE('',(#744),#5593,.F.);
#5898=ADVANCED_FACE('',(#745),#5594,.F.);
#5899=ADVANCED_FACE('',(#746),#5595,.F.);
#5900=ADVANCED_FACE('',(#747),#5596,.F.);
#5901=ADVANCED_FACE('',(#748),#5597,.F.);
#5902=ADVANCED_FACE('',(#749),#5598,.F.);
#5903=ADVANCED_FACE('',(#750),#5599,.F.);
#5904=ADVANCED_FACE('',(#751),#5600,.F.);
#5905=ADVANCED_FACE('',(#752),#5601,.F.);
#5906=ADVANCED_FACE('',(#753),#5602,.F.);
#5907=ADVANCED_FACE('',(#754),#5603,.F.);
#5908=ADVANCED_FACE('',(#755),#5604,.F.);
#5909=ADVANCED_FACE('',(#756),#5605,.F.);
#5910=ADVANCED_FACE('',(#757),#5606,.F.);
#5911=ADVANCED_FACE('',(#758),#5607,.F.);
#5912=ADVANCED_FACE('',(#759),#5608,.F.);
#5913=ADVANCED_FACE('',(#760),#5609,.F.);
#5914=ADVANCED_FACE('',(#761),#5610,.F.);
#5915=ADVANCED_FACE('',(#762),#5611,.F.);
#5916=ADVANCED_FACE('',(#763),#5612,.F.);
#5917=ADVANCED_FACE('',(#764),#5613,.F.);
#5918=ADVANCED_FACE('',(#765),#5614,.F.);
#5919=ADVANCED_FACE('',(#766),#5615,.F.);
#5920=ADVANCED_FACE('',(#767),#463,.T.);
#5921=ADVANCED_FACE('',(#768),#464,.T.);
#5922=ADVANCED_FACE('',(#769),#465,.F.);
#5923=ADVANCED_FACE('',(#770),#5616,.F.);
#5924=ADVANCED_FACE('',(#771),#5617,.F.);
#5925=ADVANCED_FACE('',(#772),#5618,.T.);
#5926=ADVANCED_FACE('',(#773),#466,.F.);
#5927=ADVANCED_FACE('',(#774,#469),#5619,.T.);
#5928=ADVANCED_FACE('',(#775),#5620,.F.);
#5929=ADVANCED_FACE('',(#776),#467,.F.);
#5930=ADVANCED_FACE('',(#777),#5621,.T.);
#5931=ADVANCED_FACE('',(#778),#5622,.F.);
#5932=CLOSED_SHELL('',(#5623,#5624,#5625,#5626,#5627,#5628,#5629,#5630,
#5631,#5632,#5633,#5634,#5635,#5636,#5637,#5638,#5639,#5640,#5641,#5642,
#5643,#5644,#5645,#5646,#5647,#5648,#5649,#5650,#5651,#5652,#5653,#5654,
#5655,#5656,#5657,#5658,#5659,#5660,#5661,#5662,#5663,#5664,#5665,#5666,
#5667,#5668,#5669,#5670,#5671,#5672,#5673,#5674,#5675,#5676,#5677,#5678,
#5679,#5680,#5681,#5682,#5683,#5684,#5685,#5686,#5687,#5688,#5689,#5690,
#5691,#5692,#5693,#5694,#5695,#5696,#5697,#5698,#5699,#5700,#5701,#5702,
#5703,#5704,#5705,#5706,#5707,#5708,#5709,#5710,#5711,#5712,#5713,#5714,
#5715,#5716,#5717,#5718,#5719,#5720,#5721,#5722,#5723,#5724,#5725,#5726,
#5727,#5728,#5729,#5730,#5731,#5732,#5733,#5734,#5735,#5736,#5737,#5738,
#5739,#5740,#5741,#5742,#5743,#5744,#5745,#5746,#5747,#5748,#5749,#5750,
#5751,#5752,#5753,#5754,#5755,#5756,#5757,#5758,#5759,#5760,#5761,#5762,
#5763,#5764,#5765,#5766,#5767,#5768,#5769,#5770,#5771,#5772,#5773,#5774,
#5775,#5776,#5777,#5778,#5779,#5780,#5781,#5782,#5783,#5784,#5785,#5786,
#5787,#5788,#5789,#5790,#5791,#5792,#5793,#5794,#5795,#5796,#5797,#5798,
#5799,#5800,#5801,#5802,#5803,#5804,#5805,#5806,#5807,#5808,#5809,#5810,
#5811,#5812,#5813,#5814,#5815,#5816,#5817,#5818,#5819,#5820,#5821,#5822,
#5823,#5824,#5825,#5826,#5827,#5828,#5829,#5830,#5831,#5832,#5833,#5834,
#5835,#5836,#5837,#5838,#5839,#5840,#5841,#5842,#5843,#5844,#5845,#5846,
#5847,#5848,#5849,#5850,#5851,#5852,#5853,#5854,#5855,#5856,#5857,#5858,
#5859,#5860,#5861,#5862,#5863,#5864,#5865,#5866,#5867,#5868,#5869,#5870,
#5871,#5872,#5873,#5874,#5875,#5876,#5877,#5878,#5879,#5880,#5881,#5882,
#5883,#5884,#5885,#5886,#5887,#5888,#5889,#5890,#5891,#5892,#5893,#5894,
#5895,#5896,#5897,#5898,#5899,#5900,#5901,#5902,#5903,#5904,#5905,#5906,
#5907,#5908,#5909,#5910,#5911,#5912,#5913,#5914,#5915,#5916,#5917,#5918,
#5919,#5920,#5921,#5922,#5923,#5924,#5925,#5926,#5927,#5928,#5929,#5930,
#5931));
#5933=DERIVED_UNIT_ELEMENT(#5935,1.);
#5934=DERIVED_UNIT_ELEMENT(#11646,-3.);
#5935=(
MASS_UNIT()
NAMED_UNIT(*)
SI_UNIT(.KILO.,.GRAM.)
);
#5936=DERIVED_UNIT((#5933,#5934));
#5937=MEASURE_REPRESENTATION_ITEM('density measure',
POSITIVE_RATIO_MEASURE(7850.),#5936);
#5938=PROPERTY_DEFINITION_REPRESENTATION(#5943,#5940);
#5939=PROPERTY_DEFINITION_REPRESENTATION(#5944,#5941);
#5940=REPRESENTATION('material name',(#5942),#11643);
#5941=REPRESENTATION('density',(#5937),#11643);
#5942=DESCRIPTIVE_REPRESENTATION_ITEM('Steel','Steel');
#5943=PROPERTY_DEFINITION('material property','material name',#11653);
#5944=PROPERTY_DEFINITION('material property','density of part',#11653);
#5945=AXIS2_PLACEMENT_3D('',#8056,#6513,#6514);
#5946=AXIS2_PLACEMENT_3D('',#8057,#6515,#6516);
#5947=AXIS2_PLACEMENT_3D('',#8060,#6517,#6518);
#5948=AXIS2_PLACEMENT_3D('',#8062,#6519,#6520);
#5949=AXIS2_PLACEMENT_3D('',#8064,#6521,#6522);
#5950=AXIS2_PLACEMENT_3D('',#8068,#6524,#6525);
#5951=AXIS2_PLACEMENT_3D('',#8072,#6527,#6528);
#5952=AXIS2_PLACEMENT_3D('',#8074,#6529,#6530);
#5953=AXIS2_PLACEMENT_3D('',#8076,#6531,#6532);
#5954=AXIS2_PLACEMENT_3D('',#8080,#6534,#6535);
#5955=AXIS2_PLACEMENT_3D('',#8084,#6537,#6538);
#5956=AXIS2_PLACEMENT_3D('',#8086,#6539,#6540);
#5957=AXIS2_PLACEMENT_3D('',#8088,#6541,#6542);
#5958=AXIS2_PLACEMENT_3D('',#8092,#6544,#6545);
#5959=AXIS2_PLACEMENT_3D('',#8096,#6547,#6548);
#5960=AXIS2_PLACEMENT_3D('',#8098,#6549,#6550);
#5961=AXIS2_PLACEMENT_3D('',#8100,#6551,#6552);
#5962=AXIS2_PLACEMENT_3D('',#8104,#6554,#6555);
#5963=AXIS2_PLACEMENT_3D('',#8108,#6557,#6558);
#5964=AXIS2_PLACEMENT_3D('',#8110,#6559,#6560);
#5965=AXIS2_PLACEMENT_3D('',#8112,#6561,#6562);
#5966=AXIS2_PLACEMENT_3D('',#8116,#6564,#6565);
#5967=AXIS2_PLACEMENT_3D('',#8120,#6567,#6568);
#5968=AXIS2_PLACEMENT_3D('',#8122,#6569,#6570);
#5969=AXIS2_PLACEMENT_3D('',#8124,#6571,#6572);
#5970=AXIS2_PLACEMENT_3D('',#8128,#6574,#6575);
#5971=AXIS2_PLACEMENT_3D('',#8132,#6577,#6578);
#5972=AXIS2_PLACEMENT_3D('',#8134,#6579,#6580);
#5973=AXIS2_PLACEMENT_3D('',#8136,#6581,#6582);
#5974=AXIS2_PLACEMENT_3D('',#8140,#6584,#6585);
#5975=AXIS2_PLACEMENT_3D('',#8144,#6587,#6588);
#5976=AXIS2_PLACEMENT_3D('',#8146,#6589,#6590);
#5977=AXIS2_PLACEMENT_3D('',#8148,#6591,#6592);
#5978=AXIS2_PLACEMENT_3D('',#8152,#6594,#6595);
#5979=AXIS2_PLACEMENT_3D('',#8156,#6597,#6598);
#5980=AXIS2_PLACEMENT_3D('',#8158,#6599,#6600);
#5981=AXIS2_PLACEMENT_3D('',#8160,#6601,#6602);
#5982=AXIS2_PLACEMENT_3D('',#8164,#6604,#6605);
#5983=AXIS2_PLACEMENT_3D('',#8168,#6607,#6608);
#5984=AXIS2_PLACEMENT_3D('',#8170,#6609,#6610);
#5985=AXIS2_PLACEMENT_3D('',#8172,#6611,#6612);
#5986=AXIS2_PLACEMENT_3D('',#8176,#6614,#6615);
#5987=AXIS2_PLACEMENT_3D('',#8180,#6617,#6618);
#5988=AXIS2_PLACEMENT_3D('',#8182,#6619,#6620);
#5989=AXIS2_PLACEMENT_3D('',#8184,#6621,#6622);
#5990=AXIS2_PLACEMENT_3D('',#8188,#6624,#6625);
#5991=AXIS2_PLACEMENT_3D('',#8192,#6627,#6628);
#5992=AXIS2_PLACEMENT_3D('',#8194,#6629,#6630);
#5993=AXIS2_PLACEMENT_3D('',#8196,#6631,#6632);
#5994=AXIS2_PLACEMENT_3D('',#8200,#6634,#6635);
#5995=AXIS2_PLACEMENT_3D('',#8204,#6637,#6638);
#5996=AXIS2_PLACEMENT_3D('',#8206,#6639,#6640);
#5997=AXIS2_PLACEMENT_3D('',#8208,#6641,#6642);
#5998=AXIS2_PLACEMENT_3D('',#8212,#6644,#6645);
#5999=AXIS2_PLACEMENT_3D('',#8216,#6647,#6648);
#6000=AXIS2_PLACEMENT_3D('',#8218,#6649,#6650);
#6001=AXIS2_PLACEMENT_3D('',#8220,#6651,#6652);
#6002=AXIS2_PLACEMENT_3D('',#8224,#6654,#6655);
#6003=AXIS2_PLACEMENT_3D('',#8228,#6657,#6658);
#6004=AXIS2_PLACEMENT_3D('',#8230,#6659,#6660);
#6005=AXIS2_PLACEMENT_3D('',#8232,#6661,#6662);
#6006=AXIS2_PLACEMENT_3D('',#8236,#6664,#6665);
#6007=AXIS2_PLACEMENT_3D('',#8240,#6667,#6668);
#6008=AXIS2_PLACEMENT_3D('',#8242,#6669,#6670);
#6009=AXIS2_PLACEMENT_3D('',#8244,#6671,#6672);
#6010=AXIS2_PLACEMENT_3D('',#8248,#6674,#6675);
#6011=AXIS2_PLACEMENT_3D('',#8252,#6677,#6678);
#6012=AXIS2_PLACEMENT_3D('',#8254,#6679,#6680);
#6013=AXIS2_PLACEMENT_3D('',#8256,#6681,#6682);
#6014=AXIS2_PLACEMENT_3D('',#8260,#6684,#6685);
#6015=AXIS2_PLACEMENT_3D('',#8264,#6687,#6688);
#6016=AXIS2_PLACEMENT_3D('',#8266,#6689,#6690);
#6017=AXIS2_PLACEMENT_3D('',#8268,#6691,#6692);
#6018=AXIS2_PLACEMENT_3D('',#8272,#6694,#6695);
#6019=AXIS2_PLACEMENT_3D('',#8276,#6697,#6698);
#6020=AXIS2_PLACEMENT_3D('',#8278,#6699,#6700);
#6021=AXIS2_PLACEMENT_3D('',#8280,#6701,#6702);
#6022=AXIS2_PLACEMENT_3D('',#8284,#6704,#6705);
#6023=AXIS2_PLACEMENT_3D('',#8288,#6707,#6708);
#6024=AXIS2_PLACEMENT_3D('',#8290,#6709,#6710);
#6025=AXIS2_PLACEMENT_3D('',#8292,#6711,#6712);
#6026=AXIS2_PLACEMENT_3D('',#8296,#6714,#6715);
#6027=AXIS2_PLACEMENT_3D('',#8300,#6717,#6718);
#6028=AXIS2_PLACEMENT_3D('',#8302,#6719,#6720);
#6029=AXIS2_PLACEMENT_3D('',#8304,#6721,#6722);
#6030=AXIS2_PLACEMENT_3D('',#8308,#6724,#6725);
#6031=AXIS2_PLACEMENT_3D('',#8312,#6727,#6728);
#6032=AXIS2_PLACEMENT_3D('',#8314,#6729,#6730);
#6033=AXIS2_PLACEMENT_3D('',#8316,#6731,#6732);
#6034=AXIS2_PLACEMENT_3D('',#8320,#6734,#6735);
#6035=AXIS2_PLACEMENT_3D('',#8324,#6737,#6738);
#6036=AXIS2_PLACEMENT_3D('',#8326,#6739,#6740);
#6037=AXIS2_PLACEMENT_3D('',#8328,#6741,#6742);
#6038=AXIS2_PLACEMENT_3D('',#8332,#6744,#6745);
#6039=AXIS2_PLACEMENT_3D('',#8336,#6747,#6748);
#6040=AXIS2_PLACEMENT_3D('',#8338,#6749,#6750);
#6041=AXIS2_PLACEMENT_3D('',#8340,#6751,#6752);
#6042=AXIS2_PLACEMENT_3D('',#8344,#6754,#6755);
#6043=AXIS2_PLACEMENT_3D('',#8348,#6757,#6758);
#6044=AXIS2_PLACEMENT_3D('',#8350,#6759,#6760);
#6045=AXIS2_PLACEMENT_3D('',#8352,#6761,#6762);
#6046=AXIS2_PLACEMENT_3D('',#8356,#6764,#6765);
#6047=AXIS2_PLACEMENT_3D('',#8360,#6767,#6768);
#6048=AXIS2_PLACEMENT_3D('',#8362,#6769,#6770);
#6049=AXIS2_PLACEMENT_3D('',#8364,#6771,#6772);
#6050=AXIS2_PLACEMENT_3D('',#8368,#6774,#6775);
#6051=AXIS2_PLACEMENT_3D('',#8372,#6777,#6778);
#6052=AXIS2_PLACEMENT_3D('',#8374,#6779,#6780);
#6053=AXIS2_PLACEMENT_3D('',#8376,#6781,#6782);
#6054=AXIS2_PLACEMENT_3D('',#8380,#6784,#6785);
#6055=AXIS2_PLACEMENT_3D('',#8384,#6787,#6788);
#6056=AXIS2_PLACEMENT_3D('',#8386,#6789,#6790);
#6057=AXIS2_PLACEMENT_3D('',#8388,#6791,#6792);
#6058=AXIS2_PLACEMENT_3D('',#8392,#6794,#6795);
#6059=AXIS2_PLACEMENT_3D('',#8396,#6797,#6798);
#6060=AXIS2_PLACEMENT_3D('',#8398,#6799,#6800);
#6061=AXIS2_PLACEMENT_3D('',#8400,#6801,#6802);
#6062=AXIS2_PLACEMENT_3D('',#8404,#6804,#6805);
#6063=AXIS2_PLACEMENT_3D('',#8408,#6807,#6808);
#6064=AXIS2_PLACEMENT_3D('',#8410,#6809,#6810);
#6065=AXIS2_PLACEMENT_3D('',#8412,#6811,#6812);
#6066=AXIS2_PLACEMENT_3D('',#8416,#6814,#6815);
#6067=AXIS2_PLACEMENT_3D('',#8420,#6817,#6818);
#6068=AXIS2_PLACEMENT_3D('',#8422,#6819,#6820);
#6069=AXIS2_PLACEMENT_3D('',#8424,#6821,#6822);
#6070=AXIS2_PLACEMENT_3D('',#8428,#6824,#6825);
#6071=AXIS2_PLACEMENT_3D('',#8432,#6827,#6828);
#6072=AXIS2_PLACEMENT_3D('',#8434,#6829,#6830);
#6073=AXIS2_PLACEMENT_3D('',#8436,#6831,#6832);
#6074=AXIS2_PLACEMENT_3D('',#8440,#6834,#6835);
#6075=AXIS2_PLACEMENT_3D('',#8444,#6837,#6838);
#6076=AXIS2_PLACEMENT_3D('',#8446,#6839,#6840);
#6077=AXIS2_PLACEMENT_3D('',#8448,#6841,#6842);
#6078=AXIS2_PLACEMENT_3D('',#8452,#6844,#6845);
#6079=AXIS2_PLACEMENT_3D('',#8456,#6847,#6848);
#6080=AXIS2_PLACEMENT_3D('',#8458,#6849,#6850);
#6081=AXIS2_PLACEMENT_3D('',#8460,#6851,#6852);
#6082=AXIS2_PLACEMENT_3D('',#8464,#6854,#6855);
#6083=AXIS2_PLACEMENT_3D('',#8468,#6857,#6858);
#6084=AXIS2_PLACEMENT_3D('',#8470,#6859,#6860);
#6085=AXIS2_PLACEMENT_3D('',#8472,#6861,#6862);
#6086=AXIS2_PLACEMENT_3D('',#8476,#6864,#6865);
#6087=AXIS2_PLACEMENT_3D('',#8480,#6867,#6868);
#6088=AXIS2_PLACEMENT_3D('',#8482,#6869,#6870);
#6089=AXIS2_PLACEMENT_3D('',#8484,#6871,#6872);
#6090=AXIS2_PLACEMENT_3D('',#8488,#6874,#6875);
#6091=AXIS2_PLACEMENT_3D('',#8492,#6877,#6878);
#6092=AXIS2_PLACEMENT_3D('',#8494,#6879,#6880);
#6093=AXIS2_PLACEMENT_3D('',#8496,#6881,#6882);
#6094=AXIS2_PLACEMENT_3D('',#8500,#6884,#6885);
#6095=AXIS2_PLACEMENT_3D('',#8504,#6887,#6888);
#6096=AXIS2_PLACEMENT_3D('',#8506,#6889,#6890);
#6097=AXIS2_PLACEMENT_3D('',#8508,#6891,#6892);
#6098=AXIS2_PLACEMENT_3D('',#8512,#6894,#6895);
#6099=AXIS2_PLACEMENT_3D('',#8516,#6897,#6898);
#6100=AXIS2_PLACEMENT_3D('',#8518,#6899,#6900);
#6101=AXIS2_PLACEMENT_3D('',#8520,#6901,#6902);
#6102=AXIS2_PLACEMENT_3D('',#8524,#6904,#6905);
#6103=AXIS2_PLACEMENT_3D('',#8528,#6907,#6908);
#6104=AXIS2_PLACEMENT_3D('',#8530,#6909,#6910);
#6105=AXIS2_PLACEMENT_3D('',#8532,#6911,#6912);
#6106=AXIS2_PLACEMENT_3D('',#8536,#6914,#6915);
#6107=AXIS2_PLACEMENT_3D('',#8540,#6917,#6918);
#6108=AXIS2_PLACEMENT_3D('',#8542,#6919,#6920);
#6109=AXIS2_PLACEMENT_3D('',#8544,#6921,#6922);
#6110=AXIS2_PLACEMENT_3D('',#8548,#6924,#6925);
#6111=AXIS2_PLACEMENT_3D('',#8552,#6927,#6928);
#6112=AXIS2_PLACEMENT_3D('',#8554,#6929,#6930);
#6113=AXIS2_PLACEMENT_3D('',#8556,#6931,#6932);
#6114=AXIS2_PLACEMENT_3D('',#8560,#6934,#6935);
#6115=AXIS2_PLACEMENT_3D('',#8564,#6937,#6938);
#6116=AXIS2_PLACEMENT_3D('',#8566,#6939,#6940);
#6117=AXIS2_PLACEMENT_3D('',#8568,#6941,#6942);
#6118=AXIS2_PLACEMENT_3D('',#8572,#6944,#6945);
#6119=AXIS2_PLACEMENT_3D('',#8576,#6947,#6948);
#6120=AXIS2_PLACEMENT_3D('',#8578,#6949,#6950);
#6121=AXIS2_PLACEMENT_3D('',#8580,#6951,#6952);
#6122=AXIS2_PLACEMENT_3D('',#8584,#6954,#6955);
#6123=AXIS2_PLACEMENT_3D('',#8588,#6957,#6958);
#6124=AXIS2_PLACEMENT_3D('',#8590,#6959,#6960);
#6125=AXIS2_PLACEMENT_3D('',#8592,#6961,#6962);
#6126=AXIS2_PLACEMENT_3D('',#8596,#6964,#6965);
#6127=AXIS2_PLACEMENT_3D('',#8600,#6967,#6968);
#6128=AXIS2_PLACEMENT_3D('',#8602,#6969,#6970);
#6129=AXIS2_PLACEMENT_3D('',#8604,#6971,#6972);
#6130=AXIS2_PLACEMENT_3D('',#8608,#6974,#6975);
#6131=AXIS2_PLACEMENT_3D('',#8612,#6977,#6978);
#6132=AXIS2_PLACEMENT_3D('',#8614,#6979,#6980);
#6133=AXIS2_PLACEMENT_3D('',#8616,#6981,#6982);
#6134=AXIS2_PLACEMENT_3D('',#8620,#6984,#6985);
#6135=AXIS2_PLACEMENT_3D('',#8624,#6987,#6988);
#6136=AXIS2_PLACEMENT_3D('',#8626,#6989,#6990);
#6137=AXIS2_PLACEMENT_3D('',#8628,#6991,#6992);
#6138=AXIS2_PLACEMENT_3D('',#8632,#6994,#6995);
#6139=AXIS2_PLACEMENT_3D('',#8636,#6997,#6998);
#6140=AXIS2_PLACEMENT_3D('',#8638,#6999,#7000);
#6141=AXIS2_PLACEMENT_3D('',#8640,#7001,#7002);
#6142=AXIS2_PLACEMENT_3D('',#8644,#7004,#7005);
#6143=AXIS2_PLACEMENT_3D('',#8648,#7007,#7008);
#6144=AXIS2_PLACEMENT_3D('',#8650,#7009,#7010);
#6145=AXIS2_PLACEMENT_3D('',#8652,#7011,#7012);
#6146=AXIS2_PLACEMENT_3D('',#8656,#7014,#7015);
#6147=AXIS2_PLACEMENT_3D('',#8659,#7017,#7018);
#6148=AXIS2_PLACEMENT_3D('',#8660,#7019,#7020);
#6149=AXIS2_PLACEMENT_3D('',#8675,#7023,#7024);
#6150=AXIS2_PLACEMENT_3D('',#8677,#7025,#7026);
#6151=AXIS2_PLACEMENT_3D('',#8679,#7028,#7029);
#6152=AXIS2_PLACEMENT_3D('',#8681,#7030,#7031);
#6153=AXIS2_PLACEMENT_3D('',#8685,#7033,#7034);
#6154=AXIS2_PLACEMENT_3D('',#8732,#7035,#7036);
#6155=AXIS2_PLACEMENT_3D('',#8779,#7037,#7038);
#6156=AXIS2_PLACEMENT_3D('',#8826,#7039,#7040);
#6157=AXIS2_PLACEMENT_3D('',#8873,#7041,#7042);
#6158=AXIS2_PLACEMENT_3D('',#8920,#7043,#7044);
#6159=AXIS2_PLACEMENT_3D('',#8967,#7045,#7046);
#6160=AXIS2_PLACEMENT_3D('',#9014,#7047,#7048);
#6161=AXIS2_PLACEMENT_3D('',#9061,#7049,#7050);
#6162=AXIS2_PLACEMENT_3D('',#9108,#7051,#7052);
#6163=AXIS2_PLACEMENT_3D('',#9155,#7053,#7054);
#6164=AXIS2_PLACEMENT_3D('',#9202,#7055,#7056);
#6165=AXIS2_PLACEMENT_3D('',#9249,#7057,#7058);
#6166=AXIS2_PLACEMENT_3D('',#9296,#7059,#7060);
#6167=AXIS2_PLACEMENT_3D('',#9343,#7061,#7062);
#6168=AXIS2_PLACEMENT_3D('',#9390,#7063,#7064);
#6169=AXIS2_PLACEMENT_3D('',#9437,#7065,#7066);
#6170=AXIS2_PLACEMENT_3D('',#9484,#7067,#7068);
#6171=AXIS2_PLACEMENT_3D('',#9531,#7069,#7070);
#6172=AXIS2_PLACEMENT_3D('',#9578,#7071,#7072);
#6173=AXIS2_PLACEMENT_3D('',#9625,#7073,#7074);
#6174=AXIS2_PLACEMENT_3D('',#9672,#7075,#7076);
#6175=AXIS2_PLACEMENT_3D('',#9719,#7077,#7078);
#6176=AXIS2_PLACEMENT_3D('',#9766,#7079,#7080);
#6177=AXIS2_PLACEMENT_3D('',#9813,#7081,#7082);
#6178=AXIS2_PLACEMENT_3D('',#9860,#7083,#7084);
#6179=AXIS2_PLACEMENT_3D('',#9907,#7085,#7086);
#6180=AXIS2_PLACEMENT_3D('',#9954,#7087,#7088);
#6181=AXIS2_PLACEMENT_3D('',#10001,#7089,#7090);
#6182=AXIS2_PLACEMENT_3D('',#10048,#7091,#7092);
#6183=AXIS2_PLACEMENT_3D('',#10095,#7093,#7094);
#6184=AXIS2_PLACEMENT_3D('',#10142,#7095,#7096);
#6185=AXIS2_PLACEMENT_3D('',#10189,#7097,#7098);
#6186=AXIS2_PLACEMENT_3D('',#10236,#7099,#7100);
#6187=AXIS2_PLACEMENT_3D('',#10283,#7101,#7102);
#6188=AXIS2_PLACEMENT_3D('',#10330,#7103,#7104);
#6189=AXIS2_PLACEMENT_3D('',#10377,#7105,#7106);
#6190=AXIS2_PLACEMENT_3D('',#10424,#7107,#7108);
#6191=AXIS2_PLACEMENT_3D('',#10504,#7109,#7110);
#6192=AXIS2_PLACEMENT_3D('',#10551,#7111,#7112);
#6193=AXIS2_PLACEMENT_3D('',#10598,#7113,#7114);
#6194=AXIS2_PLACEMENT_3D('',#10645,#7115,#7116);
#6195=AXIS2_PLACEMENT_3D('',#10692,#7117,#7118);
#6196=AXIS2_PLACEMENT_3D('',#10739,#7119,#7120);
#6197=AXIS2_PLACEMENT_3D('',#10786,#7121,#7122);
#6198=AXIS2_PLACEMENT_3D('',#10833,#7123,#7124);
#6199=AXIS2_PLACEMENT_3D('',#10880,#7125,#7126);
#6200=AXIS2_PLACEMENT_3D('',#10927,#7127,#7128);
#6201=AXIS2_PLACEMENT_3D('',#10974,#7129,#7130);
#6202=AXIS2_PLACEMENT_3D('',#11020,#7131,#7132);
#6203=AXIS2_PLACEMENT_3D('',#11021,#7133,#7134);
#6204=AXIS2_PLACEMENT_3D('',#11024,#7137,#7138);
#6205=AXIS2_PLACEMENT_3D('',#11026,#7140,#7141);
#6206=AXIS2_PLACEMENT_3D('',#11028,#7143,#7144);
#6207=AXIS2_PLACEMENT_3D('',#11031,#7147,#7148);
#6208=AXIS2_PLACEMENT_3D('',#11033,#7150,#7151);
#6209=AXIS2_PLACEMENT_3D('',#11035,#7153,#7154);
#6210=AXIS2_PLACEMENT_3D('',#11038,#7157,#7158);
#6211=AXIS2_PLACEMENT_3D('',#11040,#7160,#7161);
#6212=AXIS2_PLACEMENT_3D('',#11042,#7163,#7164);
#6213=AXIS2_PLACEMENT_3D('',#11045,#7167,#7168);
#6214=AXIS2_PLACEMENT_3D('',#11047,#7170,#7171);
#6215=AXIS2_PLACEMENT_3D('',#11049,#7173,#7174);
#6216=AXIS2_PLACEMENT_3D('',#11052,#7177,#7178);
#6217=AXIS2_PLACEMENT_3D('',#11054,#7180,#7181);
#6218=AXIS2_PLACEMENT_3D('',#11056,#7183,#7184);
#6219=AXIS2_PLACEMENT_3D('',#11059,#7187,#7188);
#6220=AXIS2_PLACEMENT_3D('',#11061,#7190,#7191);
#6221=AXIS2_PLACEMENT_3D('',#11063,#7193,#7194);
#6222=AXIS2_PLACEMENT_3D('',#11066,#7197,#7198);
#6223=AXIS2_PLACEMENT_3D('',#11068,#7200,#7201);
#6224=AXIS2_PLACEMENT_3D('',#11070,#7203,#7204);
#6225=AXIS2_PLACEMENT_3D('',#11073,#7207,#7208);
#6226=AXIS2_PLACEMENT_3D('',#11075,#7210,#7211);
#6227=AXIS2_PLACEMENT_3D('',#11077,#7213,#7214);
#6228=AXIS2_PLACEMENT_3D('',#11080,#7217,#7218);
#6229=AXIS2_PLACEMENT_3D('',#11082,#7220,#7221);
#6230=AXIS2_PLACEMENT_3D('',#11084,#7223,#7224);
#6231=AXIS2_PLACEMENT_3D('',#11087,#7227,#7228);
#6232=AXIS2_PLACEMENT_3D('',#11089,#7230,#7231);
#6233=AXIS2_PLACEMENT_3D('',#11091,#7233,#7234);
#6234=AXIS2_PLACEMENT_3D('',#11094,#7237,#7238);
#6235=AXIS2_PLACEMENT_3D('',#11096,#7240,#7241);
#6236=AXIS2_PLACEMENT_3D('',#11098,#7243,#7244);
#6237=AXIS2_PLACEMENT_3D('',#11101,#7247,#7248);
#6238=AXIS2_PLACEMENT_3D('',#11103,#7250,#7251);
#6239=AXIS2_PLACEMENT_3D('',#11105,#7253,#7254);
#6240=AXIS2_PLACEMENT_3D('',#11108,#7257,#7258);
#6241=AXIS2_PLACEMENT_3D('',#11110,#7260,#7261);
#6242=AXIS2_PLACEMENT_3D('',#11112,#7263,#7264);
#6243=AXIS2_PLACEMENT_3D('',#11115,#7267,#7268);
#6244=AXIS2_PLACEMENT_3D('',#11117,#7270,#7271);
#6245=AXIS2_PLACEMENT_3D('',#11119,#7273,#7274);
#6246=AXIS2_PLACEMENT_3D('',#11122,#7277,#7278);
#6247=AXIS2_PLACEMENT_3D('',#11124,#7280,#7281);
#6248=AXIS2_PLACEMENT_3D('',#11126,#7283,#7284);
#6249=AXIS2_PLACEMENT_3D('',#11129,#7287,#7288);
#6250=AXIS2_PLACEMENT_3D('',#11131,#7290,#7291);
#6251=AXIS2_PLACEMENT_3D('',#11133,#7293,#7294);
#6252=AXIS2_PLACEMENT_3D('',#11136,#7297,#7298);
#6253=AXIS2_PLACEMENT_3D('',#11138,#7300,#7301);
#6254=AXIS2_PLACEMENT_3D('',#11140,#7303,#7304);
#6255=AXIS2_PLACEMENT_3D('',#11143,#7307,#7308);
#6256=AXIS2_PLACEMENT_3D('',#11145,#7310,#7311);
#6257=AXIS2_PLACEMENT_3D('',#11147,#7313,#7314);
#6258=AXIS2_PLACEMENT_3D('',#11150,#7317,#7318);
#6259=AXIS2_PLACEMENT_3D('',#11152,#7320,#7321);
#6260=AXIS2_PLACEMENT_3D('',#11154,#7323,#7324);
#6261=AXIS2_PLACEMENT_3D('',#11157,#7327,#7328);
#6262=AXIS2_PLACEMENT_3D('',#11159,#7330,#7331);
#6263=AXIS2_PLACEMENT_3D('',#11161,#7333,#7334);
#6264=AXIS2_PLACEMENT_3D('',#11164,#7337,#7338);
#6265=AXIS2_PLACEMENT_3D('',#11166,#7340,#7341);
#6266=AXIS2_PLACEMENT_3D('',#11168,#7343,#7344);
#6267=AXIS2_PLACEMENT_3D('',#11171,#7347,#7348);
#6268=AXIS2_PLACEMENT_3D('',#11173,#7350,#7351);
#6269=AXIS2_PLACEMENT_3D('',#11175,#7353,#7354);
#6270=AXIS2_PLACEMENT_3D('',#11178,#7357,#7358);
#6271=AXIS2_PLACEMENT_3D('',#11180,#7360,#7361);
#6272=AXIS2_PLACEMENT_3D('',#11182,#7363,#7364);
#6273=AXIS2_PLACEMENT_3D('',#11185,#7367,#7368);
#6274=AXIS2_PLACEMENT_3D('',#11187,#7370,#7371);
#6275=AXIS2_PLACEMENT_3D('',#11189,#7373,#7374);
#6276=AXIS2_PLACEMENT_3D('',#11192,#7377,#7378);
#6277=AXIS2_PLACEMENT_3D('',#11194,#7380,#7381);
#6278=AXIS2_PLACEMENT_3D('',#11196,#7383,#7384);
#6279=AXIS2_PLACEMENT_3D('',#11199,#7387,#7388);
#6280=AXIS2_PLACEMENT_3D('',#11201,#7390,#7391);
#6281=AXIS2_PLACEMENT_3D('',#11203,#7393,#7394);
#6282=AXIS2_PLACEMENT_3D('',#11206,#7397,#7398);
#6283=AXIS2_PLACEMENT_3D('',#11208,#7400,#7401);
#6284=AXIS2_PLACEMENT_3D('',#11210,#7403,#7404);
#6285=AXIS2_PLACEMENT_3D('',#11213,#7407,#7408);
#6286=AXIS2_PLACEMENT_3D('',#11215,#7410,#7411);
#6287=AXIS2_PLACEMENT_3D('',#11217,#7413,#7414);
#6288=AXIS2_PLACEMENT_3D('',#11220,#7417,#7418);
#6289=AXIS2_PLACEMENT_3D('',#11222,#7420,#7421);
#6290=AXIS2_PLACEMENT_3D('',#11224,#7423,#7424);
#6291=AXIS2_PLACEMENT_3D('',#11227,#7427,#7428);
#6292=AXIS2_PLACEMENT_3D('',#11229,#7430,#7431);
#6293=AXIS2_PLACEMENT_3D('',#11231,#7433,#7434);
#6294=AXIS2_PLACEMENT_3D('',#11234,#7437,#7438);
#6295=AXIS2_PLACEMENT_3D('',#11236,#7440,#7441);
#6296=AXIS2_PLACEMENT_3D('',#11238,#7443,#7444);
#6297=AXIS2_PLACEMENT_3D('',#11241,#7447,#7448);
#6298=AXIS2_PLACEMENT_3D('',#11243,#7450,#7451);
#6299=AXIS2_PLACEMENT_3D('',#11245,#7453,#7454);
#6300=AXIS2_PLACEMENT_3D('',#11248,#7457,#7458);
#6301=AXIS2_PLACEMENT_3D('',#11250,#7460,#7461);
#6302=AXIS2_PLACEMENT_3D('',#11252,#7463,#7464);
#6303=AXIS2_PLACEMENT_3D('',#11255,#7467,#7468);
#6304=AXIS2_PLACEMENT_3D('',#11257,#7470,#7471);
#6305=AXIS2_PLACEMENT_3D('',#11259,#7473,#7474);
#6306=AXIS2_PLACEMENT_3D('',#11262,#7477,#7478);
#6307=AXIS2_PLACEMENT_3D('',#11264,#7480,#7481);
#6308=AXIS2_PLACEMENT_3D('',#11266,#7483,#7484);
#6309=AXIS2_PLACEMENT_3D('',#11269,#7487,#7488);
#6310=AXIS2_PLACEMENT_3D('',#11271,#7490,#7491);
#6311=AXIS2_PLACEMENT_3D('',#11273,#7493,#7494);
#6312=AXIS2_PLACEMENT_3D('',#11276,#7497,#7498);
#6313=AXIS2_PLACEMENT_3D('',#11278,#7500,#7501);
#6314=AXIS2_PLACEMENT_3D('',#11280,#7503,#7504);
#6315=AXIS2_PLACEMENT_3D('',#11283,#7507,#7508);
#6316=AXIS2_PLACEMENT_3D('',#11285,#7510,#7511);
#6317=AXIS2_PLACEMENT_3D('',#11287,#7513,#7514);
#6318=AXIS2_PLACEMENT_3D('',#11290,#7517,#7518);
#6319=AXIS2_PLACEMENT_3D('',#11292,#7520,#7521);
#6320=AXIS2_PLACEMENT_3D('',#11294,#7523,#7524);
#6321=AXIS2_PLACEMENT_3D('',#11297,#7527,#7528);
#6322=AXIS2_PLACEMENT_3D('',#11299,#7530,#7531);
#6323=AXIS2_PLACEMENT_3D('',#11301,#7533,#7534);
#6324=AXIS2_PLACEMENT_3D('',#11304,#7537,#7538);
#6325=AXIS2_PLACEMENT_3D('',#11306,#7540,#7541);
#6326=AXIS2_PLACEMENT_3D('',#11308,#7543,#7544);
#6327=AXIS2_PLACEMENT_3D('',#11311,#7547,#7548);
#6328=AXIS2_PLACEMENT_3D('',#11313,#7550,#7551);
#6329=AXIS2_PLACEMENT_3D('',#11315,#7553,#7554);
#6330=AXIS2_PLACEMENT_3D('',#11318,#7557,#7558);
#6331=AXIS2_PLACEMENT_3D('',#11320,#7560,#7561);
#6332=AXIS2_PLACEMENT_3D('',#11322,#7563,#7564);
#6333=AXIS2_PLACEMENT_3D('',#11325,#7567,#7568);
#6334=AXIS2_PLACEMENT_3D('',#11327,#7570,#7571);
#6335=AXIS2_PLACEMENT_3D('',#11329,#7573,#7574);
#6336=AXIS2_PLACEMENT_3D('',#11332,#7577,#7578);
#6337=AXIS2_PLACEMENT_3D('',#11334,#7580,#7581);
#6338=AXIS2_PLACEMENT_3D('',#11336,#7583,#7584);
#6339=AXIS2_PLACEMENT_3D('',#11339,#7587,#7588);
#6340=AXIS2_PLACEMENT_3D('',#11341,#7590,#7591);
#6341=AXIS2_PLACEMENT_3D('',#11343,#7593,#7594);
#6342=AXIS2_PLACEMENT_3D('',#11346,#7597,#7598);
#6343=AXIS2_PLACEMENT_3D('',#11348,#7600,#7601);
#6344=AXIS2_PLACEMENT_3D('',#11350,#7603,#7604);
#6345=AXIS2_PLACEMENT_3D('',#11353,#7607,#7608);
#6346=AXIS2_PLACEMENT_3D('',#11355,#7610,#7611);
#6347=AXIS2_PLACEMENT_3D('',#11357,#7613,#7614);
#6348=AXIS2_PLACEMENT_3D('',#11360,#7617,#7618);
#6349=AXIS2_PLACEMENT_3D('',#11362,#7620,#7621);
#6350=AXIS2_PLACEMENT_3D('',#11365,#7624,#7625);
#6351=AXIS2_PLACEMENT_3D('',#11366,#7626,#7627);
#6352=AXIS2_PLACEMENT_3D('',#11369,#7630,#7631);
#6353=AXIS2_PLACEMENT_3D('',#11370,#7632,#7633);
#6354=AXIS2_PLACEMENT_3D('',#11373,#7636,#7637);
#6355=AXIS2_PLACEMENT_3D('',#11374,#7638,#7639);
#6356=AXIS2_PLACEMENT_3D('',#11377,#7642,#7643);
#6357=AXIS2_PLACEMENT_3D('',#11378,#7644,#7645);
#6358=AXIS2_PLACEMENT_3D('',#11381,#7648,#7649);
#6359=AXIS2_PLACEMENT_3D('',#11382,#7650,#7651);
#6360=AXIS2_PLACEMENT_3D('',#11385,#7654,#7655);
#6361=AXIS2_PLACEMENT_3D('',#11386,#7656,#7657);
#6362=AXIS2_PLACEMENT_3D('',#11389,#7660,#7661);
#6363=AXIS2_PLACEMENT_3D('',#11390,#7662,#7663);
#6364=AXIS2_PLACEMENT_3D('',#11393,#7666,#7667);
#6365=AXIS2_PLACEMENT_3D('',#11394,#7668,#7669);
#6366=AXIS2_PLACEMENT_3D('',#11397,#7672,#7673);
#6367=AXIS2_PLACEMENT_3D('',#11398,#7674,#7675);
#6368=AXIS2_PLACEMENT_3D('',#11401,#7678,#7679);
#6369=AXIS2_PLACEMENT_3D('',#11402,#7680,#7681);
#6370=AXIS2_PLACEMENT_3D('',#11405,#7684,#7685);
#6371=AXIS2_PLACEMENT_3D('',#11406,#7686,#7687);
#6372=AXIS2_PLACEMENT_3D('',#11409,#7690,#7691);
#6373=AXIS2_PLACEMENT_3D('',#11410,#7692,#7693);
#6374=AXIS2_PLACEMENT_3D('',#11413,#7696,#7697);
#6375=AXIS2_PLACEMENT_3D('',#11414,#7698,#7699);
#6376=AXIS2_PLACEMENT_3D('',#11417,#7702,#7703);
#6377=AXIS2_PLACEMENT_3D('',#11418,#7704,#7705);
#6378=AXIS2_PLACEMENT_3D('',#11421,#7708,#7709);
#6379=AXIS2_PLACEMENT_3D('',#11422,#7710,#7711);
#6380=AXIS2_PLACEMENT_3D('',#11425,#7714,#7715);
#6381=AXIS2_PLACEMENT_3D('',#11426,#7716,#7717);
#6382=AXIS2_PLACEMENT_3D('',#11429,#7720,#7721);
#6383=AXIS2_PLACEMENT_3D('',#11430,#7722,#7723);
#6384=AXIS2_PLACEMENT_3D('',#11433,#7726,#7727);
#6385=AXIS2_PLACEMENT_3D('',#11434,#7728,#7729);
#6386=AXIS2_PLACEMENT_3D('',#11437,#7732,#7733);
#6387=AXIS2_PLACEMENT_3D('',#11438,#7734,#7735);
#6388=AXIS2_PLACEMENT_3D('',#11441,#7738,#7739);
#6389=AXIS2_PLACEMENT_3D('',#11442,#7740,#7741);
#6390=AXIS2_PLACEMENT_3D('',#11445,#7744,#7745);
#6391=AXIS2_PLACEMENT_3D('',#11446,#7746,#7747);
#6392=AXIS2_PLACEMENT_3D('',#11449,#7750,#7751);
#6393=AXIS2_PLACEMENT_3D('',#11450,#7752,#7753);
#6394=AXIS2_PLACEMENT_3D('',#11453,#7756,#7757);
#6395=AXIS2_PLACEMENT_3D('',#11454,#7758,#7759);
#6396=AXIS2_PLACEMENT_3D('',#11457,#7762,#7763);
#6397=AXIS2_PLACEMENT_3D('',#11458,#7764,#7765);
#6398=AXIS2_PLACEMENT_3D('',#11461,#7768,#7769);
#6399=AXIS2_PLACEMENT_3D('',#11462,#7770,#7771);
#6400=AXIS2_PLACEMENT_3D('',#11465,#7774,#7775);
#6401=AXIS2_PLACEMENT_3D('',#11466,#7776,#7777);
#6402=AXIS2_PLACEMENT_3D('',#11469,#7780,#7781);
#6403=AXIS2_PLACEMENT_3D('',#11470,#7782,#7783);
#6404=AXIS2_PLACEMENT_3D('',#11473,#7786,#7787);
#6405=AXIS2_PLACEMENT_3D('',#11474,#7788,#7789);
#6406=AXIS2_PLACEMENT_3D('',#11477,#7792,#7793);
#6407=AXIS2_PLACEMENT_3D('',#11478,#7794,#7795);
#6408=AXIS2_PLACEMENT_3D('',#11481,#7798,#7799);
#6409=AXIS2_PLACEMENT_3D('',#11482,#7800,#7801);
#6410=AXIS2_PLACEMENT_3D('',#11485,#7804,#7805);
#6411=AXIS2_PLACEMENT_3D('',#11486,#7806,#7807);
#6412=AXIS2_PLACEMENT_3D('',#11489,#7810,#7811);
#6413=AXIS2_PLACEMENT_3D('',#11490,#7812,#7813);
#6414=AXIS2_PLACEMENT_3D('',#11493,#7816,#7817);
#6415=AXIS2_PLACEMENT_3D('',#11494,#7818,#7819);
#6416=AXIS2_PLACEMENT_3D('',#11497,#7822,#7823);
#6417=AXIS2_PLACEMENT_3D('',#11498,#7824,#7825);
#6418=AXIS2_PLACEMENT_3D('',#11501,#7828,#7829);
#6419=AXIS2_PLACEMENT_3D('',#11502,#7830,#7831);
#6420=AXIS2_PLACEMENT_3D('',#11505,#7834,#7835);
#6421=AXIS2_PLACEMENT_3D('',#11506,#7836,#7837);
#6422=AXIS2_PLACEMENT_3D('',#11509,#7840,#7841);
#6423=AXIS2_PLACEMENT_3D('',#11510,#7842,#7843);
#6424=AXIS2_PLACEMENT_3D('',#11513,#7846,#7847);
#6425=AXIS2_PLACEMENT_3D('',#11514,#7848,#7849);
#6426=AXIS2_PLACEMENT_3D('',#11517,#7852,#7853);
#6427=AXIS2_PLACEMENT_3D('',#11518,#7854,#7855);
#6428=AXIS2_PLACEMENT_3D('',#11521,#7858,#7859);
#6429=AXIS2_PLACEMENT_3D('',#11522,#7860,#7861);
#6430=AXIS2_PLACEMENT_3D('',#11525,#7864,#7865);
#6431=AXIS2_PLACEMENT_3D('',#11526,#7866,#7867);
#6432=AXIS2_PLACEMENT_3D('',#11529,#7870,#7871);
#6433=AXIS2_PLACEMENT_3D('',#11530,#7872,#7873);
#6434=AXIS2_PLACEMENT_3D('',#11533,#7876,#7877);
#6435=AXIS2_PLACEMENT_3D('',#11534,#7878,#7879);
#6436=AXIS2_PLACEMENT_3D('',#11537,#7882,#7883);
#6437=AXIS2_PLACEMENT_3D('',#11538,#7884,#7885);
#6438=AXIS2_PLACEMENT_3D('',#11541,#7888,#7889);
#6439=AXIS2_PLACEMENT_3D('',#11542,#7890,#7891);
#6440=AXIS2_PLACEMENT_3D('',#11545,#7894,#7895);
#6441=AXIS2_PLACEMENT_3D('',#11546,#7896,#7897);
#6442=AXIS2_PLACEMENT_3D('',#11549,#7900,#7901);
#6443=AXIS2_PLACEMENT_3D('',#11550,#7902,#7903);
#6444=AXIS2_PLACEMENT_3D('',#11553,#7906,#7907);
#6445=AXIS2_PLACEMENT_3D('',#11554,#7908,#7909);
#6446=AXIS2_PLACEMENT_3D('',#11557,#7912,#7913);
#6447=AXIS2_PLACEMENT_3D('',#11558,#7914,#7915);
#6448=AXIS2_PLACEMENT_3D('',#11559,#7916,#7917);
#6449=AXIS2_PLACEMENT_3D('',#11560,#7918,#7919);
#6450=AXIS2_PLACEMENT_3D('',#11561,#7920,#7921);
#6451=AXIS2_PLACEMENT_3D('',#11562,#7922,#7923);
#6452=AXIS2_PLACEMENT_3D('',#11563,#7924,#7925);
#6453=AXIS2_PLACEMENT_3D('',#11564,#7926,#7927);
#6454=AXIS2_PLACEMENT_3D('',#11565,#7928,#7929);
#6455=AXIS2_PLACEMENT_3D('',#11566,#7930,#7931);
#6456=AXIS2_PLACEMENT_3D('',#11567,#7932,#7933);
#6457=AXIS2_PLACEMENT_3D('',#11568,#7934,#7935);
#6458=AXIS2_PLACEMENT_3D('',#11569,#7936,#7937);
#6459=AXIS2_PLACEMENT_3D('',#11570,#7938,#7939);
#6460=AXIS2_PLACEMENT_3D('',#11571,#7940,#7941);
#6461=AXIS2_PLACEMENT_3D('',#11572,#7942,#7943);
#6462=AXIS2_PLACEMENT_3D('',#11573,#7944,#7945);
#6463=AXIS2_PLACEMENT_3D('',#11574,#7946,#7947);
#6464=AXIS2_PLACEMENT_3D('',#11575,#7948,#7949);
#6465=AXIS2_PLACEMENT_3D('',#11576,#7950,#7951);
#6466=AXIS2_PLACEMENT_3D('',#11577,#7952,#7953);
#6467=AXIS2_PLACEMENT_3D('',#11578,#7954,#7955);
#6468=AXIS2_PLACEMENT_3D('',#11579,#7956,#7957);
#6469=AXIS2_PLACEMENT_3D('',#11580,#7958,#7959);
#6470=AXIS2_PLACEMENT_3D('',#11581,#7960,#7961);
#6471=AXIS2_PLACEMENT_3D('',#11582,#7962,#7963);
#6472=AXIS2_PLACEMENT_3D('',#11583,#7964,#7965);
#6473=AXIS2_PLACEMENT_3D('',#11584,#7966,#7967);
#6474=AXIS2_PLACEMENT_3D('',#11585,#7968,#7969);
#6475=AXIS2_PLACEMENT_3D('',#11586,#7970,#7971);
#6476=AXIS2_PLACEMENT_3D('',#11587,#7972,#7973);
#6477=AXIS2_PLACEMENT_3D('',#11588,#7974,#7975);
#6478=AXIS2_PLACEMENT_3D('',#11589,#7976,#7977);
#6479=AXIS2_PLACEMENT_3D('',#11590,#7978,#7979);
#6480=AXIS2_PLACEMENT_3D('',#11591,#7980,#7981);
#6481=AXIS2_PLACEMENT_3D('',#11592,#7982,#7983);
#6482=AXIS2_PLACEMENT_3D('',#11593,#7984,#7985);
#6483=AXIS2_PLACEMENT_3D('',#11594,#7986,#7987);
#6484=AXIS2_PLACEMENT_3D('',#11595,#7988,#7989);
#6485=AXIS2_PLACEMENT_3D('',#11596,#7990,#7991);
#6486=AXIS2_PLACEMENT_3D('',#11597,#7992,#7993);
#6487=AXIS2_PLACEMENT_3D('',#11598,#7994,#7995);
#6488=AXIS2_PLACEMENT_3D('',#11599,#7996,#7997);
#6489=AXIS2_PLACEMENT_3D('',#11600,#7998,#7999);
#6490=AXIS2_PLACEMENT_3D('',#11601,#8000,#8001);
#6491=AXIS2_PLACEMENT_3D('',#11602,#8002,#8003);
#6492=AXIS2_PLACEMENT_3D('',#11603,#8004,#8005);
#6493=AXIS2_PLACEMENT_3D('',#11604,#8006,#8007);
#6494=AXIS2_PLACEMENT_3D('',#11605,#8008,#8009);
#6495=AXIS2_PLACEMENT_3D('',#11606,#8010,#8011);
#6496=AXIS2_PLACEMENT_3D('',#11607,#8012,#8013);
#6497=AXIS2_PLACEMENT_3D('',#11609,#8015,#8016);
#6498=AXIS2_PLACEMENT_3D('',#11611,#8018,#8019);
#6499=AXIS2_PLACEMENT_3D('',#11614,#8022,#8023);
#6500=AXIS2_PLACEMENT_3D('',#11615,#8024,#8025);
#6501=AXIS2_PLACEMENT_3D('',#11616,#8026,#8027);
#6502=AXIS2_PLACEMENT_3D('',#11617,#8028,#8029);
#6503=AXIS2_PLACEMENT_3D('',#11620,#8031,#8032);
#6504=AXIS2_PLACEMENT_3D('',#11621,#8033,#8034);
#6505=AXIS2_PLACEMENT_3D('',#11623,#8035,#8036);
#6506=AXIS2_PLACEMENT_3D('',#11624,#8037,#8038);
#6507=AXIS2_PLACEMENT_3D('',#11627,#8039,#8040);
#6508=AXIS2_PLACEMENT_3D('',#11629,#8041,#8042);
#6509=AXIS2_PLACEMENT_3D('',#11631,#8044,#8045);
#6510=AXIS2_PLACEMENT_3D('',#11636,#8048,#8049);
#6511=AXIS2_PLACEMENT_3D('',#11638,#8051,#8052);
#6512=AXIS2_PLACEMENT_3D('',#11640,#8054,#8055);
#6513=DIRECTION('axis',(0.,0.,1.));
#6514=DIRECTION('refdir',(1.,0.,0.));
#6515=DIRECTION('center_axis',(0.,0.,-1.));
#6516=DIRECTION('ref_axis',(1.,0.,0.));
#6517=DIRECTION('center_axis',(0.,0.,-1.));
#6518=DIRECTION('ref_axis',(0.508020143759328,-0.861345188373832,0.));
#6519=DIRECTION('center_axis',(0.,0.,-1.));
#6520=DIRECTION('ref_axis',(1.,0.,0.));
#6521=DIRECTION('center_axis',(0.,0.,-1.));
#6522=DIRECTION('ref_axis',(-0.396059075513741,-0.918225031625255,0.));
#6523=DIRECTION('',(-0.642787609686541,0.766044443118977,0.));
#6524=DIRECTION('center_axis',(0.,0.,1.));
#6525=DIRECTION('ref_axis',(0.,1.,0.));
#6526=DIRECTION('',(-0.642787609686541,-0.766044443118977,0.));
#6527=DIRECTION('center_axis',(0.,0.,-1.));
#6528=DIRECTION('ref_axis',(0.396059075513741,-0.918225031625255,0.));
#6529=DIRECTION('center_axis',(0.,0.,-1.));
#6530=DIRECTION('ref_axis',(1.,0.,0.));
#6531=DIRECTION('center_axis',(0.,0.,-1.));
#6532=DIRECTION('ref_axis',(-0.508020143759328,-0.861345188373832,0.));
#6533=DIRECTION('',(-0.541708210282742,0.840566603495683,0.));
#6534=DIRECTION('center_axis',(0.,0.,1.));
#6535=DIRECTION('ref_axis',(0.125333233564342,0.992114701314473,0.));
#6536=DIRECTION('',(-0.733729864502878,-0.679441304261515,0.));
#6537=DIRECTION('center_axis',(0.,0.,-1.));
#6538=DIRECTION('ref_axis',(0.277851919052825,-0.960623917607022,0.));
#6539=DIRECTION('center_axis',(0.,0.,-1.));
#6540=DIRECTION('ref_axis',(1.,0.,0.));
#6541=DIRECTION('center_axis',(0.,0.,-1.));
#6542=DIRECTION('ref_axis',(-0.611969430861559,-0.790881416958939,0.));
#6543=DIRECTION('',(-0.432085748801985,0.901832526405113,0.));
#6544=DIRECTION('center_axis',(0.,0.,1.));
#6545=DIRECTION('ref_axis',(0.248689887164904,0.968583161128618,0.));
#6546=DIRECTION('',(-0.813100761047029,-0.582122970157287,0.));
#6547=DIRECTION('center_axis',(0.,0.,-1.));
#6548=DIRECTION('ref_axis',(0.155262871847816,-0.987873190559177,0.));
#6549=DIRECTION('center_axis',(0.,0.,-1.));
#6550=DIRECTION('ref_axis',(1.,0.,0.));
#6551=DIRECTION('center_axis',(0.,0.,-1.));
#6552=DIRECTION('ref_axis',(-0.706267594466173,-0.707944973149019,0.));
#6553=DIRECTION('',(-0.315649036947105,0.948876011644496,0.));
#6554=DIRECTION('center_axis',(0.,0.,1.));
#6555=DIRECTION('ref_axis',(0.368124552684661,0.929776485888258,0.));
#6556=DIRECTION('',(-0.879648572866618,-0.475624209070273,0.));
#6557=DIRECTION('center_axis',(0.,0.,-1.));
#6558=DIRECTION('ref_axis',(0.0302252364041745,-0.999543113169368,0.));
#6559=DIRECTION('center_axis',(0.,0.,-1.));
#6560=DIRECTION('ref_axis',(1.,0.,0.));
#6561=DIRECTION('center_axis',(0.,0.,-1.));
#6562=DIRECTION('ref_axis',(-0.78942749620226,-0.613843814206701,0.));
#6563=DIRECTION('',(-0.194234351219974,0.980955155349191,0.));
#6564=DIRECTION('center_axis',(0.,0.,1.));
#6565=DIRECTION('ref_axis',(0.48175367410171,0.876306680043866,0.));
#6566=DIRECTION('',(-0.932323801215513,-0.36162457008209,0.));
#6567=DIRECTION('center_axis',(0.,0.,-1.));
#6568=DIRECTION('ref_axis',(-0.0952890690730527,-0.995449643786762,0.));
#6569=DIRECTION('center_axis',(0.,0.,-1.));
#6570=DIRECTION('ref_axis',(1.,0.,0.));
#6571=DIRECTION('center_axis',(0.,0.,-1.));
#6572=DIRECTION('ref_axis',(-0.860137654742071,-0.51006197162189,0.));
#6573=DIRECTION('',(-0.0697564737441277,0.997564050259824,0.));
#6574=DIRECTION('center_axis',(0.,0.,1.));
#6575=DIRECTION('ref_axis',(0.587785252292467,0.809016994374952,0.));
#6576=DIRECTION('',(-0.970295726275997,-0.241921895599666,0.));
#6577=DIRECTION('center_axis',(0.,0.,-1.));
#6578=DIRECTION('ref_axis',(-0.219300609008154,-0.975657338868854,0.));
#6579=DIRECTION('center_axis',(0.,0.,-1.));
#6580=DIRECTION('ref_axis',(1.,0.,0.));
#6581=DIRECTION('center_axis',(0.,0.,-1.));
#6582=DIRECTION('ref_axis',(-0.917282928645341,-0.398236147048238,0.));
#6583=DIRECTION('',(0.0558215049931616,0.998440764181981,0.));
#6584=DIRECTION('center_axis',(0.,0.,1.));
#6585=DIRECTION('ref_axis',(0.684547105928721,0.728968627421381,0.));
#6586=DIRECTION('',(-0.992965508106537,-0.118403968306499,0.));
#6587=DIRECTION('center_axis',(0.,0.,-1.));
#6588=DIRECTION('ref_axis',(-0.33985364733543,-0.940478334887522,0.));
#6589=DIRECTION('center_axis',(0.,0.,-1.));
#6590=DIRECTION('ref_axis',(1.,0.,0.));
#6591=DIRECTION('center_axis',(0.,0.,-1.));
#6592=DIRECTION('ref_axis',(-0.959962102805583,-0.280129900540953,0.));
#6593=DIRECTION('',(0.180519145250558,0.983571470813386,0.));
#6594=DIRECTION('center_axis',(0.,0.,1.));
#6595=DIRECTION('ref_axis',(0.770513242775791,0.637423989748688,0.));
#6596=DIRECTION('',(-0.999975630705395,0.00698126029796392,0.));
#6597=DIRECTION('center_axis',(0.,0.,-1.));
#6598=DIRECTION('ref_axis',(-0.455046990625456,-0.890467425750497,0.));
#6599=DIRECTION('center_axis',(0.,0.,-1.));
#6600=DIRECTION('ref_axis',(1.,0.,0.));
#6601=DIRECTION('center_axis',(0.,0.,-1.));
#6602=DIRECTION('ref_axis',(-0.987502101151032,-0.157605838160573,0.));
#6603=DIRECTION('',(0.302369890750442,0.953190667792948,0.));
#6604=DIRECTION('center_axis',(0.,0.,1.));
#6605=DIRECTION('ref_axis',(0.844327925501991,0.535826794979035,0.));
#6606=DIRECTION('',(-0.991215540251541,0.132256390257125,0.));
#6607=DIRECTION('center_axis',(0.,0.,-1.));
#6608=DIRECTION('ref_axis',(-0.56306397104142,-0.82641331336993,0.));
#6609=DIRECTION('center_axis',(0.,0.,-1.));
#6610=DIRECTION('ref_axis',(1.,0.,0.));
#6611=DIRECTION('center_axis',(0.,0.,-1.));
#6612=DIRECTION('ref_axis',(-0.999468601456152,-0.0325962375633107,0.));
#6613=DIRECTION('',(0.419452082446175,0.90777747853291,0.));
#6614=DIRECTION('center_axis',(0.,0.,1.));
#6615=DIRECTION('ref_axis',(0.904827052466017,0.425779291565078,0.));
#6616=DIRECTION('',(-0.966823388604459,0.255445757935793,0.));
#6617=DIRECTION('center_axis',(0.,0.,-1.));
#6618=DIRECTION('ref_axis',(-0.662201096275887,-0.74932616936219,0.));
#6619=DIRECTION('center_axis',(0.,0.,-1.));
#6620=DIRECTION('ref_axis',(1.,0.,0.));
#6621=DIRECTION('center_axis',(0.,0.,-1.));
#6622=DIRECTION('ref_axis',(-0.995672884862712,0.0929274251723602,0.));
#6623=DIRECTION('',(0.529919264233203,0.848048096156427,0.));
#6624=DIRECTION('center_axis',(0.,0.,1.));
#6625=DIRECTION('ref_axis',(0.951056516295145,0.309016994374975,0.));
#6626=DIRECTION('',(-0.927183854566787,0.374606593415914,0.));
#6627=DIRECTION('center_axis',(0.,0.,-1.));
#6628=DIRECTION('ref_axis',(-0.750894914642402,-0.660421704037792,0.));
#6629=DIRECTION('center_axis',(0.,0.,-1.));
#6630=DIRECTION('ref_axis',(1.,0.,0.));
#6631=DIRECTION('center_axis',(0.,0.,-1.));
#6632=DIRECTION('ref_axis',(-0.976174812088834,0.216985566900955,0.));
#6633=DIRECTION('',(0.632029302664849,0.774944488704181,0.));
#6634=DIRECTION('center_axis',(0.,0.,1.));
#6635=DIRECTION('ref_axis',(0.982287250728686,0.187381314585737,0.));
#6636=DIRECTION('',(-0.872922077269809,0.487859659138735,0.));
#6637=DIRECTION('center_axis',(0.,0.,-1.));
#6638=DIRECTION('ref_axis',(-0.827746671642146,-0.561101993923875,0.));
#6639=DIRECTION('center_axis',(0.,0.,-1.));
#6640=DIRECTION('ref_axis',(1.,0.,0.));
#6641=DIRECTION('center_axis',(0.,0.,-1.));
#6642=DIRECTION('ref_axis',(-0.941281879389739,0.337621716618645,0.));
#6643=DIRECTION('',(0.724171861437466,0.689619543735671,0.));
#6644=DIRECTION('center_axis',(0.,0.,1.));
#6645=DIRECTION('ref_axis',(0.998026728428273,0.0627905195292893,0.));
#6646=DIRECTION('',(-0.804893797355913,0.593418886603703,0.));
#6647=DIRECTION('center_axis',(0.,0.,-1.));
#6648=DIRECTION('ref_axis',(-0.891544369158111,-0.452933370179837,0.));
#6649=DIRECTION('center_axis',(0.,0.,-1.));
#6650=DIRECTION('ref_axis',(1.,0.,0.));
#6651=DIRECTION('center_axis',(0.,0.,-1.));
#6652=DIRECTION('ref_axis',(-0.891544369158138,0.452933370179784,0.));
#6653=DIRECTION('',(0.804893797355913,0.593418886603703,0.));
#6654=DIRECTION('center_axis',(0.,0.,1.));
#6655=DIRECTION('ref_axis',(0.998026728428269,-0.0627905195293581,0.));
#6656=DIRECTION('',(-0.724171861437466,0.689619543735671,0.));
#6657=DIRECTION('center_axis',(0.,0.,-1.));
#6658=DIRECTION('ref_axis',(-0.941281879389739,-0.337621716618645,0.));
#6659=DIRECTION('center_axis',(0.,0.,-1.));
#6660=DIRECTION('ref_axis',(1.,0.,0.));
#6661=DIRECTION('center_axis',(0.,0.,-1.));
#6662=DIRECTION('ref_axis',(-0.827746671642146,0.561101993923875,0.));
#6663=DIRECTION('',(0.872922077269809,0.487859659138735,0.));
#6664=DIRECTION('center_axis',(0.,0.,1.));
#6665=DIRECTION('ref_axis',(0.982287250728686,-0.187381314585737,0.));
#6666=DIRECTION('',(-0.632029302664849,0.774944488704181,0.));
#6667=DIRECTION('center_axis',(0.,0.,-1.));
#6668=DIRECTION('ref_axis',(-0.976174812088834,-0.216985566900959,0.));
#6669=DIRECTION('center_axis',(0.,0.,-1.));
#6670=DIRECTION('ref_axis',(1.,0.,0.));
#6671=DIRECTION('center_axis',(0.,0.,-1.));
#6672=DIRECTION('ref_axis',(-0.750894914642435,0.660421704037754,0.));
#6673=DIRECTION('',(0.927183854566787,0.374606593415914,0.));
#6674=DIRECTION('center_axis',(0.,0.,1.));
#6675=DIRECTION('ref_axis',(0.951056516295155,-0.309016994374944,0.));
#6676=DIRECTION('',(-0.529919264233203,0.848048096156427,0.));
#6677=DIRECTION('center_axis',(0.,0.,-1.));
#6678=DIRECTION('ref_axis',(-0.99567288486271,-0.0929274251723808,0.));
#6679=DIRECTION('center_axis',(0.,0.,-1.));
#6680=DIRECTION('ref_axis',(1.,0.,0.));
#6681=DIRECTION('center_axis',(0.,0.,-1.));
#6682=DIRECTION('ref_axis',(-0.662201096275945,0.749326169362139,0.));
#6683=DIRECTION('',(0.966823388604459,0.255445757935793,0.));
#6684=DIRECTION('center_axis',(0.,0.,1.));
#6685=DIRECTION('ref_axis',(0.904827052466005,-0.425779291565103,0.));
#6686=DIRECTION('',(-0.419452082446175,0.90777747853291,0.));
#6687=DIRECTION('center_axis',(0.,0.,-1.));
#6688=DIRECTION('ref_axis',(-0.999468601456151,0.0325962375633438,0.));
#6689=DIRECTION('center_axis',(0.,0.,-1.));
#6690=DIRECTION('ref_axis',(1.,0.,0.));
#6691=DIRECTION('center_axis',(0.,0.,-1.));
#6692=DIRECTION('ref_axis',(-0.563063971041389,0.826413313369951,0.));
#6693=DIRECTION('',(0.991215540251541,0.132256390257124,0.));
#6694=DIRECTION('center_axis',(0.,0.,1.));
#6695=DIRECTION('ref_axis',(0.844327925501975,-0.535826794979059,0.));
#6696=DIRECTION('',(-0.302369890750442,0.953190667792948,0.));
#6697=DIRECTION('center_axis',(0.,0.,-1.));
#6698=DIRECTION('ref_axis',(-0.987502101151032,0.157605838160573,0.));
#6699=DIRECTION('center_axis',(0.,0.,-1.));
#6700=DIRECTION('ref_axis',(1.,0.,0.));
#6701=DIRECTION('center_axis',(0.,0.,-1.));
#6702=DIRECTION('ref_axis',(-0.455046990625351,0.89046742575055,0.));
#6703=DIRECTION('',(0.999975630705395,0.00698126029796389,0.));
#6704=DIRECTION('center_axis',(0.,0.,1.));
#6705=DIRECTION('ref_axis',(0.770513242775808,-0.637423989748667,0.));
#6706=DIRECTION('',(-0.180519145250558,0.983571470813386,0.));
#6707=DIRECTION('center_axis',(0.,0.,-1.));
#6708=DIRECTION('ref_axis',(-0.959962102805603,0.280129900540881,0.));
#6709=DIRECTION('center_axis',(0.,0.,-1.));
#6710=DIRECTION('ref_axis',(1.,0.,0.));
#6711=DIRECTION('center_axis',(0.,0.,-1.));
#6712=DIRECTION('ref_axis',(-0.33985364733543,0.940478334887522,0.));
#6713=DIRECTION('',(0.992965508106537,-0.118403968306499,0.));
#6714=DIRECTION('center_axis',(0.,0.,1.));
#6715=DIRECTION('ref_axis',(0.684547105928665,-0.728968627421434,0.));
#6716=DIRECTION('',(-0.0558215049931613,0.998440764181981,0.));
#6717=DIRECTION('center_axis',(0.,0.,-1.));
#6718=DIRECTION('ref_axis',(-0.917282928645341,0.398236147048238,0.));
#6719=DIRECTION('center_axis',(0.,0.,-1.));
#6720=DIRECTION('ref_axis',(1.,0.,0.));
#6721=DIRECTION('center_axis',(0.,0.,-1.));
#6722=DIRECTION('ref_axis',(-0.21930060900828,0.975657338868825,0.));
#6723=DIRECTION('',(0.970295726275997,-0.241921895599665,0.));
#6724=DIRECTION('center_axis',(0.,0.,1.));
#6725=DIRECTION('ref_axis',(0.58778525229245,-0.809016994374964,0.));
#6726=DIRECTION('',(0.0697564737441275,0.997564050259824,0.));
#6727=DIRECTION('center_axis',(0.,0.,-1.));
#6728=DIRECTION('ref_axis',(-0.86013765474212,0.510061971621808,0.));
#6729=DIRECTION('center_axis',(0.,0.,-1.));
#6730=DIRECTION('ref_axis',(1.,0.,0.));
#6731=DIRECTION('center_axis',(0.,0.,-1.));
#6732=DIRECTION('ref_axis',(-0.0952890690730527,0.995449643786762,0.));
#6733=DIRECTION('',(0.932323801215513,-0.36162457008209,0.));
#6734=DIRECTION('center_axis',(0.,0.,1.));
#6735=DIRECTION('ref_axis',(0.481753674101725,-0.876306680043858,0.));
#6736=DIRECTION('',(0.194234351219974,0.980955155349191,0.));
#6737=DIRECTION('center_axis',(0.,0.,-1.));
#6738=DIRECTION('ref_axis',(-0.78942749620226,0.613843814206701,0.));
#6739=DIRECTION('center_axis',(0.,0.,-1.));
#6740=DIRECTION('ref_axis',(1.,0.,0.));
#6741=DIRECTION('center_axis',(0.,0.,-1.));
#6742=DIRECTION('ref_axis',(0.0302252364041735,0.999543113169368,0.));
#6743=DIRECTION('',(0.879648572866617,-0.475624209070273,0.));
#6744=DIRECTION('center_axis',(0.,0.,1.));
#6745=DIRECTION('ref_axis',(0.368124552684673,-0.929776485888254,0.));
#6746=DIRECTION('',(0.315649036947105,0.948876011644496,0.));
#6747=DIRECTION('center_axis',(0.,0.,-1.));
#6748=DIRECTION('ref_axis',(-0.706267594466106,0.707944973149086,0.));
#6749=DIRECTION('center_axis',(0.,0.,-1.));
#6750=DIRECTION('ref_axis',(1.,0.,0.));
#6751=DIRECTION('center_axis',(0.,0.,-1.));
#6752=DIRECTION('ref_axis',(0.155262871847956,0.987873190559155,0.));
#6753=DIRECTION('',(0.813100761047029,-0.582122970157288,0.));
#6754=DIRECTION('center_axis',(0.,0.,1.));
#6755=DIRECTION('ref_axis',(0.248689887164912,-0.968583161128616,0.));
#6756=DIRECTION('',(0.432085748801984,0.901832526405113,0.));
#6757=DIRECTION('center_axis',(0.,0.,-1.));
#6758=DIRECTION('ref_axis',(-0.611969430861509,0.790881416958978,0.));
#6759=DIRECTION('center_axis',(0.,0.,-1.));
#6760=DIRECTION('ref_axis',(1.,0.,0.));
#6761=DIRECTION('center_axis',(0.,0.,-1.));
#6762=DIRECTION('ref_axis',(0.277851919052834,0.960623917607019,0.));
#6763=DIRECTION('',(0.733729864502878,-0.679441304261515,0.));
#6764=DIRECTION('center_axis',(0.,0.,1.));
#6765=DIRECTION('ref_axis',(0.125333233564346,-0.992114701314472,0.));
#6766=DIRECTION('',(0.541708210282742,0.840566603495683,0.));
#6767=DIRECTION('center_axis',(0.,0.,-1.));
#6768=DIRECTION('ref_axis',(-0.508020143759426,0.861345188373774,0.));
#6769=DIRECTION('center_axis',(0.,0.,-1.));
#6770=DIRECTION('ref_axis',(1.,0.,0.));
#6771=DIRECTION('center_axis',(0.,0.,-1.));
#6772=DIRECTION('ref_axis',(0.396059075513629,0.918225031625303,0.));
#6773=DIRECTION('',(0.642787609686541,-0.766044443118977,0.));
#6774=DIRECTION('center_axis',(0.,0.,1.));
#6775=DIRECTION('ref_axis',(0.,-1.,0.));
#6776=DIRECTION('',(0.642787609686541,0.766044443118976,0.));
#6777=DIRECTION('center_axis',(0.,0.,-1.));
#6778=DIRECTION('ref_axis',(-0.396059075513641,0.918225031625298,0.));
#6779=DIRECTION('center_axis',(0.,0.,-1.));
#6780=DIRECTION('ref_axis',(1.,0.,0.));
#6781=DIRECTION('center_axis',(0.,0.,-1.));
#6782=DIRECTION('ref_axis',(0.508020143759328,0.861345188373832,0.));
#6783=DIRECTION('',(0.541708210282742,-0.840566603495683,0.));
#6784=DIRECTION('center_axis',(0.,0.,1.));
#6785=DIRECTION('ref_axis',(-0.12533323356421,-0.99211470131449,0.));
#6786=DIRECTION('',(0.733729864502878,0.679441304261515,0.));
#6787=DIRECTION('center_axis',(0.,0.,-1.));
#6788=DIRECTION('ref_axis',(-0.277851919052834,0.960623917607019,0.));
#6789=DIRECTION('center_axis',(0.,0.,-1.));
#6790=DIRECTION('ref_axis',(1.,0.,0.));
#6791=DIRECTION('center_axis',(0.,0.,-1.));
#6792=DIRECTION('ref_axis',(0.611969430861492,0.790881416958991,0.));
#6793=DIRECTION('',(0.432085748801984,-0.901832526405113,0.));
#6794=DIRECTION('center_axis',(0.,0.,1.));
#6795=DIRECTION('ref_axis',(-0.248689887164904,-0.968583161128618,0.));
#6796=DIRECTION('',(0.813100761047029,0.582122970157287,0.));
#6797=DIRECTION('center_axis',(0.,0.,-1.));
#6798=DIRECTION('ref_axis',(-0.155262871847826,0.987873190559176,0.));
#6799=DIRECTION('center_axis',(0.,0.,-1.));
#6800=DIRECTION('ref_axis',(1.,0.,0.));
#6801=DIRECTION('center_axis',(0.,0.,-1.));
#6802=DIRECTION('ref_axis',(0.706267594466156,0.707944973149036,0.));
#6803=DIRECTION('',(0.315649036947104,-0.948876011644496,0.));
#6804=DIRECTION('center_axis',(0.,0.,1.));
#6805=DIRECTION('ref_axis',(-0.368124552684673,-0.929776485888254,0.));
#6806=DIRECTION('',(0.879648572866618,0.475624209070273,0.));
#6807=DIRECTION('center_axis',(0.,0.,-1.));
#6808=DIRECTION('ref_axis',(-0.0302252364043059,0.999543113169364,0.));
#6809=DIRECTION('center_axis',(0.,0.,-1.));
#6810=DIRECTION('ref_axis',(1.,0.,0.));
#6811=DIRECTION('center_axis',(0.,0.,-1.));
#6812=DIRECTION('ref_axis',(0.78942749620221,0.613843814206765,0.));
#6813=DIRECTION('',(0.194234351219974,-0.980955155349191,0.));
#6814=DIRECTION('center_axis',(0.,0.,1.));
#6815=DIRECTION('ref_axis',(-0.48175367410171,-0.876306680043866,0.));
#6816=DIRECTION('',(0.932323801215513,0.36162457008209,0.));
#6817=DIRECTION('center_axis',(0.,0.,-1.));
#6818=DIRECTION('ref_axis',(0.095289069073059,0.995449643786761,0.));
#6819=DIRECTION('center_axis',(0.,0.,-1.));
#6820=DIRECTION('ref_axis',(1.,0.,0.));
#6821=DIRECTION('center_axis',(0.,0.,-1.));
#6822=DIRECTION('ref_axis',(0.8601376547421,0.510061971621841,0.));
#6823=DIRECTION('',(0.0697564737441274,-0.997564050259824,0.));
#6824=DIRECTION('center_axis',(0.,0.,1.));
#6825=DIRECTION('ref_axis',(-0.58778525229245,-0.809016994374964,0.));
#6826=DIRECTION('',(0.970295726275997,0.241921895599665,0.));
#6827=DIRECTION('center_axis',(0.,0.,-1.));
#6828=DIRECTION('ref_axis',(0.219300609008147,0.975657338868855,0.));
#6829=DIRECTION('center_axis',(0.,0.,-1.));
#6830=DIRECTION('ref_axis',(1.,0.,0.));
#6831=DIRECTION('center_axis',(0.,0.,-1.));
#6832=DIRECTION('ref_axis',(0.917282928645353,0.39823614704821,0.));
#6833=DIRECTION('',(-0.0558215049931616,-0.998440764181981,0.));
#6834=DIRECTION('center_axis',(0.,0.,1.));
#6835=DIRECTION('ref_axis',(-0.684547105928738,-0.728968627421365,0.));
#6836=DIRECTION('',(0.992965508106537,0.118403968306499,0.));
#6837=DIRECTION('center_axis',(0.,0.,-1.));
#6838=DIRECTION('ref_axis',(0.33985364733543,0.940478334887522,0.));
#6839=DIRECTION('center_axis',(0.,0.,-1.));
#6840=DIRECTION('ref_axis',(1.,0.,0.));
#6841=DIRECTION('center_axis',(0.,0.,-1.));
#6842=DIRECTION('ref_axis',(0.959962102805584,0.280129900540947,0.));
#6843=DIRECTION('',(-0.180519145250558,-0.983571470813386,0.));
#6844=DIRECTION('center_axis',(0.,0.,1.));
#6845=DIRECTION('ref_axis',(-0.770513242775808,-0.637423989748667,0.));
#6846=DIRECTION('',(0.999975630705395,-0.00698126029796413,0.));
#6847=DIRECTION('center_axis',(0.,0.,-1.));
#6848=DIRECTION('ref_axis',(0.455046990625365,0.890467425750543,0.));
#6849=DIRECTION('center_axis',(0.,0.,-1.));
#6850=DIRECTION('ref_axis',(1.,0.,0.));
#6851=DIRECTION('center_axis',(0.,0.,-1.));
#6852=DIRECTION('ref_axis',(0.987502101151029,0.157605838160594,0.));
#6853=DIRECTION('',(-0.302369890750443,-0.953190667792948,0.));
#6854=DIRECTION('center_axis',(0.,0.,1.));
#6855=DIRECTION('ref_axis',(-0.844327925501991,-0.535826794979035,0.));
#6856=DIRECTION('',(0.991215540251541,-0.132256390257125,0.));
#6857=DIRECTION('center_axis',(0.,0.,-1.));
#6858=DIRECTION('ref_axis',(0.563063971041405,0.826413313369941,0.));
#6859=DIRECTION('center_axis',(0.,0.,-1.));
#6860=DIRECTION('ref_axis',(1.,0.,0.));
#6861=DIRECTION('center_axis',(0.,0.,-1.));
#6862=DIRECTION('ref_axis',(0.999468601456152,0.032596237563315,0.));
#6863=DIRECTION('',(-0.419452082446175,-0.907777478532909,0.));
#6864=DIRECTION('center_axis',(0.,0.,1.));
#6865=DIRECTION('ref_axis',(-0.904827052466005,-0.425779291565103,0.));
#6866=DIRECTION('',(0.966823388604459,-0.255445757935793,0.));
#6867=DIRECTION('center_axis',(0.,0.,-1.));
#6868=DIRECTION('ref_axis',(0.662201096275945,0.749326169362139,0.));
#6869=DIRECTION('center_axis',(0.,0.,-1.));
#6870=DIRECTION('ref_axis',(1.,0.,0.));
#6871=DIRECTION('center_axis',(0.,0.,-1.));
#6872=DIRECTION('ref_axis',(0.995672884862709,-0.092927425172393,0.));
#6873=DIRECTION('',(-0.529919264233203,-0.848048096156427,0.));
#6874=DIRECTION('center_axis',(0.,0.,1.));
#6875=DIRECTION('ref_axis',(-0.951056516295155,-0.309016994374944,0.));
#6876=DIRECTION('',(0.927183854566787,-0.374606593415914,0.));
#6877=DIRECTION('center_axis',(0.,0.,-1.));
#6878=DIRECTION('ref_axis',(0.750894914642418,0.660421704037773,0.));
#6879=DIRECTION('center_axis',(0.,0.,-1.));
#6880=DIRECTION('ref_axis',(1.,0.,0.));
#6881=DIRECTION('center_axis',(0.,0.,-1.));
#6882=DIRECTION('ref_axis',(0.976174812088834,-0.216985566900959,0.));
#6883=DIRECTION('',(-0.632029302664849,-0.774944488704181,0.));
#6884=DIRECTION('center_axis',(0.,0.,1.));
#6885=DIRECTION('ref_axis',(-0.98228725072868,-0.18738131458577,0.));
#6886=DIRECTION('',(0.872922077269809,-0.487859659138735,0.));
#6887=DIRECTION('center_axis',(0.,0.,-1.));
#6888=DIRECTION('ref_axis',(0.827746671642146,0.561101993923875,0.));
#6889=DIRECTION('center_axis',(0.,0.,-1.));
#6890=DIRECTION('ref_axis',(1.,0.,0.));
#6891=DIRECTION('center_axis',(0.,0.,-1.));
#6892=DIRECTION('ref_axis',(0.941281879389739,-0.337621716618645,0.));
#6893=DIRECTION('',(-0.724171861437466,-0.689619543735671,0.));
#6894=DIRECTION('center_axis',(0.,0.,1.));
#6895=DIRECTION('ref_axis',(-0.998026728428269,-0.0627905195293494,0.));
#6896=DIRECTION('',(0.804893797355913,-0.593418886603703,0.));
#6897=DIRECTION('center_axis',(0.,0.,-1.));
#6898=DIRECTION('ref_axis',(0.891544369158138,0.452933370179784,0.));
#6899=DIRECTION('center_axis',(0.,0.,-1.));
#6900=DIRECTION('ref_axis',(1.,0.,0.));
#6901=DIRECTION('center_axis',(0.,0.,-1.));
#6902=DIRECTION('ref_axis',(0.891544369158111,-0.452933370179837,0.));
#6903=DIRECTION('',(-0.804893797355913,-0.593418886603703,0.));
#6904=DIRECTION('center_axis',(0.,0.,1.));
#6905=DIRECTION('ref_axis',(-0.998026728428269,0.0627905195293494,0.));
#6906=DIRECTION('',(0.724171861437466,-0.689619543735672,0.));
#6907=DIRECTION('center_axis',(0.,0.,-1.));
#6908=DIRECTION('ref_axis',(0.941281879389739,0.337621716618645,0.));
#6909=DIRECTION('center_axis',(0.,0.,-1.));
#6910=DIRECTION('ref_axis',(1.,0.,0.));
#6911=DIRECTION('center_axis',(0.,0.,-1.));
#6912=DIRECTION('ref_axis',(0.827746671642105,-0.561101993923937,0.));
#6913=DIRECTION('',(-0.872922077269809,-0.487859659138734,0.));
#6914=DIRECTION('center_axis',(0.,0.,1.));
#6915=DIRECTION('ref_axis',(-0.982287250728686,0.187381314585737,0.));
#6916=DIRECTION('',(0.632029302664849,-0.774944488704181,0.));
#6917=DIRECTION('center_axis',(0.,0.,-1.));
#6918=DIRECTION('ref_axis',(0.976174812088834,0.216985566900955,0.));
#6919=DIRECTION('center_axis',(0.,0.,-1.));
#6920=DIRECTION('ref_axis',(1.,0.,0.));
#6921=DIRECTION('center_axis',(0.,0.,-1.));
#6922=DIRECTION('ref_axis',(0.750894914642459,-0.660421704037726,0.));
#6923=DIRECTION('',(-0.927183854566786,-0.374606593415915,0.));
#6924=DIRECTION('center_axis',(0.,0.,1.));
#6925=DIRECTION('ref_axis',(-0.951056516295165,0.309016994374912,0.));
#6926=DIRECTION('',(0.529919264233203,-0.848048096156427,0.));
#6927=DIRECTION('center_axis',(0.,0.,-1.));
#6928=DIRECTION('ref_axis',(0.995672884862713,0.0929274251723479,0.));
#6929=DIRECTION('center_axis',(0.,0.,-1.));
#6930=DIRECTION('ref_axis',(1.,0.,0.));
#6931=DIRECTION('center_axis',(0.,0.,-1.));
#6932=DIRECTION('ref_axis',(0.662201096275887,-0.74932616936219,0.));
#6933=DIRECTION('',(-0.966823388604459,-0.255445757935793,0.));
#6934=DIRECTION('center_axis',(0.,0.,1.));
#6935=DIRECTION('ref_axis',(-0.904827052466018,0.425779291565075,0.));
#6936=DIRECTION('',(0.419452082446175,-0.90777747853291,0.));
#6937=DIRECTION('center_axis',(0.,0.,-1.));
#6938=DIRECTION('ref_axis',(0.999468601456152,-0.0325962375633107,0.));
#6939=DIRECTION('center_axis',(0.,0.,-1.));
#6940=DIRECTION('ref_axis',(1.,0.,0.));
#6941=DIRECTION('center_axis',(0.,0.,-1.));
#6942=DIRECTION('ref_axis',(0.563063971041389,-0.826413313369951,0.));
#6943=DIRECTION('',(-0.991215540251541,-0.132256390257125,0.));
#6944=DIRECTION('center_axis',(0.,0.,1.));
#6945=DIRECTION('ref_axis',(-0.84432792550203,0.535826794978972,0.));
#6946=DIRECTION('',(0.302369890750442,-0.953190667792948,0.));
#6947=DIRECTION('center_axis',(0.,0.,-1.));
#6948=DIRECTION('ref_axis',(0.987502101151029,-0.157605838160594,0.));
#6949=DIRECTION('center_axis',(0.,0.,-1.));
#6950=DIRECTION('ref_axis',(1.,0.,0.));
#6951=DIRECTION('center_axis',(0.,0.,-1.));
#6952=DIRECTION('ref_axis',(0.455046990625456,-0.890467425750497,0.));
#6953=DIRECTION('',(-0.999975630705395,-0.00698126029796347,0.));
#6954=DIRECTION('center_axis',(0.,0.,1.));
#6955=DIRECTION('ref_axis',(-0.770513242775791,0.637423989748688,0.));
#6956=DIRECTION('',(0.180519145250557,-0.983571470813386,0.));
#6957=DIRECTION('center_axis',(0.,0.,-1.));
#6958=DIRECTION('ref_axis',(0.959962102805593,-0.280129900540917,0.));
#6959=DIRECTION('center_axis',(0.,0.,-1.));
#6960=DIRECTION('ref_axis',(1.,0.,0.));
#6961=DIRECTION('center_axis',(0.,0.,-1.));
#6962=DIRECTION('ref_axis',(0.33985364733543,-0.940478334887522,0.));
#6963=DIRECTION('',(-0.992965508106537,0.118403968306499,0.));
#6964=DIRECTION('center_axis',(0.,0.,1.));
#6965=DIRECTION('ref_axis',(-0.684547105928721,0.728968627421381,0.));
#6966=DIRECTION('',(0.055821504993161,-0.998440764181981,0.));
#6967=DIRECTION('center_axis',(0.,0.,-1.));
#6968=DIRECTION('ref_axis',(0.917282928645341,-0.398236147048238,0.));
#6969=DIRECTION('center_axis',(0.,0.,-1.));
#6970=DIRECTION('ref_axis',(1.,0.,0.));
#6971=DIRECTION('center_axis',(0.,0.,-1.));
#6972=DIRECTION('ref_axis',(0.21930060900828,-0.975657338868825,0.));
#6973=DIRECTION('',(-0.970295726275997,0.241921895599666,0.));
#6974=DIRECTION('center_axis',(0.,0.,1.));
#6975=DIRECTION('ref_axis',(-0.587785252292467,0.809016994374952,0.));
#6976=DIRECTION('',(-0.0697564737441284,-0.997564050259824,0.));
#6977=DIRECTION('center_axis',(0.,0.,-1.));
#6978=DIRECTION('ref_axis',(0.860137654742105,-0.510061971621832,0.));
#6979=DIRECTION('center_axis',(0.,0.,-1.));
#6980=DIRECTION('ref_axis',(1.,0.,0.));
#6981=DIRECTION('center_axis',(0.,0.,-1.));
#6982=DIRECTION('ref_axis',(0.0952890690730653,-0.99544964378676,0.));
#6983=DIRECTION('',(-0.932323801215513,0.36162457008209,0.));
#6984=DIRECTION('center_axis',(0.,0.,1.));
#6985=DIRECTION('ref_axis',(-0.48175367410174,0.87630668004385,0.));
#6986=DIRECTION('',(-0.194234351219974,-0.980955155349191,0.));
#6987=DIRECTION('center_axis',(0.,0.,-1.));
#6988=DIRECTION('ref_axis',(0.78942749620226,-0.613843814206701,0.));
#6989=DIRECTION('center_axis',(0.,0.,-1.));
#6990=DIRECTION('ref_axis',(1.,0.,0.));
#6991=DIRECTION('center_axis',(0.,0.,-1.));
#6992=DIRECTION('ref_axis',(-0.0302252364041745,-0.999543113169368,0.));
#6993=DIRECTION('',(-0.879648572866617,0.475624209070273,0.));
#6994=DIRECTION('center_axis',(0.,0.,1.));
#6995=DIRECTION('ref_axis',(-0.368124552684684,0.929776485888249,0.));
#6996=DIRECTION('',(-0.315649036947105,-0.948876011644496,0.));
#6997=DIRECTION('center_axis',(0.,0.,-1.));
#6998=DIRECTION('ref_axis',(0.706267594466173,-0.707944973149019,0.));
#6999=DIRECTION('center_axis',(0.,0.,-1.));
#7000=DIRECTION('ref_axis',(1.,0.,0.));
#7001=DIRECTION('center_axis',(0.,0.,-1.));
#7002=DIRECTION('ref_axis',(-0.155262871847826,-0.987873190559176,0.));
#7003=DIRECTION('',(-0.813100761047029,0.582122970157288,0.));
#7004=DIRECTION('center_axis',(0.,0.,1.));
#7005=DIRECTION('ref_axis',(-0.248689887164904,0.968583161128618,0.));
#7006=DIRECTION('',(-0.432085748801985,-0.901832526405113,0.));
#7007=DIRECTION('center_axis',(0.,0.,-1.));
#7008=DIRECTION('ref_axis',(0.611969430861559,-0.790881416958939,0.));
#7009=DIRECTION('center_axis',(0.,0.,-1.));
#7010=DIRECTION('ref_axis',(1.,0.,0.));
#7011=DIRECTION('center_axis',(0.,0.,-1.));
#7012=DIRECTION('ref_axis',(-0.277851919052808,-0.960623917607027,0.));
#7013=DIRECTION('',(-0.733729864502878,0.679441304261515,0.));
#7014=DIRECTION('center_axis',(0.,0.,1.));
#7015=DIRECTION('ref_axis',(-0.125333233564342,0.992114701314473,0.));
#7016=DIRECTION('',(-0.541708210282742,-0.840566603495683,0.));
#7017=DIRECTION('center_axis',(0.,0.,1.));
#7018=DIRECTION('ref_axis',(1.,0.,0.));
#7019=DIRECTION('center_axis',(0.,0.,1.));
#7020=DIRECTION('ref_axis',(0.508020143759328,-0.861345188373832,0.));
#7021=DIRECTION('',(0.,0.,-1.));
#7022=DIRECTION('',(0.,0.,1.));
#7023=DIRECTION('center_axis',(0.,0.,-1.));
#7024=DIRECTION('ref_axis',(-1.,0.,0.));
#7025=DIRECTION('center_axis',(0.,0.,1.));
#7026=DIRECTION('ref_axis',(-1.,0.,0.));
#7027=DIRECTION('',(0.,0.,1.));
#7028=DIRECTION('center_axis',(0.,0.,-1.));
#7029=DIRECTION('ref_axis',(-1.,0.,0.));
#7030=DIRECTION('center_axis',(0.,0.,-1.));
#7031=DIRECTION('ref_axis',(-1.,0.,0.));
#7032=DIRECTION('',(0.707106781186546,8.65956056235491E-17,-0.707106781186549));
#7033=DIRECTION('center_axis',(0.,0.,1.));
#7034=DIRECTION('ref_axis',(-1.,0.,0.));
#7035=DIRECTION('center_axis',(0.,0.,1.));
#7036=DIRECTION('ref_axis',(-1.,0.,0.));
#7037=DIRECTION('center_axis',(0.,0.,1.));
#7038=DIRECTION('ref_axis',(-1.,0.,0.));
#7039=DIRECTION('center_axis',(0.,0.,1.));
#7040=DIRECTION('ref_axis',(-1.,0.,0.));
#7041=DIRECTION('center_axis',(0.,0.,1.));
#7042=DIRECTION('ref_axis',(-1.,0.,0.));
#7043=DIRECTION('center_axis',(0.,0.,1.));
#7044=DIRECTION('ref_axis',(-1.,0.,0.));
#7045=DIRECTION('center_axis',(0.,0.,1.));
#7046=DIRECTION('ref_axis',(-1.,0.,0.));
#7047=DIRECTION('center_axis',(0.,0.,1.));
#7048=DIRECTION('ref_axis',(-1.,0.,0.));
#7049=DIRECTION('center_axis',(0.,0.,1.));
#7050=DIRECTION('ref_axis',(-1.,0.,0.));
#7051=DIRECTION('center_axis',(0.,0.,1.));
#7052=DIRECTION('ref_axis',(-1.,0.,0.));
#7053=DIRECTION('center_axis',(0.,0.,1.));
#7054=DIRECTION('ref_axis',(-1.,0.,0.));
#7055=DIRECTION('center_axis',(0.,0.,1.));
#7056=DIRECTION('ref_axis',(-1.,0.,0.));
#7057=DIRECTION('center_axis',(0.,0.,1.));
#7058=DIRECTION('ref_axis',(-1.,0.,0.));
#7059=DIRECTION('center_axis',(0.,0.,1.));
#7060=DIRECTION('ref_axis',(-1.,0.,0.));
#7061=DIRECTION('center_axis',(0.,0.,1.));
#7062=DIRECTION('ref_axis',(-1.,0.,0.));
#7063=DIRECTION('center_axis',(0.,0.,1.));
#7064=DIRECTION('ref_axis',(-1.,0.,0.));
#7065=DIRECTION('center_axis',(0.,0.,1.));
#7066=DIRECTION('ref_axis',(-1.,0.,0.));
#7067=DIRECTION('center_axis',(0.,0.,1.));
#7068=DIRECTION('ref_axis',(-1.,0.,0.));
#7069=DIRECTION('center_axis',(0.,0.,1.));
#7070=DIRECTION('ref_axis',(-1.,0.,0.));
#7071=DIRECTION('center_axis',(0.,0.,1.));
#7072=DIRECTION('ref_axis',(-1.,0.,0.));
#7073=DIRECTION('center_axis',(0.,0.,1.));
#7074=DIRECTION('ref_axis',(-1.,0.,0.));
#7075=DIRECTION('center_axis',(0.,0.,1.));
#7076=DIRECTION('ref_axis',(-1.,0.,0.));
#7077=DIRECTION('center_axis',(0.,0.,1.));
#7078=DIRECTION('ref_axis',(-1.,0.,0.));
#7079=DIRECTION('center_axis',(0.,0.,1.));
#7080=DIRECTION('ref_axis',(-1.,0.,0.));
#7081=DIRECTION('center_axis',(0.,0.,1.));
#7082=DIRECTION('ref_axis',(-1.,0.,0.));
#7083=DIRECTION('center_axis',(0.,0.,1.));
#7084=DIRECTION('ref_axis',(-1.,0.,0.));
#7085=DIRECTION('center_axis',(0.,0.,1.));
#7086=DIRECTION('ref_axis',(-1.,0.,0.));
#7087=DIRECTION('center_axis',(0.,0.,1.));
#7088=DIRECTION('ref_axis',(-1.,0.,0.));
#7089=DIRECTION('center_axis',(0.,0.,1.));
#7090=DIRECTION('ref_axis',(-1.,0.,0.));
#7091=DIRECTION('center_axis',(0.,0.,1.));
#7092=DIRECTION('ref_axis',(-1.,0.,0.));
#7093=DIRECTION('center_axis',(0.,0.,1.));
#7094=DIRECTION('ref_axis',(-1.,0.,0.));
#7095=DIRECTION('center_axis',(0.,0.,1.));
#7096=DIRECTION('ref_axis',(-1.,0.,0.));
#7097=DIRECTION('center_axis',(0.,0.,1.));
#7098=DIRECTION('ref_axis',(-1.,0.,0.));
#7099=DIRECTION('center_axis',(0.,0.,1.));
#7100=DIRECTION('ref_axis',(-1.,0.,0.));
#7101=DIRECTION('center_axis',(0.,0.,1.));
#7102=DIRECTION('ref_axis',(-1.,0.,0.));
#7103=DIRECTION('center_axis',(0.,0.,1.));
#7104=DIRECTION('ref_axis',(-1.,0.,0.));
#7105=DIRECTION('center_axis',(0.,0.,1.));
#7106=DIRECTION('ref_axis',(-1.,0.,0.));
#7107=DIRECTION('center_axis',(0.,0.,1.));
#7108=DIRECTION('ref_axis',(-1.,0.,0.));
#7109=DIRECTION('center_axis',(0.,0.,1.));
#7110=DIRECTION('ref_axis',(-1.,0.,0.));
#7111=DIRECTION('center_axis',(0.,0.,1.));
#7112=DIRECTION('ref_axis',(-1.,0.,0.));
#7113=DIRECTION('center_axis',(0.,0.,1.));
#7114=DIRECTION('ref_axis',(-1.,0.,0.));
#7115=DIRECTION('center_axis',(0.,0.,1.));
#7116=DIRECTION('ref_axis',(-1.,0.,0.));
#7117=DIRECTION('center_axis',(0.,0.,1.));
#7118=DIRECTION('ref_axis',(-1.,0.,0.));
#7119=DIRECTION('center_axis',(0.,0.,1.));
#7120=DIRECTION('ref_axis',(-1.,0.,0.));
#7121=DIRECTION('center_axis',(0.,0.,1.));
#7122=DIRECTION('ref_axis',(-1.,0.,0.));
#7123=DIRECTION('center_axis',(0.,0.,1.));
#7124=DIRECTION('ref_axis',(-1.,0.,0.));
#7125=DIRECTION('center_axis',(0.,0.,1.));
#7126=DIRECTION('ref_axis',(-1.,0.,0.));
#7127=DIRECTION('center_axis',(0.,0.,1.));
#7128=DIRECTION('ref_axis',(-1.,0.,0.));
#7129=DIRECTION('center_axis',(0.,0.,1.));
#7130=DIRECTION('ref_axis',(-1.,0.,0.));
#7131=DIRECTION('center_axis',(0.,0.,1.));
#7132=DIRECTION('ref_axis',(-1.,0.,0.));
#7133=DIRECTION('center_axis',(0.,0.,-1.));
#7134=DIRECTION('ref_axis',(-0.277851919052808,-0.960623917607027,0.));
#7135=DIRECTION('',(0.,0.,1.));
#7136=DIRECTION('',(0.,0.,-1.));
#7137=DIRECTION('center_axis',(0.,0.,-1.));
#7138=DIRECTION('ref_axis',(-1.,0.,0.));
#7139=DIRECTION('',(0.,0.,-1.));
#7140=DIRECTION('center_axis',(0.,0.,1.));
#7141=DIRECTION('ref_axis',(0.611969430861559,-0.790881416958939,0.));
#7142=DIRECTION('',(0.,0.,1.));
#7143=DIRECTION('center_axis',(0.,0.,-1.));
#7144=DIRECTION('ref_axis',(-0.155262871847826,-0.987873190559176,0.));
#7145=DIRECTION('',(0.,0.,1.));
#7146=DIRECTION('',(0.,0.,-1.));
#7147=DIRECTION('center_axis',(0.,0.,-1.));
#7148=DIRECTION('ref_axis',(-1.,0.,0.));
#7149=DIRECTION('',(0.,0.,-1.));
#7150=DIRECTION('center_axis',(0.,0.,1.));
#7151=DIRECTION('ref_axis',(0.706267594466173,-0.707944973149019,0.));
#7152=DIRECTION('',(0.,0.,1.));
#7153=DIRECTION('center_axis',(0.,0.,-1.));
#7154=DIRECTION('ref_axis',(-0.0302252364041745,-0.999543113169368,0.));
#7155=DIRECTION('',(0.,0.,1.));
#7156=DIRECTION('',(0.,0.,-1.));
#7157=DIRECTION('center_axis',(0.,0.,-1.));
#7158=DIRECTION('ref_axis',(-1.,0.,0.));
#7159=DIRECTION('',(0.,0.,-1.));
#7160=DIRECTION('center_axis',(0.,0.,1.));
#7161=DIRECTION('ref_axis',(0.78942749620226,-0.613843814206701,0.));
#7162=DIRECTION('',(0.,0.,1.));
#7163=DIRECTION('center_axis',(0.,0.,-1.));
#7164=DIRECTION('ref_axis',(0.0952890690730653,-0.99544964378676,0.));
#7165=DIRECTION('',(0.,0.,1.));
#7166=DIRECTION('',(0.,0.,-1.));
#7167=DIRECTION('center_axis',(0.,0.,-1.));
#7168=DIRECTION('ref_axis',(-1.,0.,0.));
#7169=DIRECTION('',(0.,0.,-1.));
#7170=DIRECTION('center_axis',(0.,0.,1.));
#7171=DIRECTION('ref_axis',(0.860137654742105,-0.510061971621832,0.));
#7172=DIRECTION('',(0.,0.,1.));
#7173=DIRECTION('center_axis',(0.,0.,-1.));
#7174=DIRECTION('ref_axis',(0.21930060900828,-0.975657338868825,0.));
#7175=DIRECTION('',(0.,0.,1.));
#7176=DIRECTION('',(0.,0.,-1.));
#7177=DIRECTION('center_axis',(0.,0.,-1.));
#7178=DIRECTION('ref_axis',(-1.,0.,0.));
#7179=DIRECTION('',(0.,0.,-1.));
#7180=DIRECTION('center_axis',(0.,0.,1.));
#7181=DIRECTION('ref_axis',(0.917282928645341,-0.398236147048238,0.));
#7182=DIRECTION('',(0.,0.,1.));
#7183=DIRECTION('center_axis',(0.,0.,-1.));
#7184=DIRECTION('ref_axis',(0.33985364733543,-0.940478334887522,0.));
#7185=DIRECTION('',(0.,0.,1.));
#7186=DIRECTION('',(0.,0.,-1.));
#7187=DIRECTION('center_axis',(0.,0.,-1.));
#7188=DIRECTION('ref_axis',(-1.,0.,0.));
#7189=DIRECTION('',(0.,0.,-1.));
#7190=DIRECTION('center_axis',(0.,0.,1.));
#7191=DIRECTION('ref_axis',(0.959962102805593,-0.280129900540917,0.));
#7192=DIRECTION('',(0.,0.,1.));
#7193=DIRECTION('center_axis',(0.,0.,-1.));
#7194=DIRECTION('ref_axis',(0.455046990625456,-0.890467425750497,0.));
#7195=DIRECTION('',(0.,0.,1.));
#7196=DIRECTION('',(0.,0.,-1.));
#7197=DIRECTION('center_axis',(0.,0.,-1.));
#7198=DIRECTION('ref_axis',(-1.,0.,0.));
#7199=DIRECTION('',(0.,0.,-1.));
#7200=DIRECTION('center_axis',(0.,0.,1.));
#7201=DIRECTION('ref_axis',(0.987502101151029,-0.157605838160594,0.));
#7202=DIRECTION('',(0.,0.,1.));
#7203=DIRECTION('center_axis',(0.,0.,-1.));
#7204=DIRECTION('ref_axis',(0.563063971041389,-0.826413313369951,0.));
#7205=DIRECTION('',(0.,0.,1.));
#7206=DIRECTION('',(0.,0.,-1.));
#7207=DIRECTION('center_axis',(0.,0.,-1.));
#7208=DIRECTION('ref_axis',(-1.,0.,0.));
#7209=DIRECTION('',(0.,0.,-1.));
#7210=DIRECTION('center_axis',(0.,0.,1.));
#7211=DIRECTION('ref_axis',(0.999468601456152,-0.0325962375633107,0.));
#7212=DIRECTION('',(0.,0.,1.));
#7213=DIRECTION('center_axis',(0.,0.,-1.));
#7214=DIRECTION('ref_axis',(0.662201096275887,-0.74932616936219,0.));
#7215=DIRECTION('',(0.,0.,1.));
#7216=DIRECTION('',(0.,0.,-1.));
#7217=DIRECTION('center_axis',(0.,0.,-1.));
#7218=DIRECTION('ref_axis',(-1.,0.,0.));
#7219=DIRECTION('',(0.,0.,-1.));
#7220=DIRECTION('center_axis',(0.,0.,1.));
#7221=DIRECTION('ref_axis',(0.995672884862713,0.0929274251723479,0.));
#7222=DIRECTION('',(0.,0.,1.));
#7223=DIRECTION('center_axis',(0.,0.,-1.));
#7224=DIRECTION('ref_axis',(0.750894914642459,-0.660421704037726,0.));
#7225=DIRECTION('',(0.,0.,1.));
#7226=DIRECTION('',(0.,0.,-1.));
#7227=DIRECTION('center_axis',(0.,0.,-1.));
#7228=DIRECTION('ref_axis',(-1.,0.,0.));
#7229=DIRECTION('',(0.,0.,-1.));
#7230=DIRECTION('center_axis',(0.,0.,1.));
#7231=DIRECTION('ref_axis',(0.976174812088834,0.216985566900955,0.));
#7232=DIRECTION('',(0.,0.,1.));
#7233=DIRECTION('center_axis',(0.,0.,-1.));
#7234=DIRECTION('ref_axis',(0.827746671642105,-0.561101993923937,0.));
#7235=DIRECTION('',(0.,0.,1.));
#7236=DIRECTION('',(0.,0.,-1.));
#7237=DIRECTION('center_axis',(0.,0.,-1.));
#7238=DIRECTION('ref_axis',(-1.,0.,0.));
#7239=DIRECTION('',(0.,0.,-1.));
#7240=DIRECTION('center_axis',(0.,0.,1.));
#7241=DIRECTION('ref_axis',(0.941281879389739,0.337621716618645,0.));
#7242=DIRECTION('',(0.,0.,1.));
#7243=DIRECTION('center_axis',(0.,0.,-1.));
#7244=DIRECTION('ref_axis',(0.891544369158111,-0.452933370179837,0.));
#7245=DIRECTION('',(0.,0.,1.));
#7246=DIRECTION('',(0.,0.,-1.));
#7247=DIRECTION('center_axis',(0.,0.,-1.));
#7248=DIRECTION('ref_axis',(1.,-1.01064309961486E-15,0.));
#7249=DIRECTION('',(0.,0.,-1.));
#7250=DIRECTION('center_axis',(0.,0.,1.));
#7251=DIRECTION('ref_axis',(0.891544369158138,0.452933370179784,0.));
#7252=DIRECTION('',(0.,0.,1.));
#7253=DIRECTION('center_axis',(0.,0.,-1.));
#7254=DIRECTION('ref_axis',(0.941281879389739,-0.337621716618645,0.));
#7255=DIRECTION('',(0.,0.,1.));
#7256=DIRECTION('',(0.,0.,-1.));
#7257=DIRECTION('center_axis',(0.,0.,-1.));
#7258=DIRECTION('ref_axis',(-1.,0.,0.));
#7259=DIRECTION('',(0.,0.,-1.));
#7260=DIRECTION('center_axis',(0.,0.,1.));
#7261=DIRECTION('ref_axis',(0.827746671642146,0.561101993923875,0.));
#7262=DIRECTION('',(0.,0.,1.));
#7263=DIRECTION('center_axis',(0.,0.,-1.));
#7264=DIRECTION('ref_axis',(0.976174812088834,-0.216985566900959,0.));
#7265=DIRECTION('',(0.,0.,1.));
#7266=DIRECTION('',(0.,0.,-1.));
#7267=DIRECTION('center_axis',(0.,0.,-1.));
#7268=DIRECTION('ref_axis',(-1.,0.,0.));
#7269=DIRECTION('',(0.,0.,-1.));
#7270=DIRECTION('center_axis',(0.,0.,1.));
#7271=DIRECTION('ref_axis',(0.750894914642418,0.660421704037773,0.));
#7272=DIRECTION('',(0.,0.,1.));
#7273=DIRECTION('center_axis',(0.,0.,-1.));
#7274=DIRECTION('ref_axis',(0.995672884862709,-0.092927425172393,0.));
#7275=DIRECTION('',(0.,0.,1.));
#7276=DIRECTION('',(0.,0.,-1.));
#7277=DIRECTION('center_axis',(0.,0.,-1.));
#7278=DIRECTION('ref_axis',(-1.,0.,0.));
#7279=DIRECTION('',(0.,0.,-1.));
#7280=DIRECTION('center_axis',(0.,0.,1.));
#7281=DIRECTION('ref_axis',(0.662201096275945,0.749326169362139,0.));
#7282=DIRECTION('',(0.,0.,1.));
#7283=DIRECTION('center_axis',(0.,0.,-1.));
#7284=DIRECTION('ref_axis',(0.999468601456152,0.032596237563315,0.));
#7285=DIRECTION('',(0.,0.,1.));
#7286=DIRECTION('',(0.,0.,-1.));
#7287=DIRECTION('center_axis',(0.,0.,-1.));
#7288=DIRECTION('ref_axis',(-1.,0.,0.));
#7289=DIRECTION('',(0.,0.,-1.));
#7290=DIRECTION('center_axis',(0.,0.,1.));
#7291=DIRECTION('ref_axis',(0.563063971041405,0.826413313369941,0.));
#7292=DIRECTION('',(0.,0.,1.));
#7293=DIRECTION('center_axis',(0.,0.,-1.));
#7294=DIRECTION('ref_axis',(0.987502101151029,0.157605838160594,0.));
#7295=DIRECTION('',(0.,0.,1.));
#7296=DIRECTION('',(0.,0.,-1.));
#7297=DIRECTION('center_axis',(0.,0.,-1.));
#7298=DIRECTION('ref_axis',(-1.,0.,0.));
#7299=DIRECTION('',(0.,0.,-1.));
#7300=DIRECTION('center_axis',(0.,0.,1.));
#7301=DIRECTION('ref_axis',(0.455046990625365,0.890467425750543,0.));
#7302=DIRECTION('',(0.,0.,1.));
#7303=DIRECTION('center_axis',(0.,0.,-1.));
#7304=DIRECTION('ref_axis',(0.959962102805584,0.280129900540947,0.));
#7305=DIRECTION('',(0.,0.,1.));
#7306=DIRECTION('',(0.,0.,-1.));
#7307=DIRECTION('center_axis',(0.,0.,-1.));
#7308=DIRECTION('ref_axis',(-1.,0.,0.));
#7309=DIRECTION('',(0.,0.,-1.));
#7310=DIRECTION('center_axis',(0.,0.,1.));
#7311=DIRECTION('ref_axis',(0.33985364733543,0.940478334887522,0.));
#7312=DIRECTION('',(0.,0.,1.));
#7313=DIRECTION('center_axis',(0.,0.,-1.));
#7314=DIRECTION('ref_axis',(0.917282928645353,0.39823614704821,0.));
#7315=DIRECTION('',(0.,0.,1.));
#7316=DIRECTION('',(0.,0.,-1.));
#7317=DIRECTION('center_axis',(0.,0.,-1.));
#7318=DIRECTION('ref_axis',(-1.,0.,0.));
#7319=DIRECTION('',(0.,0.,-1.));
#7320=DIRECTION('center_axis',(0.,0.,1.));
#7321=DIRECTION('ref_axis',(0.219300609008147,0.975657338868855,0.));
#7322=DIRECTION('',(0.,0.,1.));
#7323=DIRECTION('center_axis',(0.,0.,-1.));
#7324=DIRECTION('ref_axis',(0.8601376547421,0.510061971621841,0.));
#7325=DIRECTION('',(0.,0.,1.));
#7326=DIRECTION('',(0.,0.,-1.));
#7327=DIRECTION('center_axis',(0.,0.,-1.));
#7328=DIRECTION('ref_axis',(-1.,0.,0.));
#7329=DIRECTION('',(0.,0.,-1.));
#7330=DIRECTION('center_axis',(0.,0.,1.));
#7331=DIRECTION('ref_axis',(0.095289069073059,0.995449643786761,0.));
#7332=DIRECTION('',(0.,0.,1.));
#7333=DIRECTION('center_axis',(0.,0.,-1.));
#7334=DIRECTION('ref_axis',(0.78942749620221,0.613843814206765,0.));
#7335=DIRECTION('',(0.,0.,1.));
#7336=DIRECTION('',(0.,0.,-1.));
#7337=DIRECTION('center_axis',(0.,0.,-1.));
#7338=DIRECTION('ref_axis',(-1.,0.,0.));
#7339=DIRECTION('',(0.,0.,-1.));
#7340=DIRECTION('center_axis',(0.,0.,1.));
#7341=DIRECTION('ref_axis',(-0.0302252364043059,0.999543113169364,0.));
#7342=DIRECTION('',(0.,0.,1.));
#7343=DIRECTION('center_axis',(0.,0.,-1.));
#7344=DIRECTION('ref_axis',(0.706267594466156,0.707944973149036,0.));
#7345=DIRECTION('',(0.,0.,1.));
#7346=DIRECTION('',(0.,0.,-1.));
#7347=DIRECTION('center_axis',(0.,0.,-1.));
#7348=DIRECTION('ref_axis',(-1.,0.,0.));
#7349=DIRECTION('',(0.,0.,-1.));
#7350=DIRECTION('center_axis',(0.,0.,1.));
#7351=DIRECTION('ref_axis',(-0.155262871847826,0.987873190559176,0.));
#7352=DIRECTION('',(0.,0.,1.));
#7353=DIRECTION('center_axis',(0.,0.,-1.));
#7354=DIRECTION('ref_axis',(0.611969430861492,0.790881416958991,0.));
#7355=DIRECTION('',(0.,0.,1.));
#7356=DIRECTION('',(0.,0.,-1.));
#7357=DIRECTION('center_axis',(0.,0.,-1.));
#7358=DIRECTION('ref_axis',(-1.,0.,0.));
#7359=DIRECTION('',(0.,0.,-1.));
#7360=DIRECTION('center_axis',(0.,0.,1.));
#7361=DIRECTION('ref_axis',(-0.277851919052834,0.960623917607019,0.));
#7362=DIRECTION('',(0.,0.,1.));
#7363=DIRECTION('center_axis',(0.,0.,-1.));
#7364=DIRECTION('ref_axis',(0.508020143759328,0.861345188373832,0.));
#7365=DIRECTION('',(0.,0.,1.));
#7366=DIRECTION('',(0.,0.,-1.));
#7367=DIRECTION('center_axis',(0.,0.,-1.));
#7368=DIRECTION('ref_axis',(-1.,0.,0.));
#7369=DIRECTION('',(0.,0.,-1.));
#7370=DIRECTION('center_axis',(0.,0.,1.));
#7371=DIRECTION('ref_axis',(-0.396059075513641,0.918225031625298,0.));
#7372=DIRECTION('',(0.,0.,1.));
#7373=DIRECTION('center_axis',(0.,0.,-1.));
#7374=DIRECTION('ref_axis',(0.396059075513629,0.918225031625303,0.));
#7375=DIRECTION('',(0.,0.,1.));
#7376=DIRECTION('',(0.,0.,-1.));
#7377=DIRECTION('center_axis',(0.,0.,-1.));
#7378=DIRECTION('ref_axis',(-1.,0.,0.));
#7379=DIRECTION('',(0.,0.,-1.));
#7380=DIRECTION('center_axis',(0.,0.,1.));
#7381=DIRECTION('ref_axis',(-0.508020143759426,0.861345188373774,0.));
#7382=DIRECTION('',(0.,0.,1.));
#7383=DIRECTION('center_axis',(0.,0.,-1.));
#7384=DIRECTION('ref_axis',(0.277851919052834,0.960623917607019,0.));
#7385=DIRECTION('',(0.,0.,1.));
#7386=DIRECTION('',(0.,0.,-1.));
#7387=DIRECTION('center_axis',(0.,0.,-1.));
#7388=DIRECTION('ref_axis',(-1.,0.,0.));
#7389=DIRECTION('',(0.,0.,-1.));
#7390=DIRECTION('center_axis',(0.,0.,1.));
#7391=DIRECTION('ref_axis',(-0.611969430861509,0.790881416958978,0.));
#7392=DIRECTION('',(0.,0.,1.));
#7393=DIRECTION('center_axis',(0.,0.,-1.));
#7394=DIRECTION('ref_axis',(0.155262871847956,0.987873190559155,0.));
#7395=DIRECTION('',(0.,0.,1.));
#7396=DIRECTION('',(0.,0.,-1.));
#7397=DIRECTION('center_axis',(0.,0.,-1.));
#7398=DIRECTION('ref_axis',(-1.,0.,0.));
#7399=DIRECTION('',(0.,0.,-1.));
#7400=DIRECTION('center_axis',(0.,0.,1.));
#7401=DIRECTION('ref_axis',(-0.706267594466106,0.707944973149086,0.));
#7402=DIRECTION('',(0.,0.,1.));
#7403=DIRECTION('center_axis',(0.,0.,-1.));
#7404=DIRECTION('ref_axis',(0.0302252364041735,0.999543113169368,0.));
#7405=DIRECTION('',(0.,0.,1.));
#7406=DIRECTION('',(0.,0.,-1.));
#7407=DIRECTION('center_axis',(0.,0.,-1.));
#7408=DIRECTION('ref_axis',(-1.,0.,0.));
#7409=DIRECTION('',(0.,0.,-1.));
#7410=DIRECTION('center_axis',(0.,0.,1.));
#7411=DIRECTION('ref_axis',(-0.78942749620226,0.613843814206701,0.));
#7412=DIRECTION('',(0.,0.,1.));
#7413=DIRECTION('center_axis',(0.,0.,-1.));
#7414=DIRECTION('ref_axis',(-0.0952890690730527,0.995449643786762,0.));
#7415=DIRECTION('',(0.,0.,1.));
#7416=DIRECTION('',(0.,0.,-1.));
#7417=DIRECTION('center_axis',(0.,0.,-1.));
#7418=DIRECTION('ref_axis',(-1.,0.,0.));
#7419=DIRECTION('',(0.,0.,-1.));
#7420=DIRECTION('center_axis',(0.,0.,1.));
#7421=DIRECTION('ref_axis',(-0.86013765474212,0.510061971621808,0.));
#7422=DIRECTION('',(0.,0.,1.));
#7423=DIRECTION('center_axis',(0.,0.,-1.));
#7424=DIRECTION('ref_axis',(-0.21930060900828,0.975657338868825,0.));
#7425=DIRECTION('',(0.,0.,1.));
#7426=DIRECTION('',(0.,0.,-1.));
#7427=DIRECTION('center_axis',(0.,0.,-1.));
#7428=DIRECTION('ref_axis',(-1.,0.,0.));
#7429=DIRECTION('',(0.,0.,-1.));
#7430=DIRECTION('center_axis',(0.,0.,1.));
#7431=DIRECTION('ref_axis',(-0.917282928645341,0.398236147048238,0.));
#7432=DIRECTION('',(0.,0.,1.));
#7433=DIRECTION('center_axis',(0.,0.,-1.));
#7434=DIRECTION('ref_axis',(-0.33985364733543,0.940478334887522,0.));
#7435=DIRECTION('',(0.,0.,1.));
#7436=DIRECTION('',(0.,0.,-1.));
#7437=DIRECTION('center_axis',(0.,0.,-1.));
#7438=DIRECTION('ref_axis',(-1.,0.,0.));
#7439=DIRECTION('',(0.,0.,-1.));
#7440=DIRECTION('center_axis',(0.,0.,1.));
#7441=DIRECTION('ref_axis',(-0.959962102805603,0.280129900540881,0.));
#7442=DIRECTION('',(0.,0.,1.));
#7443=DIRECTION('center_axis',(0.,0.,-1.));
#7444=DIRECTION('ref_axis',(-0.455046990625351,0.89046742575055,0.));
#7445=DIRECTION('',(0.,0.,1.));
#7446=DIRECTION('',(0.,0.,-1.));
#7447=DIRECTION('center_axis',(0.,0.,-1.));
#7448=DIRECTION('ref_axis',(-1.,0.,0.));
#7449=DIRECTION('',(0.,0.,-1.));
#7450=DIRECTION('center_axis',(0.,0.,1.));
#7451=DIRECTION('ref_axis',(-0.987502101151032,0.157605838160573,0.));
#7452=DIRECTION('',(0.,0.,1.));
#7453=DIRECTION('center_axis',(0.,0.,-1.));
#7454=DIRECTION('ref_axis',(-0.563063971041389,0.826413313369951,0.));
#7455=DIRECTION('',(0.,0.,1.));
#7456=DIRECTION('',(0.,0.,-1.));
#7457=DIRECTION('center_axis',(0.,0.,-1.));
#7458=DIRECTION('ref_axis',(-1.,0.,0.));
#7459=DIRECTION('',(0.,0.,-1.));
#7460=DIRECTION('center_axis',(0.,0.,1.));
#7461=DIRECTION('ref_axis',(-0.999468601456151,0.0325962375633438,0.));
#7462=DIRECTION('',(0.,0.,1.));
#7463=DIRECTION('center_axis',(0.,0.,-1.));
#7464=DIRECTION('ref_axis',(-0.662201096275945,0.749326169362139,0.));
#7465=DIRECTION('',(0.,0.,1.));
#7466=DIRECTION('',(0.,0.,-1.));
#7467=DIRECTION('center_axis',(0.,0.,-1.));
#7468=DIRECTION('ref_axis',(-1.,0.,0.));
#7469=DIRECTION('',(0.,0.,-1.));
#7470=DIRECTION('center_axis',(0.,0.,1.));
#7471=DIRECTION('ref_axis',(-0.99567288486271,-0.0929274251723808,0.));
#7472=DIRECTION('',(0.,0.,1.));
#7473=DIRECTION('center_axis',(0.,0.,-1.));
#7474=DIRECTION('ref_axis',(-0.750894914642435,0.660421704037754,0.));
#7475=DIRECTION('',(0.,0.,1.));
#7476=DIRECTION('',(0.,0.,-1.));
#7477=DIRECTION('center_axis',(0.,0.,-1.));
#7478=DIRECTION('ref_axis',(-1.,0.,0.));
#7479=DIRECTION('',(0.,0.,-1.));
#7480=DIRECTION('center_axis',(0.,0.,1.));
#7481=DIRECTION('ref_axis',(-0.976174812088834,-0.216985566900959,0.));
#7482=DIRECTION('',(0.,0.,1.));
#7483=DIRECTION('center_axis',(0.,0.,-1.));
#7484=DIRECTION('ref_axis',(-0.827746671642146,0.561101993923875,0.));
#7485=DIRECTION('',(0.,0.,1.));
#7486=DIRECTION('',(0.,0.,-1.));
#7487=DIRECTION('center_axis',(0.,0.,-1.));
#7488=DIRECTION('ref_axis',(-1.,0.,0.));
#7489=DIRECTION('',(0.,0.,-1.));
#7490=DIRECTION('center_axis',(0.,0.,1.));
#7491=DIRECTION('ref_axis',(-0.941281879389739,-0.337621716618645,0.));
#7492=DIRECTION('',(0.,0.,1.));
#7493=DIRECTION('center_axis',(0.,0.,-1.));
#7494=DIRECTION('ref_axis',(-0.891544369158138,0.452933370179784,0.));
#7495=DIRECTION('',(0.,0.,1.));
#7496=DIRECTION('',(0.,0.,-1.));
#7497=DIRECTION('center_axis',(0.,0.,-1.));
#7498=DIRECTION('ref_axis',(-1.,0.,0.));
#7499=DIRECTION('',(0.,0.,-1.));
#7500=DIRECTION('center_axis',(0.,0.,1.));
#7501=DIRECTION('ref_axis',(-0.891544369158111,-0.452933370179837,0.));
#7502=DIRECTION('',(0.,0.,1.));
#7503=DIRECTION('center_axis',(0.,0.,-1.));
#7504=DIRECTION('ref_axis',(-0.941281879389739,0.337621716618645,0.));
#7505=DIRECTION('',(0.,0.,1.));
#7506=DIRECTION('',(0.,0.,-1.));
#7507=DIRECTION('center_axis',(0.,0.,-1.));
#7508=DIRECTION('ref_axis',(-1.,0.,0.));
#7509=DIRECTION('',(0.,0.,-1.));
#7510=DIRECTION('center_axis',(0.,0.,1.));
#7511=DIRECTION('ref_axis',(-0.827746671642146,-0.561101993923875,0.));
#7512=DIRECTION('',(0.,0.,1.));
#7513=DIRECTION('center_axis',(0.,0.,-1.));
#7514=DIRECTION('ref_axis',(-0.976174812088834,0.216985566900955,0.));
#7515=DIRECTION('',(0.,0.,1.));
#7516=DIRECTION('',(0.,0.,-1.));
#7517=DIRECTION('center_axis',(0.,0.,-1.));
#7518=DIRECTION('ref_axis',(-1.,0.,0.));
#7519=DIRECTION('',(0.,0.,-1.));
#7520=DIRECTION('center_axis',(0.,0.,1.));
#7521=DIRECTION('ref_axis',(-0.750894914642402,-0.660421704037792,0.));
#7522=DIRECTION('',(0.,0.,1.));
#7523=DIRECTION('center_axis',(0.,0.,-1.));
#7524=DIRECTION('ref_axis',(-0.995672884862712,0.0929274251723602,0.));
#7525=DIRECTION('',(0.,0.,1.));
#7526=DIRECTION('',(0.,0.,-1.));
#7527=DIRECTION('center_axis',(0.,0.,-1.));
#7528=DIRECTION('ref_axis',(-1.,0.,0.));
#7529=DIRECTION('',(0.,0.,-1.));
#7530=DIRECTION('center_axis',(0.,0.,1.));
#7531=DIRECTION('ref_axis',(-0.662201096275887,-0.74932616936219,0.));
#7532=DIRECTION('',(0.,0.,1.));
#7533=DIRECTION('center_axis',(0.,0.,-1.));
#7534=DIRECTION('ref_axis',(-0.999468601456152,-0.0325962375633107,0.));
#7535=DIRECTION('',(0.,0.,1.));
#7536=DIRECTION('',(0.,0.,-1.));
#7537=DIRECTION('center_axis',(0.,0.,-1.));
#7538=DIRECTION('ref_axis',(-1.,0.,0.));
#7539=DIRECTION('',(0.,0.,-1.));
#7540=DIRECTION('center_axis',(0.,0.,1.));
#7541=DIRECTION('ref_axis',(-0.56306397104142,-0.82641331336993,0.));
#7542=DIRECTION('',(0.,0.,1.));
#7543=DIRECTION('center_axis',(0.,0.,-1.));
#7544=DIRECTION('ref_axis',(-0.987502101151032,-0.157605838160573,0.));
#7545=DIRECTION('',(0.,0.,1.));
#7546=DIRECTION('',(0.,0.,-1.));
#7547=DIRECTION('center_axis',(0.,0.,-1.));
#7548=DIRECTION('ref_axis',(-1.,0.,0.));
#7549=DIRECTION('',(0.,0.,-1.));
#7550=DIRECTION('center_axis',(0.,0.,1.));
#7551=DIRECTION('ref_axis',(-0.455046990625456,-0.890467425750497,0.));
#7552=DIRECTION('',(0.,0.,1.));
#7553=DIRECTION('center_axis',(0.,0.,-1.));
#7554=DIRECTION('ref_axis',(-0.959962102805583,-0.280129900540953,0.));
#7555=DIRECTION('',(0.,0.,1.));
#7556=DIRECTION('',(0.,0.,-1.));
#7557=DIRECTION('center_axis',(0.,0.,-1.));
#7558=DIRECTION('ref_axis',(-1.,0.,0.));
#7559=DIRECTION('',(0.,0.,-1.));
#7560=DIRECTION('center_axis',(0.,0.,1.));
#7561=DIRECTION('ref_axis',(-0.33985364733543,-0.940478334887522,0.));
#7562=DIRECTION('',(0.,0.,1.));
#7563=DIRECTION('center_axis',(0.,0.,-1.));
#7564=DIRECTION('ref_axis',(-0.917282928645341,-0.398236147048238,0.));
#7565=DIRECTION('',(0.,0.,1.));
#7566=DIRECTION('',(0.,0.,-1.));
#7567=DIRECTION('center_axis',(0.,0.,-1.));
#7568=DIRECTION('ref_axis',(-1.,0.,0.));
#7569=DIRECTION('',(0.,0.,-1.));
#7570=DIRECTION('center_axis',(0.,0.,1.));
#7571=DIRECTION('ref_axis',(-0.219300609008154,-0.975657338868854,0.));
#7572=DIRECTION('',(0.,0.,1.));
#7573=DIRECTION('center_axis',(0.,0.,-1.));
#7574=DIRECTION('ref_axis',(-0.860137654742071,-0.51006197162189,0.));
#7575=DIRECTION('',(0.,0.,1.));
#7576=DIRECTION('',(0.,0.,-1.));
#7577=DIRECTION('center_axis',(0.,0.,-1.));
#7578=DIRECTION('ref_axis',(-1.,0.,0.));
#7579=DIRECTION('',(0.,0.,-1.));
#7580=DIRECTION('center_axis',(0.,0.,1.));
#7581=DIRECTION('ref_axis',(-0.0952890690730527,-0.995449643786762,0.));
#7582=DIRECTION('',(0.,0.,1.));
#7583=DIRECTION('center_axis',(0.,0.,-1.));
#7584=DIRECTION('ref_axis',(-0.78942749620226,-0.613843814206701,0.));
#7585=DIRECTION('',(0.,0.,1.));
#7586=DIRECTION('',(0.,0.,-1.));
#7587=DIRECTION('center_axis',(0.,0.,-1.));
#7588=DIRECTION('ref_axis',(-1.,0.,0.));
#7589=DIRECTION('',(0.,0.,-1.));
#7590=DIRECTION('center_axis',(0.,0.,1.));
#7591=DIRECTION('ref_axis',(0.0302252364041745,-0.999543113169368,0.));
#7592=DIRECTION('',(0.,0.,1.));
#7593=DIRECTION('center_axis',(0.,0.,-1.));
#7594=DIRECTION('ref_axis',(-0.706267594466173,-0.707944973149019,0.));
#7595=DIRECTION('',(0.,0.,1.));
#7596=DIRECTION('',(0.,0.,-1.));
#7597=DIRECTION('center_axis',(0.,0.,-1.));
#7598=DIRECTION('ref_axis',(-1.,0.,0.));
#7599=DIRECTION('',(0.,0.,-1.));
#7600=DIRECTION('center_axis',(0.,0.,1.));
#7601=DIRECTION('ref_axis',(0.155262871847816,-0.987873190559177,0.));
#7602=DIRECTION('',(0.,0.,1.));
#7603=DIRECTION('center_axis',(0.,0.,-1.));
#7604=DIRECTION('ref_axis',(-0.611969430861559,-0.790881416958939,0.));
#7605=DIRECTION('',(0.,0.,1.));
#7606=DIRECTION('',(0.,0.,-1.));
#7607=DIRECTION('center_axis',(0.,0.,-1.));
#7608=DIRECTION('ref_axis',(-1.,0.,0.));
#7609=DIRECTION('',(0.,0.,-1.));
#7610=DIRECTION('center_axis',(0.,0.,1.));
#7611=DIRECTION('ref_axis',(0.277851919052825,-0.960623917607022,0.));
#7612=DIRECTION('',(0.,0.,1.));
#7613=DIRECTION('center_axis',(0.,0.,-1.));
#7614=DIRECTION('ref_axis',(-0.508020143759328,-0.861345188373832,0.));
#7615=DIRECTION('',(0.,0.,1.));
#7616=DIRECTION('',(0.,0.,-1.));
#7617=DIRECTION('center_axis',(0.,0.,-1.));
#7618=DIRECTION('ref_axis',(-1.,0.,0.));
#7619=DIRECTION('',(0.,0.,-1.));
#7620=DIRECTION('center_axis',(0.,0.,-1.));
#7621=DIRECTION('ref_axis',(-0.125333233564342,0.992114701314473,0.));
#7622=DIRECTION('',(0.,0.,-1.));
#7623=DIRECTION('',(0.,0.,1.));
#7624=DIRECTION('center_axis',(-0.840566603495683,0.541708210282742,0.));
#7625=DIRECTION('ref_axis',(0.541708210282742,0.840566603495683,0.));
#7626=DIRECTION('center_axis',(0.,0.,-1.));
#7627=DIRECTION('ref_axis',(-0.248689887164904,0.968583161128618,0.));
#7628=DIRECTION('',(0.,0.,-1.));
#7629=DIRECTION('',(0.,0.,1.));
#7630=DIRECTION('center_axis',(-0.901832526405113,0.432085748801985,0.));
#7631=DIRECTION('ref_axis',(0.432085748801985,0.901832526405113,0.));
#7632=DIRECTION('center_axis',(0.,0.,-1.));
#7633=DIRECTION('ref_axis',(-0.368124552684684,0.929776485888249,0.));
#7634=DIRECTION('',(0.,0.,-1.));
#7635=DIRECTION('',(0.,0.,1.));
#7636=DIRECTION('center_axis',(-0.948876011644496,0.315649036947105,0.));
#7637=DIRECTION('ref_axis',(0.315649036947105,0.948876011644496,0.));
#7638=DIRECTION('center_axis',(0.,0.,-1.));
#7639=DIRECTION('ref_axis',(-0.48175367410174,0.87630668004385,0.));
#7640=DIRECTION('',(0.,0.,-1.));
#7641=DIRECTION('',(0.,0.,1.));
#7642=DIRECTION('center_axis',(-0.980955155349191,0.194234351219974,0.));
#7643=DIRECTION('ref_axis',(0.194234351219974,0.980955155349191,0.));
#7644=DIRECTION('center_axis',(0.,0.,-1.));
#7645=DIRECTION('ref_axis',(-0.587785252292467,0.809016994374952,0.));
#7646=DIRECTION('',(0.,0.,-1.));
#7647=DIRECTION('',(0.,0.,1.));
#7648=DIRECTION('center_axis',(-0.997564050259824,0.0697564737441284,0.));
#7649=DIRECTION('ref_axis',(0.0697564737441284,0.997564050259824,0.));
#7650=DIRECTION('center_axis',(0.,0.,-1.));
#7651=DIRECTION('ref_axis',(-0.684547105928721,0.728968627421381,0.));
#7652=DIRECTION('',(0.,0.,-1.));
#7653=DIRECTION('',(0.,0.,1.));
#7654=DIRECTION('center_axis',(-0.998440764181981,-0.055821504993161,0.));
#7655=DIRECTION('ref_axis',(-0.055821504993161,0.998440764181981,0.));
#7656=DIRECTION('center_axis',(0.,0.,-1.));
#7657=DIRECTION('ref_axis',(-0.770513242775791,0.637423989748688,0.));
#7658=DIRECTION('',(0.,0.,-1.));
#7659=DIRECTION('',(0.,0.,1.));
#7660=DIRECTION('center_axis',(-0.983571470813386,-0.180519145250557,0.));
#7661=DIRECTION('ref_axis',(-0.180519145250557,0.983571470813386,0.));
#7662=DIRECTION('center_axis',(0.,0.,-1.));
#7663=DIRECTION('ref_axis',(-0.84432792550203,0.535826794978972,0.));
#7664=DIRECTION('',(0.,0.,-1.));
#7665=DIRECTION('',(0.,0.,1.));
#7666=DIRECTION('center_axis',(-0.953190667792948,-0.302369890750442,0.));
#7667=DIRECTION('ref_axis',(-0.302369890750442,0.953190667792948,0.));
#7668=DIRECTION('center_axis',(0.,0.,-1.));
#7669=DIRECTION('ref_axis',(-0.904827052466018,0.425779291565075,0.));
#7670=DIRECTION('',(0.,0.,-1.));
#7671=DIRECTION('',(0.,0.,1.));
#7672=DIRECTION('center_axis',(-0.90777747853291,-0.419452082446175,0.));
#7673=DIRECTION('ref_axis',(-0.419452082446175,0.90777747853291,0.));
#7674=DIRECTION('center_axis',(0.,0.,-1.));
#7675=DIRECTION('ref_axis',(-0.951056516295165,0.309016994374912,0.));
#7676=DIRECTION('',(0.,0.,-1.));
#7677=DIRECTION('',(0.,0.,1.));
#7678=DIRECTION('center_axis',(-0.848048096156427,-0.529919264233203,0.));
#7679=DIRECTION('ref_axis',(-0.529919264233203,0.848048096156427,0.));
#7680=DIRECTION('center_axis',(0.,0.,-1.));
#7681=DIRECTION('ref_axis',(-0.982287250728686,0.187381314585737,0.));
#7682=DIRECTION('',(0.,0.,-1.));
#7683=DIRECTION('',(0.,0.,1.));
#7684=DIRECTION('center_axis',(-0.774944488704181,-0.632029302664849,0.));
#7685=DIRECTION('ref_axis',(-0.632029302664849,0.774944488704181,0.));
#7686=DIRECTION('center_axis',(0.,0.,-1.));
#7687=DIRECTION('ref_axis',(-0.998026728428269,0.0627905195293494,0.));
#7688=DIRECTION('',(0.,0.,-1.));
#7689=DIRECTION('',(0.,0.,1.));
#7690=DIRECTION('center_axis',(-0.689619543735672,-0.724171861437466,0.));
#7691=DIRECTION('ref_axis',(-0.724171861437465,0.689619543735672,0.));
#7692=DIRECTION('center_axis',(0.,0.,-1.));
#7693=DIRECTION('ref_axis',(-0.998026728428269,-0.0627905195293494,0.));
#7694=DIRECTION('',(0.,0.,-1.));
#7695=DIRECTION('',(0.,0.,1.));
#7696=DIRECTION('center_axis',(-0.593418886603704,-0.804893797355913,0.));
#7697=DIRECTION('ref_axis',(-0.804893797355913,0.593418886603703,0.));
#7698=DIRECTION('center_axis',(0.,0.,-1.));
#7699=DIRECTION('ref_axis',(-0.98228725072868,-0.18738131458577,0.));
#7700=DIRECTION('',(0.,0.,-1.));
#7701=DIRECTION('',(0.,0.,1.));
#7702=DIRECTION('center_axis',(-0.487859659138735,-0.872922077269809,0.));
#7703=DIRECTION('ref_axis',(-0.872922077269809,0.487859659138735,0.));
#7704=DIRECTION('center_axis',(0.,0.,-1.));
#7705=DIRECTION('ref_axis',(-0.951056516295155,-0.309016994374944,0.));
#7706=DIRECTION('',(0.,0.,-1.));
#7707=DIRECTION('',(0.,0.,1.));
#7708=DIRECTION('center_axis',(-0.374606593415914,-0.927183854566787,0.));
#7709=DIRECTION('ref_axis',(-0.927183854566787,0.374606593415914,0.));
#7710=DIRECTION('center_axis',(0.,0.,-1.));
#7711=DIRECTION('ref_axis',(-0.904827052466005,-0.425779291565103,0.));
#7712=DIRECTION('',(0.,0.,-1.));
#7713=DIRECTION('',(0.,0.,1.));
#7714=DIRECTION('center_axis',(-0.255445757935793,-0.966823388604459,0.));
#7715=DIRECTION('ref_axis',(-0.966823388604459,0.255445757935793,0.));
#7716=DIRECTION('center_axis',(0.,0.,-1.));
#7717=DIRECTION('ref_axis',(-0.844327925501991,-0.535826794979035,0.));
#7718=DIRECTION('',(0.,0.,-1.));
#7719=DIRECTION('',(0.,0.,1.));
#7720=DIRECTION('center_axis',(-0.132256390257125,-0.991215540251541,0.));
#7721=DIRECTION('ref_axis',(-0.991215540251541,0.132256390257125,0.));
#7722=DIRECTION('center_axis',(0.,0.,-1.));
#7723=DIRECTION('ref_axis',(-0.770513242775808,-0.637423989748667,0.));
#7724=DIRECTION('',(0.,0.,-1.));
#7725=DIRECTION('',(0.,0.,1.));
#7726=DIRECTION('center_axis',(-0.00698126029796413,-0.999975630705395,
0.));
#7727=DIRECTION('ref_axis',(-0.999975630705395,0.00698126029796413,0.));
#7728=DIRECTION('center_axis',(0.,0.,-1.));
#7729=DIRECTION('ref_axis',(-0.684547105928738,-0.728968627421365,0.));
#7730=DIRECTION('',(0.,0.,-1.));
#7731=DIRECTION('',(0.,0.,1.));
#7732=DIRECTION('center_axis',(0.118403968306499,-0.992965508106537,0.));
#7733=DIRECTION('ref_axis',(-0.992965508106537,-0.118403968306499,0.));
#7734=DIRECTION('center_axis',(0.,0.,-1.));
#7735=DIRECTION('ref_axis',(-0.58778525229245,-0.809016994374964,0.));
#7736=DIRECTION('',(0.,0.,-1.));
#7737=DIRECTION('',(0.,0.,1.));
#7738=DIRECTION('center_axis',(0.241921895599665,-0.970295726275997,0.));
#7739=DIRECTION('ref_axis',(-0.970295726275997,-0.241921895599665,0.));
#7740=DIRECTION('center_axis',(0.,0.,-1.));
#7741=DIRECTION('ref_axis',(-0.48175367410171,-0.876306680043866,0.));
#7742=DIRECTION('',(0.,0.,-1.));
#7743=DIRECTION('',(0.,0.,1.));
#7744=DIRECTION('center_axis',(0.36162457008209,-0.932323801215513,0.));
#7745=DIRECTION('ref_axis',(-0.932323801215513,-0.36162457008209,0.));
#7746=DIRECTION('center_axis',(0.,0.,-1.));
#7747=DIRECTION('ref_axis',(-0.368124552684673,-0.929776485888254,0.));
#7748=DIRECTION('',(0.,0.,-1.));
#7749=DIRECTION('',(0.,0.,1.));
#7750=DIRECTION('center_axis',(0.475624209070273,-0.879648572866618,0.));
#7751=DIRECTION('ref_axis',(-0.879648572866618,-0.475624209070273,0.));
#7752=DIRECTION('center_axis',(0.,0.,-1.));
#7753=DIRECTION('ref_axis',(-0.248689887164904,-0.968583161128618,0.));
#7754=DIRECTION('',(0.,0.,-1.));
#7755=DIRECTION('',(0.,0.,1.));
#7756=DIRECTION('center_axis',(0.582122970157287,-0.813100761047029,0.));
#7757=DIRECTION('ref_axis',(-0.813100761047029,-0.582122970157287,0.));
#7758=DIRECTION('center_axis',(0.,0.,-1.));
#7759=DIRECTION('ref_axis',(-0.12533323356421,-0.99211470131449,0.));
#7760=DIRECTION('',(0.,0.,-1.));
#7761=DIRECTION('',(0.,0.,1.));
#7762=DIRECTION('center_axis',(0.679441304261515,-0.733729864502878,0.));
#7763=DIRECTION('ref_axis',(-0.733729864502878,-0.679441304261515,0.));
#7764=DIRECTION('center_axis',(0.,0.,-1.));
#7765=DIRECTION('ref_axis',(0.,-1.,0.));
#7766=DIRECTION('',(0.,0.,-1.));
#7767=DIRECTION('',(0.,0.,1.));
#7768=DIRECTION('center_axis',(0.766044443118976,-0.642787609686541,0.));
#7769=DIRECTION('ref_axis',(-0.642787609686541,-0.766044443118976,0.));
#7770=DIRECTION('center_axis',(0.,0.,-1.));
#7771=DIRECTION('ref_axis',(0.125333233564346,-0.992114701314472,0.));
#7772=DIRECTION('',(0.,0.,-1.));
#7773=DIRECTION('',(0.,0.,1.));
#7774=DIRECTION('center_axis',(0.840566603495683,-0.541708210282742,0.));
#7775=DIRECTION('ref_axis',(-0.541708210282742,-0.840566603495683,0.));
#7776=DIRECTION('center_axis',(0.,0.,-1.));
#7777=DIRECTION('ref_axis',(0.248689887164912,-0.968583161128616,0.));
#7778=DIRECTION('',(0.,0.,-1.));
#7779=DIRECTION('',(0.,0.,1.));
#7780=DIRECTION('center_axis',(0.901832526405113,-0.432085748801984,0.));
#7781=DIRECTION('ref_axis',(-0.432085748801984,-0.901832526405113,0.));
#7782=DIRECTION('center_axis',(0.,0.,-1.));
#7783=DIRECTION('ref_axis',(0.368124552684673,-0.929776485888254,0.));
#7784=DIRECTION('',(0.,0.,-1.));
#7785=DIRECTION('',(0.,0.,1.));
#7786=DIRECTION('center_axis',(0.948876011644496,-0.315649036947105,0.));
#7787=DIRECTION('ref_axis',(-0.315649036947105,-0.948876011644496,0.));
#7788=DIRECTION('center_axis',(0.,0.,-1.));
#7789=DIRECTION('ref_axis',(0.481753674101725,-0.876306680043858,0.));
#7790=DIRECTION('',(0.,0.,-1.));
#7791=DIRECTION('',(0.,0.,1.));
#7792=DIRECTION('center_axis',(0.980955155349191,-0.194234351219974,0.));
#7793=DIRECTION('ref_axis',(-0.194234351219974,-0.980955155349191,0.));
#7794=DIRECTION('center_axis',(0.,0.,-1.));
#7795=DIRECTION('ref_axis',(0.58778525229245,-0.809016994374964,0.));
#7796=DIRECTION('',(0.,0.,-1.));
#7797=DIRECTION('',(0.,0.,1.));
#7798=DIRECTION('center_axis',(0.997564050259824,-0.0697564737441275,0.));
#7799=DIRECTION('ref_axis',(-0.0697564737441275,-0.997564050259824,0.));
#7800=DIRECTION('center_axis',(0.,0.,-1.));
#7801=DIRECTION('ref_axis',(0.684547105928665,-0.728968627421434,0.));
#7802=DIRECTION('',(0.,0.,-1.));
#7803=DIRECTION('',(0.,0.,1.));
#7804=DIRECTION('center_axis',(0.998440764181981,0.0558215049931613,0.));
#7805=DIRECTION('ref_axis',(0.0558215049931613,-0.998440764181981,0.));
#7806=DIRECTION('center_axis',(0.,0.,-1.));
#7807=DIRECTION('ref_axis',(0.770513242775808,-0.637423989748667,0.));
#7808=DIRECTION('',(0.,0.,-1.));
#7809=DIRECTION('',(0.,0.,1.));
#7810=DIRECTION('center_axis',(0.983571470813386,0.180519145250558,0.));
#7811=DIRECTION('ref_axis',(0.180519145250558,-0.983571470813386,0.));
#7812=DIRECTION('center_axis',(0.,0.,-1.));
#7813=DIRECTION('ref_axis',(0.844327925501975,-0.535826794979059,0.));
#7814=DIRECTION('',(0.,0.,-1.));
#7815=DIRECTION('',(0.,0.,1.));
#7816=DIRECTION('center_axis',(0.953190667792948,0.302369890750442,0.));
#7817=DIRECTION('ref_axis',(0.302369890750442,-0.953190667792948,0.));
#7818=DIRECTION('center_axis',(0.,0.,-1.));
#7819=DIRECTION('ref_axis',(0.904827052466005,-0.425779291565103,0.));
#7820=DIRECTION('',(0.,0.,-1.));
#7821=DIRECTION('',(0.,0.,1.));
#7822=DIRECTION('center_axis',(0.90777747853291,0.419452082446175,0.));
#7823=DIRECTION('ref_axis',(0.419452082446175,-0.90777747853291,0.));
#7824=DIRECTION('center_axis',(0.,0.,-1.));
#7825=DIRECTION('ref_axis',(0.951056516295155,-0.309016994374944,0.));
#7826=DIRECTION('',(0.,0.,-1.));
#7827=DIRECTION('',(0.,0.,1.));
#7828=DIRECTION('center_axis',(0.848048096156427,0.529919264233203,0.));
#7829=DIRECTION('ref_axis',(0.529919264233203,-0.848048096156427,0.));
#7830=DIRECTION('center_axis',(0.,0.,-1.));
#7831=DIRECTION('ref_axis',(0.982287250728686,-0.187381314585737,0.));
#7832=DIRECTION('',(0.,0.,-1.));
#7833=DIRECTION('',(0.,0.,1.));
#7834=DIRECTION('center_axis',(0.774944488704181,0.632029302664849,0.));
#7835=DIRECTION('ref_axis',(0.632029302664849,-0.774944488704181,0.));
#7836=DIRECTION('center_axis',(0.,0.,-1.));
#7837=DIRECTION('ref_axis',(0.998026728428269,-0.0627905195293581,0.));
#7838=DIRECTION('',(0.,0.,-1.));
#7839=DIRECTION('',(0.,0.,1.));
#7840=DIRECTION('center_axis',(0.689619543735671,0.724171861437466,0.));
#7841=DIRECTION('ref_axis',(0.724171861437466,-0.689619543735671,0.));
#7842=DIRECTION('center_axis',(0.,0.,-1.));
#7843=DIRECTION('ref_axis',(0.998026728428273,0.0627905195292893,0.));
#7844=DIRECTION('',(0.,0.,-1.));
#7845=DIRECTION('',(0.,0.,1.));
#7846=DIRECTION('center_axis',(0.593418886603703,0.804893797355913,0.));
#7847=DIRECTION('ref_axis',(0.804893797355913,-0.593418886603703,0.));
#7848=DIRECTION('center_axis',(0.,0.,-1.));
#7849=DIRECTION('ref_axis',(0.982287250728686,0.187381314585737,0.));
#7850=DIRECTION('',(0.,0.,-1.));
#7851=DIRECTION('',(0.,0.,1.));
#7852=DIRECTION('center_axis',(0.487859659138735,0.872922077269809,0.));
#7853=DIRECTION('ref_axis',(0.872922077269809,-0.487859659138735,0.));
#7854=DIRECTION('center_axis',(0.,0.,-1.));
#7855=DIRECTION('ref_axis',(0.951056516295145,0.309016994374975,0.));
#7856=DIRECTION('',(0.,0.,-1.));
#7857=DIRECTION('',(0.,0.,1.));
#7858=DIRECTION('center_axis',(0.374606593415914,0.927183854566787,0.));
#7859=DIRECTION('ref_axis',(0.927183854566787,-0.374606593415914,0.));
#7860=DIRECTION('center_axis',(0.,0.,-1.));
#7861=DIRECTION('ref_axis',(0.904827052466017,0.425779291565078,0.));
#7862=DIRECTION('',(0.,0.,-1.));
#7863=DIRECTION('',(0.,0.,1.));
#7864=DIRECTION('center_axis',(0.255445757935793,0.966823388604459,0.));
#7865=DIRECTION('ref_axis',(0.966823388604459,-0.255445757935793,0.));
#7866=DIRECTION('center_axis',(0.,0.,-1.));
#7867=DIRECTION('ref_axis',(0.844327925501991,0.535826794979035,0.));
#7868=DIRECTION('',(0.,0.,-1.));
#7869=DIRECTION('',(0.,0.,1.));
#7870=DIRECTION('center_axis',(0.132256390257125,0.991215540251541,0.));
#7871=DIRECTION('ref_axis',(0.991215540251541,-0.132256390257125,0.));
#7872=DIRECTION('center_axis',(0.,0.,-1.));
#7873=DIRECTION('ref_axis',(0.770513242775791,0.637423989748688,0.));
#7874=DIRECTION('',(0.,0.,-1.));
#7875=DIRECTION('',(0.,0.,1.));
#7876=DIRECTION('center_axis',(0.00698126029796392,0.999975630705395,0.));
#7877=DIRECTION('ref_axis',(0.999975630705395,-0.00698126029796392,0.));
#7878=DIRECTION('center_axis',(0.,0.,-1.));
#7879=DIRECTION('ref_axis',(0.684547105928721,0.728968627421381,0.));
#7880=DIRECTION('',(0.,0.,-1.));
#7881=DIRECTION('',(0.,0.,1.));
#7882=DIRECTION('center_axis',(-0.118403968306499,0.992965508106537,0.));
#7883=DIRECTION('ref_axis',(0.992965508106537,0.118403968306499,0.));
#7884=DIRECTION('center_axis',(0.,0.,-1.));
#7885=DIRECTION('ref_axis',(0.587785252292467,0.809016994374952,0.));
#7886=DIRECTION('',(0.,0.,-1.));
#7887=DIRECTION('',(0.,0.,1.));
#7888=DIRECTION('center_axis',(-0.241921895599665,0.970295726275997,0.));
#7889=DIRECTION('ref_axis',(0.970295726275997,0.241921895599665,0.));
#7890=DIRECTION('center_axis',(0.,0.,-1.));
#7891=DIRECTION('ref_axis',(0.48175367410171,0.876306680043866,0.));
#7892=DIRECTION('',(0.,0.,-1.));
#7893=DIRECTION('',(0.,0.,1.));
#7894=DIRECTION('center_axis',(-0.36162457008209,0.932323801215513,0.));
#7895=DIRECTION('ref_axis',(0.932323801215513,0.36162457008209,0.));
#7896=DIRECTION('center_axis',(0.,0.,-1.));
#7897=DIRECTION('ref_axis',(0.368124552684661,0.929776485888258,0.));
#7898=DIRECTION('',(0.,0.,-1.));
#7899=DIRECTION('',(0.,0.,1.));
#7900=DIRECTION('center_axis',(-0.475624209070273,0.879648572866618,0.));
#7901=DIRECTION('ref_axis',(0.879648572866618,0.475624209070273,0.));
#7902=DIRECTION('center_axis',(0.,0.,-1.));
#7903=DIRECTION('ref_axis',(0.248689887164904,0.968583161128618,0.));
#7904=DIRECTION('',(0.,0.,-1.));
#7905=DIRECTION('',(0.,0.,1.));
#7906=DIRECTION('center_axis',(-0.582122970157288,0.813100761047029,0.));
#7907=DIRECTION('ref_axis',(0.813100761047029,0.582122970157287,0.));
#7908=DIRECTION('center_axis',(0.,0.,-1.));
#7909=DIRECTION('ref_axis',(0.125333233564342,0.992114701314473,0.));
#7910=DIRECTION('',(0.,0.,-1.));
#7911=DIRECTION('',(0.,0.,1.));
#7912=DIRECTION('center_axis',(-0.679441304261515,0.733729864502878,0.));
#7913=DIRECTION('ref_axis',(0.733729864502878,0.679441304261515,0.));
#7914=DIRECTION('center_axis',(0.679441304261515,0.733729864502878,0.));
#7915=DIRECTION('ref_axis',(0.733729864502878,-0.679441304261515,0.));
#7916=DIRECTION('center_axis',(0.582122970157288,0.813100761047029,0.));
#7917=DIRECTION('ref_axis',(0.813100761047029,-0.582122970157288,0.));
#7918=DIRECTION('center_axis',(0.475624209070273,0.879648572866618,0.));
#7919=DIRECTION('ref_axis',(0.879648572866617,-0.475624209070273,0.));
#7920=DIRECTION('center_axis',(0.36162457008209,0.932323801215513,0.));
#7921=DIRECTION('ref_axis',(0.932323801215513,-0.36162457008209,0.));
#7922=DIRECTION('center_axis',(0.241921895599666,0.970295726275997,0.));
#7923=DIRECTION('ref_axis',(0.970295726275997,-0.241921895599666,0.));
#7924=DIRECTION('center_axis',(0.118403968306499,0.992965508106537,0.));
#7925=DIRECTION('ref_axis',(0.992965508106537,-0.118403968306499,0.));
#7926=DIRECTION('center_axis',(-0.00698126029796348,0.999975630705395,0.));
#7927=DIRECTION('ref_axis',(0.999975630705395,0.00698126029796348,0.));
#7928=DIRECTION('center_axis',(-0.132256390257125,0.991215540251541,0.));
#7929=DIRECTION('ref_axis',(0.991215540251541,0.132256390257125,0.));
#7930=DIRECTION('center_axis',(-0.255445757935793,0.966823388604459,0.));
#7931=DIRECTION('ref_axis',(0.966823388604459,0.255445757935793,0.));
#7932=DIRECTION('center_axis',(-0.374606593415915,0.927183854566786,0.));
#7933=DIRECTION('ref_axis',(0.927183854566786,0.374606593415915,0.));
#7934=DIRECTION('center_axis',(-0.487859659138734,0.872922077269809,0.));
#7935=DIRECTION('ref_axis',(0.872922077269809,0.487859659138734,0.));
#7936=DIRECTION('center_axis',(-0.593418886603703,0.804893797355913,0.));
#7937=DIRECTION('ref_axis',(0.804893797355913,0.593418886603703,0.));
#7938=DIRECTION('center_axis',(-0.689619543735671,0.724171861437466,0.));
#7939=DIRECTION('ref_axis',(0.724171861437466,0.689619543735671,0.));
#7940=DIRECTION('center_axis',(-0.774944488704181,0.632029302664849,0.));
#7941=DIRECTION('ref_axis',(0.632029302664849,0.774944488704181,0.));
#7942=DIRECTION('center_axis',(-0.848048096156427,0.529919264233203,0.));
#7943=DIRECTION('ref_axis',(0.529919264233203,0.848048096156427,0.));
#7944=DIRECTION('center_axis',(-0.907777478532909,0.419452082446176,0.));
#7945=DIRECTION('ref_axis',(0.419452082446175,0.907777478532909,0.));
#7946=DIRECTION('center_axis',(-0.953190667792948,0.302369890750443,0.));
#7947=DIRECTION('ref_axis',(0.302369890750443,0.953190667792948,0.));
#7948=DIRECTION('center_axis',(-0.983571470813386,0.180519145250558,0.));
#7949=DIRECTION('ref_axis',(0.180519145250558,0.983571470813386,0.));
#7950=DIRECTION('center_axis',(-0.998440764181981,0.0558215049931616,0.));
#7951=DIRECTION('ref_axis',(0.0558215049931616,0.998440764181981,0.));
#7952=DIRECTION('center_axis',(-0.997564050259824,-0.0697564737441274,0.));
#7953=DIRECTION('ref_axis',(-0.0697564737441274,0.997564050259824,0.));
#7954=DIRECTION('center_axis',(-0.980955155349191,-0.194234351219974,0.));
#7955=DIRECTION('ref_axis',(-0.194234351219974,0.980955155349191,0.));
#7956=DIRECTION('center_axis',(-0.948876011644496,-0.315649036947104,0.));
#7957=DIRECTION('ref_axis',(-0.315649036947104,0.948876011644496,0.));
#7958=DIRECTION('center_axis',(-0.901832526405113,-0.432085748801984,0.));
#7959=DIRECTION('ref_axis',(-0.432085748801984,0.901832526405113,0.));
#7960=DIRECTION('center_axis',(-0.840566603495683,-0.541708210282742,0.));
#7961=DIRECTION('ref_axis',(-0.541708210282742,0.840566603495683,0.));
#7962=DIRECTION('center_axis',(-0.766044443118977,-0.642787609686541,0.));
#7963=DIRECTION('ref_axis',(-0.642787609686541,0.766044443118977,0.));
#7964=DIRECTION('center_axis',(-0.679441304261515,-0.733729864502878,0.));
#7965=DIRECTION('ref_axis',(-0.733729864502878,0.679441304261515,0.));
#7966=DIRECTION('center_axis',(-0.582122970157288,-0.813100761047029,0.));
#7967=DIRECTION('ref_axis',(-0.813100761047029,0.582122970157288,0.));
#7968=DIRECTION('center_axis',(-0.475624209070273,-0.879648572866618,0.));
#7969=DIRECTION('ref_axis',(-0.879648572866617,0.475624209070273,0.));
#7970=DIRECTION('center_axis',(-0.36162457008209,-0.932323801215513,0.));
#7971=DIRECTION('ref_axis',(-0.932323801215513,0.36162457008209,0.));
#7972=DIRECTION('center_axis',(-0.241921895599665,-0.970295726275997,0.));
#7973=DIRECTION('ref_axis',(-0.970295726275997,0.241921895599665,0.));
#7974=DIRECTION('center_axis',(-0.118403968306499,-0.992965508106537,0.));
#7975=DIRECTION('ref_axis',(-0.992965508106537,0.118403968306499,0.));
#7976=DIRECTION('center_axis',(0.00698126029796389,-0.999975630705395,0.));
#7977=DIRECTION('ref_axis',(-0.999975630705395,-0.00698126029796389,0.));
#7978=DIRECTION('center_axis',(0.132256390257124,-0.991215540251542,0.));
#7979=DIRECTION('ref_axis',(-0.991215540251541,-0.132256390257124,0.));
#7980=DIRECTION('center_axis',(0.255445757935793,-0.966823388604459,0.));
#7981=DIRECTION('ref_axis',(-0.966823388604459,-0.255445757935793,0.));
#7982=DIRECTION('center_axis',(0.374606593415914,-0.927183854566787,0.));
#7983=DIRECTION('ref_axis',(-0.927183854566787,-0.374606593415914,0.));
#7984=DIRECTION('center_axis',(0.487859659138735,-0.872922077269809,0.));
#7985=DIRECTION('ref_axis',(-0.872922077269809,-0.487859659138735,0.));
#7986=DIRECTION('center_axis',(0.593418886603703,-0.804893797355913,0.));
#7987=DIRECTION('ref_axis',(-0.804893797355913,-0.593418886603703,0.));
#7988=DIRECTION('center_axis',(0.689619543735671,-0.724171861437466,0.));
#7989=DIRECTION('ref_axis',(-0.724171861437466,-0.689619543735671,0.));
#7990=DIRECTION('center_axis',(0.774944488704181,-0.632029302664849,0.));
#7991=DIRECTION('ref_axis',(-0.632029302664849,-0.774944488704181,0.));
#7992=DIRECTION('center_axis',(0.848048096156427,-0.529919264233203,0.));
#7993=DIRECTION('ref_axis',(-0.529919264233203,-0.848048096156427,0.));
#7994=DIRECTION('center_axis',(0.90777747853291,-0.419452082446175,0.));
#7995=DIRECTION('ref_axis',(-0.419452082446175,-0.90777747853291,0.));
#7996=DIRECTION('center_axis',(0.953190667792948,-0.302369890750442,0.));
#7997=DIRECTION('ref_axis',(-0.302369890750442,-0.953190667792948,0.));
#7998=DIRECTION('center_axis',(0.983571470813386,-0.180519145250558,0.));
#7999=DIRECTION('ref_axis',(-0.180519145250558,-0.983571470813386,0.));
#8000=DIRECTION('center_axis',(0.998440764181981,-0.0558215049931616,0.));
#8001=DIRECTION('ref_axis',(-0.0558215049931616,-0.998440764181981,0.));
#8002=DIRECTION('center_axis',(0.997564050259824,0.0697564737441277,0.));
#8003=DIRECTION('ref_axis',(0.0697564737441277,-0.997564050259824,0.));
#8004=DIRECTION('center_axis',(0.980955155349191,0.194234351219974,0.));
#8005=DIRECTION('ref_axis',(0.194234351219974,-0.980955155349191,0.));
#8006=DIRECTION('center_axis',(0.948876011644496,0.315649036947105,0.));
#8007=DIRECTION('ref_axis',(0.315649036947105,-0.948876011644496,0.));
#8008=DIRECTION('center_axis',(0.901832526405113,0.432085748801985,0.));
#8009=DIRECTION('ref_axis',(0.432085748801985,-0.901832526405113,0.));
#8010=DIRECTION('center_axis',(0.840566603495683,0.541708210282742,0.));
#8011=DIRECTION('ref_axis',(0.541708210282742,-0.840566603495683,0.));
#8012=DIRECTION('center_axis',(0.,0.,1.));
#8013=DIRECTION('ref_axis',(0.396059075513741,-0.918225031625255,0.));
#8014=DIRECTION('',(0.,0.,1.));
#8015=DIRECTION('center_axis',(0.,0.,-1.));
#8016=DIRECTION('ref_axis',(-0.396059075513741,-0.918225031625255,0.));
#8017=DIRECTION('',(0.,0.,-1.));
#8018=DIRECTION('center_axis',(0.,0.,-1.));
#8019=DIRECTION('ref_axis',(0.,1.,0.));
#8020=DIRECTION('',(0.,0.,-1.));
#8021=DIRECTION('',(0.,0.,1.));
#8022=DIRECTION('center_axis',(-0.766044443118977,0.642787609686541,0.));
#8023=DIRECTION('ref_axis',(0.642787609686541,0.766044443118977,0.));
#8024=DIRECTION('center_axis',(0.766044443118977,0.642787609686541,0.));
#8025=DIRECTION('ref_axis',(0.642787609686541,-0.766044443118977,0.));
#8026=DIRECTION('center_axis',(0.,0.,1.));
#8027=DIRECTION('ref_axis',(-1.,0.,0.));
#8028=DIRECTION('center_axis',(0.,0.,-1.));
#8029=DIRECTION('ref_axis',(1.,0.,0.));
#8030=DIRECTION('',(0.,0.,1.));
#8031=DIRECTION('center_axis',(0.,0.,-1.));
#8032=DIRECTION('ref_axis',(1.,0.,0.));
#8033=DIRECTION('center_axis',(0.,0.,-1.));
#8034=DIRECTION('ref_axis',(1.,0.,0.));
#8035=DIRECTION('center_axis',(0.,0.,1.));
#8036=DIRECTION('ref_axis',(1.,0.,0.));
#8037=DIRECTION('center_axis',(0.,0.,1.));
#8038=DIRECTION('ref_axis',(-1.,0.,0.));
#8039=DIRECTION('center_axis',(0.,0.,-1.));
#8040=DIRECTION('ref_axis',(0.850757090301522,-0.525559105431243,0.));
#8041=DIRECTION('center_axis',(0.,0.,-1.));
#8042=DIRECTION('ref_axis',(0.850757090301522,-0.525559105431243,0.));
#8043=DIRECTION('',(-1.,0.,0.));
#8044=DIRECTION('center_axis',(0.,0.,-1.));
#8045=DIRECTION('ref_axis',(0.850757090301522,-0.525559105431243,0.));
#8046=DIRECTION('',(0.,0.,1.));
#8047=DIRECTION('',(0.,0.,-1.));
#8048=DIRECTION('center_axis',(0.,0.,-1.));
#8049=DIRECTION('ref_axis',(1.,0.,0.));
#8050=DIRECTION('',(0.,0.,-1.));
#8051=DIRECTION('center_axis',(0.,1.,0.));
#8052=DIRECTION('ref_axis',(1.,0.,0.));
#8053=DIRECTION('',(1.,0.,0.));
#8054=DIRECTION('center_axis',(0.,0.,1.));
#8055=DIRECTION('ref_axis',(-1.,0.,0.));
#8056=CARTESIAN_POINT('',(0.,0.,0.));
#8057=CARTESIAN_POINT('Origin',(88.5395,-81.5105000000001,10.208));
#8058=CARTESIAN_POINT('',(89.6138265896427,-93.8452784193868,10.208));
#8059=CARTESIAN_POINT('',(89.3818735743791,-93.9820839716209,10.208));
#8060=CARTESIAN_POINT('Origin',(89.361656608594,-93.682765956302,10.208));
#8061=CARTESIAN_POINT('',(89.2668727396917,-93.9893192108692,10.208));
#8062=CARTESIAN_POINT('Origin',(88.5395,-81.5105000000001,10.208));
#8063=CARTESIAN_POINT('',(89.0196024610034,-93.8826638327143,10.208));
#8064=CARTESIAN_POINT('Origin',(89.2494157939391,-93.6898275498083,10.208));
#8065=CARTESIAN_POINT('',(88.8459177772476,-93.6756744868697,10.208));
#8066=CARTESIAN_POINT('',(85.634317128614,-89.8482378758827,10.208));
#8067=CARTESIAN_POINT('',(88.2330822227524,-93.6756744868697,10.208));
#8068=CARTESIAN_POINT('Origin',(88.5395,-93.9327895307443,10.208));
#8069=CARTESIAN_POINT('',(88.0593975389966,-93.8826638327143,10.208));
#8070=CARTESIAN_POINT('',(91.1565730724347,-90.1915937638446,10.208));
#8071=CARTESIAN_POINT('',(87.8121272603083,-93.9893192108692,10.208));
#8072=CARTESIAN_POINT('Origin',(87.8295842060609,-93.6898275498083,10.208));
#8073=CARTESIAN_POINT('',(87.697126425621,-93.9820839716209,10.208));
#8074=CARTESIAN_POINT('Origin',(88.5395,-81.5105000000001,10.208));
#8075=CARTESIAN_POINT('',(87.4651734103574,-93.8452784193868,10.208));
#8076=CARTESIAN_POINT('Origin',(87.7173433914061,-93.682765956302,10.208));
#8077=CARTESIAN_POINT('',(87.3188009262381,-93.6181527833233,10.208));
#8078=CARTESIAN_POINT('',(84.612229714695,-89.4183763590033,10.208));
#8079=CARTESIAN_POINT('',(86.7107977631353,-93.5413441216352,10.208));
#8080=CARTESIAN_POINT('Origin',(86.9825742848399,-93.8348360674364,10.208));
#8081=CARTESIAN_POINT('',(86.5125399909599,-93.7249328316274,10.208));
#8082=CARTESIAN_POINT('',(90.0479071172791,-90.451146977242,10.208));
#8083=CARTESIAN_POINT('',(86.253852048854,-93.7997560166768,10.208));
#8084=CARTESIAN_POINT('Origin',(86.3087075996815,-93.5048138722765,10.208));
#8085=CARTESIAN_POINT('',(86.1406648460278,-93.7781644029771,10.208));
#8086=CARTESIAN_POINT('Origin',(88.5395,-81.5105000000001,10.208));
#8087=CARTESIAN_POINT('',(85.9276871318016,-93.6133661819462,10.208));
#8088=CARTESIAN_POINT('Origin',(86.1982368897231,-93.4837404573056,10.208));
#8089=CARTESIAN_POINT('',(85.8109352288322,-93.3696861626226,10.208));
#8090=CARTESIAN_POINT('',(83.6520776992128,-88.8638029080062,10.208));
#8091=CARTESIAN_POINT('',(85.2173530302072,-93.2172801577246,10.208));
#8092=CARTESIAN_POINT('Origin',(85.4502022182701,-93.5425204621434,10.208));
#8093=CARTESIAN_POINT('',(84.9976488131129,-93.3745729282372,10.208));
#8094=CARTESIAN_POINT('',(88.9154526808054,-90.5697008469246,10.208));
#8095=CARTESIAN_POINT('',(84.731622870969,-93.4163839138557,10.208));
#8096=CARTESIAN_POINT('Origin',(84.8230119220657,-93.1306426999231,10.208));
#8097=CARTESIAN_POINT('',(84.6220343298074,-93.3807764383508,10.208));
#8098=CARTESIAN_POINT('Origin',(88.5395,-81.5105000000001,10.208));
#8099=CARTESIAN_POINT('',(84.4313907023987,-93.1905845149145,10.208));
#8100=CARTESIAN_POINT('Origin',(84.716053505892,-93.0958898038304,10.208));
#8101=CARTESIAN_POINT('',(84.3461006278331,-92.934193091803,10.208));
#8102=CARTESIAN_POINT('',(82.7690032530186,-88.1932634774995,10.208));
#8103=CARTESIAN_POINT('',(83.7763005395472,-92.7085932774352,10.208));
#8104=CARTESIAN_POINT('Origin',(83.9665502231753,-93.0604527065819,10.208));
#8105=CARTESIAN_POINT('',(83.5386147442825,-92.8371095075151,10.208));
#8106=CARTESIAN_POINT('',(87.7770692459721,-90.545385707547,10.208));
#8107=CARTESIAN_POINT('',(83.2694461901244,-92.8452489094827,10.208));
#8108=CARTESIAN_POINT('Origin',(83.3959274815615,-92.5732149356551,10.208));
#8109=CARTESIAN_POINT('',(83.1651845873864,-92.7961871233323,10.208));
#8110=CARTESIAN_POINT('Origin',(88.5395,-81.5105000000001,10.208));
#8111=CARTESIAN_POINT('',(82.9998816106844,-92.5836009377383,10.208));
#8112=CARTESIAN_POINT('Origin',(83.2941681572891,-92.5253306323723,10.208));
#8113=CARTESIAN_POINT('',(82.9473984399484,-92.3185415567422,10.208));
#8114=CARTESIAN_POINT('',(81.976932987652,-87.4173328748632,10.208));
#8115=CARTESIAN_POINT('',(82.4103665497759,-92.023305776744,10.208));
#8116=CARTESIAN_POINT('Origin',(82.5550163778087,-92.3962352972302,10.208));
#8117=CARTESIAN_POINT('',(82.1584476233188,-92.121018688671,10.208));
#8118=CARTESIAN_POINT('',(86.6507097995839,-90.3785850233822,10.208));
#8119=CARTESIAN_POINT('',(81.8903814060391,-92.0953581437564,10.208));
#8120=CARTESIAN_POINT('Origin',(82.0499602522942,-91.8413215483063,10.208));
#8121=CARTESIAN_POINT('',(81.7930910094829,-92.0336157806361,10.208));
#8122=CARTESIAN_POINT('Origin',(88.5395,-81.5105000000001,10.208));
#8123=CARTESIAN_POINT('',(81.6557356101773,-91.8019879440241,10.208));
#8124=CARTESIAN_POINT('Origin',(81.9550048252552,-91.7810610019008,10.208));
#8125=CARTESIAN_POINT('',(81.6368870342253,-91.5324407499205,10.208));
#8126=CARTESIAN_POINT('',(81.2883583243576,-86.5482479892194,10.208));
#8127=CARTESIAN_POINT('',(81.1410926558815,-91.1722250489078,10.208));
#8128=CARTESIAN_POINT('Origin',(81.2378614141214,-91.5603433394182,10.208));
#8129=CARTESIAN_POINT('',(80.8789135101914,-91.2375936516899,10.208));
#8130=CARTESIAN_POINT('',(85.5541377029648,-90.0719293408616,10.208));
#8131=CARTESIAN_POINT('',(80.6161771941715,-91.1785378420154,10.208));
#8132=CARTESIAN_POINT('Origin',(80.8063369415115,-90.946504933807,10.208));
#8133=CARTESIAN_POINT('',(80.5273923314691,-91.1050886158747,10.208));
#8134=CARTESIAN_POINT('Origin',(88.5395,-81.5105000000001,10.208));
#8135=CARTESIAN_POINT('',(80.4201506862593,-90.8580720375957,10.208));
#8136=CARTESIAN_POINT('Origin',(80.7196829155139,-90.8748184890937,10.208));
#8137=CARTESIAN_POINT('',(80.4352339583937,-90.5882879506554,10.208));
#8138=CARTESIAN_POINT('',(80.7141384969101,-85.5997148083809,10.208));
#8139=CARTESIAN_POINT('',(79.9884960653982,-90.1687731454155,10.208));
#8140=CARTESIAN_POINT('Origin',(80.0358576527208,-90.5659593486581,10.208));
#8141=CARTESIAN_POINT('',(79.7201914222207,-90.2007665371375,10.208));
#8142=CARTESIAN_POINT('',(84.5046465531389,-89.6302548032855,10.208));
#8143=CARTESIAN_POINT('',(79.4669285161155,-90.1092468081,10.208));
#8144=CARTESIAN_POINT('Origin',(79.6846702317288,-89.9028768847056,10.208));
#8145=CARTESIAN_POINT('',(79.3880493775892,-90.0252490571115,10.208));
#8146=CARTESIAN_POINT('Origin',(88.5395,-81.5105000000001,10.208));
#8147=CARTESIAN_POINT('',(79.3126127512831,-89.7667393361656,10.208));
#8148=CARTESIAN_POINT('Origin',(79.6076841925271,-89.8208950797408,10.208));
#8149=CARTESIAN_POINT('',(79.361389999292,-89.5009730126007,10.208));
#8150=CARTESIAN_POINT('',(80.2633292950108,-84.5866922672357,10.208));
#8151=CARTESIAN_POINT('',(78.9707539150857,-89.0287751022184,10.208));
#8152=CARTESIAN_POINT('Origin',(78.9679614109666,-89.4287653545005,10.208));
#8153=CARTESIAN_POINT('',(78.7005550989212,-89.0268887279809,10.208));
#8154=CARTESIAN_POINT('',(83.5187874524747,-89.0605268819552,10.208));
#8155=CARTESIAN_POINT('',(78.4607597100518,-88.9043484003784,10.208));
#8156=CARTESIAN_POINT('Origin',(78.7026494770106,-88.7268960387693,10.208));
#8157=CARTESIAN_POINT('',(78.3930302668364,-88.8111268192531,10.208));
#8158=CARTESIAN_POINT('Origin',(88.5395,-81.5105000000001,10.208));
#8159=CARTESIAN_POINT('',(78.3505883400944,-88.5452008083659,10.208));
#8160=CARTESIAN_POINT('Origin',(78.6365455404323,-88.635911775591,10.208));
#8161=CARTESIAN_POINT('',(78.4322903176386,-88.2876435418601,10.208));
#8162=CARTESIAN_POINT('',(79.9430402490739,-83.5251563364079,10.208));
#8163=CARTESIAN_POINT('',(78.1039166066243,-87.7702093694593,10.208));
#8164=CARTESIAN_POINT('Origin',(78.0510140505215,-88.1666955855599,10.208));
#8165=CARTESIAN_POINT('',(77.8360848142124,-87.734472978511,10.208));
#8166=CARTESIAN_POINT('',(82.6121079879132,-88.371730526529,10.208));
#8167=CARTESIAN_POINT('',(77.6135386591081,-87.5828445865118,10.208));
#8168=CARTESIAN_POINT('Origin',(77.8757617312896,-87.4371083164355,10.208));
#8169=CARTESIAN_POINT('',(77.5580270449827,-87.481869335272,10.208));
#8170=CARTESIAN_POINT('Origin',(88.5395,-81.5105000000001,10.208));
#8171=CARTESIAN_POINT('',(77.5492491523433,-87.2127208464916,10.208));
#8172=CARTESIAN_POINT('Origin',(77.8215823959032,-87.3385564712255,10.208));
#8173=CARTESIAN_POINT('',(77.6625873704305,-86.9674344689951,10.208));
#8174=CARTESIAN_POINT('',(79.7583225086852,-82.4318480716578,10.208));
#8175=CARTESIAN_POINT('',(77.4016546821917,-86.4129242805749,10.208));
#8176=CARTESIAN_POINT('Origin',(77.2994763790173,-86.7996536360167,10.208));
#8177=CARTESIAN_POINT('',(77.1404137808939,-86.3439014571488,10.208));
#8178=CARTESIAN_POINT('',(81.7989070362347,-87.5747284669991,10.208));
#8179=CARTESIAN_POINT('',(76.9386265453633,-86.1655762710732,10.208));
#8180=CARTESIAN_POINT('Origin',(77.2170475082747,-86.0538544405675,10.208));
#8181=CARTESIAN_POINT('',(76.8962082116437,-86.0584397897505,10.208));
#8182=CARTESIAN_POINT('Origin',(88.5395,-81.5105000000001,10.208));
#8183=CARTESIAN_POINT('',(76.9212327857173,-85.7903134555265,10.208));
#8184=CARTESIAN_POINT('Origin',(77.1756472145643,-85.9492892347965,10.208));
#8185=CARTESIAN_POINT('',(77.0644198329433,-85.5611662797394,10.208));
#8186=CARTESIAN_POINT('',(79.7120891829557,-81.3240095974308,10.208));
#8187=CARTESIAN_POINT('',(76.8750432318471,-84.9783250322194,10.208));
#8188=CARTESIAN_POINT('Origin',(76.7252005944807,-85.3491985740461,10.208));
#8189=CARTESIAN_POINT('',(76.6245131467348,-84.8771043074733,10.208));
#8190=CARTESIAN_POINT('',(81.0920092622299,-86.68208990195,10.208));
#8191=CARTESIAN_POINT('',(76.4466671360241,-84.674894622032,10.208));
#8192=CARTESIAN_POINT('Origin',(76.7368951247595,-84.5989491511033,10.208));
#8193=CARTESIAN_POINT('',(76.4180110451723,-84.5632865169372,10.208));
#8194=CARTESIAN_POINT('Origin',(88.5395,-81.5105000000001,10.208));
#8195=CARTESIAN_POINT('',(76.476443433477,-84.3004108497312,10.208));
#8196=CARTESIAN_POINT('Origin',(76.7089267800883,-84.4900196405307,10.208));
#8197=CARTESIAN_POINT('',(76.6472211645712,-84.0910166635015,10.208));
#8198=CARTESIAN_POINT('',(79.8050693990506,-80.2191121882564,10.208));
#8199=CARTESIAN_POINT('',(76.5323872327451,-83.4890361115276,10.208));
#8200=CARTESIAN_POINT('Origin',(76.3372433690895,-83.8382049424355,10.208));
#8201=CARTESIAN_POINT('',(76.2965189729197,-83.3572137967571,10.208));
#8202=CARTESIAN_POINT('',(80.502562866075,-85.7078922747892,10.208));
#8203=CARTESIAN_POINT('',(76.1454189248579,-83.1343085794837,10.208));
#8204=CARTESIAN_POINT('Origin',(76.4428768706613,-83.0953371735761,10.208));
#8205=CARTESIAN_POINT('',(76.1309770005452,-83.0199889771055,10.208));
#8206=CARTESIAN_POINT('Origin',(88.5395,-81.5105000000001,10.208));
#8207=CARTESIAN_POINT('',(76.2218956894115,-82.7665096832237,10.208));
#8208=CARTESIAN_POINT('Origin',(76.4287815525322,-82.983761241655,10.208));
#8209=CARTESIAN_POINT('',(76.417570837537,-82.5801707579542,10.208));
#8210=CARTESIAN_POINT('',(80.0357968034185,-79.1345807363109,10.208));
#8211=CARTESIAN_POINT('',(76.3790905746842,-81.9685444944368,10.208));
#8212=CARTESIAN_POINT('Origin',(76.1417230200427,-82.2905020133792,10.208));
#8213=CARTESIAN_POINT('',(76.1616039235041,-81.8081995062924,10.208));
#8214=CARTESIAN_POINT('',(80.0398637695557,-84.6674992640543,10.208));
#8215=CARTESIAN_POINT('',(76.0396327761118,-81.5681141056206,10.208));
#8216=CARTESIAN_POINT('Origin',(76.3396295894852,-81.5667313670857,10.208));
#8217=CARTESIAN_POINT('',(76.0396327761118,-81.4528858943798,10.208));
#8218=CARTESIAN_POINT('Origin',(88.5395,-81.5105000000001,10.208));
#8219=CARTESIAN_POINT('',(76.1616039235041,-81.2128004937079,10.208));
#8220=CARTESIAN_POINT('Origin',(76.3396295894852,-81.4542686329147,10.208));
#8221=CARTESIAN_POINT('',(76.3790905746842,-81.0524555055636,10.208));
#8222=CARTESIAN_POINT('',(80.4006326870625,-78.0875189504591,10.208));
#8223=CARTESIAN_POINT('',(76.4175708375369,-80.4408292420462,10.208));
#8224=CARTESIAN_POINT('Origin',(76.1417230200427,-80.7304979866212,10.208));
#8225=CARTESIAN_POINT('',(76.2218956894115,-80.2544903167767,10.208));
#8226=CARTESIAN_POINT('',(79.7112090138269,-83.5773184890254,10.208));
#8227=CARTESIAN_POINT('',(76.1309770005452,-80.0010110228949,10.208));
#8228=CARTESIAN_POINT('Origin',(76.4287815525322,-80.0372387583455,10.208));
#8229=CARTESIAN_POINT('',(76.1454189248579,-79.8866914205167,10.208));
#8230=CARTESIAN_POINT('Origin',(88.5395,-81.5105000000001,10.208));
#8231=CARTESIAN_POINT('',(76.2965189729197,-79.6637862032433,10.208));
#8232=CARTESIAN_POINT('Origin',(76.4428768706613,-79.9256628264243,10.208));
#8233=CARTESIAN_POINT('',(76.5323872327451,-79.5319638884728,10.208));
#8234=CARTESIAN_POINT('',(80.8938233701551,-77.0944396205483,10.208));
#8235=CARTESIAN_POINT('',(76.6472211645712,-78.9299833364989,10.208));
#8236=CARTESIAN_POINT('Origin',(76.3372433690895,-79.1827950575648,10.208));
#8237=CARTESIAN_POINT('',(76.476443433477,-78.7205891502691,10.208));
#8238=CARTESIAN_POINT('',(79.5217816807155,-82.454542751767,10.208));
#8239=CARTESIAN_POINT('',(76.4180110451723,-78.4577134830632,10.208));
#8240=CARTESIAN_POINT('Origin',(76.7089267800883,-78.5309803594697,10.208));
#8241=CARTESIAN_POINT('',(76.446667136024,-78.3461053779684,10.208));
#8242=CARTESIAN_POINT('Origin',(88.5395,-81.5105000000001,10.208));
#8243=CARTESIAN_POINT('',(76.6245131467347,-78.1438956925271,10.208));
#8244=CARTESIAN_POINT('Origin',(76.7368951247595,-78.4220508488971,10.208));
#8245=CARTESIAN_POINT('',(76.8750432318471,-78.042674967781,10.208));
#8246=CARTESIAN_POINT('',(81.5075909410063,-76.1710042008481,10.208));
#8247=CARTESIAN_POINT('',(77.0644198329433,-77.459833720261,10.208));
#8248=CARTESIAN_POINT('Origin',(76.7252005944808,-77.6718014259543,10.208));
#8249=CARTESIAN_POINT('',(76.9212327857173,-77.2306865444738,10.208));
#8250=CARTESIAN_POINT('',(79.4745691524232,-81.3168788963694,10.208));
#8251=CARTESIAN_POINT('',(76.8962082116437,-76.9625602102498,10.208));
#8252=CARTESIAN_POINT('Origin',(77.1756472145642,-77.0717107652038,10.208));
#8253=CARTESIAN_POINT('',(76.9386265453633,-76.8554237289271,10.208));
#8254=CARTESIAN_POINT('Origin',(88.5395,-81.5105000000001,10.208));
#8255=CARTESIAN_POINT('',(77.1404137808939,-76.6770985428516,10.208));
#8256=CARTESIAN_POINT('Origin',(77.2170475082746,-76.9671455594329,10.208));
#8257=CARTESIAN_POINT('',(77.4016546821916,-76.6080757194255,10.208));
#8258=CARTESIAN_POINT('',(82.2322559183766,-75.3317758195607,10.208));
#8259=CARTESIAN_POINT('',(77.6625873704304,-76.0535655310053,10.208));
#8260=CARTESIAN_POINT('Origin',(77.2994763790173,-76.2213463639837,10.208));
#8261=CARTESIAN_POINT('',(77.5492491523433,-75.8082791535088,10.208));
#8262=CARTESIAN_POINT('',(79.5703159987242,-80.1822685614398,10.208));
#8263=CARTESIAN_POINT('',(77.5580270449827,-75.5391306647284,10.208));
#8264=CARTESIAN_POINT('Origin',(77.8215823959031,-75.682443528775,10.208));
#8265=CARTESIAN_POINT('',(77.6135386591081,-75.4381554134885,10.208));
#8266=CARTESIAN_POINT('Origin',(88.5395,-81.5105000000001,10.208));
#8267=CARTESIAN_POINT('',(77.8360848142124,-75.2865270214893,10.208));
#8268=CARTESIAN_POINT('Origin',(77.8757617312896,-75.5838916835648,10.208));
#8269=CARTESIAN_POINT('',(78.1039166066243,-75.250790630541,10.208));
#8270=CARTESIAN_POINT('',(83.0563899026792,-74.5899896095897,10.208));
#8271=CARTESIAN_POINT('',(78.4322903176386,-74.7333564581402,10.208));
#8272=CARTESIAN_POINT('Origin',(78.0510140505214,-74.8543044144404,10.208));
#8273=CARTESIAN_POINT('',(78.3505883400944,-74.4757991916344,10.208));
#8274=CARTESIAN_POINT('',(79.8075122346563,-79.0686052297432,10.208));
#8275=CARTESIAN_POINT('',(78.3930302668364,-74.2098731807472,10.208));
#8276=CARTESIAN_POINT('Origin',(78.6365455404323,-74.3850882244093,10.208));
#8277=CARTESIAN_POINT('',(78.4607597100518,-74.116651599622,10.208));
#8278=CARTESIAN_POINT('Origin',(88.5395,-81.5105000000001,10.208));
#8279=CARTESIAN_POINT('',(78.7005550989212,-73.9941112720195,10.208));
#8280=CARTESIAN_POINT('Origin',(78.7026494770106,-74.2941039612311,10.208));
#8281=CARTESIAN_POINT('',(78.9707539150858,-73.992224897782,10.208));
#8282=CARTESIAN_POINT('',(83.9669958086677,-73.957343982588,10.208));
#8283=CARTESIAN_POINT('',(79.361389999292,-73.5200269873996,10.208));
#8284=CARTESIAN_POINT('Origin',(78.9679614109666,-73.5922346454998,10.208));
#8285=CARTESIAN_POINT('',(79.3126127512831,-73.2542606638346,10.208));
#8286=CARTESIAN_POINT('',(80.1824171338844,-77.9934520372908,10.208));
#8287=CARTESIAN_POINT('',(79.3880493775893,-72.9957509428888,10.208));
#8288=CARTESIAN_POINT('Origin',(79.6076841925272,-73.2001049202595,10.208));
#8289=CARTESIAN_POINT('',(79.4669285161154,-72.9117531919004,10.208));
#8290=CARTESIAN_POINT('Origin',(88.5395,-81.5105000000001,10.208));
#8291=CARTESIAN_POINT('',(79.7201914222207,-72.8202334628629,10.208));
#8292=CARTESIAN_POINT('Origin',(79.6846702317287,-73.1181231152948,10.208));
#8293=CARTESIAN_POINT('',(79.9884960653984,-72.8522268545849,10.208));
#8294=CARTESIAN_POINT('',(84.9497128372351,-73.4438161380177,10.208));
#8295=CARTESIAN_POINT('',(80.4352339583938,-72.432712049345,10.208));
#8296=CARTESIAN_POINT('Origin',(80.0358576527209,-72.4550406513423,10.208));
#8297=CARTESIAN_POINT('',(80.4201506862594,-72.1629279624045,10.208));
#8298=CARTESIAN_POINT('',(80.6891182221906,-76.973764792193,10.208));
#8299=CARTESIAN_POINT('',(80.5273923314692,-71.9159113841256,10.208));
#8300=CARTESIAN_POINT('Origin',(80.719682915514,-72.1461815109066,10.208));
#8301=CARTESIAN_POINT('',(80.6161771941716,-71.8424621579849,10.208));
#8302=CARTESIAN_POINT('Origin',(88.5395,-81.5105000000001,10.208));
#8303=CARTESIAN_POINT('',(80.8789135101914,-71.7834063483104,10.208));
#8304=CARTESIAN_POINT('Origin',(80.8063369415115,-72.0744950661932,10.208));
#8305=CARTESIAN_POINT('',(81.1410926558816,-71.8487749510925,10.208));
#8306=CARTESIAN_POINT('',(85.9890429537942,-73.057504716754,10.208));
#8307=CARTESIAN_POINT('',(81.6368870342254,-71.4885592500798,10.208));
#8308=CARTESIAN_POINT('Origin',(81.2378614141215,-71.4606566605821,10.208));
#8309=CARTESIAN_POINT('',(81.6557356101774,-71.2190120559762,10.208));
#8310=CARTESIAN_POINT('',(81.3196245207235,-76.0256245714365,10.208));
#8311=CARTESIAN_POINT('',(81.793091009483,-70.9873842193641,10.208));
#8312=CARTESIAN_POINT('Origin',(81.9550048252554,-71.2399389980994,10.208));
#8313=CARTESIAN_POINT('',(81.8903814060391,-70.9256418562439,10.208));
#8314=CARTESIAN_POINT('Origin',(88.5395,-81.5105000000001,10.208));
#8315=CARTESIAN_POINT('',(82.1584476233188,-70.8999813113294,10.208));
#8316=CARTESIAN_POINT('Origin',(82.0499602522942,-71.179678451694,10.208));
#8317=CARTESIAN_POINT('',(82.4103665497759,-70.9976942232563,10.208));
#8318=CARTESIAN_POINT('',(87.0685953015411,-72.8045020806819,10.208));
#8319=CARTESIAN_POINT('',(82.9473984399484,-70.7024584432581,10.208));
#8320=CARTESIAN_POINT('Origin',(82.5550163778087,-70.6247647027701,10.208));
#8321=CARTESIAN_POINT('',(82.9998816106844,-70.437399062262,10.208));
#8322=CARTESIAN_POINT('',(82.063992568509,-75.1639841126942,10.208));
#8323=CARTESIAN_POINT('',(83.1651845873864,-70.2248128766681,10.208));
#8324=CARTESIAN_POINT('Origin',(83.2941681572891,-70.495669367628,10.208));
#8325=CARTESIAN_POINT('',(83.2694461901244,-70.1757510905176,10.208));
#8326=CARTESIAN_POINT('Origin',(88.5395,-81.5105000000001,10.208));
#8327=CARTESIAN_POINT('',(83.5386147442825,-70.1838904924852,10.208));
#8328=CARTESIAN_POINT('Origin',(83.3959274815615,-70.4477850643452,10.208));
#8329=CARTESIAN_POINT('',(83.7763005395472,-70.3124067225651,10.208));
#8330=CARTESIAN_POINT('',(88.1713446950587,-72.6887982325085,10.208));
#8331=CARTESIAN_POINT('',(84.3461006278331,-70.0868069081973,10.208));
#8332=CARTESIAN_POINT('Origin',(83.9665502231753,-69.9605472934185,10.208));
#8333=CARTESIAN_POINT('',(84.4313907023987,-69.8304154850858,10.208));
#8334=CARTESIAN_POINT('',(82.91048323677,-74.4024320007196,10.208));
#8335=CARTESIAN_POINT('',(84.6220343298073,-69.6402235616495,10.208));
#8336=CARTESIAN_POINT('Origin',(84.716053505892,-69.92511019617,10.208));
#8337=CARTESIAN_POINT('',(84.731622870969,-69.6046160861447,10.208));
#8338=CARTESIAN_POINT('Origin',(88.5395,-81.5105000000001,10.208));
#8339=CARTESIAN_POINT('',(84.9976488131129,-69.6464270717631,10.208));
#8340=CARTESIAN_POINT('Origin',(84.8230119220657,-69.8903573000772,10.208));
#8341=CARTESIAN_POINT('',(85.2173530302072,-69.8037198422757,10.208));
#8342=CARTESIAN_POINT('',(89.2799001176604,-72.7122178910377,10.208));
#8343=CARTESIAN_POINT('',(85.8109352288321,-69.6513138373777,10.208));
#8344=CARTESIAN_POINT('Origin',(85.4502022182701,-69.4784795378569,10.208));
#8345=CARTESIAN_POINT('',(85.9276871318015,-69.4076338180541,10.208));
#8346=CARTESIAN_POINT('',(83.8457468619986,-73.7529783672476,10.208));
#8347=CARTESIAN_POINT('',(86.1406648460277,-69.2428355970233,10.208));
#8348=CARTESIAN_POINT('Origin',(86.198236889723,-69.5372595426947,10.208));
#8349=CARTESIAN_POINT('',(86.253852048854,-69.2212439833236,10.208));
#8350=CARTESIAN_POINT('Origin',(88.5395,-81.5105000000001,10.208));
#8351=CARTESIAN_POINT('',(86.51253999096,-69.2960671683729,10.208));
#8352=CARTESIAN_POINT('Origin',(86.3087075996815,-69.5161861277238,10.208));
#8353=CARTESIAN_POINT('',(86.7107977631353,-69.4796558783651,10.208));
#8354=CARTESIAN_POINT('',(90.3767789881132,-72.874391714264,10.208));
#8355=CARTESIAN_POINT('',(87.3188009262382,-69.4028472166771,10.208));
#8356=CARTESIAN_POINT('Origin',(86.98257428484,-69.186163932564,10.208));
#8357=CARTESIAN_POINT('',(87.4651734103574,-69.1757215806135,10.208));
#8358=CARTESIAN_POINT('',(84.8550337781259,-73.225865484043,10.208));
#8359=CARTESIAN_POINT('',(87.6971264256211,-69.0389160283794,10.208));
#8360=CARTESIAN_POINT('Origin',(87.7173433914062,-69.3382340436983,10.208));
#8361=CARTESIAN_POINT('',(87.8121272603083,-69.0316807891311,10.208));
#8362=CARTESIAN_POINT('Origin',(88.5395,-81.5105000000001,10.208));
#8363=CARTESIAN_POINT('',(88.0593975389966,-69.138336167286,10.208));
#8364=CARTESIAN_POINT('Origin',(87.8295842060609,-69.331172450192,10.208));
#8365=CARTESIAN_POINT('',(88.2330822227524,-69.3453255131306,10.208));
#8366=CARTESIAN_POINT('',(91.444682871386,-73.1727621241176,10.208));
#8367=CARTESIAN_POINT('',(88.8459177772476,-69.3453255131306,10.208));
#8368=CARTESIAN_POINT('Origin',(88.5395,-69.088210469256,10.208));
#8369=CARTESIAN_POINT('',(89.0196024610034,-69.1383361672861,10.208));
#8370=CARTESIAN_POINT('',(85.9224269275654,-72.8294062361557,10.208));
#8371=CARTESIAN_POINT('',(89.2668727396917,-69.0316807891311,10.208));
#8372=CARTESIAN_POINT('Origin',(89.2494157939391,-69.331172450192,10.208));
#8373=CARTESIAN_POINT('',(89.3818735743791,-69.0389160283794,10.208));
#8374=CARTESIAN_POINT('Origin',(88.5395,-81.5105000000001,10.208));
#8375=CARTESIAN_POINT('',(89.6138265896427,-69.1757215806135,10.208));
#8376=CARTESIAN_POINT('Origin',(89.361656608594,-69.3382340436983,10.208));
#8377=CARTESIAN_POINT('',(89.760199073762,-69.4028472166771,10.208));
#8378=CARTESIAN_POINT('',(92.4667702853051,-73.602623640997,10.208));
#8379=CARTESIAN_POINT('',(90.3682022368649,-69.4796558783652,10.208));
#8380=CARTESIAN_POINT('Origin',(90.0964257151603,-69.186163932564,10.208));
#8381=CARTESIAN_POINT('',(90.5664600090402,-69.296067168373,10.208));
#8382=CARTESIAN_POINT('',(87.031092882721,-72.5698530227584,10.208));
#8383=CARTESIAN_POINT('',(90.8251479511462,-69.2212439833236,10.208));
#8384=CARTESIAN_POINT('Origin',(90.7702924003187,-69.5161861277238,10.208));
#8385=CARTESIAN_POINT('',(90.9383351539723,-69.2428355970233,10.208));
#8386=CARTESIAN_POINT('Origin',(88.5395,-81.5105000000001,10.208));
#8387=CARTESIAN_POINT('',(91.1513128681985,-69.4076338180541,10.208));
#8388=CARTESIAN_POINT('Origin',(90.880763110277,-69.5372595426947,10.208));
#8389=CARTESIAN_POINT('',(91.2680647711679,-69.6513138373777,10.208));
#8390=CARTESIAN_POINT('',(93.4269223007873,-74.1571970919941,10.208));
#8391=CARTESIAN_POINT('',(91.8616469697929,-69.8037198422757,10.208));
#8392=CARTESIAN_POINT('Origin',(91.62879778173,-69.4784795378569,10.208));
#8393=CARTESIAN_POINT('',(92.0813511868871,-69.6464270717631,10.208));
#8394=CARTESIAN_POINT('',(88.1635473191947,-72.4512991530757,10.208));
#8395=CARTESIAN_POINT('',(92.3473771290311,-69.6046160861447,10.208));
#8396=CARTESIAN_POINT('Origin',(92.2559880779343,-69.8903573000772,10.208));
#8397=CARTESIAN_POINT('',(92.4569656701928,-69.6402235616496,10.208));
#8398=CARTESIAN_POINT('Origin',(88.5395,-81.5105000000001,10.208));
#8399=CARTESIAN_POINT('',(92.6476092976015,-69.8304154850858,10.208));
#8400=CARTESIAN_POINT('Origin',(92.3629464941081,-69.92511019617,10.208));
#8401=CARTESIAN_POINT('',(92.732899372167,-70.0868069081973,10.208));
#8402=CARTESIAN_POINT('',(94.3099967469815,-74.8277365225009,10.208));
#8403=CARTESIAN_POINT('',(93.3026994604529,-70.3124067225651,10.208));
#8404=CARTESIAN_POINT('Origin',(93.1124497768248,-69.9605472934184,10.208));
#8405=CARTESIAN_POINT('',(93.5403852557175,-70.1838904924852,10.208));
#8406=CARTESIAN_POINT('',(89.3019307540279,-72.4756142924534,10.208));
#8407=CARTESIAN_POINT('',(93.8095538098756,-70.1757510905176,10.208));
#8408=CARTESIAN_POINT('Origin',(93.6830725184386,-70.4477850643452,10.208));
#8409=CARTESIAN_POINT('',(93.9138154126136,-70.2248128766681,10.208));
#8410=CARTESIAN_POINT('Origin',(88.5395,-81.5105000000001,10.208));
#8411=CARTESIAN_POINT('',(94.0791183893156,-70.437399062262,10.208));
#8412=CARTESIAN_POINT('Origin',(93.7848318427109,-70.495669367628,10.208));
#8413=CARTESIAN_POINT('',(94.1316015600516,-70.7024584432581,10.208));
#8414=CARTESIAN_POINT('',(95.102067012348,-75.6036671251371,10.208));
#8415=CARTESIAN_POINT('',(94.6686334502241,-70.9976942232563,10.208));
#8416=CARTESIAN_POINT('Origin',(94.5239836221913,-70.6247647027701,10.208));
#8417=CARTESIAN_POINT('',(94.9205523766811,-70.8999813113294,10.208));
#8418=CARTESIAN_POINT('',(90.4282902004161,-72.6424149766181,10.208));
#8419=CARTESIAN_POINT('',(95.1886185939609,-70.9256418562439,10.208));
#8420=CARTESIAN_POINT('Origin',(95.0290397477058,-71.179678451694,10.208));
#8421=CARTESIAN_POINT('',(95.2859089905172,-70.9873842193643,10.208));
#8422=CARTESIAN_POINT('Origin',(88.5395,-81.5105000000001,10.208));
#8423=CARTESIAN_POINT('',(95.4232643898228,-71.2190120559763,10.208));
#8424=CARTESIAN_POINT('Origin',(95.1239951747449,-71.2399389980995,10.208));
#8425=CARTESIAN_POINT('',(95.4421129657748,-71.4885592500798,10.208));
#8426=CARTESIAN_POINT('',(95.7906416756425,-76.4727520107809,10.208));
#8427=CARTESIAN_POINT('',(95.9379073441186,-71.8487749510926,10.208));
#8428=CARTESIAN_POINT('Origin',(95.8411385858787,-71.4606566605822,10.208));
#8429=CARTESIAN_POINT('',(96.2000864898087,-71.7834063483105,10.208));
#8430=CARTESIAN_POINT('',(91.5248622970352,-72.9490706591388,10.208));
#8431=CARTESIAN_POINT('',(96.4628228058285,-71.842462157985,10.208));
#8432=CARTESIAN_POINT('Origin',(96.2726630584886,-72.0744950661933,10.208));
#8433=CARTESIAN_POINT('',(96.551607668531,-71.9159113841257,10.208));
#8434=CARTESIAN_POINT('Origin',(88.5395,-81.5105000000001,10.208));
#8435=CARTESIAN_POINT('',(96.6588493137408,-72.1629279624047,10.208));
#8436=CARTESIAN_POINT('Origin',(96.3593170844862,-72.1461815109067,10.208));
#8437=CARTESIAN_POINT('',(96.6437660416064,-72.432712049345,10.208));
#8438=CARTESIAN_POINT('',(96.36486150309,-77.4212851916194,10.208));
#8439=CARTESIAN_POINT('',(97.0905039346019,-72.8522268545849,10.208));
#8440=CARTESIAN_POINT('Origin',(97.0431423472792,-72.4550406513422,10.208));
#8441=CARTESIAN_POINT('',(97.3588085777794,-72.8202334628629,10.208));
#8442=CARTESIAN_POINT('',(92.5743534468611,-73.3907451967149,10.208));
#8443=CARTESIAN_POINT('',(97.6120714838845,-72.9117531919004,10.208));
#8444=CARTESIAN_POINT('Origin',(97.3943297682713,-73.1181231152948,10.208));
#8445=CARTESIAN_POINT('',(97.6909506224108,-72.995750942889,10.208));
#8446=CARTESIAN_POINT('Origin',(88.5395,-81.5105000000001,10.208));
#8447=CARTESIAN_POINT('',(97.766387248717,-73.2542606638348,10.208));
#8448=CARTESIAN_POINT('Origin',(97.471315807473,-73.2001049202596,10.208));
#8449=CARTESIAN_POINT('',(97.7176100007081,-73.5200269873997,10.208));
#8450=CARTESIAN_POINT('',(96.8156707049893,-78.4343077327647,10.208));
#8451=CARTESIAN_POINT('',(98.1082460849144,-73.9922248977821,10.208));
#8452=CARTESIAN_POINT('Origin',(98.1110385890335,-73.5922346454999,10.208));
#8453=CARTESIAN_POINT('',(98.3784449010789,-73.9941112720195,10.208));
#8454=CARTESIAN_POINT('',(93.5602125475253,-73.9604731180452,10.208));
#8455=CARTESIAN_POINT('',(98.6182402899482,-74.1166515996221,10.208));
#8456=CARTESIAN_POINT('Origin',(98.3763505229895,-74.2941039612311,10.208));
#8457=CARTESIAN_POINT('',(98.6859697331636,-74.2098731807473,10.208));
#8458=CARTESIAN_POINT('Origin',(88.5395,-81.5105000000001,10.208));
#8459=CARTESIAN_POINT('',(98.7284116599056,-74.4757991916345,10.208));
#8460=CARTESIAN_POINT('Origin',(98.4424544595677,-74.3850882244094,10.208));
#8461=CARTESIAN_POINT('',(98.6467096823614,-74.7333564581402,10.208));
#8462=CARTESIAN_POINT('',(97.1359597509262,-79.4958436635924,10.208));
#8463=CARTESIAN_POINT('',(98.9750833933758,-75.250790630541,10.208));
#8464=CARTESIAN_POINT('Origin',(99.0279859494786,-74.8543044144404,10.208));
#8465=CARTESIAN_POINT('',(99.2429151857876,-75.2865270214893,10.208));
#8466=CARTESIAN_POINT('',(94.4668920120868,-74.6492694734713,10.208));
#8467=CARTESIAN_POINT('',(99.4654613408918,-75.4381554134885,10.208));
#8468=CARTESIAN_POINT('Origin',(99.2032382687104,-75.5838916835648,10.208));
#8469=CARTESIAN_POINT('',(99.5209729550173,-75.5391306647284,10.208));
#8470=CARTESIAN_POINT('Origin',(88.5395,-81.5105000000001,10.208));
#8471=CARTESIAN_POINT('',(99.5297508476567,-75.8082791535088,10.208));
#8472=CARTESIAN_POINT('Origin',(99.2574176040969,-75.6824435287749,10.208));
#8473=CARTESIAN_POINT('',(99.4164126295695,-76.0535655310053,10.208));
#8474=CARTESIAN_POINT('',(97.3206774913148,-80.5891519283426,10.208));
#8475=CARTESIAN_POINT('',(99.6773453178084,-76.6080757194255,10.208));
#8476=CARTESIAN_POINT('Origin',(99.7795236209827,-76.2213463639837,10.208));
#8477=CARTESIAN_POINT('',(99.9385862191061,-76.6770985428516,10.208));
#8478=CARTESIAN_POINT('',(95.2800929637652,-75.4462715330013,10.208));
#8479=CARTESIAN_POINT('',(100.140373454637,-76.8554237289272,10.208));
#8480=CARTESIAN_POINT('Origin',(99.8619524917254,-76.9671455594329,10.208));
#8481=CARTESIAN_POINT('',(100.182791788356,-76.9625602102499,10.208));
#8482=CARTESIAN_POINT('Origin',(88.5395,-81.5105000000001,10.208));
#8483=CARTESIAN_POINT('',(100.157767214283,-77.2306865444739,10.208));
#8484=CARTESIAN_POINT('Origin',(99.9033527854358,-77.0717107652039,10.208));
#8485=CARTESIAN_POINT('',(100.014580167057,-77.459833720261,10.208));
#8486=CARTESIAN_POINT('',(97.3669108170444,-81.6969904025696,10.208));
#8487=CARTESIAN_POINT('',(100.203956768153,-78.042674967781,10.208));
#8488=CARTESIAN_POINT('Origin',(100.353799405519,-77.6718014259543,10.208));
#8489=CARTESIAN_POINT('',(100.454486853265,-78.1438956925271,10.208));
#8490=CARTESIAN_POINT('',(95.9869907377701,-76.3389100980503,10.208));
#8491=CARTESIAN_POINT('',(100.632332863976,-78.3461053779684,10.208));
#8492=CARTESIAN_POINT('Origin',(100.342104875241,-78.4220508488971,10.208));
#8493=CARTESIAN_POINT('',(100.660988954828,-78.4577134830632,10.208));
#8494=CARTESIAN_POINT('Origin',(88.5395,-81.5105000000001,10.208));
#8495=CARTESIAN_POINT('',(100.602556566523,-78.7205891502691,10.208));
#8496=CARTESIAN_POINT('Origin',(100.370073219912,-78.5309803594697,10.208));
#8497=CARTESIAN_POINT('',(100.431778835429,-78.9299833364989,10.208));
#8498=CARTESIAN_POINT('',(97.2739306009494,-82.801887811744,10.208));
#8499=CARTESIAN_POINT('',(100.546612767255,-79.5319638884727,10.208));
#8500=CARTESIAN_POINT('Origin',(100.74175663091,-79.1827950575648,10.208));
#8501=CARTESIAN_POINT('',(100.78248102708,-79.6637862032433,10.208));
#8502=CARTESIAN_POINT('',(96.5764371339251,-77.3131077252111,10.208));
#8503=CARTESIAN_POINT('',(100.933581075142,-79.8866914205166,10.208));
#8504=CARTESIAN_POINT('Origin',(100.636123129339,-79.9256628264242,10.208));
#8505=CARTESIAN_POINT('',(100.948022999455,-80.001011022895,10.208));
#8506=CARTESIAN_POINT('Origin',(88.5395,-81.5105000000001,10.208));
#8507=CARTESIAN_POINT('',(100.857104310589,-80.2544903167767,10.208));
#8508=CARTESIAN_POINT('Origin',(100.650218447468,-80.0372387583455,10.208));
#8509=CARTESIAN_POINT('',(100.661429162463,-80.4408292420462,10.208));
#8510=CARTESIAN_POINT('',(97.0432031965816,-83.8864192636895,10.208));
#8511=CARTESIAN_POINT('',(100.699909425316,-81.0524555055635,10.208));
#8512=CARTESIAN_POINT('Origin',(100.937276979957,-80.7304979866212,10.208));
#8513=CARTESIAN_POINT('',(100.917396076496,-81.2128004937078,10.208));
#8514=CARTESIAN_POINT('',(97.0391362304445,-78.353500735946,10.208));
#8515=CARTESIAN_POINT('',(101.039367223888,-81.4528858943797,10.208));
#8516=CARTESIAN_POINT('Origin',(100.739370410515,-81.4542686329146,10.208));
#8517=CARTESIAN_POINT('',(101.039367223888,-81.5681141056206,10.208));
#8518=CARTESIAN_POINT('Origin',(88.5395,-81.5105000000001,10.208));
#8519=CARTESIAN_POINT('',(100.917396076496,-81.8081995062925,10.208));
#8520=CARTESIAN_POINT('Origin',(100.739370410515,-81.5667313670858,10.208));
#8521=CARTESIAN_POINT('',(100.699909425316,-81.9685444944368,10.208));
#8522=CARTESIAN_POINT('',(96.6783673129376,-84.9334810495413,10.208));
#8523=CARTESIAN_POINT('',(100.661429162463,-82.5801707579541,10.208));
#8524=CARTESIAN_POINT('Origin',(100.937276979957,-82.2905020133792,10.208));
#8525=CARTESIAN_POINT('',(100.857104310589,-82.7665096832236,10.208));
#8526=CARTESIAN_POINT('',(97.3677909861732,-79.4436815109749,10.208));
#8527=CARTESIAN_POINT('',(100.948022999455,-83.0199889771053,10.208));
#8528=CARTESIAN_POINT('Origin',(100.650218447468,-82.9837612416548,10.208));
#8529=CARTESIAN_POINT('',(100.933581075142,-83.1343085794837,10.208));
#8530=CARTESIAN_POINT('Origin',(88.5395,-81.5105000000001,10.208));
#8531=CARTESIAN_POINT('',(100.78248102708,-83.3572137967571,10.208));
#8532=CARTESIAN_POINT('Origin',(100.636123129339,-83.0953371735761,10.208));
#8533=CARTESIAN_POINT('',(100.546612767255,-83.4890361115276,10.208));
#8534=CARTESIAN_POINT('',(96.1851766298449,-85.9265603794521,10.208));
#8535=CARTESIAN_POINT('',(100.431778835429,-84.0910166635015,10.208));
#8536=CARTESIAN_POINT('Origin',(100.741756630911,-83.8382049424355,10.208));
#8537=CARTESIAN_POINT('',(100.602556566523,-84.3004108497311,10.208));
#8538=CARTESIAN_POINT('',(97.5572183192845,-80.5664572482333,10.208));
#8539=CARTESIAN_POINT('',(100.660988954828,-84.5632865169371,10.208));
#8540=CARTESIAN_POINT('Origin',(100.370073219912,-84.4900196405306,10.208));
#8541=CARTESIAN_POINT('',(100.632332863976,-84.674894622032,10.208));
#8542=CARTESIAN_POINT('Origin',(88.5395,-81.5105000000001,10.208));
#8543=CARTESIAN_POINT('',(100.454486853265,-84.8771043074733,10.208));
#8544=CARTESIAN_POINT('Origin',(100.34210487524,-84.5989491511032,10.208));
#8545=CARTESIAN_POINT('',(100.203956768153,-84.9783250322194,10.208));
#8546=CARTESIAN_POINT('',(95.5714090589937,-86.8499957991523,10.208));
#8547=CARTESIAN_POINT('',(100.014580167057,-85.5611662797394,10.208));
#8548=CARTESIAN_POINT('Origin',(100.353799405519,-85.3491985740461,10.208));
#8549=CARTESIAN_POINT('',(100.157767214283,-85.7903134555266,10.208));
#8550=CARTESIAN_POINT('',(97.6044308475769,-81.7041211036309,10.208));
#8551=CARTESIAN_POINT('',(100.182791788356,-86.0584397897505,10.208));
#8552=CARTESIAN_POINT('Origin',(99.9033527854358,-85.9492892347965,10.208));
#8553=CARTESIAN_POINT('',(100.140373454637,-86.1655762710732,10.208));
#8554=CARTESIAN_POINT('Origin',(88.5395,-81.5105000000001,10.208));
#8555=CARTESIAN_POINT('',(99.9385862191061,-86.3439014571488,10.208));
#8556=CARTESIAN_POINT('Origin',(99.8619524917254,-86.0538544405675,10.208));
#8557=CARTESIAN_POINT('',(99.6773453178085,-86.4129242805748,10.208));
#8558=CARTESIAN_POINT('',(94.8467440816235,-87.6892241804397,10.208));
#8559=CARTESIAN_POINT('',(99.4164126295696,-86.9674344689951,10.208));
#8560=CARTESIAN_POINT('Origin',(99.7795236209828,-86.7996536360166,10.208));
#8561=CARTESIAN_POINT('',(99.5297508476568,-87.2127208464915,10.208));
#8562=CARTESIAN_POINT('',(97.5086840012758,-82.8387314385605,10.208));
#8563=CARTESIAN_POINT('',(99.5209729550173,-87.4818693352719,10.208));
#8564=CARTESIAN_POINT('Origin',(99.2574176040969,-87.3385564712254,10.208));
#8565=CARTESIAN_POINT('',(99.4654613408918,-87.5828445865118,10.208));
#8566=CARTESIAN_POINT('Origin',(88.5395,-81.5105000000001,10.208));
#8567=CARTESIAN_POINT('',(99.2429151857876,-87.734472978511,10.208));
#8568=CARTESIAN_POINT('Origin',(99.2032382687104,-87.4371083164355,10.208));
#8569=CARTESIAN_POINT('',(98.9750833933758,-87.7702093694593,10.208));
#8570=CARTESIAN_POINT('',(94.0226100973209,-88.4310103904107,10.208));
#8571=CARTESIAN_POINT('',(98.6467096823614,-88.2876435418601,10.208));
#8572=CARTESIAN_POINT('Origin',(99.0279859494786,-88.1666955855599,10.208));
#8573=CARTESIAN_POINT('',(98.7284116599056,-88.5452008083658,10.208));
#8574=CARTESIAN_POINT('',(97.2714877653438,-83.9523947702571,10.208));
#8575=CARTESIAN_POINT('',(98.6859697331636,-88.811126819253,10.208));
#8576=CARTESIAN_POINT('Origin',(98.4424544595677,-88.6359117755909,10.208));
#8577=CARTESIAN_POINT('',(98.6182402899481,-88.9043484003784,10.208));
#8578=CARTESIAN_POINT('Origin',(88.5395,-81.5105000000001,10.208));
#8579=CARTESIAN_POINT('',(98.3784449010788,-89.0268887279809,10.208));
#8580=CARTESIAN_POINT('Origin',(98.3763505229894,-88.7268960387693,10.208));
#8581=CARTESIAN_POINT('',(98.1082460849144,-89.0287751022184,10.208));
#8582=CARTESIAN_POINT('',(93.1120041913324,-89.0636560174124,10.208));
#8583=CARTESIAN_POINT('',(97.7176100007082,-89.5009730126008,10.208));
#8584=CARTESIAN_POINT('Origin',(98.1110385890335,-89.4287653545005,10.208));
#8585=CARTESIAN_POINT('',(97.766387248717,-89.7667393361655,10.208));
#8586=CARTESIAN_POINT('',(96.8965828661157,-85.0275479627095,10.208));
#8587=CARTESIAN_POINT('',(97.6909506224108,-90.0252490571114,10.208));
#8588=CARTESIAN_POINT('Origin',(97.471315807473,-89.8208950797407,10.208));
#8589=CARTESIAN_POINT('',(97.6120714838844,-90.1092468080999,10.208));
#8590=CARTESIAN_POINT('Origin',(88.5395,-81.5105000000001,10.208));
#8591=CARTESIAN_POINT('',(97.3588085777793,-90.2007665371376,10.208));
#8592=CARTESIAN_POINT('Origin',(97.3943297682712,-89.9028768847056,10.208));
#8593=CARTESIAN_POINT('',(97.0905039346018,-90.1687731454156,10.208));
#8594=CARTESIAN_POINT('',(92.1292871627649,-89.5771838619827,10.208));
#8595=CARTESIAN_POINT('',(96.6437660416064,-90.5882879506554,10.208));
#8596=CARTESIAN_POINT('Origin',(97.0431423472792,-90.5659593486582,10.208));
#8597=CARTESIAN_POINT('',(96.6588493137408,-90.8580720375957,10.208));
#8598=CARTESIAN_POINT('',(96.3898817778096,-86.0472352078074,10.208));
#8599=CARTESIAN_POINT('',(96.5516076685309,-91.1050886158746,10.208));
#8600=CARTESIAN_POINT('Origin',(96.3593170844862,-90.8748184890937,10.208));
#8601=CARTESIAN_POINT('',(96.4628228058284,-91.1785378420154,10.208));
#8602=CARTESIAN_POINT('Origin',(88.5395,-81.5105000000001,10.208));
#8603=CARTESIAN_POINT('',(96.2000864898086,-91.2375936516899,10.208));
#8604=CARTESIAN_POINT('Origin',(96.2726630584885,-90.9465049338071,10.208));
#8605=CARTESIAN_POINT('',(95.9379073441185,-91.1722250489078,10.208));
#8606=CARTESIAN_POINT('',(91.0899570462058,-89.9634952832463,10.208));
#8607=CARTESIAN_POINT('',(95.4421129657747,-91.5324407499206,10.208));
#8608=CARTESIAN_POINT('Origin',(95.8411385858787,-91.5603433394182,10.208));
#8609=CARTESIAN_POINT('',(95.4232643898227,-91.8019879440241,10.208));
#8610=CARTESIAN_POINT('',(95.7593754792767,-86.9953754285639,10.208));
#8611=CARTESIAN_POINT('',(95.2859089905172,-92.0336157806361,10.208));
#8612=CARTESIAN_POINT('Origin',(95.1239951747448,-91.7810610019008,10.208));
#8613=CARTESIAN_POINT('',(95.1886185939608,-92.0953581437565,10.208));
#8614=CARTESIAN_POINT('Origin',(88.5395,-81.5105000000001,10.208));
#8615=CARTESIAN_POINT('',(94.9205523766811,-92.121018688671,10.208));
#8616=CARTESIAN_POINT('Origin',(95.0290397477058,-91.8413215483063,10.208));
#8617=CARTESIAN_POINT('',(94.6686334502241,-92.023305776744,10.208));
#8618=CARTESIAN_POINT('',(90.0104046984589,-90.2164979193184,10.208));
#8619=CARTESIAN_POINT('',(94.1316015600516,-92.3185415567422,10.208));
#8620=CARTESIAN_POINT('Origin',(94.5239836221913,-92.3962352972302,10.208));
#8621=CARTESIAN_POINT('',(94.0791183893157,-92.5836009377383,10.208));
#8622=CARTESIAN_POINT('',(95.015007431491,-87.8570158873061,10.208));
#8623=CARTESIAN_POINT('',(93.9138154126136,-92.7961871233322,10.208));
#8624=CARTESIAN_POINT('Origin',(93.7848318427109,-92.5253306323723,10.208));
#8625=CARTESIAN_POINT('',(93.8095538098756,-92.8452489094827,10.208));
#8626=CARTESIAN_POINT('Origin',(88.5395,-81.5105000000001,10.208));
#8627=CARTESIAN_POINT('',(93.5403852557175,-92.8371095075151,10.208));
#8628=CARTESIAN_POINT('Origin',(93.6830725184386,-92.5732149356551,10.208));
#8629=CARTESIAN_POINT('',(93.3026994604529,-92.7085932774352,10.208));
#8630=CARTESIAN_POINT('',(88.9076553049414,-90.3322017674918,10.208));
#8631=CARTESIAN_POINT('',(92.732899372167,-92.9341930918031,10.208));
#8632=CARTESIAN_POINT('Origin',(93.1124497768248,-93.0604527065819,10.208));
#8633=CARTESIAN_POINT('',(92.6476092976014,-93.1905845149145,10.208));
#8634=CARTESIAN_POINT('',(94.1685167632301,-88.6185679992808,10.208));
#8635=CARTESIAN_POINT('',(92.4569656701926,-93.3807764383508,10.208));
#8636=CARTESIAN_POINT('Origin',(92.3629464941081,-93.0958898038304,10.208));
#8637=CARTESIAN_POINT('',(92.347377129031,-93.4163839138556,10.208));
#8638=CARTESIAN_POINT('Origin',(88.5395,-81.5105000000001,10.208));
#8639=CARTESIAN_POINT('',(92.0813511868871,-93.3745729282372,10.208));
#8640=CARTESIAN_POINT('Origin',(92.2559880779343,-93.1306426999231,10.208));
#8641=CARTESIAN_POINT('',(91.8616469697929,-93.2172801577246,10.208));
#8642=CARTESIAN_POINT('',(87.7990998823396,-90.3087821089626,10.208));
#8643=CARTESIAN_POINT('',(91.2680647711679,-93.3696861626226,10.208));
#8644=CARTESIAN_POINT('Origin',(91.62879778173,-93.5425204621434,10.208));
#8645=CARTESIAN_POINT('',(91.1513128681985,-93.6133661819462,10.208));
#8646=CARTESIAN_POINT('',(93.2332531380014,-89.2680216327527,10.208));
#8647=CARTESIAN_POINT('',(90.9383351539722,-93.7781644029771,10.208));
#8648=CARTESIAN_POINT('Origin',(90.8807631102769,-93.4837404573056,10.208));
#8649=CARTESIAN_POINT('',(90.8251479511461,-93.7997560166767,10.208));
#8650=CARTESIAN_POINT('Origin',(88.5395,-81.5105000000001,10.208));
#8651=CARTESIAN_POINT('',(90.5664600090402,-93.7249328316274,10.208));
#8652=CARTESIAN_POINT('Origin',(90.7702924003186,-93.5048138722765,10.208));
#8653=CARTESIAN_POINT('',(90.3682022368648,-93.5413441216352,10.208));
#8654=CARTESIAN_POINT('',(86.7022210118869,-90.1466082857362,10.208));
#8655=CARTESIAN_POINT('',(89.760199073762,-93.6181527833233,10.208));
#8656=CARTESIAN_POINT('Origin',(90.0964257151602,-93.8348360674364,10.208));
#8657=CARTESIAN_POINT('',(92.2239662218742,-89.7951345159574,10.208));
#8658=CARTESIAN_POINT('',(84.6735,-81.5105000000001,10.208));
#8659=CARTESIAN_POINT('Origin',(88.5395,-81.5105000000001,10.208));
#8660=CARTESIAN_POINT('Origin',(89.361656608594,-93.682765956302,27.929));
#8661=CARTESIAN_POINT('',(89.6138265896426,-93.8452784193868,28.0475244709453));
#8662=CARTESIAN_POINT('',(89.3818735743791,-93.9820839716209,27.929));
#8663=CARTESIAN_POINT('Ctrl Pts',(89.6138265896427,-93.8452784193868,28.0475244709453));
#8664=CARTESIAN_POINT('Ctrl Pts',(89.606634958443,-93.8564376466173,28.0370313407611));
#8665=CARTESIAN_POINT('Ctrl Pts',(89.598669033541,-93.8671658287632,28.0270267919922));
#8666=CARTESIAN_POINT('Ctrl Pts',(89.5677262318956,-93.9034831691692,27.9934588088606));
#8667=CARTESIAN_POINT('Ctrl Pts',(89.5375545008176,-93.9291658419967,27.9703491327145));
#8668=CARTESIAN_POINT('Ctrl Pts',(89.4836101598752,-93.9576124197795,27.9461476251035));
#8669=CARTESIAN_POINT('Ctrl Pts',(89.4642026540297,-93.9654779326685,27.939759583841));
#8670=CARTESIAN_POINT('Ctrl Pts',(89.4238139163928,-93.9770052834348,27.9311864353982));
#8671=CARTESIAN_POINT('Ctrl Pts',(89.4028332972649,-93.9806682800195,27.929));
#8672=CARTESIAN_POINT('Ctrl Pts',(89.3818735743791,-93.9820839716209,27.929));
#8673=CARTESIAN_POINT('',(89.3818735743791,-93.9820839716209,27.929));
#8674=CARTESIAN_POINT('',(89.6138265896427,-93.8452784193868,27.929));
#8675=CARTESIAN_POINT('Origin',(88.5395,-81.5105000000001,27.929));
#8676=CARTESIAN_POINT('',(89.2668727396917,-93.9893192108692,27.929));
#8677=CARTESIAN_POINT('Origin',(88.5395,-81.5105000000001,27.929));
#8678=CARTESIAN_POINT('',(89.2668727396917,-93.9893192108692,27.929));
#8679=CARTESIAN_POINT('Origin',(88.5395,-81.5105000000001,28.429));
#8680=CARTESIAN_POINT('',(100.0395,-81.5105000000001,28.929));
#8681=CARTESIAN_POINT('Origin',(88.5395,-81.5105000000001,28.929));
#8682=CARTESIAN_POINT('',(101.0395,-81.5105000000001,27.929));
#8683=CARTESIAN_POINT('',(100.5395,-81.5105000000001,28.429));
#8684=CARTESIAN_POINT('',(101.039367223888,-81.4528858943797,27.929));
#8685=CARTESIAN_POINT('Origin',(88.5395,-81.5105000000001,27.929));
#8686=CARTESIAN_POINT('',(100.917396076496,-81.2128004937078,28.0475244709452));
#8687=CARTESIAN_POINT('Ctrl Pts',(100.917396076496,-81.2128004937078,28.0475244709453));
#8688=CARTESIAN_POINT('Ctrl Pts',(100.928081717281,-81.2206786275415,28.0370313407611));
#8689=CARTESIAN_POINT('Ctrl Pts',(100.938288545247,-81.2293024616409,28.0270267919922));
#8690=CARTESIAN_POINT('Ctrl Pts',(100.972591307087,-81.2624645894074,27.9934588088606));
#8691=CARTESIAN_POINT('Ctrl Pts',(100.996328802357,-81.2941894118359,27.9703491327145));
#8692=CARTESIAN_POINT('Ctrl Pts',(101.021332054123,-81.3498134813417,27.9461476251035));
#8693=CARTESIAN_POINT('Ctrl Pts',(101.027963438844,-81.3696765705484,27.9397595838411));
#8694=CARTESIAN_POINT('Ctrl Pts',(101.036932013197,-81.4107094185809,27.9311864353982));
#8695=CARTESIAN_POINT('Ctrl Pts',(101.03927039772,-81.4318786387081,27.929));
#8696=CARTESIAN_POINT('Ctrl Pts',(101.039367223888,-81.4528858943797,27.929));
#8697=CARTESIAN_POINT('',(100.699909425316,-81.0524555055636,28.2599670823768));
#8698=CARTESIAN_POINT('Ctrl Pts',(100.917396076496,-81.2128004937078,28.0475244709452));
#8699=CARTESIAN_POINT('Ctrl Pts',(100.80771176363,-81.1319342439831,28.155232730767));
#8700=CARTESIAN_POINT('Ctrl Pts',(100.699909425316,-81.0524555055636,28.2599670823768));
#8701=CARTESIAN_POINT('',(100.661429162463,-80.4408292420462,28.2599670823768));
#8702=CARTESIAN_POINT('Ctrl Pts',(100.661429162463,-80.4408292420462,28.2599670823768));
#8703=CARTESIAN_POINT('Ctrl Pts',(100.645081904453,-80.4563965254644,28.2776194441471));
#8704=CARTESIAN_POINT('Ctrl Pts',(100.629893535361,-80.4735075204712,28.2942288018137));
#8705=CARTESIAN_POINT('Ctrl Pts',(100.592046993309,-80.5244536417042,28.3362229988428));
#8706=CARTESIAN_POINT('Ctrl Pts',(100.569834062914,-80.5653483124014,28.3616774906253));
#8707=CARTESIAN_POINT('Ctrl Pts',(100.541250815355,-80.6566602942907,28.3969973397871));
#8708=CARTESIAN_POINT('Ctrl Pts',(100.535019049352,-80.7071797137695,28.4067104692557));
#8709=CARTESIAN_POINT('Ctrl Pts',(100.541113527821,-80.8040486750963,28.4067104692557));
#8710=CARTESIAN_POINT('Ctrl Pts',(100.553627916688,-80.8533886864792,28.3969973397871));
#8711=CARTESIAN_POINT('Ctrl Pts',(100.593430202757,-80.9403982152752,28.3616774906253));
#8712=CARTESIAN_POINT('Ctrl Pts',(100.620593438875,-80.978186400886,28.3362229988429));
#8713=CARTESIAN_POINT('Ctrl Pts',(100.66452679175,-81.0239873672417,28.2942288018138));
#8714=CARTESIAN_POINT('Ctrl Pts',(100.681739972349,-81.0390598295312,28.2776194441471));
#8715=CARTESIAN_POINT('Ctrl Pts',(100.699909425316,-81.0524555055635,28.2599670823768));
#8716=CARTESIAN_POINT('',(100.857104310589,-80.2544903167767,28.0475244709453));
#8717=CARTESIAN_POINT('Ctrl Pts',(100.661429162463,-80.4408292420462,28.2599670823768));
#8718=CARTESIAN_POINT('Ctrl Pts',(100.758420119855,-80.3484660015715,28.1552327307669));
#8719=CARTESIAN_POINT('Ctrl Pts',(100.857104310589,-80.2544903167767,28.0475244709453));
#8720=CARTESIAN_POINT('',(100.948022999455,-80.001011022895,27.929));
#8721=CARTESIAN_POINT('Ctrl Pts',(100.948022999455,-80.001011022895,27.929));
#8722=CARTESIAN_POINT('Ctrl Pts',(100.950559844071,-80.0218647656178,27.929));
#8723=CARTESIAN_POINT('Ctrl Pts',(100.95089310522,-80.0431601374148,27.9311864353981));
#8724=CARTESIAN_POINT('Ctrl Pts',(100.94713803028,-80.0849934896088,27.939759583841));
#8725=CARTESIAN_POINT('Ctrl Pts',(100.943048441207,-80.1055310853144,27.9461476251035));
#8726=CARTESIAN_POINT('Ctrl Pts',(100.925213892045,-80.1638502808115,27.9703491327145));
#8727=CARTESIAN_POINT('Ctrl Pts',(100.905639748594,-80.1983000405783,27.9934588088606));
#8728=CARTESIAN_POINT('Ctrl Pts',(100.875763790982,-80.235499951124,28.0270267919922));
#8729=CARTESIAN_POINT('Ctrl Pts',(100.866718299917,-80.2453350384691,28.0370313407611));
#8730=CARTESIAN_POINT('Ctrl Pts',(100.857104310589,-80.2544903167767,28.0475244709453));
#8731=CARTESIAN_POINT('',(100.933581075142,-79.8866914205166,27.929));
#8732=CARTESIAN_POINT('Origin',(88.5395,-81.5105000000001,27.929));
#8733=CARTESIAN_POINT('',(100.78248102708,-79.6637862032433,28.0475244709454));
#8734=CARTESIAN_POINT('Ctrl Pts',(100.78248102708,-79.6637862032432,28.0475244709453));
#8735=CARTESIAN_POINT('Ctrl Pts',(100.794069800384,-79.6702629497262,28.0370313407611));
#8736=CARTESIAN_POINT('Ctrl Pts',(100.805276997476,-79.6775395275645,28.0270267919922));
#8737=CARTESIAN_POINT('Ctrl Pts',(100.843465588498,-79.7061408859871,27.9934588088606));
#8738=CARTESIAN_POINT('Ctrl Pts',(100.870992081107,-79.7346404516761,27.9703491327145));
#8739=CARTESIAN_POINT('Ctrl Pts',(100.90276971926,-79.7866921703863,27.9461476251035));
#8740=CARTESIAN_POINT('Ctrl Pts',(100.911838318731,-79.8055675003116,27.939759583841));
#8741=CARTESIAN_POINT('Ctrl Pts',(100.925878952723,-79.8451527316573,27.9311864353981));
#8742=CARTESIAN_POINT('Ctrl Pts',(100.930852105195,-79.8658619488673,27.929));
#8743=CARTESIAN_POINT('Ctrl Pts',(100.933581075142,-79.8866914205166,27.929));
#8744=CARTESIAN_POINT('',(100.546612767255,-79.5319638884727,28.2599670823769));
#8745=CARTESIAN_POINT('Ctrl Pts',(100.78248102708,-79.6637862032433,28.0475244709454));
#8746=CARTESIAN_POINT('Ctrl Pts',(100.663526379218,-79.5973046976542,28.1552327307668));
#8747=CARTESIAN_POINT('Ctrl Pts',(100.546612767255,-79.5319638884727,28.2599670823769));
#8748=CARTESIAN_POINT('',(100.431778835429,-78.9299833364989,28.2599670823768));
#8749=CARTESIAN_POINT('Ctrl Pts',(100.431778835429,-78.9299833364988,28.2599670823769));
#8750=CARTESIAN_POINT('Ctrl Pts',(100.417511578399,-78.9474767219439,28.2776194441471));
#8751=CARTESIAN_POINT('Ctrl Pts',(100.404587550467,-78.9663563990552,28.2942288018138));
#8752=CARTESIAN_POINT('Ctrl Pts',(100.373424681816,-79.0216442244,28.3362229988429));
#8753=CARTESIAN_POINT('Ctrl Pts',(100.356512368326,-79.0650004467974,28.3616774906254));
#8754=CARTESIAN_POINT('Ctrl Pts',(100.339598934164,-79.1591748372783,28.3969973397872));
#8755=CARTESIAN_POINT('Ctrl Pts',(100.339748069698,-79.2100769434291,28.4067104692558));
#8756=CARTESIAN_POINT('Ctrl Pts',(100.35793539154,-79.305418223369,28.4067104692558));
#8757=CARTESIAN_POINT('Ctrl Pts',(100.376535043884,-79.3528007052022,28.3969973397872));
#8758=CARTESIAN_POINT('Ctrl Pts',(100.426928662634,-79.4341355886589,28.3616774906253));
#8759=CARTESIAN_POINT('Ctrl Pts',(100.458613824015,-79.4682213469226,28.3362229988429));
#8760=CARTESIAN_POINT('Ctrl Pts',(100.507941132494,-79.5081548498014,28.2942288018138));
#8761=CARTESIAN_POINT('Ctrl Pts',(100.526907662459,-79.5209510776394,28.2776194441471));
#8762=CARTESIAN_POINT('Ctrl Pts',(100.546612767255,-79.5319638884727,28.2599670823769));
#8763=CARTESIAN_POINT('',(100.602556566523,-78.7205891502692,28.0475244709453));
#8764=CARTESIAN_POINT('Ctrl Pts',(100.431778835429,-78.9299833364989,28.2599670823768));
#8765=CARTESIAN_POINT('Ctrl Pts',(100.516428806561,-78.8261922174464,28.1552327307668));
#8766=CARTESIAN_POINT('Ctrl Pts',(100.602556566523,-78.7205891502691,28.0475244709453));
#8767=CARTESIAN_POINT('',(100.660988954828,-78.4577134830632,27.929));
#8768=CARTESIAN_POINT('Ctrl Pts',(100.660988954828,-78.4577134830632,27.929));
#8769=CARTESIAN_POINT('Ctrl Pts',(100.666119462674,-78.4780848368571,27.929));
#8770=CARTESIAN_POINT('Ctrl Pts',(100.669119113766,-78.4991705195895,27.9311864353982));
#8771=CARTESIAN_POINT('Ctrl Pts',(100.670636758015,-78.5411446389909,27.9397595838411));
#8772=CARTESIAN_POINT('Ctrl Pts',(100.669153459853,-78.5620328510425,27.9461476251035));
#8773=CARTESIAN_POINT('Ctrl Pts',(100.658768874788,-78.6221274439797,27.9703491327145));
#8774=CARTESIAN_POINT('Ctrl Pts',(100.643666779092,-78.6587588477941,27.9934588088606));
#8775=CARTESIAN_POINT('Ctrl Pts',(100.618688787407,-78.6994098763073,28.0270267919922));
#8776=CARTESIAN_POINT('Ctrl Pts',(100.610947286039,-78.7103011116955,28.0370313407611));
#8777=CARTESIAN_POINT('Ctrl Pts',(100.602556566523,-78.7205891502691,28.0475244709453));
#8778=CARTESIAN_POINT('',(100.632332863976,-78.3461053779684,27.929));
#8779=CARTESIAN_POINT('Origin',(88.5395,-81.5105000000001,27.929));
#8780=CARTESIAN_POINT('',(100.454486853265,-78.1438956925271,28.0475244709453));
#8781=CARTESIAN_POINT('Ctrl Pts',(100.454486853265,-78.1438956925271,28.0475244709453));
#8782=CARTESIAN_POINT('Ctrl Pts',(100.46679599721,-78.1488689094983,28.0370313407611));
#8783=CARTESIAN_POINT('Ctrl Pts',(100.478826819236,-78.1546834750962,28.0270267919922));
#8784=CARTESIAN_POINT('Ctrl Pts',(100.520298982546,-78.1782730036667,27.9934588088606));
#8785=CARTESIAN_POINT('Ctrl Pts',(100.551180363262,-78.2030978574406,27.9703491327145));
#8786=CARTESIAN_POINT('Ctrl Pts',(100.589231235465,-78.2507563386569,27.9461476251035));
#8787=CARTESIAN_POINT('Ctrl Pts',(100.600594032454,-78.2683462340724,27.939759583841));
#8788=CARTESIAN_POINT('Ctrl Pts',(100.6194852969,-78.3058595659858,27.9311864353981));
#8789=CARTESIAN_POINT('Ctrl Pts',(100.627014787737,-78.3257821835522,27.929));
#8790=CARTESIAN_POINT('Ctrl Pts',(100.632332863976,-78.3461053779684,27.929));
#8791=CARTESIAN_POINT('',(100.203956768153,-78.042674967781,28.2599670823769));
#8792=CARTESIAN_POINT('Ctrl Pts',(100.454486853265,-78.1438956925271,28.0475244709453));
#8793=CARTESIAN_POINT('Ctrl Pts',(100.328137856264,-78.0928473841308,28.1552327307665));
#8794=CARTESIAN_POINT('Ctrl Pts',(100.203956768153,-78.042674967781,28.2599670823769));
#8795=CARTESIAN_POINT('',(100.014580167057,-77.459833720261,28.2599670823769));
#8796=CARTESIAN_POINT('Ctrl Pts',(100.014580167057,-77.459833720261,28.2599670823769));
#8797=CARTESIAN_POINT('Ctrl Pts',(100.002617914174,-77.4789773265944,28.2776194441471));
#8798=CARTESIAN_POINT('Ctrl Pts',(99.9921620470438,-77.499327942024,28.2942288018138));
#8799=CARTESIAN_POINT('Ctrl Pts',(99.9681743088469,-77.5580855494474,28.336222998843));
#8800=CARTESIAN_POINT('Ctrl Pts',(99.9568293295484,-77.6032195700182,28.3616774906254));
#8801=CARTESIAN_POINT('Ctrl Pts',(99.9518524437444,-77.6987711826958,28.3969973397872));
#8802=CARTESIAN_POINT('Ctrl Pts',(99.9583801288597,-77.7492532188971,28.4067104692558));
#8803=CARTESIAN_POINT('Ctrl Pts',(99.9883734691429,-77.8415632285114,28.4067104692558));
#8804=CARTESIAN_POINT('Ctrl Pts',(100.012765057335,-77.8862409307513,28.3969973397872));
#8805=CARTESIAN_POINT('Ctrl Pts',(100.072955271295,-77.9606184691695,28.3616774906254));
#8806=CARTESIAN_POINT('Ctrl Pts',(100.108662664016,-77.9904642473165,28.336222998843));
#8807=CARTESIAN_POINT('Ctrl Pts',(100.162606006978,-78.0239005115229,28.2942288018138));
#8808=CARTESIAN_POINT('Ctrl Pts',(100.183026772801,-78.0342187007523,28.2776194441471));
#8809=CARTESIAN_POINT('Ctrl Pts',(100.203956768153,-78.042674967781,28.2599670823769));
#8810=CARTESIAN_POINT('',(100.157767214283,-77.2306865444739,28.0475244709453));
#8811=CARTESIAN_POINT('Ctrl Pts',(100.014580167057,-77.459833720261,28.2599670823769));
#8812=CARTESIAN_POINT('Ctrl Pts',(100.085554171316,-77.3462515705803,28.155232730767));
#8813=CARTESIAN_POINT('Ctrl Pts',(100.157767214283,-77.2306865444739,28.0475244709453));
#8814=CARTESIAN_POINT('',(100.182791788356,-76.9625602102499,27.929));
#8815=CARTESIAN_POINT('Ctrl Pts',(100.182791788356,-76.9625602102499,27.929));
#8816=CARTESIAN_POINT('Ctrl Pts',(100.190435048259,-76.9821279066963,27.929));
#8817=CARTESIAN_POINT('Ctrl Pts',(100.196053783005,-77.0026713665515,27.9311864353981));
#8818=CARTESIAN_POINT('Ctrl Pts',(100.202820212287,-77.0441242962232,27.939759583841));
#8819=CARTESIAN_POINT('Ctrl Pts',(100.203966597533,-77.0650337050388,27.9461476251035));
#8820=CARTESIAN_POINT('Ctrl Pts',(100.201195747676,-77.1259559677868,27.9703491327145));
#8821=CARTESIAN_POINT('Ctrl Pts',(100.190803868805,-77.1641913165279,27.9934588088606));
#8822=CARTESIAN_POINT('Ctrl Pts',(100.171117760896,-77.2076523720053,28.0270267919922));
#8823=CARTESIAN_POINT('Ctrl Pts',(100.164802337328,-77.2194279941484,28.0370313407611));
#8824=CARTESIAN_POINT('Ctrl Pts',(100.157767214283,-77.2306865444739,28.0475244709453));
#8825=CARTESIAN_POINT('',(100.140373454637,-76.8554237289272,27.929));
#8826=CARTESIAN_POINT('Origin',(88.5395,-81.5105000000001,27.929));
#8827=CARTESIAN_POINT('',(99.9385862191061,-76.6770985428516,28.0475244709453));
#8828=CARTESIAN_POINT('Ctrl Pts',(99.9385862191061,-76.6770985428516,28.0475244709453));
#8829=CARTESIAN_POINT('Ctrl Pts',(99.9514216111385,-76.6804897997086,28.0370313407611));
#8830=CARTESIAN_POINT('Ctrl Pts',(99.964086324847,-76.6847506538931,28.0270267919922));
#8831=CARTESIAN_POINT('Ctrl Pts',(100.008188019657,-76.7029563316544,27.9934588088606));
#8832=CARTESIAN_POINT('Ctrl Pts',(100.041937270658,-76.7237149707394,27.9703491327145));
#8833=CARTESIAN_POINT('Ctrl Pts',(100.085661291926,-76.7662286117432,27.9461476251035));
#8834=CARTESIAN_POINT('Ctrl Pts',(100.099139088338,-76.7822556694905,27.939759583841));
#8835=CARTESIAN_POINT('Ctrl Pts',(100.122583056711,-76.8171054943181,27.9311864353981));
#8836=CARTESIAN_POINT('Ctrl Pts',(100.132550141345,-76.8359273206606,27.929));
#8837=CARTESIAN_POINT('Ctrl Pts',(100.140373454637,-76.8554237289272,27.929));
#8838=CARTESIAN_POINT('',(99.6773453178084,-76.6080757194255,28.259967082377));
#8839=CARTESIAN_POINT('Ctrl Pts',(99.9385862191061,-76.6770985428516,28.0475244709453));
#8840=CARTESIAN_POINT('Ctrl Pts',(99.8068354721254,-76.6422884939659,28.1552327307669));
#8841=CARTESIAN_POINT('Ctrl Pts',(99.6773453178083,-76.6080757194255,28.259967082377));
#8842=CARTESIAN_POINT('',(99.4164126295696,-76.0535655310053,28.2599670823769));
#8843=CARTESIAN_POINT('Ctrl Pts',(99.4164126295696,-76.0535655310053,28.2599670823769));
#8844=CARTESIAN_POINT('Ctrl Pts',(99.4069440327076,-76.0740574521194,28.2776194441472));
#8845=CARTESIAN_POINT('Ctrl Pts',(99.3991212216495,-76.0955580645049,28.2942288018139));
#8846=CARTESIAN_POINT('Ctrl Pts',(99.382686914868,-76.1568588114379,28.336222998843));
#8847=CARTESIAN_POINT('Ctrl Pts',(99.3770881868617,-76.2030588397158,28.3616774906255));
#8848=CARTESIAN_POINT('Ctrl Pts',(99.384126337878,-76.2984807685785,28.3969973397873));
#8849=CARTESIAN_POINT('Ctrl Pts',(99.3969296270804,-76.3477466029629,28.4067104692559));
#8850=CARTESIAN_POINT('Ctrl Pts',(99.4382559729122,-76.4355695582567,28.4067104692559));
#8851=CARTESIAN_POINT('Ctrl Pts',(99.4680548270365,-76.4768378868499,28.3969973397873));
#8852=CARTESIAN_POINT('Ctrl Pts',(99.5370924005751,-76.5430851020177,28.3616774906254));
#8853=CARTESIAN_POINT('Ctrl Pts',(99.5762588977231,-76.5682202142975,28.336222998843));
#8854=CARTESIAN_POINT('Ctrl Pts',(99.6339675564244,-76.5946319299711,28.2942288018139));
#8855=CARTESIAN_POINT('Ctrl Pts',(99.6555205104309,-76.602309356584,28.2776194441472));
#8856=CARTESIAN_POINT('Ctrl Pts',(99.6773453178083,-76.6080757194255,28.259967082377));
#8857=CARTESIAN_POINT('',(99.5297508476568,-75.8082791535088,28.0475244709453));
#8858=CARTESIAN_POINT('Ctrl Pts',(99.4164126295696,-76.0535655310053,28.2599670823769));
#8859=CARTESIAN_POINT('Ctrl Pts',(99.4725913645121,-75.9319836090471,28.1552327307668));
#8860=CARTESIAN_POINT('Ctrl Pts',(99.5297508476568,-75.8082791535088,28.0475244709453));
#8861=CARTESIAN_POINT('',(99.5209729550173,-75.5391306647284,27.929));
#8862=CARTESIAN_POINT('Ctrl Pts',(99.5209729550173,-75.5391306647284,27.929));
#8863=CARTESIAN_POINT('Ctrl Pts',(99.5310084282018,-75.5575861095651,27.929));
#8864=CARTESIAN_POINT('Ctrl Pts',(99.5391576357983,-75.5772633639091,27.9311864353981));
#8865=CARTESIAN_POINT('Ctrl Pts',(99.5510661394806,-75.6175413663874,27.939759583841));
#8866=CARTESIAN_POINT('Ctrl Pts',(99.5548241289558,-75.6381422180993,27.9461476251035));
#8867=CARTESIAN_POINT('Ctrl Pts',(99.5597107122632,-75.6989313701812,27.9703491327145));
#8868=CARTESIAN_POINT('Ctrl Pts',(99.5541929363559,-75.7381676695588,27.9934588088606));
#8869=CARTESIAN_POINT('Ctrl Pts',(99.5401091739045,-75.7837533451932,28.0270267919922));
#8870=CARTESIAN_POINT('Ctrl Pts',(99.5353194261381,-75.7962276454956,28.0370313407611));
#8871=CARTESIAN_POINT('Ctrl Pts',(99.5297508476568,-75.8082791535088,28.0475244709453));
#8872=CARTESIAN_POINT('',(99.4654613408919,-75.4381554134885,27.929));
#8873=CARTESIAN_POINT('Origin',(88.5395,-81.5105000000001,27.929));
#8874=CARTESIAN_POINT('',(99.2429151857876,-75.2865270214893,28.0475244709453));
#8875=CARTESIAN_POINT('Ctrl Pts',(99.2429151857876,-75.2865270214893,28.0475244709453));
#8876=CARTESIAN_POINT('Ctrl Pts',(99.2560744041077,-75.2882828360856,28.0370313407611));
#8877=CARTESIAN_POINT('Ctrl Pts',(99.2691732793986,-75.290922782641,28.0270267919922));
#8878=CARTESIAN_POINT('Ctrl Pts',(99.3152089956352,-75.3034574951792,27.9934588088607));
#8879=CARTESIAN_POINT('Ctrl Pts',(99.3512938710728,-75.3198225434363,27.9703491327145));
#8880=CARTESIAN_POINT('Ctrl Pts',(99.4000014874712,-75.3565208787126,27.9461476251035));
#8881=CARTESIAN_POINT('Ctrl Pts',(99.4153817304047,-75.3707323425169,27.939759583841));
#8882=CARTESIAN_POINT('Ctrl Pts',(99.4430086773195,-75.4023690577029,27.9311864353982));
#8883=CARTESIAN_POINT('Ctrl Pts',(99.4552561688712,-75.4197932613764,27.929));
#8884=CARTESIAN_POINT('Ctrl Pts',(99.4654613408918,-75.4381554134885,27.929));
#8885=CARTESIAN_POINT('',(98.9750833933758,-75.250790630541,28.2599670823769));
#8886=CARTESIAN_POINT('Ctrl Pts',(99.2429151857876,-75.2865270214893,28.0475244709453));
#8887=CARTESIAN_POINT('Ctrl Pts',(99.1078404768118,-75.26850420738,28.1552327307665));
#8888=CARTESIAN_POINT('Ctrl Pts',(98.9750833933758,-75.250790630541,28.2599670823769));
#8889=CARTESIAN_POINT('',(98.6467096823615,-74.7333564581402,28.2599670823769));
#8890=CARTESIAN_POINT('Ctrl Pts',(98.6467096823615,-74.7333564581402,28.2599670823769));
#8891=CARTESIAN_POINT('Ctrl Pts',(98.639884066949,-74.7548735241977,28.2776194441471));
#8892=CARTESIAN_POINT('Ctrl Pts',(98.6348176823667,-74.7771850560382,28.2942288018138));
#8893=CARTESIAN_POINT('Ctrl Pts',(98.6261959858358,-74.8400621930823,28.3362229988429));
#8894=CARTESIAN_POINT('Ctrl Pts',(98.6264318044069,-74.8865996270227,28.3616774906254));
#8895=CARTESIAN_POINT('Ctrl Pts',(98.6453739963976,-74.98038701125,28.3969973397872));
#8896=CARTESIAN_POINT('Ctrl Pts',(98.6642509741682,-75.0276596921793,28.4067104692558));
#8897=CARTESIAN_POINT('Ctrl Pts',(98.7162585843875,-75.1096105726847,28.4067104692558));
#8898=CARTESIAN_POINT('Ctrl Pts',(98.7509947587129,-75.1468187014368,28.3969973397872));
#8899=CARTESIAN_POINT('Ctrl Pts',(98.8277909280553,-75.2038908351969,28.3616774906254));
#8900=CARTESIAN_POINT('Ctrl Pts',(98.8697988505729,-75.2239188858739,28.336222998843));
#8901=CARTESIAN_POINT('Ctrl Pts',(98.930362724993,-75.242889524481,28.2942288018138));
#8902=CARTESIAN_POINT('Ctrl Pts',(98.9527079642225,-75.2478051108734,28.2776194441471));
#8903=CARTESIAN_POINT('Ctrl Pts',(98.9750833933758,-75.250790630541,28.2599670823769));
#8904=CARTESIAN_POINT('',(98.7284116599056,-74.4757991916345,28.0475244709453));
#8905=CARTESIAN_POINT('Ctrl Pts',(98.6467096823615,-74.7333564581402,28.2599670823769));
#8906=CARTESIAN_POINT('Ctrl Pts',(98.6872071757771,-74.6056921834436,28.1552327307669));
#8907=CARTESIAN_POINT('Ctrl Pts',(98.7284116599056,-74.4757991916345,28.0475244709453));
#8908=CARTESIAN_POINT('',(98.6859697331636,-74.2098731807473,27.929));
#8909=CARTESIAN_POINT('Ctrl Pts',(98.6859697331637,-74.2098731807473,27.929));
#8910=CARTESIAN_POINT('Ctrl Pts',(98.6982391542229,-74.2269253205845,27.929));
#8911=CARTESIAN_POINT('Ctrl Pts',(98.7087903167981,-74.2454260473616,27.9311864353982));
#8912=CARTESIAN_POINT('Ctrl Pts',(98.725653090664,-74.2838939144865,27.9397595838411));
#8913=CARTESIAN_POINT('Ctrl Pts',(98.7319634186289,-74.3038613213569,27.9461476251035));
#8914=CARTESIAN_POINT('Ctrl Pts',(98.7444303707635,-74.3635586815308,27.9703491327145));
#8915=CARTESIAN_POINT('Ctrl Pts',(98.7438737164414,-74.403177151665,27.9934588088606));
#8916=CARTESIAN_POINT('Ctrl Pts',(98.735614408795,-74.4501685341201,28.0270267919922));
#8917=CARTESIAN_POINT('Ctrl Pts',(98.7324258740137,-74.4631447854142,28.0370313407611));
#8918=CARTESIAN_POINT('Ctrl Pts',(98.7284116599056,-74.4757991916345,28.0475244709453));
#8919=CARTESIAN_POINT('',(98.6182402899483,-74.1166515996221,27.929));
#8920=CARTESIAN_POINT('Origin',(88.5395,-81.5105000000001,27.929));
#8921=CARTESIAN_POINT('',(98.3784449010789,-73.9941112720195,28.0475244709453));
#8922=CARTESIAN_POINT('Ctrl Pts',(98.3784449010789,-73.9941112720195,28.0475244709453));
#8923=CARTESIAN_POINT('Ctrl Pts',(98.3917204169531,-73.99420395411,28.0370313407611));
#8924=CARTESIAN_POINT('Ctrl Pts',(98.4050468767381,-73.995181359502,28.0270267919922));
#8925=CARTESIAN_POINT('Ctrl Pts',(98.4522906036561,-74.0018474269126,27.9934588088606));
#8926=CARTESIAN_POINT('Ctrl Pts',(98.4901420234884,-74.0135607977548,27.9703491327145));
#8927=CARTESIAN_POINT('Ctrl Pts',(98.5430650868098,-74.0438650726338,27.9461476251035));
#8928=CARTESIAN_POINT('Ctrl Pts',(98.5601052206461,-74.0560368192214,27.939759583841));
#8929=CARTESIAN_POINT('Ctrl Pts',(98.5914794526463,-74.0839614948683,27.9311864353982));
#8930=CARTESIAN_POINT('Ctrl Pts',(98.6058142008578,-74.0997132857723,27.929));
#8931=CARTESIAN_POINT('Ctrl Pts',(98.6182402899483,-74.1166515996221,27.929));
#8932=CARTESIAN_POINT('',(98.1082460849144,-73.9922248977821,28.2599670823768));
#8933=CARTESIAN_POINT('Ctrl Pts',(98.3784449010789,-73.9941112720195,28.0475244709453));
#8934=CARTESIAN_POINT('Ctrl Pts',(98.2421764389576,-73.9931599232314,28.1552327307669));
#8935=CARTESIAN_POINT('Ctrl Pts',(98.1082460849144,-73.9922248977821,28.2599670823768));
#8936=CARTESIAN_POINT('',(97.7176100007081,-73.5200269873997,28.2599670823769));
#8937=CARTESIAN_POINT('Ctrl Pts',(97.7176100007082,-73.5200269873997,28.2599670823769));
#8938=CARTESIAN_POINT('Ctrl Pts',(97.7135350107778,-73.5422298614152,28.2776194441471));
#8939=CARTESIAN_POINT('Ctrl Pts',(97.7113049525825,-73.5650004465251,28.2942288018138));
#8940=CARTESIAN_POINT('Ctrl Pts',(97.7106318356069,-73.6284623636682,28.3362229988429));
#8941=CARTESIAN_POINT('Ctrl Pts',(97.7166984817557,-73.6746032801379,28.3616774906253));
#8942=CARTESIAN_POINT('Ctrl Pts',(97.7472459850375,-73.7652770366546,28.3969973397872));
#8943=CARTESIAN_POINT('Ctrl Pts',(97.7718989501601,-73.8098110457112,28.4067104692558));
#8944=CARTESIAN_POINT('Ctrl Pts',(97.8337676336863,-73.8845974370875,28.4067104692558));
#8945=CARTESIAN_POINT('Ctrl Pts',(97.8728933179933,-73.917158571581,28.3969973397872));
#8946=CARTESIAN_POINT('Ctrl Pts',(97.9562369616731,-73.9641555622908,28.3616774906254));
#8947=CARTESIAN_POINT('Ctrl Pts',(98.0004238195278,-73.9787606970417,28.3362229988429));
#8948=CARTESIAN_POINT('Ctrl Pts',(98.062887781188,-73.9899910802788,28.2942288018138));
#8949=CARTESIAN_POINT('Ctrl Pts',(98.0856729078693,-73.992067304717,28.2776194441471));
#8950=CARTESIAN_POINT('Ctrl Pts',(98.1082460849144,-73.9922248977821,28.2599670823768));
#8951=CARTESIAN_POINT('',(97.766387248717,-73.2542606638348,28.0475244709453));
#8952=CARTESIAN_POINT('Ctrl Pts',(97.7176100007081,-73.5200269873997,28.2599670823769));
#8953=CARTESIAN_POINT('Ctrl Pts',(97.7417875829336,-73.3882937018395,28.1552327307669));
#8954=CARTESIAN_POINT('Ctrl Pts',(97.766387248717,-73.2542606638348,28.0475244709453));
#8955=CARTESIAN_POINT('',(97.6909506224109,-72.995750942889,27.929));
#8956=CARTESIAN_POINT('Ctrl Pts',(97.6909506224109,-72.995750942889,27.929));
#8957=CARTESIAN_POINT('Ctrl Pts',(97.7052604952454,-73.0111308552951,27.929));
#8958=CARTESIAN_POINT('Ctrl Pts',(97.7180472146624,-73.0281632869922,27.9311864353982));
#8959=CARTESIAN_POINT('Ctrl Pts',(97.7395983226948,-73.0642143575195,27.939759583841));
#8960=CARTESIAN_POINT('Ctrl Pts',(97.7483614715079,-73.083233421614,27.9461476251035));
#8961=CARTESIAN_POINT('Ctrl Pts',(97.768212181187,-73.1408975268485,27.9703491327145));
#8962=CARTESIAN_POINT('Ctrl Pts',(97.7726254272213,-73.1802733607984,27.9934588088606));
#8963=CARTESIAN_POINT('Ctrl Pts',(97.7703208285954,-73.2279293679015,28.0270267919922));
#8964=CARTESIAN_POINT('Ctrl Pts',(97.7687837918975,-73.2412029269528,28.0370313407611));
#8965=CARTESIAN_POINT('Ctrl Pts',(97.766387248717,-73.2542606638348,28.0475244709453));
#8966=CARTESIAN_POINT('',(97.6120714838845,-72.9117531919004,27.929));
#8967=CARTESIAN_POINT('Origin',(88.5395,-81.5105000000001,27.929));
#8968=CARTESIAN_POINT('',(97.3588085777794,-72.8202334628629,28.0475244709453));
#8969=CARTESIAN_POINT('Ctrl Pts',(97.3588085777794,-72.8202334628629,28.0475244709453));
#8970=CARTESIAN_POINT('Ctrl Pts',(97.3719910283918,-72.8186615507957,28.0370313407611));
#8971=CARTESIAN_POINT('Ctrl Pts',(97.3853349064392,-72.8179610007574,28.0270267919922));
#8972=CARTESIAN_POINT('Ctrl Pts',(97.4330415822432,-72.8186532951751,27.9934588088606));
#8973=CARTESIAN_POINT('Ctrl Pts',(97.472062606968,-72.825530261747,27.9703491327145));
#8974=CARTESIAN_POINT('Ctrl Pts',(97.5283664888892,-72.848962559711,27.9461476251035));
#8975=CARTESIAN_POINT('Ctrl Pts',(97.5467977805385,-72.8589026333671,27.939759583841));
#8976=CARTESIAN_POINT('Ctrl Pts',(97.5814245072435,-72.8826748806587,27.9311864353981));
#8977=CARTESIAN_POINT('Ctrl Pts',(97.5976204445721,-72.8965058436409,27.929));
#8978=CARTESIAN_POINT('Ctrl Pts',(97.6120714838846,-72.9117531919004,27.929));
#8979=CARTESIAN_POINT('',(97.0905039346019,-72.8522268545849,28.2599670823768));
#8980=CARTESIAN_POINT('Ctrl Pts',(97.3588085777793,-72.8202334628629,28.0475244709453));
#8981=CARTESIAN_POINT('Ctrl Pts',(97.2234953975633,-72.8363685827346,28.1552327307669));
#8982=CARTESIAN_POINT('Ctrl Pts',(97.0905039346019,-72.8522268545848,28.2599670823768));
#8983=CARTESIAN_POINT('',(96.6437660416064,-72.432712049345,28.2599670823769));
#8984=CARTESIAN_POINT('Ctrl Pts',(96.6437660416064,-72.432712049345,28.2599670823769));
#8985=CARTESIAN_POINT('Ctrl Pts',(96.6425059421836,-72.4552505787319,28.2776194441471));
#8986=CARTESIAN_POINT('Ctrl Pts',(96.6431473797252,-72.4781211113817,28.2942288018138));
#8987=CARTESIAN_POINT('Ctrl Pts',(96.6504334577618,-72.54116697628,28.3362229988429));
#8988=CARTESIAN_POINT('Ctrl Pts',(96.6622352568544,-72.586183705463,28.3616774906253));
#8989=CARTESIAN_POINT('Ctrl Pts',(96.7039063190524,-72.672313854963,28.3969973397872));
#8990=CARTESIAN_POINT('Ctrl Pts',(96.7339464795402,-72.7134068642208,28.4067104692558));
#8991=CARTESIAN_POINT('Ctrl Pts',(96.8047005302753,-72.7798493404008,28.4067104692558));
#8992=CARTESIAN_POINT('Ctrl Pts',(96.8475986891499,-72.8072499720936,28.3969973397872));
#8993=CARTESIAN_POINT('Ctrl Pts',(96.9361754281191,-72.843430649135,28.3616774906254));
#8994=CARTESIAN_POINT('Ctrl Pts',(96.9818443681666,-72.8523825362601,28.3362229988429));
#8995=CARTESIAN_POINT('Ctrl Pts',(97.0452233230773,-72.8556955542748,28.2942288018138));
#8996=CARTESIAN_POINT('Ctrl Pts',(97.0680890021517,-72.854899673459,28.2776194441471));
#8997=CARTESIAN_POINT('Ctrl Pts',(97.0905039346019,-72.8522268545849,28.2599670823768));
#8998=CARTESIAN_POINT('',(96.6588493137409,-72.1629279624047,28.0475244709453));
#8999=CARTESIAN_POINT('Ctrl Pts',(96.6437660416065,-72.432712049345,28.2599670823769));
#9000=CARTESIAN_POINT('Ctrl Pts',(96.6512424177275,-72.298987265528,28.1552327307667));
#9001=CARTESIAN_POINT('Ctrl Pts',(96.6588493137409,-72.1629279624047,28.0475244709453));
#9002=CARTESIAN_POINT('',(96.551607668531,-71.9159113841257,27.929));
#9003=CARTESIAN_POINT('Ctrl Pts',(96.551607668531,-71.9159113841257,27.929));
#9004=CARTESIAN_POINT('Ctrl Pts',(96.5677323178978,-71.9293765186945,27.929));
#9005=CARTESIAN_POINT('Ctrl Pts',(96.5825529399531,-71.9446720436891,27.9311864353981));
#9006=CARTESIAN_POINT('Ctrl Pts',(96.6084525083043,-71.9777377707008,27.939759583841));
#9007=CARTESIAN_POINT('Ctrl Pts',(96.6195302778739,-71.9955085500172,27.9461476251035));
#9008=CARTESIAN_POINT('Ctrl Pts',(96.6464516875478,-72.0502300029259,27.9703491327145));
#9009=CARTESIAN_POINT('Ctrl Pts',(96.6557652344121,-72.0887422202682,27.9934588088606));
#9010=CARTESIAN_POINT('Ctrl Pts',(96.6594516897037,-72.1363112883189,28.0270267919922));
#9011=CARTESIAN_POINT('Ctrl Pts',(96.659590391076,-72.149672823172,28.0370313407611));
#9012=CARTESIAN_POINT('Ctrl Pts',(96.6588493137408,-72.1629279624047,28.0475244709453));
#9013=CARTESIAN_POINT('',(96.4628228058285,-71.842462157985,27.929));
#9014=CARTESIAN_POINT('Origin',(88.5395,-81.5105000000001,27.929));
#9015=CARTESIAN_POINT('',(96.2000864898088,-71.7834063483105,28.0475244709452));
#9016=CARTESIAN_POINT('Ctrl Pts',(96.2000864898088,-71.7834063483105,28.0475244709452));
#9017=CARTESIAN_POINT('Ctrl Pts',(96.2129679800384,-71.7801946320779,28.0370313407611));
#9018=CARTESIAN_POINT('Ctrl Pts',(96.2261188354202,-71.777827174702,28.0270267919922));
#9019=CARTESIAN_POINT('Ctrl Pts',(96.2735360973341,-71.7725347782303,27.9934588088606));
#9020=CARTESIAN_POINT('Ctrl Pts',(96.3131113420816,-71.774466886661,27.9703491327145));
#9021=CARTESIAN_POINT('Ctrl Pts',(96.3719080967504,-71.7906576663732,27.9461476251035));
#9022=CARTESIAN_POINT('Ctrl Pts',(96.391439873733,-71.7982093061984,27.939759583841));
#9023=CARTESIAN_POINT('Ctrl Pts',(96.4287730109776,-71.817454222594,27.9311864353981));
#9024=CARTESIAN_POINT('Ctrl Pts',(96.4465747178167,-71.829146235106,27.929));
#9025=CARTESIAN_POINT('Ctrl Pts',(96.4628228058285,-71.842462157985,27.929));
#9026=CARTESIAN_POINT('',(95.9379073441186,-71.8487749510926,28.2599670823768));
#9027=CARTESIAN_POINT('Ctrl Pts',(96.2000864898088,-71.7834063483105,28.0475244709452));
#9028=CARTESIAN_POINT('Ctrl Pts',(96.0678625611825,-71.8163734763629,28.1552327307667));
#9029=CARTESIAN_POINT('Ctrl Pts',(95.9379073441185,-71.8487749510926,28.2599670823769));
#9030=CARTESIAN_POINT('',(95.4421129657747,-71.4885592500798,28.2599670823769));
#9031=CARTESIAN_POINT('Ctrl Pts',(95.4421129657748,-71.4885592500798,28.2599670823768));
#9032=CARTESIAN_POINT('Ctrl Pts',(95.4436876293801,-71.5110779887659,28.2776194441471));
#9033=CARTESIAN_POINT('Ctrl Pts',(95.4471904468055,-71.5336877869934,28.2942288018138));
#9034=CARTESIAN_POINT('Ctrl Pts',(95.4623208140511,-71.5953233286958,28.3362229988429));
#9035=CARTESIAN_POINT('Ctrl Pts',(95.4796716446658,-71.6385059298812,28.3616774906253));
#9036=CARTESIAN_POINT('Ctrl Pts',(95.531809088236,-71.7187341484552,28.3969973397872));
#9037=CARTESIAN_POINT('Ctrl Pts',(95.566762692813,-71.7557380966104,28.4067104692558));
#9038=CARTESIAN_POINT('Ctrl Pts',(95.6452862771105,-71.8127888200539,28.4067104692558));
#9039=CARTESIAN_POINT('Ctrl Pts',(95.6912803809611,-71.834596824616,28.3969973397872));
#9040=CARTESIAN_POINT('Ctrl Pts',(95.7836933071331,-71.8593905970986,28.3616774906253));
#9041=CARTESIAN_POINT('Ctrl Pts',(95.8301241029075,-71.8625480599903,28.3362229988429));
#9042=CARTESIAN_POINT('Ctrl Pts',(95.893418527089,-71.8578914645096,28.2942288018138));
#9043=CARTESIAN_POINT('Ctrl Pts',(95.916004153138,-71.8542360299557,28.2776194441471));
#9044=CARTESIAN_POINT('Ctrl Pts',(95.9379073441186,-71.8487749510926,28.2599670823768));
#9045=CARTESIAN_POINT('',(95.4232643898227,-71.2190120559763,28.0475244709453));
#9046=CARTESIAN_POINT('Ctrl Pts',(95.4421129657748,-71.4885592500798,28.2599670823769));
#9047=CARTESIAN_POINT('Ctrl Pts',(95.4327702288735,-71.3549518877305,28.1552327307669));
#9048=CARTESIAN_POINT('Ctrl Pts',(95.4232643898227,-71.2190120559763,28.0475244709453));
#9049=CARTESIAN_POINT('',(95.2859089905173,-70.9873842193643,27.929));
#9050=CARTESIAN_POINT('Ctrl Pts',(95.2859089905173,-70.9873842193643,27.929));
#9051=CARTESIAN_POINT('Ctrl Pts',(95.3035941210636,-70.9987222228799,27.929));
#9052=CARTESIAN_POINT('Ctrl Pts',(95.3202149156938,-71.0120396216058,27.9311864353982));
#9053=CARTESIAN_POINT('Ctrl Pts',(95.3500544926993,-71.0415985388344,27.939759583841));
#9054=CARTESIAN_POINT('Ctrl Pts',(95.3632721799818,-71.0578407775672,27.9461476251035));
#9055=CARTESIAN_POINT('Ctrl Pts',(95.3968397229378,-71.1087565881487,27.9703491327145));
#9056=CARTESIAN_POINT('Ctrl Pts',(95.4109066904344,-71.1457978282096,27.9934588088606));
#9057=CARTESIAN_POINT('Ctrl Pts',(95.4205260620414,-71.1925297645885,28.0270267919922));
#9058=CARTESIAN_POINT('Ctrl Pts',(95.4223383140805,-71.2057685558569,28.0370313407611));
#9059=CARTESIAN_POINT('Ctrl Pts',(95.4232643898228,-71.2190120559763,28.0475244709453));
#9060=CARTESIAN_POINT('',(95.1886185939609,-70.9256418562439,27.929));
#9061=CARTESIAN_POINT('Origin',(88.5395,-81.5105000000001,27.929));
#9062=CARTESIAN_POINT('',(94.9205523766811,-70.8999813113293,28.0475244709453));
#9063=CARTESIAN_POINT('Ctrl Pts',(94.9205523766811,-70.8999813113293,28.0475244709453));
#9064=CARTESIAN_POINT('Ctrl Pts',(94.9329297577321,-70.8951804416149,28.0370313407611));
#9065=CARTESIAN_POINT('Ctrl Pts',(94.9456801936029,-70.8911834131183,28.0270267919922));
#9066=CARTESIAN_POINT('Ctrl Pts',(94.9920602430808,-70.8799897900112,27.9934588088606));
#9067=CARTESIAN_POINT('Ctrl Pts',(95.0315655826001,-70.8769465697965,27.9703491327145));
#9068=CARTESIAN_POINT('Ctrl Pts',(95.0919279500718,-70.885640492989,27.9461476251035));
#9069=CARTESIAN_POINT('Ctrl Pts',(95.1122521845971,-70.8906846051122,27.939759583841));
#9070=CARTESIAN_POINT('Ctrl Pts',(95.1517029665052,-70.9050986867838,27.9311864353981));
#9071=CARTESIAN_POINT('Ctrl Pts',(95.1708296993038,-70.9144673588038,27.929));
#9072=CARTESIAN_POINT('Ctrl Pts',(95.1886185939609,-70.9256418562438,27.929));
#9073=CARTESIAN_POINT('',(94.6686334502241,-70.9976942232563,28.2599670823769));
#9074=CARTESIAN_POINT('Ctrl Pts',(94.9205523766811,-70.8999813113293,28.0475244709453));
#9075=CARTESIAN_POINT('Ctrl Pts',(94.7935029499857,-70.9492605362596,28.1552327307667));
#9076=CARTESIAN_POINT('Ctrl Pts',(94.668633450224,-70.9976942232563,28.2599670823769));
#9077=CARTESIAN_POINT('',(94.1316015600515,-70.7024584432581,28.2599670823769));
#9078=CARTESIAN_POINT('Ctrl Pts',(94.1316015600516,-70.7024584432581,28.2599670823769));
#9079=CARTESIAN_POINT('Ctrl Pts',(94.1359861532994,-70.7246022572822,28.2776194441472));
#9080=CARTESIAN_POINT('Ctrl Pts',(94.1422951090852,-70.746594751063,28.2942288018138));
#9081=CARTESIAN_POINT('Ctrl Pts',(94.1650311506098,-70.8058479402575,28.336222998843));
#9082=CARTESIAN_POINT('Ctrl Pts',(94.187657379783,-70.8465153980286,28.3616774906254));
#9083=CARTESIAN_POINT('Ctrl Pts',(94.249438966095,-70.9195764387437,28.3969973397873));
#9084=CARTESIAN_POINT('Ctrl Pts',(94.2887547755367,-70.9519077514287,28.4067104692559));
#9085=CARTESIAN_POINT('Ctrl Pts',(94.3738095295645,-70.9986669981466,28.4067104692559));
#9086=CARTESIAN_POINT('Ctrl Pts',(94.4221742238977,-71.0145384503185,28.3969973397872));
#9087=CARTESIAN_POINT('Ctrl Pts',(94.516965930222,-71.0275543056392,28.3616774906254));
#9088=CARTESIAN_POINT('Ctrl Pts',(94.5634263403377,-71.0248675492216,28.336222998843));
#9089=CARTESIAN_POINT('Ctrl Pts',(94.6256380429103,-71.0123147775379,28.2942288018139));
#9090=CARTESIAN_POINT('Ctrl Pts',(94.6475874271192,-71.0058574376324,28.2776194441472));
#9091=CARTESIAN_POINT('Ctrl Pts',(94.6686334502241,-70.9976942232563,28.2599670823769));
#9092=CARTESIAN_POINT('',(94.0791183893155,-70.4373990622621,28.0475244709453));
#9093=CARTESIAN_POINT('Ctrl Pts',(94.1316015600515,-70.7024584432581,28.2599670823769));
#9094=CARTESIAN_POINT('Ctrl Pts',(94.1055870506699,-70.5710755702934,28.1552327307668));
#9095=CARTESIAN_POINT('Ctrl Pts',(94.0791183893155,-70.437399062262,28.0475244709453));
#9096=CARTESIAN_POINT('',(93.9138154126136,-70.2248128766681,27.929));
#9097=CARTESIAN_POINT('Ctrl Pts',(93.9138154126136,-70.2248128766681,27.929));
#9098=CARTESIAN_POINT('Ctrl Pts',(93.932782119266,-70.2338449420421,27.929));
#9099=CARTESIAN_POINT('Ctrl Pts',(93.9509409666113,-70.2449741911659,27.9311864353981));
#9100=CARTESIAN_POINT('Ctrl Pts',(93.9842499643163,-70.2705601368289,27.939759583841));
#9101=CARTESIAN_POINT('Ctrl Pts',(93.9993991184873,-70.2850176851707,27.9461476251035));
#9102=CARTESIAN_POINT('Ctrl Pts',(94.0390834145206,-70.3313248806764,27.9703491327145));
#9103=CARTESIAN_POINT('Ctrl Pts',(94.0576819581691,-70.3663109809731,27.9934588088606));
#9104=CARTESIAN_POINT('Ctrl Pts',(94.0730825428548,-70.4114687951271,28.0270267919922));
#9105=CARTESIAN_POINT('Ctrl Pts',(94.0765397652635,-70.424376059164,28.0370313407611));
#9106=CARTESIAN_POINT('Ctrl Pts',(94.0791183893157,-70.437399062262,28.0475244709453));
#9107=CARTESIAN_POINT('',(93.8095538098757,-70.1757510905176,27.929));
#9108=CARTESIAN_POINT('Origin',(88.5395,-81.5105000000001,27.929));
#9109=CARTESIAN_POINT('',(93.5403852557175,-70.1838904924852,28.0475244709453));
#9110=CARTESIAN_POINT('Ctrl Pts',(93.5403852557175,-70.1838904924852,28.0475244709453));
#9111=CARTESIAN_POINT('Ctrl Pts',(93.5520633288967,-70.1775761818723,28.0370313407611));
#9112=CARTESIAN_POINT('Ctrl Pts',(93.5642122632662,-70.1720126177822,28.0270267919922));
#9113=CARTESIAN_POINT('Ctrl Pts',(93.6088236592216,-70.1550942981627,27.9934588088606));
#9114=CARTESIAN_POINT('Ctrl Pts',(93.6476360707091,-70.1471237427034,27.9703491327145));
#9115=CARTESIAN_POINT('Ctrl Pts',(93.70861210039,-70.1481837010139,27.9461476251035));
#9116=CARTESIAN_POINT('Ctrl Pts',(93.7294082671384,-70.1506407367736,27.939759583841));
#9117=CARTESIAN_POINT('Ctrl Pts',(93.7703545313124,-70.1599966650428,27.9311864353981));
#9118=CARTESIAN_POINT('Ctrl Pts',(93.7905046500686,-70.1668942470165,27.929));
#9119=CARTESIAN_POINT('Ctrl Pts',(93.8095538098757,-70.1757510905176,27.929));
#9120=CARTESIAN_POINT('',(93.3026994604529,-70.3124067225651,28.2599670823769));
#9121=CARTESIAN_POINT('Ctrl Pts',(93.5403852557175,-70.1838904924852,28.0475244709453));
#9122=CARTESIAN_POINT('Ctrl Pts',(93.4205139763072,-70.2487046514782,28.1552327307669));
#9123=CARTESIAN_POINT('Ctrl Pts',(93.3026994604529,-70.3124067225651,28.2599670823769));
#9124=CARTESIAN_POINT('',(92.732899372167,-70.0868069081973,28.2599670823769));
#9125=CARTESIAN_POINT('Ctrl Pts',(92.732899372167,-70.0868069081973,28.2599670823769));
#9126=CARTESIAN_POINT('Ctrl Pts',(92.7400247474025,-70.1082265763842,28.2776194441471));
#9127=CARTESIAN_POINT('Ctrl Pts',(92.7490403455472,-70.1292549309536,28.2942288018138));
#9128=CARTESIAN_POINT('Ctrl Pts',(92.7790235003943,-70.1851913094504,28.3362229988429));
#9129=CARTESIAN_POINT('Ctrl Pts',(92.8065682989756,-70.2227022737046,28.3616774906254));
#9130=CARTESIAN_POINT('Ctrl Pts',(92.8770196955066,-70.2874439203042,28.3969973397872));
#9131=CARTESIAN_POINT('Ctrl Pts',(92.9200776760121,-70.3145927134043,28.4067104692558));
#9132=CARTESIAN_POINT('Ctrl Pts',(93.0103222354898,-70.3503230621432,28.4067104692558));
#9133=CARTESIAN_POINT('Ctrl Pts',(93.0602947801845,-70.360007659643,28.3969973397872));
#9134=CARTESIAN_POINT('Ctrl Pts',(93.1559703448264,-70.3610403299882,28.3616774906254));
#9135=CARTESIAN_POINT('Ctrl Pts',(93.2017276608617,-70.3525517260148,28.336222998843));
#9136=CARTESIAN_POINT('Ctrl Pts',(93.2618755261125,-70.3323007428362,28.2942288018138));
#9137=CARTESIAN_POINT('Ctrl Pts',(93.2828425135804,-70.323143333687,28.2776194441471));
#9138=CARTESIAN_POINT('Ctrl Pts',(93.3026994604529,-70.3124067225651,28.2599670823769));
#9139=CARTESIAN_POINT('',(92.6476092976014,-69.8304154850859,28.0475244709453));
#9140=CARTESIAN_POINT('Ctrl Pts',(92.732899372167,-70.0868069081973,28.2599670823769));
#9141=CARTESIAN_POINT('Ctrl Pts',(92.6906233546586,-69.959720511009,28.1552327307671));
#9142=CARTESIAN_POINT('Ctrl Pts',(92.6476092976014,-69.8304154850859,28.0475244709453));
#9143=CARTESIAN_POINT('',(92.4569656701928,-69.6402235616496,27.929));
#9144=CARTESIAN_POINT('Ctrl Pts',(92.4569656701927,-69.6402235616495,27.929));
#9145=CARTESIAN_POINT('Ctrl Pts',(92.4769148366572,-69.6468072478155,27.929));
#9146=CARTESIAN_POINT('Ctrl Pts',(92.4963253608472,-69.6555728324303,27.9311864353981));
#9147=CARTESIAN_POINT('Ctrl Pts',(92.5325784764602,-69.6767823008806,27.939759583841));
#9148=CARTESIAN_POINT('Ctrl Pts',(92.5494201863088,-69.6892271546573,27.9461476251035));
#9149=CARTESIAN_POINT('Ctrl Pts',(92.5945953903648,-69.7301954429516,27.9703491327145));
#9150=CARTESIAN_POINT('Ctrl Pts',(92.6174322000215,-69.7625746517825,27.9934588088606));
#9151=CARTESIAN_POINT('Ctrl Pts',(92.6383711213656,-69.8054461780065,28.0270267919922));
#9152=CARTESIAN_POINT('Ctrl Pts',(92.6434187916811,-69.8178183595476,28.0370313407611));
#9153=CARTESIAN_POINT('Ctrl Pts',(92.6476092976015,-69.8304154850859,28.0475244709453));
#9154=CARTESIAN_POINT('',(92.3473771290311,-69.6046160861447,27.929));
#9155=CARTESIAN_POINT('Origin',(88.5395,-81.5105000000001,27.929));
#9156=CARTESIAN_POINT('',(92.0813511868872,-69.6464270717632,28.0475244709453));
#9157=CARTESIAN_POINT('Ctrl Pts',(92.0813511868871,-69.6464270717631,28.0475244709453));
#9158=CARTESIAN_POINT('Ctrl Pts',(92.0921457820044,-69.638698900702,28.0370313407611));
#9159=CARTESIAN_POINT('Ctrl Pts',(92.1035016189202,-69.6316565417477,28.0270267919922));
#9160=CARTESIAN_POINT('Ctrl Pts',(92.1456408129892,-69.6092803376227,27.9934588088606));
#9161=CARTESIAN_POINT('Ctrl Pts',(92.1831482015305,-69.5965081473397,27.9703491327145));
#9162=CARTESIAN_POINT('Ctrl Pts',(92.2437762650072,-69.5899174245926,27.9461476251035));
#9163=CARTESIAN_POINT('Ctrl Pts',(92.264716396006,-69.5897486350671,27.939759583841));
#9164=CARTESIAN_POINT('Ctrl Pts',(92.3065123953999,-69.5938988613561,27.9311864353982));
#9165=CARTESIAN_POINT('Ctrl Pts',(92.3273681207036,-69.5982165742953,27.929));
#9166=CARTESIAN_POINT('Ctrl Pts',(92.3473771290311,-69.6046160861447,27.929));
#9167=CARTESIAN_POINT('',(91.8616469697929,-69.8037198422757,28.2599670823769));
#9168=CARTESIAN_POINT('Ctrl Pts',(92.0813511868873,-69.6464270717632,28.0475244709453));
#9169=CARTESIAN_POINT('Ctrl Pts',(91.9705484964466,-69.7257540068132,28.1552327307667));
#9170=CARTESIAN_POINT('Ctrl Pts',(91.8616469697929,-69.8037198422757,28.2599670823769));
#9171=CARTESIAN_POINT('',(91.2680647711679,-69.6513138373777,28.2599670823769));
#9172=CARTESIAN_POINT('Ctrl Pts',(91.2680647711679,-69.6513138373777,28.2599670823769));
#9173=CARTESIAN_POINT('Ctrl Pts',(91.2778185569672,-69.6716715587645,28.2776194441472));
#9174=CARTESIAN_POINT('Ctrl Pts',(91.2893986161024,-69.6914041444093,28.2942288018138));
#9175=CARTESIAN_POINT('Ctrl Pts',(91.3261560320089,-69.7431415621049,28.336222998843));
#9176=CARTESIAN_POINT('Ctrl Pts',(91.3581850020703,-69.7769044625279,28.3616774906254));
#9177=CARTESIAN_POINT('Ctrl Pts',(91.4361951482114,-69.8323057005703,28.3969973397872));
#9178=CARTESIAN_POINT('Ctrl Pts',(91.4823162497063,-69.8538438214004,28.4067104692559));
#9179=CARTESIAN_POINT('Ctrl Pts',(91.5763274040217,-69.8779817832164,28.4067104692559));
#9180=CARTESIAN_POINT('Ctrl Pts',(91.6271197021959,-69.8813267941562,28.3969973397872));
#9181=CARTESIAN_POINT('Ctrl Pts',(91.7221702643473,-69.8703599936976,28.3616774906254));
#9182=CARTESIAN_POINT('Ctrl Pts',(91.7665028660941,-69.8562034125241,28.336222998843));
#9183=CARTESIAN_POINT('Ctrl Pts',(91.8236383262575,-69.8285735879527,28.2942288018138));
#9184=CARTESIAN_POINT('Ctrl Pts',(91.8432922550669,-69.8168605273723,28.2776194441471));
#9185=CARTESIAN_POINT('Ctrl Pts',(91.8616469697929,-69.8037198422757,28.2599670823769));
#9186=CARTESIAN_POINT('',(91.1513128681985,-69.4076338180541,28.0475244709453));
#9187=CARTESIAN_POINT('Ctrl Pts',(91.2680647711679,-69.6513138373777,28.2599670823769));
#9188=CARTESIAN_POINT('Ctrl Pts',(91.210193963583,-69.5305281443662,28.1552327307667));
#9189=CARTESIAN_POINT('Ctrl Pts',(91.1513128681985,-69.4076338180541,28.0475244709453));
#9190=CARTESIAN_POINT('',(90.9383351539723,-69.2428355970233,27.929));
#9191=CARTESIAN_POINT('Ctrl Pts',(90.9383351539723,-69.2428355970233,27.929));
#9192=CARTESIAN_POINT('Ctrl Pts',(90.9589521699766,-69.2468670753175,27.929));
#9193=CARTESIAN_POINT('Ctrl Pts',(90.9793082554496,-69.2531307569175,27.9311864353981));
#9194=CARTESIAN_POINT('Ctrl Pts',(91.0179337556807,-69.2696292621675,27.939759583841));
#9195=CARTESIAN_POINT('Ctrl Pts',(91.0362024173819,-69.279865158601,27.9461476251035));
#9196=CARTESIAN_POINT('Ctrl Pts',(91.0861560895063,-69.3148484453042,27.9703491327145));
#9197=CARTESIAN_POINT('Ctrl Pts',(91.1128710150408,-69.3441101232037,27.9934588088606));
#9198=CARTESIAN_POINT('Ctrl Pts',(91.1390180537455,-69.3840192519189,28.0270267919922));
#9199=CARTESIAN_POINT('Ctrl Pts',(91.1455765671917,-69.3956612342706,28.0370313407611));
#9200=CARTESIAN_POINT('Ctrl Pts',(91.1513128681985,-69.4076338180541,28.0475244709453));
#9201=CARTESIAN_POINT('',(90.8251479511462,-69.2212439833236,27.929));
#9202=CARTESIAN_POINT('Origin',(88.5395,-81.5105000000001,27.929));
#9203=CARTESIAN_POINT('',(90.5664600090402,-69.296067168373,28.0475244709452));
#9204=CARTESIAN_POINT('Ctrl Pts',(90.5664600090403,-69.2960671683729,28.0475244709453));
#9205=CARTESIAN_POINT('Ctrl Pts',(90.5762008888822,-69.2870470147379,28.0370313407611));
#9206=CARTESIAN_POINT('Ctrl Pts',(90.5865845400124,-69.2786369231269,28.0270267919922));
#9207=CARTESIAN_POINT('Ctrl Pts',(90.625586971932,-69.2511557206024,27.9934588088606));
#9208=CARTESIAN_POINT('Ctrl Pts',(90.6611978236038,-69.2337833205662,27.9703491327145));
#9209=CARTESIAN_POINT('Ctrl Pts',(90.7205217800978,-69.2196458563962,27.9461476251035));
#9210=CARTESIAN_POINT('Ctrl Pts',(90.7412756369721,-69.2168539034972,27.939759583841));
#9211=CARTESIAN_POINT('Ctrl Pts',(90.7832622237079,-69.2157329762583,27.9311864353981));
#9212=CARTESIAN_POINT('Ctrl Pts',(90.8044946483125,-69.2174027272506,27.929));
#9213=CARTESIAN_POINT('Ctrl Pts',(90.8251479511462,-69.2212439833236,27.929));
#9214=CARTESIAN_POINT('',(90.3682022368648,-69.4796558783652,28.2599670823769));
#9215=CARTESIAN_POINT('Ctrl Pts',(90.5664600090402,-69.2960671683729,28.0475244709452));
#9216=CARTESIAN_POINT('Ctrl Pts',(90.4664733321873,-69.388655846327,28.1552327307667));
#9217=CARTESIAN_POINT('Ctrl Pts',(90.3682022368647,-69.4796558783652,28.2599670823769));
#9218=CARTESIAN_POINT('',(89.760199073762,-69.4028472166771,28.259967082377));
#9219=CARTESIAN_POINT('Ctrl Pts',(89.760199073762,-69.4028472166771,28.259967082377));
#9220=CARTESIAN_POINT('Ctrl Pts',(89.7724274470963,-69.4218219378366,28.2776194441472));
#9221=CARTESIAN_POINT('Ctrl Pts',(89.7863893427719,-69.4399475598934,28.2942288018139));
#9222=CARTESIAN_POINT('Ctrl Pts',(89.8293413333311,-69.4866700868042,28.336222998843));
#9223=CARTESIAN_POINT('Ctrl Pts',(89.8653493588815,-69.5161524622873,28.3616774906254));
#9224=CARTESIAN_POINT('Ctrl Pts',(89.9496879880272,-69.5613395811535,28.3969973397873));
#9225=CARTESIAN_POINT('Ctrl Pts',(89.9981448531896,-69.5769273606818,28.4067104692559));
#9226=CARTESIAN_POINT('Ctrl Pts',(90.0944399902795,-69.5890922654978,28.4067104692559));
#9227=CARTESIAN_POINT('Ctrl Pts',(90.145251017049,-69.5860449370569,28.3969973397873));
#9228=CARTESIAN_POINT('Ctrl Pts',(90.2381775725642,-69.5632516187891,28.3616774906254));
#9229=CARTESIAN_POINT('Ctrl Pts',(90.2803863084101,-69.5436503181572,28.336222998843));
#9230=CARTESIAN_POINT('Ctrl Pts',(90.3336083031482,-69.5090773910317,28.2942288018139));
#9231=CARTESIAN_POINT('Ctrl Pts',(90.3516392191011,-69.4949934009826,28.2776194441472));
#9232=CARTESIAN_POINT('Ctrl Pts',(90.3682022368648,-69.4796558783652,28.2599670823769));
#9233=CARTESIAN_POINT('',(89.6138265896427,-69.1757215806135,28.0475244709453));
#9234=CARTESIAN_POINT('Ctrl Pts',(89.760199073762,-69.4028472166771,28.259967082377));
#9235=CARTESIAN_POINT('Ctrl Pts',(89.6876461333065,-69.2902670903756,28.1552327307668));
#9236=CARTESIAN_POINT('Ctrl Pts',(89.6138265896427,-69.1757215806135,28.0475244709453));
#9237=CARTESIAN_POINT('',(89.3818735743791,-69.0389160283794,27.929));
#9238=CARTESIAN_POINT('Ctrl Pts',(89.3818735743791,-69.0389160283794,27.929));
#9239=CARTESIAN_POINT('Ctrl Pts',(89.4028332972648,-69.0403317199808,27.929));
#9240=CARTESIAN_POINT('Ctrl Pts',(89.4238139163927,-69.0439947165655,27.9311864353981));
#9241=CARTESIAN_POINT('Ctrl Pts',(89.4642026540296,-69.0555220673318,27.939759583841));
#9242=CARTESIAN_POINT('Ctrl Pts',(89.4836101598752,-69.0633875802207,27.9461476251035));
#9243=CARTESIAN_POINT('Ctrl Pts',(89.5375545008176,-69.0918341580036,27.9703491327145));
#9244=CARTESIAN_POINT('Ctrl Pts',(89.5677262318956,-69.1175168308311,27.9934588088606));
#9245=CARTESIAN_POINT('Ctrl Pts',(89.598669033541,-69.1538341712371,28.0270267919922));
#9246=CARTESIAN_POINT('Ctrl Pts',(89.606634958443,-69.164562353383,28.0370313407611));
#9247=CARTESIAN_POINT('Ctrl Pts',(89.6138265896427,-69.1757215806135,28.0475244709453));
#9248=CARTESIAN_POINT('',(89.2668727396917,-69.0316807891311,27.929));
#9249=CARTESIAN_POINT('Origin',(88.5395,-81.5105000000001,27.929));
#9250=CARTESIAN_POINT('',(89.0196024610033,-69.138336167286,28.0475244709452));
#9251=CARTESIAN_POINT('Ctrl Pts',(89.0196024610034,-69.138336167286,28.0475244709453));
#9252=CARTESIAN_POINT('Ctrl Pts',(89.028136006076,-69.1281662842882,28.0370313407611));
#9253=CARTESIAN_POINT('Ctrl Pts',(89.0373837150394,-69.1185210921892,28.0270267919922));
#9254=CARTESIAN_POINT('Ctrl Pts',(89.0726342931593,-69.0863682862455,27.9934588088606));
#9255=CARTESIAN_POINT('Ctrl Pts',(89.1057870035579,-69.0646696495825,27.9703491327145));
#9256=CARTESIAN_POINT('Ctrl Pts',(89.1628712788369,-69.0432084002449,27.9461476251035));
#9257=CARTESIAN_POINT('Ctrl Pts',(89.1831115608661,-69.0378373147374,27.939759583841));
#9258=CARTESIAN_POINT('Ctrl Pts',(89.2246265813892,-69.0314629116626,27.9311864353982));
#9259=CARTESIAN_POINT('Ctrl Pts',(89.2459008572752,-69.0304583677376,27.929));
#9260=CARTESIAN_POINT('Ctrl Pts',(89.2668727396917,-69.0316807891311,27.929));
#9261=CARTESIAN_POINT('',(88.8459177772476,-69.3453255131306,28.2599670823769));
#9262=CARTESIAN_POINT('Ctrl Pts',(89.0196024610033,-69.138336167286,28.0475244709452));
#9263=CARTESIAN_POINT('Ctrl Pts',(88.9320086473613,-69.2427264093828,28.1552327307668));
#9264=CARTESIAN_POINT('Ctrl Pts',(88.8459177772475,-69.3453255131305,28.2599670823768));
#9265=CARTESIAN_POINT('',(88.2330822227524,-69.3453255131306,28.2599670823769));
#9266=CARTESIAN_POINT('Ctrl Pts',(88.2330822227524,-69.3453255131306,28.2599670823769));
#9267=CARTESIAN_POINT('Ctrl Pts',(88.2475923348695,-69.362617991375,28.2776194441471));
#9268=CARTESIAN_POINT('Ctrl Pts',(88.2637158796502,-69.3788507979564,28.2942288018138));
#9269=CARTESIAN_POINT('Ctrl Pts',(88.3121850663127,-69.4198215919224,28.336222998843));
#9270=CARTESIAN_POINT('Ctrl Pts',(88.3516042792791,-69.4445584877924,28.3616774906254));
#9271=CARTESIAN_POINT('Ctrl Pts',(88.4409413208661,-69.4788188596243,28.3969973397872));
#9272=CARTESIAN_POINT('Ctrl Pts',(88.4909697559858,-69.488210469256,28.4067104692559));
#9273=CARTESIAN_POINT('Ctrl Pts',(88.5880302440144,-69.488210469256,28.4067104692558));
#9274=CARTESIAN_POINT('Ctrl Pts',(88.638058679134,-69.4788188596243,28.3969973397872));
#9275=CARTESIAN_POINT('Ctrl Pts',(88.7273957207211,-69.4445584877923,28.3616774906254));
#9276=CARTESIAN_POINT('Ctrl Pts',(88.7668149336874,-69.4198215919224,28.336222998843));
#9277=CARTESIAN_POINT('Ctrl Pts',(88.8152841203499,-69.3788507979564,28.2942288018138));
#9278=CARTESIAN_POINT('Ctrl Pts',(88.8314076651306,-69.362617991375,28.2776194441471));
#9279=CARTESIAN_POINT('Ctrl Pts',(88.8459177772477,-69.3453255131306,28.2599670823769));
#9280=CARTESIAN_POINT('',(88.0593975389966,-69.138336167286,28.0475244709453));
#9281=CARTESIAN_POINT('Ctrl Pts',(88.2330822227524,-69.3453255131306,28.2599670823769));
#9282=CARTESIAN_POINT('Ctrl Pts',(88.1469913526385,-69.2427264093828,28.1552327307668));
#9283=CARTESIAN_POINT('Ctrl Pts',(88.0593975389966,-69.138336167286,28.0475244709453));
#9284=CARTESIAN_POINT('',(87.8121272603083,-69.0316807891311,27.929));
#9285=CARTESIAN_POINT('Ctrl Pts',(87.8121272603083,-69.0316807891311,27.929));
#9286=CARTESIAN_POINT('Ctrl Pts',(87.8330991427249,-69.0304583677376,27.929));
#9287=CARTESIAN_POINT('Ctrl Pts',(87.8543734186108,-69.0314629116626,27.9311864353982));
#9288=CARTESIAN_POINT('Ctrl Pts',(87.8958884391339,-69.0378373147374,27.9397595838411));
#9289=CARTESIAN_POINT('Ctrl Pts',(87.9161287211632,-69.0432084002449,27.9461476251035));
#9290=CARTESIAN_POINT('Ctrl Pts',(87.9732129964422,-69.0646696495825,27.9703491327145));
#9291=CARTESIAN_POINT('Ctrl Pts',(88.0063657068408,-69.0863682862455,27.9934588088606));
#9292=CARTESIAN_POINT('Ctrl Pts',(88.0416162849606,-69.1185210921892,28.0270267919922));
#9293=CARTESIAN_POINT('Ctrl Pts',(88.0508639939241,-69.1281662842882,28.0370313407611));
#9294=CARTESIAN_POINT('Ctrl Pts',(88.0593975389966,-69.138336167286,28.0475244709453));
#9295=CARTESIAN_POINT('',(87.6971264256211,-69.0389160283794,27.929));
#9296=CARTESIAN_POINT('Origin',(88.5395,-81.5105000000001,27.929));
#9297=CARTESIAN_POINT('',(87.4651734103575,-69.1757215806135,28.0475244709453));
#9298=CARTESIAN_POINT('Ctrl Pts',(87.4651734103575,-69.1757215806135,28.0475244709453));
#9299=CARTESIAN_POINT('Ctrl Pts',(87.4723650415572,-69.164562353383,28.0370313407611));
#9300=CARTESIAN_POINT('Ctrl Pts',(87.4803309664592,-69.1538341712371,28.0270267919922));
#9301=CARTESIAN_POINT('Ctrl Pts',(87.5112737681046,-69.1175168308311,27.9934588088606));
#9302=CARTESIAN_POINT('Ctrl Pts',(87.5414454991826,-69.0918341580035,27.9703491327145));
#9303=CARTESIAN_POINT('Ctrl Pts',(87.595389840125,-69.0633875802207,27.9461476251035));
#9304=CARTESIAN_POINT('Ctrl Pts',(87.6147973459705,-69.0555220673318,27.939759583841));
#9305=CARTESIAN_POINT('Ctrl Pts',(87.6551860836074,-69.0439947165655,27.9311864353981));
#9306=CARTESIAN_POINT('Ctrl Pts',(87.6761667027353,-69.0403317199808,27.929));
#9307=CARTESIAN_POINT('Ctrl Pts',(87.6971264256211,-69.0389160283794,27.929));
#9308=CARTESIAN_POINT('',(87.3188009262383,-69.4028472166771,28.2599670823769));
#9309=CARTESIAN_POINT('Ctrl Pts',(87.4651734103575,-69.1757215806135,28.0475244709453));
#9310=CARTESIAN_POINT('Ctrl Pts',(87.3913538666937,-69.2902670903756,28.1552327307669));
#9311=CARTESIAN_POINT('Ctrl Pts',(87.3188009262383,-69.4028472166771,28.2599670823769));
#9312=CARTESIAN_POINT('',(86.7107977631353,-69.4796558783651,28.2599670823769));
#9313=CARTESIAN_POINT('Ctrl Pts',(86.7107977631353,-69.4796558783651,28.2599670823769));
#9314=CARTESIAN_POINT('Ctrl Pts',(86.727360780899,-69.4949934009825,28.2776194441471));
#9315=CARTESIAN_POINT('Ctrl Pts',(86.745391696852,-69.5090773910316,28.2942288018138));
#9316=CARTESIAN_POINT('Ctrl Pts',(86.7986136915901,-69.5436503181572,28.336222998843));
#9317=CARTESIAN_POINT('Ctrl Pts',(86.8408224274359,-69.563251618789,28.3616774906254));
#9318=CARTESIAN_POINT('Ctrl Pts',(86.9337489829512,-69.5860449370569,28.3969973397873));
#9319=CARTESIAN_POINT('Ctrl Pts',(86.9845600097207,-69.5890922654977,28.4067104692559));
#9320=CARTESIAN_POINT('Ctrl Pts',(87.0808551468106,-69.5769273606818,28.4067104692559));
#9321=CARTESIAN_POINT('Ctrl Pts',(87.1293120119731,-69.5613395811535,28.3969973397872));
#9322=CARTESIAN_POINT('Ctrl Pts',(87.2136506411187,-69.5161524622873,28.3616774906254));
#9323=CARTESIAN_POINT('Ctrl Pts',(87.2496586666691,-69.4866700868042,28.336222998843));
#9324=CARTESIAN_POINT('Ctrl Pts',(87.2926106572284,-69.4399475598934,28.2942288018138));
#9325=CARTESIAN_POINT('Ctrl Pts',(87.3065725529039,-69.4218219378365,28.2776194441472));
#9326=CARTESIAN_POINT('Ctrl Pts',(87.3188009262382,-69.402847216677,28.2599670823769));
#9327=CARTESIAN_POINT('',(86.5125399909599,-69.296067168373,28.0475244709453));
#9328=CARTESIAN_POINT('Ctrl Pts',(86.7107977631353,-69.4796558783651,28.2599670823769));
#9329=CARTESIAN_POINT('Ctrl Pts',(86.6125266678128,-69.388655846327,28.1552327307668));
#9330=CARTESIAN_POINT('Ctrl Pts',(86.5125399909598,-69.2960671683729,28.0475244709453));
#9331=CARTESIAN_POINT('',(86.253852048854,-69.2212439833236,27.929));
#9332=CARTESIAN_POINT('Ctrl Pts',(86.253852048854,-69.2212439833236,27.929));
#9333=CARTESIAN_POINT('Ctrl Pts',(86.2745053516877,-69.2174027272506,27.929));
#9334=CARTESIAN_POINT('Ctrl Pts',(86.2957377762923,-69.2157329762582,27.9311864353981));
#9335=CARTESIAN_POINT('Ctrl Pts',(86.337724363028,-69.2168539034972,27.939759583841));
#9336=CARTESIAN_POINT('Ctrl Pts',(86.3584782199023,-69.2196458563962,27.9461476251035));
#9337=CARTESIAN_POINT('Ctrl Pts',(86.4178021763964,-69.2337833205662,27.9703491327145));
#9338=CARTESIAN_POINT('Ctrl Pts',(86.4534130280682,-69.2511557206024,27.9934588088606));
#9339=CARTESIAN_POINT('Ctrl Pts',(86.4924154599878,-69.2786369231268,28.0270267919922));
#9340=CARTESIAN_POINT('Ctrl Pts',(86.502799111118,-69.2870470147379,28.0370313407611));
#9341=CARTESIAN_POINT('Ctrl Pts',(86.5125399909599,-69.2960671683729,28.0475244709453));
#9342=CARTESIAN_POINT('',(86.1406648460277,-69.2428355970233,27.929));
#9343=CARTESIAN_POINT('Origin',(88.5395,-81.5105000000001,27.929));
#9344=CARTESIAN_POINT('',(85.9276871318015,-69.4076338180541,28.0475244709453));
#9345=CARTESIAN_POINT('Ctrl Pts',(85.9276871318015,-69.4076338180541,28.0475244709453));
#9346=CARTESIAN_POINT('Ctrl Pts',(85.9334234328083,-69.3956612342706,28.0370313407611));
#9347=CARTESIAN_POINT('Ctrl Pts',(85.9399819462545,-69.3840192519189,28.0270267919922));
#9348=CARTESIAN_POINT('Ctrl Pts',(85.9661289849592,-69.3441101232037,27.9934588088606));
#9349=CARTESIAN_POINT('Ctrl Pts',(85.9928439104938,-69.3148484453042,27.9703491327145));
#9350=CARTESIAN_POINT('Ctrl Pts',(86.0427975826181,-69.279865158601,27.9461476251035));
#9351=CARTESIAN_POINT('Ctrl Pts',(86.0610662443193,-69.2696292621675,27.9397595838411));
#9352=CARTESIAN_POINT('Ctrl Pts',(86.0996917445504,-69.2531307569175,27.9311864353981));
#9353=CARTESIAN_POINT('Ctrl Pts',(86.1200478300234,-69.2468670753175,27.929));
#9354=CARTESIAN_POINT('Ctrl Pts',(86.1406648460277,-69.2428355970233,27.929));
#9355=CARTESIAN_POINT('',(85.8109352288321,-69.6513138373777,28.2599670823769));
#9356=CARTESIAN_POINT('Ctrl Pts',(85.9276871318015,-69.4076338180541,28.0475244709453));
#9357=CARTESIAN_POINT('Ctrl Pts',(85.868806036417,-69.5305281443662,28.1552327307668));
#9358=CARTESIAN_POINT('Ctrl Pts',(85.8109352288321,-69.6513138373777,28.2599670823769));
#9359=CARTESIAN_POINT('',(85.2173530302071,-69.8037198422758,28.2599670823769));
#9360=CARTESIAN_POINT('Ctrl Pts',(85.2173530302071,-69.8037198422757,28.2599670823769));
#9361=CARTESIAN_POINT('Ctrl Pts',(85.2357077449332,-69.8168605273723,28.2776194441472));
#9362=CARTESIAN_POINT('Ctrl Pts',(85.2553616737426,-69.8285735879527,28.2942288018139));
#9363=CARTESIAN_POINT('Ctrl Pts',(85.3124971339059,-69.8562034125241,28.336222998843));
#9364=CARTESIAN_POINT('Ctrl Pts',(85.3568297356528,-69.8703599936976,28.3616774906254));
#9365=CARTESIAN_POINT('Ctrl Pts',(85.4518802978042,-69.8813267941562,28.3969973397873));
#9366=CARTESIAN_POINT('Ctrl Pts',(85.5026725959783,-69.8779817832164,28.4067104692559));
#9367=CARTESIAN_POINT('Ctrl Pts',(85.5966837502937,-69.8538438214004,28.4067104692559));
#9368=CARTESIAN_POINT('Ctrl Pts',(85.6428048517886,-69.8323057005703,28.3969973397873));
#9369=CARTESIAN_POINT('Ctrl Pts',(85.7208149979298,-69.7769044625279,28.3616774906254));
#9370=CARTESIAN_POINT('Ctrl Pts',(85.7528439679912,-69.743141562105,28.336222998843));
#9371=CARTESIAN_POINT('Ctrl Pts',(85.7896013838977,-69.6914041444093,28.2942288018139));
#9372=CARTESIAN_POINT('Ctrl Pts',(85.8011814430329,-69.6716715587646,28.2776194441472));
#9373=CARTESIAN_POINT('Ctrl Pts',(85.8109352288321,-69.6513138373777,28.2599670823769));
#9374=CARTESIAN_POINT('',(84.9976488131129,-69.6464270717631,28.0475244709453));
#9375=CARTESIAN_POINT('Ctrl Pts',(85.2173530302072,-69.8037198422757,28.2599670823769));
#9376=CARTESIAN_POINT('Ctrl Pts',(85.1084515035541,-69.7257540068135,28.1552327307671));
#9377=CARTESIAN_POINT('Ctrl Pts',(84.9976488131129,-69.6464270717631,28.0475244709453));
#9378=CARTESIAN_POINT('',(84.731622870969,-69.6046160861447,27.929));
#9379=CARTESIAN_POINT('Ctrl Pts',(84.731622870969,-69.6046160861447,27.929));
#9380=CARTESIAN_POINT('Ctrl Pts',(84.7516318792964,-69.5982165742953,27.929));
#9381=CARTESIAN_POINT('Ctrl Pts',(84.7724876046001,-69.5938988613561,27.9311864353981));
#9382=CARTESIAN_POINT('Ctrl Pts',(84.8142836039941,-69.5897486350671,27.939759583841));
#9383=CARTESIAN_POINT('Ctrl Pts',(84.8352237349929,-69.5899174245926,27.9461476251035));
#9384=CARTESIAN_POINT('Ctrl Pts',(84.8958517984696,-69.5965081473397,27.9703491327145));
#9385=CARTESIAN_POINT('Ctrl Pts',(84.9333591870108,-69.6092803376227,27.9934588088606));
#9386=CARTESIAN_POINT('Ctrl Pts',(84.9754983810799,-69.6316565417477,28.0270267919922));
#9387=CARTESIAN_POINT('Ctrl Pts',(84.9868542179957,-69.638698900702,28.0370313407611));
#9388=CARTESIAN_POINT('Ctrl Pts',(84.9976488131129,-69.6464270717631,28.0475244709453));
#9389=CARTESIAN_POINT('',(84.6220343298074,-69.6402235616495,27.929));
#9390=CARTESIAN_POINT('Origin',(88.5395,-81.5105000000001,27.929));
#9391=CARTESIAN_POINT('',(84.4313907023987,-69.8304154850858,28.0475244709453));
#9392=CARTESIAN_POINT('Ctrl Pts',(84.4313907023987,-69.8304154850858,28.0475244709453));
#9393=CARTESIAN_POINT('Ctrl Pts',(84.435581208319,-69.8178183595476,28.0370313407611));
#9394=CARTESIAN_POINT('Ctrl Pts',(84.4406288786345,-69.8054461780065,28.0270267919922));
#9395=CARTESIAN_POINT('Ctrl Pts',(84.4615677999787,-69.7625746517825,27.9934588088607));
#9396=CARTESIAN_POINT('Ctrl Pts',(84.4844046096354,-69.7301954429516,27.9703491327145));
#9397=CARTESIAN_POINT('Ctrl Pts',(84.5295798136914,-69.6892271546573,27.9461476251035));
#9398=CARTESIAN_POINT('Ctrl Pts',(84.54642152354,-69.6767823008805,27.939759583841));
#9399=CARTESIAN_POINT('Ctrl Pts',(84.5826746391529,-69.6555728324303,27.9311864353982));
#9400=CARTESIAN_POINT('Ctrl Pts',(84.6020851633429,-69.6468072478155,27.929));
#9401=CARTESIAN_POINT('Ctrl Pts',(84.6220343298074,-69.6402235616495,27.929));
#9402=CARTESIAN_POINT('',(84.3461006278331,-70.0868069081973,28.2599670823769));
#9403=CARTESIAN_POINT('Ctrl Pts',(84.4313907023987,-69.8304154850858,28.0475244709453));
#9404=CARTESIAN_POINT('Ctrl Pts',(84.3883766453416,-69.9597205110087,28.1552327307669));
#9405=CARTESIAN_POINT('Ctrl Pts',(84.3461006278331,-70.0868069081973,28.2599670823769));
#9406=CARTESIAN_POINT('',(83.7763005395472,-70.3124067225651,28.259967082377));
#9407=CARTESIAN_POINT('Ctrl Pts',(83.7763005395472,-70.3124067225651,28.2599670823769));
#9408=CARTESIAN_POINT('Ctrl Pts',(83.7961574864197,-70.323143333687,28.2776194441472));
#9409=CARTESIAN_POINT('Ctrl Pts',(83.8171244738876,-70.3323007428362,28.2942288018139));
#9410=CARTESIAN_POINT('Ctrl Pts',(83.8772723391384,-70.3525517260149,28.336222998843));
#9411=CARTESIAN_POINT('Ctrl Pts',(83.9230296551737,-70.3610403299882,28.3616774906254));
#9412=CARTESIAN_POINT('Ctrl Pts',(84.0187052198156,-70.360007659643,28.3969973397873));
#9413=CARTESIAN_POINT('Ctrl Pts',(84.0686777645103,-70.3503230621432,28.4067104692559));
#9414=CARTESIAN_POINT('Ctrl Pts',(84.1589223239881,-70.3145927134043,28.4067104692559));
#9415=CARTESIAN_POINT('Ctrl Pts',(84.2019803044935,-70.2874439203042,28.3969973397873));
#9416=CARTESIAN_POINT('Ctrl Pts',(84.2724317010245,-70.2227022737047,28.3616774906254));
#9417=CARTESIAN_POINT('Ctrl Pts',(84.2999764996058,-70.1851913094505,28.336222998843));
#9418=CARTESIAN_POINT('Ctrl Pts',(84.3299596544529,-70.1292549309536,28.2942288018139));
#9419=CARTESIAN_POINT('Ctrl Pts',(84.3389752525976,-70.1082265763842,28.2776194441472));
#9420=CARTESIAN_POINT('Ctrl Pts',(84.3461006278331,-70.0868069081973,28.2599670823769));
#9421=CARTESIAN_POINT('',(83.5386147442825,-70.1838904924852,28.0475244709453));
#9422=CARTESIAN_POINT('Ctrl Pts',(83.7763005395472,-70.3124067225651,28.2599670823769));
#9423=CARTESIAN_POINT('Ctrl Pts',(83.6584860236927,-70.2487046514781,28.1552327307669));
#9424=CARTESIAN_POINT('Ctrl Pts',(83.5386147442825,-70.1838904924852,28.0475244709453));
#9425=CARTESIAN_POINT('',(83.2694461901244,-70.1757510905176,27.929));
#9426=CARTESIAN_POINT('Ctrl Pts',(83.2694461901245,-70.1757510905176,27.929));
#9427=CARTESIAN_POINT('Ctrl Pts',(83.2884953499315,-70.1668942470164,27.929));
#9428=CARTESIAN_POINT('Ctrl Pts',(83.3086454686876,-70.1599966650428,27.9311864353982));
#9429=CARTESIAN_POINT('Ctrl Pts',(83.3495917328617,-70.1506407367736,27.9397595838411));
#9430=CARTESIAN_POINT('Ctrl Pts',(83.3703878996101,-70.1481837010139,27.9461476251035));
#9431=CARTESIAN_POINT('Ctrl Pts',(83.431363929291,-70.1471237427033,27.9703491327145));
#9432=CARTESIAN_POINT('Ctrl Pts',(83.4701763407785,-70.1550942981627,27.9934588088606));
#9433=CARTESIAN_POINT('Ctrl Pts',(83.5147877367338,-70.1720126177822,28.0270267919922));
#9434=CARTESIAN_POINT('Ctrl Pts',(83.5269366711034,-70.1775761818723,28.0370313407611));
#9435=CARTESIAN_POINT('Ctrl Pts',(83.5386147442826,-70.1838904924852,28.0475244709453));
#9436=CARTESIAN_POINT('',(83.1651845873864,-70.2248128766681,27.929));
#9437=CARTESIAN_POINT('Origin',(88.5395,-81.5105000000001,27.929));
#9438=CARTESIAN_POINT('',(82.9998816106843,-70.437399062262,28.0475244709453));
#9439=CARTESIAN_POINT('Ctrl Pts',(82.9998816106844,-70.437399062262,28.0475244709453));
#9440=CARTESIAN_POINT('Ctrl Pts',(83.0024602347365,-70.424376059164,28.0370313407611));
#9441=CARTESIAN_POINT('Ctrl Pts',(83.0059174571451,-70.4114687951271,28.0270267919922));
#9442=CARTESIAN_POINT('Ctrl Pts',(83.0213180418309,-70.3663109809731,27.9934588088606));
#9443=CARTESIAN_POINT('Ctrl Pts',(83.0399165854794,-70.3313248806765,27.9703491327145));
#9444=CARTESIAN_POINT('Ctrl Pts',(83.0796008815127,-70.2850176851707,27.9461476251035));
#9445=CARTESIAN_POINT('Ctrl Pts',(83.0947500356837,-70.270560136829,27.939759583841));
#9446=CARTESIAN_POINT('Ctrl Pts',(83.1280590333888,-70.2449741911659,27.9311864353981));
#9447=CARTESIAN_POINT('Ctrl Pts',(83.146217880734,-70.2338449420421,27.929));
#9448=CARTESIAN_POINT('Ctrl Pts',(83.1651845873864,-70.2248128766681,27.929));
#9449=CARTESIAN_POINT('',(82.9473984399484,-70.7024584432581,28.2599670823769));
#9450=CARTESIAN_POINT('Ctrl Pts',(82.9998816106843,-70.437399062262,28.0475244709453));
#9451=CARTESIAN_POINT('Ctrl Pts',(82.9734129493298,-70.5710755702936,28.1552327307669));
#9452=CARTESIAN_POINT('Ctrl Pts',(82.9473984399483,-70.7024584432581,28.2599670823769));
#9453=CARTESIAN_POINT('',(82.4103665497759,-70.9976942232563,28.2599670823769));
#9454=CARTESIAN_POINT('Ctrl Pts',(82.4103665497759,-70.9976942232563,28.2599670823769));
#9455=CARTESIAN_POINT('Ctrl Pts',(82.4314125728808,-71.0058574376324,28.2776194441472));
#9456=CARTESIAN_POINT('Ctrl Pts',(82.4533619570897,-71.0123147775379,28.2942288018138));
#9457=CARTESIAN_POINT('Ctrl Pts',(82.5155736596623,-71.0248675492216,28.336222998843));
#9458=CARTESIAN_POINT('Ctrl Pts',(82.562034069778,-71.0275543056393,28.3616774906254));
#9459=CARTESIAN_POINT('Ctrl Pts',(82.6568257761023,-71.0145384503185,28.3969973397872));
#9460=CARTESIAN_POINT('Ctrl Pts',(82.7051904704356,-70.9986669981466,28.4067104692559));
#9461=CARTESIAN_POINT('Ctrl Pts',(82.7902452244633,-70.9519077514287,28.4067104692559));
#9462=CARTESIAN_POINT('Ctrl Pts',(82.829561033905,-70.9195764387437,28.3969973397873));
#9463=CARTESIAN_POINT('Ctrl Pts',(82.8913426202169,-70.8465153980286,28.3616774906254));
#9464=CARTESIAN_POINT('Ctrl Pts',(82.9139688493902,-70.8058479402575,28.336222998843));
#9465=CARTESIAN_POINT('Ctrl Pts',(82.9367048909149,-70.746594751063,28.2942288018138));
#9466=CARTESIAN_POINT('Ctrl Pts',(82.9430138467007,-70.7246022572822,28.2776194441472));
#9467=CARTESIAN_POINT('Ctrl Pts',(82.9473984399484,-70.7024584432581,28.2599670823769));
#9468=CARTESIAN_POINT('',(82.1584476233188,-70.8999813113294,28.0475244709453));
#9469=CARTESIAN_POINT('Ctrl Pts',(82.4103665497759,-70.9976942232563,28.2599670823769));
#9470=CARTESIAN_POINT('Ctrl Pts',(82.2854970500143,-70.9492605362596,28.1552327307668));
#9471=CARTESIAN_POINT('Ctrl Pts',(82.1584476233189,-70.8999813113294,28.0475244709453));
#9472=CARTESIAN_POINT('',(81.8903814060391,-70.9256418562439,27.929));
#9473=CARTESIAN_POINT('Ctrl Pts',(81.8903814060391,-70.9256418562439,27.929));
#9474=CARTESIAN_POINT('Ctrl Pts',(81.9081703006962,-70.9144673588038,27.929));
#9475=CARTESIAN_POINT('Ctrl Pts',(81.9272970334949,-70.9050986867839,27.9311864353982));
#9476=CARTESIAN_POINT('Ctrl Pts',(81.9667478154029,-70.8906846051122,27.9397595838411));
#9477=CARTESIAN_POINT('Ctrl Pts',(81.9870720499282,-70.8856404929891,27.9461476251035));
#9478=CARTESIAN_POINT('Ctrl Pts',(82.0474344173999,-70.8769465697966,27.9703491327145));
#9479=CARTESIAN_POINT('Ctrl Pts',(82.0869397569192,-70.8799897900113,27.9934588088607));
#9480=CARTESIAN_POINT('Ctrl Pts',(82.133319806397,-70.8911834131184,28.0270267919922));
#9481=CARTESIAN_POINT('Ctrl Pts',(82.1460702422679,-70.895180441615,28.0370313407611));
#9482=CARTESIAN_POINT('Ctrl Pts',(82.1584476233188,-70.8999813113294,28.0475244709453));
#9483=CARTESIAN_POINT('',(81.793091009483,-70.9873842193641,27.929));
#9484=CARTESIAN_POINT('Origin',(88.5395,-81.5105000000001,27.929));
#9485=CARTESIAN_POINT('',(81.6557356101774,-71.2190120559762,28.0475244709453));
#9486=CARTESIAN_POINT('Ctrl Pts',(81.6557356101774,-71.2190120559762,28.0475244709453));
#9487=CARTESIAN_POINT('Ctrl Pts',(81.6566616859198,-71.2057685558567,28.0370313407611));
#9488=CARTESIAN_POINT('Ctrl Pts',(81.6584739379589,-71.1925297645884,28.0270267919922));
#9489=CARTESIAN_POINT('Ctrl Pts',(81.6680933095658,-71.1457978282095,27.9934588088606));
#9490=CARTESIAN_POINT('Ctrl Pts',(81.6821602770625,-71.1087565881485,27.9703491327145));
#9491=CARTESIAN_POINT('Ctrl Pts',(81.7157278200185,-71.057840777567,27.9461476251035));
#9492=CARTESIAN_POINT('Ctrl Pts',(81.7289455073009,-71.0415985388342,27.939759583841));
#9493=CARTESIAN_POINT('Ctrl Pts',(81.7587850843064,-71.0120396216056,27.9311864353981));
#9494=CARTESIAN_POINT('Ctrl Pts',(81.7754058789367,-70.9987222228797,27.929));
#9495=CARTESIAN_POINT('Ctrl Pts',(81.793091009483,-70.9873842193641,27.929));
#9496=CARTESIAN_POINT('',(81.6368870342255,-71.4885592500798,28.2599670823769));
#9497=CARTESIAN_POINT('Ctrl Pts',(81.6557356101774,-71.2190120559762,28.0475244709453));
#9498=CARTESIAN_POINT('Ctrl Pts',(81.6462297711268,-71.3549518877301,28.1552327307667));
#9499=CARTESIAN_POINT('Ctrl Pts',(81.6368870342255,-71.4885592500798,28.2599670823769));
#9500=CARTESIAN_POINT('',(81.1410926558816,-71.8487749510925,28.2599670823769));
#9501=CARTESIAN_POINT('Ctrl Pts',(81.1410926558816,-71.8487749510925,28.2599670823769));
#9502=CARTESIAN_POINT('Ctrl Pts',(81.1629958468622,-71.8542360299556,28.2776194441472));
#9503=CARTESIAN_POINT('Ctrl Pts',(81.1855814729112,-71.8578914645095,28.2942288018138));
#9504=CARTESIAN_POINT('Ctrl Pts',(81.2488758970927,-71.8625480599902,28.336222998843));
#9505=CARTESIAN_POINT('Ctrl Pts',(81.2953066928671,-71.8593905970985,28.3616774906254));
#9506=CARTESIAN_POINT('Ctrl Pts',(81.3877196190392,-71.8345968246159,28.3969973397873));
#9507=CARTESIAN_POINT('Ctrl Pts',(81.4337137228897,-71.8127888200538,28.4067104692558));
#9508=CARTESIAN_POINT('Ctrl Pts',(81.5122373071872,-71.7557380966103,28.4067104692559));
#9509=CARTESIAN_POINT('Ctrl Pts',(81.5471909117642,-71.7187341484552,28.3969973397873));
#9510=CARTESIAN_POINT('Ctrl Pts',(81.5993283553345,-71.6385059298812,28.3616774906254));
#9511=CARTESIAN_POINT('Ctrl Pts',(81.6166791859492,-71.5953233286957,28.336222998843));
#9512=CARTESIAN_POINT('Ctrl Pts',(81.6318095531948,-71.5336877869933,28.2942288018139));
#9513=CARTESIAN_POINT('Ctrl Pts',(81.6353123706201,-71.5110779887658,28.2776194441472));
#9514=CARTESIAN_POINT('Ctrl Pts',(81.6368870342254,-71.4885592500798,28.2599670823769));
#9515=CARTESIAN_POINT('',(80.8789135101913,-71.7834063483105,28.0475244709453));
#9516=CARTESIAN_POINT('Ctrl Pts',(81.1410926558817,-71.8487749510925,28.2599670823769));
#9517=CARTESIAN_POINT('Ctrl Pts',(81.0111374388178,-71.816373476363,28.1552327307669));
#9518=CARTESIAN_POINT('Ctrl Pts',(80.8789135101913,-71.7834063483104,28.0475244709453));
#9519=CARTESIAN_POINT('',(80.6161771941716,-71.8424621579849,27.929));
#9520=CARTESIAN_POINT('Ctrl Pts',(80.6161771941716,-71.8424621579849,27.929));
#9521=CARTESIAN_POINT('Ctrl Pts',(80.6324252821834,-71.8291462351059,27.929));
#9522=CARTESIAN_POINT('Ctrl Pts',(80.6502269890226,-71.8174542225939,27.9311864353982));
#9523=CARTESIAN_POINT('Ctrl Pts',(80.6875601262671,-71.7982093061983,27.939759583841));
#9524=CARTESIAN_POINT('Ctrl Pts',(80.7070919032498,-71.7906576663731,27.9461476251035));
#9525=CARTESIAN_POINT('Ctrl Pts',(80.7658886579186,-71.7744668866609,27.9703491327145));
#9526=CARTESIAN_POINT('Ctrl Pts',(80.805463902666,-71.7725347782302,27.9934588088606));
#9527=CARTESIAN_POINT('Ctrl Pts',(80.85288116458,-71.7778271747019,28.0270267919922));
#9528=CARTESIAN_POINT('Ctrl Pts',(80.8660320199618,-71.7801946320778,28.0370313407611));
#9529=CARTESIAN_POINT('Ctrl Pts',(80.8789135101913,-71.7834063483104,28.0475244709452));
#9530=CARTESIAN_POINT('',(80.5273923314692,-71.9159113841256,27.929));
#9531=CARTESIAN_POINT('Origin',(88.5395,-81.5105000000001,27.929));
#9532=CARTESIAN_POINT('',(80.4201506862594,-72.1629279624045,28.0475244709453));
#9533=CARTESIAN_POINT('Ctrl Pts',(80.4201506862594,-72.1629279624045,28.0475244709453));
#9534=CARTESIAN_POINT('Ctrl Pts',(80.4194096089242,-72.1496728231719,28.0370313407611));
#9535=CARTESIAN_POINT('Ctrl Pts',(80.4195483102965,-72.1363112883188,28.0270267919922));
#9536=CARTESIAN_POINT('Ctrl Pts',(80.4232347655881,-72.0887422202681,27.9934588088606));
#9537=CARTESIAN_POINT('Ctrl Pts',(80.4325483124524,-72.0502300029258,27.9703491327145));
#9538=CARTESIAN_POINT('Ctrl Pts',(80.4594697221263,-71.9955085500171,27.9461476251035));
#9539=CARTESIAN_POINT('Ctrl Pts',(80.4705474916959,-71.9777377707007,27.939759583841));
#9540=CARTESIAN_POINT('Ctrl Pts',(80.4964470600471,-71.944672043689,27.9311864353981));
#9541=CARTESIAN_POINT('Ctrl Pts',(80.5112676821024,-71.9293765186943,27.929));
#9542=CARTESIAN_POINT('Ctrl Pts',(80.5273923314692,-71.9159113841256,27.929));
#9543=CARTESIAN_POINT('',(80.4352339583938,-72.432712049345,28.259967082377));
#9544=CARTESIAN_POINT('Ctrl Pts',(80.4201506862594,-72.1629279624045,28.0475244709453));
#9545=CARTESIAN_POINT('Ctrl Pts',(80.4277575822728,-72.2989872655279,28.1552327307668));
#9546=CARTESIAN_POINT('Ctrl Pts',(80.4352339583938,-72.432712049345,28.259967082377));
#9547=CARTESIAN_POINT('',(79.9884960653984,-72.8522268545849,28.259967082377));
#9548=CARTESIAN_POINT('Ctrl Pts',(79.9884960653983,-72.8522268545849,28.259967082377));
#9549=CARTESIAN_POINT('Ctrl Pts',(80.0109109978486,-72.854899673459,28.2776194441473));
#9550=CARTESIAN_POINT('Ctrl Pts',(80.0337766769229,-72.8556955542749,28.2942288018139));
#9551=CARTESIAN_POINT('Ctrl Pts',(80.0971556318336,-72.8523825362601,28.3362229988431));
#9552=CARTESIAN_POINT('Ctrl Pts',(80.1428245718811,-72.843430649135,28.3616774906255));
#9553=CARTESIAN_POINT('Ctrl Pts',(80.2314013108503,-72.8072499720937,28.3969973397873));
#9554=CARTESIAN_POINT('Ctrl Pts',(80.2742994697249,-72.7798493404008,28.406710469256));
#9555=CARTESIAN_POINT('Ctrl Pts',(80.34505352046,-72.7134068642209,28.406710469256));
#9556=CARTESIAN_POINT('Ctrl Pts',(80.3750936809479,-72.6723138549631,28.3969973397873));
#9557=CARTESIAN_POINT('Ctrl Pts',(80.4167647431458,-72.5861837054631,28.3616774906255));
#9558=CARTESIAN_POINT('Ctrl Pts',(80.4285665422384,-72.54116697628,28.3362229988431));
#9559=CARTESIAN_POINT('Ctrl Pts',(80.435852620275,-72.4781211113817,28.2942288018139));
#9560=CARTESIAN_POINT('Ctrl Pts',(80.4364940578166,-72.4552505787319,28.2776194441472));
#9561=CARTESIAN_POINT('Ctrl Pts',(80.4352339583938,-72.432712049345,28.259967082377));
#9562=CARTESIAN_POINT('',(79.7201914222207,-72.8202334628629,28.0475244709453));
#9563=CARTESIAN_POINT('Ctrl Pts',(79.9884960653984,-72.8522268545849,28.259967082377));
#9564=CARTESIAN_POINT('Ctrl Pts',(79.8555046024364,-72.8363685827346,28.1552327307668));
#9565=CARTESIAN_POINT('Ctrl Pts',(79.7201914222206,-72.8202334628629,28.0475244709453));
#9566=CARTESIAN_POINT('',(79.4669285161155,-72.9117531919004,27.929));
#9567=CARTESIAN_POINT('Ctrl Pts',(79.4669285161155,-72.9117531919004,27.929));
#9568=CARTESIAN_POINT('Ctrl Pts',(79.4813795554279,-72.8965058436409,27.929));
#9569=CARTESIAN_POINT('Ctrl Pts',(79.4975754927566,-72.8826748806587,27.9311864353981));
#9570=CARTESIAN_POINT('Ctrl Pts',(79.5322022194615,-72.8589026333671,27.939759583841));
#9571=CARTESIAN_POINT('Ctrl Pts',(79.5506335111108,-72.8489625597109,27.9461476251035));
#9572=CARTESIAN_POINT('Ctrl Pts',(79.606937393032,-72.825530261747,27.9703491327145));
#9573=CARTESIAN_POINT('Ctrl Pts',(79.6459584177568,-72.8186532951751,27.9934588088606));
#9574=CARTESIAN_POINT('Ctrl Pts',(79.6936650935609,-72.8179610007574,28.0270267919922));
#9575=CARTESIAN_POINT('Ctrl Pts',(79.7070089716083,-72.8186615507957,28.0370313407611));
#9576=CARTESIAN_POINT('Ctrl Pts',(79.7201914222207,-72.8202334628629,28.0475244709453));
#9577=CARTESIAN_POINT('',(79.3880493775893,-72.9957509428888,27.929));
#9578=CARTESIAN_POINT('Origin',(88.5395,-81.5105000000001,27.929));
#9579=CARTESIAN_POINT('',(79.3126127512832,-73.2542606638346,28.0475244709453));
#9580=CARTESIAN_POINT('Ctrl Pts',(79.3126127512832,-73.2542606638346,28.0475244709453));
#9581=CARTESIAN_POINT('Ctrl Pts',(79.3102162081027,-73.2412029269527,28.0370313407611));
#9582=CARTESIAN_POINT('Ctrl Pts',(79.3086791714047,-73.2279293679013,28.0270267919922));
#9583=CARTESIAN_POINT('Ctrl Pts',(79.3063745727788,-73.1802733607983,27.9934588088606));
#9584=CARTESIAN_POINT('Ctrl Pts',(79.3107878188131,-73.1408975268484,27.9703491327145));
#9585=CARTESIAN_POINT('Ctrl Pts',(79.3306385284923,-73.0832334216139,27.9461476251035));
#9586=CARTESIAN_POINT('Ctrl Pts',(79.3394016773054,-73.0642143575193,27.939759583841));
#9587=CARTESIAN_POINT('Ctrl Pts',(79.3609527853378,-73.0281632869921,27.9311864353982));
#9588=CARTESIAN_POINT('Ctrl Pts',(79.3737395047548,-73.0111308552949,27.929));
#9589=CARTESIAN_POINT('Ctrl Pts',(79.3880493775893,-72.9957509428888,27.929));
#9590=CARTESIAN_POINT('',(79.361389999292,-73.5200269873996,28.259967082377));
#9591=CARTESIAN_POINT('Ctrl Pts',(79.3126127512832,-73.2542606638347,28.0475244709453));
#9592=CARTESIAN_POINT('Ctrl Pts',(79.3372124170664,-73.3882937018393,28.1552327307668));
#9593=CARTESIAN_POINT('Ctrl Pts',(79.3613899992921,-73.5200269873996,28.259967082377));
#9594=CARTESIAN_POINT('',(78.9707539150858,-73.992224897782,28.259967082377));
#9595=CARTESIAN_POINT('Ctrl Pts',(78.9707539150858,-73.992224897782,28.2599670823769));
#9596=CARTESIAN_POINT('Ctrl Pts',(78.9933270921309,-73.9920673047169,28.2776194441472));
#9597=CARTESIAN_POINT('Ctrl Pts',(79.0161122188122,-73.9899910802788,28.2942288018139));
#9598=CARTESIAN_POINT('Ctrl Pts',(79.0785761804724,-73.9787606970417,28.336222998843));
#9599=CARTESIAN_POINT('Ctrl Pts',(79.1227630383271,-73.9641555622907,28.3616774906254));
#9600=CARTESIAN_POINT('Ctrl Pts',(79.2061066820069,-73.9171585715809,28.3969973397872));
#9601=CARTESIAN_POINT('Ctrl Pts',(79.2452323663139,-73.8845974370875,28.4067104692559));
#9602=CARTESIAN_POINT('Ctrl Pts',(79.30710104984,-73.8098110457112,28.4067104692559));
#9603=CARTESIAN_POINT('Ctrl Pts',(79.3317540149627,-73.7652770366546,28.3969973397873));
#9604=CARTESIAN_POINT('Ctrl Pts',(79.3623015182445,-73.6746032801379,28.3616774906254));
#9605=CARTESIAN_POINT('Ctrl Pts',(79.3683681643932,-73.6284623636681,28.336222998843));
#9606=CARTESIAN_POINT('Ctrl Pts',(79.3676950474177,-73.5650004465251,28.2942288018138));
#9607=CARTESIAN_POINT('Ctrl Pts',(79.3654649892224,-73.5422298614152,28.2776194441472));
#9608=CARTESIAN_POINT('Ctrl Pts',(79.361389999292,-73.5200269873996,28.2599670823769));
#9609=CARTESIAN_POINT('',(78.7005550989212,-73.9941112720195,28.0475244709454));
#9610=CARTESIAN_POINT('Ctrl Pts',(78.9707539150858,-73.992224897782,28.259967082377));
#9611=CARTESIAN_POINT('Ctrl Pts',(78.8368235610425,-73.9931599232313,28.155232730767));
#9612=CARTESIAN_POINT('Ctrl Pts',(78.7005550989212,-73.9941112720195,28.0475244709454));
#9613=CARTESIAN_POINT('',(78.4607597100518,-74.116651599622,27.929));
#9614=CARTESIAN_POINT('Ctrl Pts',(78.4607597100518,-74.116651599622,27.929));
#9615=CARTESIAN_POINT('Ctrl Pts',(78.4731857991423,-74.0997132857722,27.929));
#9616=CARTESIAN_POINT('Ctrl Pts',(78.4875205473537,-74.0839614948683,27.9311864353981));
#9617=CARTESIAN_POINT('Ctrl Pts',(78.518894779354,-74.0560368192213,27.939759583841));
#9618=CARTESIAN_POINT('Ctrl Pts',(78.5359349131902,-74.0438650726337,27.9461476251035));
#9619=CARTESIAN_POINT('Ctrl Pts',(78.5888579765117,-74.0135607977547,27.9703491327145));
#9620=CARTESIAN_POINT('Ctrl Pts',(78.626709396344,-74.0018474269125,27.9934588088606));
#9621=CARTESIAN_POINT('Ctrl Pts',(78.6739531232621,-73.9951813595019,28.0270267919922));
#9622=CARTESIAN_POINT('Ctrl Pts',(78.687279583047,-73.9942039541099,28.0370313407611));
#9623=CARTESIAN_POINT('Ctrl Pts',(78.7005550989212,-73.9941112720195,28.0475244709453));
#9624=CARTESIAN_POINT('',(78.3930302668364,-74.2098731807472,27.929));
#9625=CARTESIAN_POINT('Origin',(88.5395,-81.5105000000001,27.929));
#9626=CARTESIAN_POINT('',(78.3505883400945,-74.4757991916344,28.0475244709453));
#9627=CARTESIAN_POINT('Ctrl Pts',(78.3505883400944,-74.4757991916344,28.0475244709453));
#9628=CARTESIAN_POINT('Ctrl Pts',(78.3465741259864,-74.4631447854141,28.0370313407611));
#9629=CARTESIAN_POINT('Ctrl Pts',(78.343385591205,-74.45016853412,28.0270267919922));
#9630=CARTESIAN_POINT('Ctrl Pts',(78.3351262835587,-74.403177151665,27.9934588088606));
#9631=CARTESIAN_POINT('Ctrl Pts',(78.3345696292365,-74.3635586815308,27.9703491327145));
#9632=CARTESIAN_POINT('Ctrl Pts',(78.3470365813711,-74.3038613213568,27.9461476251035));
#9633=CARTESIAN_POINT('Ctrl Pts',(78.3533469093361,-74.2838939144865,27.939759583841));
#9634=CARTESIAN_POINT('Ctrl Pts',(78.370209683202,-74.2454260473616,27.9311864353981));
#9635=CARTESIAN_POINT('Ctrl Pts',(78.3807608457771,-74.2269253205845,27.929));
#9636=CARTESIAN_POINT('Ctrl Pts',(78.3930302668364,-74.2098731807472,27.929));
#9637=CARTESIAN_POINT('',(78.4322903176386,-74.7333564581402,28.2599670823769));
#9638=CARTESIAN_POINT('Ctrl Pts',(78.3505883400945,-74.4757991916344,28.0475244709453));
#9639=CARTESIAN_POINT('Ctrl Pts',(78.3917928242231,-74.6056921834436,28.1552327307669));
#9640=CARTESIAN_POINT('Ctrl Pts',(78.4322903176387,-74.7333564581402,28.2599670823769));
#9641=CARTESIAN_POINT('',(78.1039166066243,-75.250790630541,28.2599670823769));
#9642=CARTESIAN_POINT('Ctrl Pts',(78.1039166066243,-75.250790630541,28.2599670823769));
#9643=CARTESIAN_POINT('Ctrl Pts',(78.1262920357776,-75.2478051108734,28.2776194441472));
#9644=CARTESIAN_POINT('Ctrl Pts',(78.1486372750071,-75.242889524481,28.2942288018139));
#9645=CARTESIAN_POINT('Ctrl Pts',(78.2092011494272,-75.223918885874,28.336222998843));
#9646=CARTESIAN_POINT('Ctrl Pts',(78.2512090719448,-75.2038908351969,28.3616774906254));
#9647=CARTESIAN_POINT('Ctrl Pts',(78.3280052412871,-75.1468187014368,28.3969973397873));
#9648=CARTESIAN_POINT('Ctrl Pts',(78.3627414156125,-75.1096105726847,28.4067104692559));
#9649=CARTESIAN_POINT('Ctrl Pts',(78.4147490258319,-75.0276596921793,28.4067104692559));
#9650=CARTESIAN_POINT('Ctrl Pts',(78.4336260036025,-74.98038701125,28.3969973397873));
#9651=CARTESIAN_POINT('Ctrl Pts',(78.4525681955932,-74.8865996270228,28.3616774906254));
#9652=CARTESIAN_POINT('Ctrl Pts',(78.4528040141643,-74.8400621930823,28.336222998843));
#9653=CARTESIAN_POINT('Ctrl Pts',(78.4441823176334,-74.7771850560382,28.2942288018139));
#9654=CARTESIAN_POINT('Ctrl Pts',(78.4391159330511,-74.7548735241977,28.2776194441472));
#9655=CARTESIAN_POINT('Ctrl Pts',(78.4322903176386,-74.7333564581402,28.2599670823769));
#9656=CARTESIAN_POINT('',(77.8360848142125,-75.2865270214893,28.0475244709453));
#9657=CARTESIAN_POINT('Ctrl Pts',(78.1039166066243,-75.250790630541,28.2599670823769));
#9658=CARTESIAN_POINT('Ctrl Pts',(77.9711595231885,-75.26850420738,28.1552327307668));
#9659=CARTESIAN_POINT('Ctrl Pts',(77.8360848142125,-75.2865270214894,28.0475244709453));
#9660=CARTESIAN_POINT('',(77.6135386591082,-75.4381554134885,27.929));
#9661=CARTESIAN_POINT('Ctrl Pts',(77.6135386591082,-75.4381554134885,27.929));
#9662=CARTESIAN_POINT('Ctrl Pts',(77.6237438311288,-75.4197932613765,27.929));
#9663=CARTESIAN_POINT('Ctrl Pts',(77.6359913226806,-75.4023690577029,27.9311864353981));
#9664=CARTESIAN_POINT('Ctrl Pts',(77.6636182695954,-75.370732342517,27.939759583841));
#9665=CARTESIAN_POINT('Ctrl Pts',(77.6789985125288,-75.3565208787127,27.9461476251035));
#9666=CARTESIAN_POINT('Ctrl Pts',(77.7277061289271,-75.3198225434363,27.9703491327145));
#9667=CARTESIAN_POINT('Ctrl Pts',(77.7637910043649,-75.3034574951793,27.9934588088607));
#9668=CARTESIAN_POINT('Ctrl Pts',(77.8098267206014,-75.290922782641,28.0270267919922));
#9669=CARTESIAN_POINT('Ctrl Pts',(77.8229255958923,-75.2882828360856,28.0370313407611));
#9670=CARTESIAN_POINT('Ctrl Pts',(77.8360848142124,-75.2865270214893,28.0475244709453));
#9671=CARTESIAN_POINT('',(77.5580270449827,-75.5391306647285,27.929));
#9672=CARTESIAN_POINT('Origin',(88.5395,-81.5105000000001,27.929));
#9673=CARTESIAN_POINT('',(77.5492491523433,-75.8082791535088,28.0475244709453));
#9674=CARTESIAN_POINT('Ctrl Pts',(77.5492491523432,-75.8082791535088,28.0475244709453));
#9675=CARTESIAN_POINT('Ctrl Pts',(77.5436805738619,-75.7962276454956,28.0370313407611));
#9676=CARTESIAN_POINT('Ctrl Pts',(77.5388908260955,-75.7837533451932,28.0270267919922));
#9677=CARTESIAN_POINT('Ctrl Pts',(77.5248070636441,-75.7381676695588,27.9934588088606));
#9678=CARTESIAN_POINT('Ctrl Pts',(77.5192892877368,-75.6989313701813,27.9703491327145));
#9679=CARTESIAN_POINT('Ctrl Pts',(77.5241758710442,-75.6381422180993,27.9461476251035));
#9680=CARTESIAN_POINT('Ctrl Pts',(77.5279338605194,-75.6175413663874,27.939759583841));
#9681=CARTESIAN_POINT('Ctrl Pts',(77.5398423642017,-75.5772633639091,27.9311864353981));
#9682=CARTESIAN_POINT('Ctrl Pts',(77.5479915717981,-75.5575861095652,27.929));
#9683=CARTESIAN_POINT('Ctrl Pts',(77.5580270449827,-75.5391306647285,27.929));
#9684=CARTESIAN_POINT('',(77.6625873704304,-76.0535655310053,28.2599670823769));
#9685=CARTESIAN_POINT('Ctrl Pts',(77.5492491523433,-75.8082791535088,28.0475244709453));
#9686=CARTESIAN_POINT('Ctrl Pts',(77.606408635488,-75.9319836090469,28.1552327307667));
#9687=CARTESIAN_POINT('Ctrl Pts',(77.6625873704305,-76.0535655310053,28.2599670823769));
#9688=CARTESIAN_POINT('',(77.4016546821916,-76.6080757194255,28.2599670823769));
#9689=CARTESIAN_POINT('Ctrl Pts',(77.4016546821916,-76.6080757194255,28.2599670823769));
#9690=CARTESIAN_POINT('Ctrl Pts',(77.423479489569,-76.602309356584,28.2776194441471));
#9691=CARTESIAN_POINT('Ctrl Pts',(77.4450324435755,-76.5946319299711,28.2942288018138));
#9692=CARTESIAN_POINT('Ctrl Pts',(77.5027411022769,-76.5682202142975,28.3362229988429));
#9693=CARTESIAN_POINT('Ctrl Pts',(77.5419075994249,-76.5430851020178,28.3616774906254));
#9694=CARTESIAN_POINT('Ctrl Pts',(77.6109451729635,-76.4768378868499,28.3969973397873));
#9695=CARTESIAN_POINT('Ctrl Pts',(77.6407440270878,-76.4355695582567,28.4067104692559));
#9696=CARTESIAN_POINT('Ctrl Pts',(77.6820703729196,-76.3477466029629,28.4067104692559));
#9697=CARTESIAN_POINT('Ctrl Pts',(77.694873662122,-76.2984807685785,28.3969973397872));
#9698=CARTESIAN_POINT('Ctrl Pts',(77.7019118131383,-76.2030588397158,28.3616774906254));
#9699=CARTESIAN_POINT('Ctrl Pts',(77.696313085132,-76.1568588114379,28.336222998843));
#9700=CARTESIAN_POINT('Ctrl Pts',(77.6798787783505,-76.0955580645049,28.2942288018138));
#9701=CARTESIAN_POINT('Ctrl Pts',(77.6720559672924,-76.0740574521194,28.2776194441472));
#9702=CARTESIAN_POINT('Ctrl Pts',(77.6625873704304,-76.0535655310053,28.2599670823769));
#9703=CARTESIAN_POINT('',(77.1404137808939,-76.6770985428516,28.0475244709453));
#9704=CARTESIAN_POINT('Ctrl Pts',(77.4016546821916,-76.6080757194255,28.2599670823769));
#9705=CARTESIAN_POINT('Ctrl Pts',(77.2721645278746,-76.6422884939659,28.1552327307669));
#9706=CARTESIAN_POINT('Ctrl Pts',(77.1404137808939,-76.6770985428516,28.0475244709453));
#9707=CARTESIAN_POINT('',(76.9386265453633,-76.8554237289272,27.929));
#9708=CARTESIAN_POINT('Ctrl Pts',(76.9386265453633,-76.8554237289272,27.929));
#9709=CARTESIAN_POINT('Ctrl Pts',(76.9464498586551,-76.8359273206606,27.929));
#9710=CARTESIAN_POINT('Ctrl Pts',(76.9564169432891,-76.8171054943181,27.9311864353981));
#9711=CARTESIAN_POINT('Ctrl Pts',(76.9798609116621,-76.7822556694905,27.939759583841));
#9712=CARTESIAN_POINT('Ctrl Pts',(76.9933387080739,-76.7662286117432,27.9461476251035));
#9713=CARTESIAN_POINT('Ctrl Pts',(77.0370627293421,-76.7237149707394,27.9703491327145));
#9714=CARTESIAN_POINT('Ctrl Pts',(77.0708119803434,-76.7029563316544,27.9934588088606));
#9715=CARTESIAN_POINT('Ctrl Pts',(77.114913675153,-76.684750653893,28.0270267919922));
#9716=CARTESIAN_POINT('Ctrl Pts',(77.1275783888615,-76.6804897997086,28.0370313407611));
#9717=CARTESIAN_POINT('Ctrl Pts',(77.1404137808939,-76.6770985428516,28.0475244709453));
#9718=CARTESIAN_POINT('',(76.8962082116437,-76.9625602102498,27.929));
#9719=CARTESIAN_POINT('Origin',(88.5395,-81.5105000000001,27.929));
#9720=CARTESIAN_POINT('',(76.9212327857174,-77.2306865444738,28.0475244709453));
#9721=CARTESIAN_POINT('Ctrl Pts',(76.9212327857173,-77.2306865444738,28.0475244709453));
#9722=CARTESIAN_POINT('Ctrl Pts',(76.914197662672,-77.2194279941483,28.0370313407611));
#9723=CARTESIAN_POINT('Ctrl Pts',(76.907882239104,-77.2076523720052,28.0270267919922));
#9724=CARTESIAN_POINT('Ctrl Pts',(76.8881961311946,-77.1641913165278,27.9934588088606));
#9725=CARTESIAN_POINT('Ctrl Pts',(76.8778042523243,-77.1259559677867,27.9703491327145));
#9726=CARTESIAN_POINT('Ctrl Pts',(76.8750334024668,-77.0650337050387,27.9461476251035));
#9727=CARTESIAN_POINT('Ctrl Pts',(76.8761797877133,-77.0441242962231,27.939759583841));
#9728=CARTESIAN_POINT('Ctrl Pts',(76.882946216995,-77.0026713665514,27.9311864353981));
#9729=CARTESIAN_POINT('Ctrl Pts',(76.8885649517409,-76.9821279066962,27.929));
#9730=CARTESIAN_POINT('Ctrl Pts',(76.8962082116437,-76.9625602102498,27.929));
#9731=CARTESIAN_POINT('',(77.0644198329434,-77.459833720261,28.259967082377));
#9732=CARTESIAN_POINT('Ctrl Pts',(76.9212327857174,-77.2306865444738,28.0475244709453));
#9733=CARTESIAN_POINT('Ctrl Pts',(76.9934458286838,-77.3462515705801,28.1552327307669));
#9734=CARTESIAN_POINT('Ctrl Pts',(77.0644198329433,-77.459833720261,28.259967082377));
#9735=CARTESIAN_POINT('',(76.8750432318471,-78.042674967781,28.2599670823769));
#9736=CARTESIAN_POINT('Ctrl Pts',(76.8750432318471,-78.042674967781,28.2599670823769));
#9737=CARTESIAN_POINT('Ctrl Pts',(76.8959732271988,-78.0342187007523,28.2776194441472));
#9738=CARTESIAN_POINT('Ctrl Pts',(76.9163939930226,-78.0239005115229,28.2942288018139));
#9739=CARTESIAN_POINT('Ctrl Pts',(76.970337335984,-77.9904642473165,28.336222998843));
#9740=CARTESIAN_POINT('Ctrl Pts',(77.0060447287055,-77.9606184691695,28.3616774906255));
#9741=CARTESIAN_POINT('Ctrl Pts',(77.0662349426646,-77.8862409307513,28.3969973397873));
#9742=CARTESIAN_POINT('Ctrl Pts',(77.0906265308572,-77.8415632285114,28.4067104692559));
#9743=CARTESIAN_POINT('Ctrl Pts',(77.1206198711404,-77.7492532188971,28.4067104692559));
#9744=CARTESIAN_POINT('Ctrl Pts',(77.1271475562557,-77.6987711826957,28.3969973397873));
#9745=CARTESIAN_POINT('Ctrl Pts',(77.1221706704517,-77.6032195700181,28.3616774906254));
#9746=CARTESIAN_POINT('Ctrl Pts',(77.1108256911532,-77.5580855494474,28.336222998843));
#9747=CARTESIAN_POINT('Ctrl Pts',(77.0868379529563,-77.499327942024,28.2942288018139));
#9748=CARTESIAN_POINT('Ctrl Pts',(77.0763820858261,-77.4789773265944,28.2776194441472));
#9749=CARTESIAN_POINT('Ctrl Pts',(77.0644198329433,-77.459833720261,28.259967082377));
#9750=CARTESIAN_POINT('',(76.6245131467347,-78.1438956925271,28.0475244709453));
#9751=CARTESIAN_POINT('Ctrl Pts',(76.875043231847,-78.042674967781,28.2599670823769));
#9752=CARTESIAN_POINT('Ctrl Pts',(76.7508621437359,-78.0928473841306,28.1552327307667));
#9753=CARTESIAN_POINT('Ctrl Pts',(76.6245131467347,-78.1438956925271,28.0475244709453));
#9754=CARTESIAN_POINT('',(76.4466671360241,-78.3461053779684,27.929));
#9755=CARTESIAN_POINT('Ctrl Pts',(76.4466671360241,-78.3461053779684,27.929));
#9756=CARTESIAN_POINT('Ctrl Pts',(76.4519852122628,-78.3257821835522,27.929));
#9757=CARTESIAN_POINT('Ctrl Pts',(76.4595147031004,-78.3058595659858,27.9311864353981));
#9758=CARTESIAN_POINT('Ctrl Pts',(76.4784059675457,-78.2683462340723,27.939759583841));
#9759=CARTESIAN_POINT('Ctrl Pts',(76.4897687645351,-78.2507563386568,27.9461476251035));
#9760=CARTESIAN_POINT('Ctrl Pts',(76.5278196367383,-78.2030978574406,27.9703491327145));
#9761=CARTESIAN_POINT('Ctrl Pts',(76.5587010174541,-78.1782730036668,27.9934588088606));
#9762=CARTESIAN_POINT('Ctrl Pts',(76.6001731807646,-78.1546834750962,28.0270267919922));
#9763=CARTESIAN_POINT('Ctrl Pts',(76.61220400279,-78.1488689094983,28.0370313407611));
#9764=CARTESIAN_POINT('Ctrl Pts',(76.6245131467347,-78.1438956925271,28.0475244709453));
#9765=CARTESIAN_POINT('',(76.4180110451724,-78.4577134830632,27.929));
#9766=CARTESIAN_POINT('Origin',(88.5395,-81.5105000000001,27.929));
#9767=CARTESIAN_POINT('',(76.4764434334771,-78.7205891502691,28.0475244709453));
#9768=CARTESIAN_POINT('Ctrl Pts',(76.476443433477,-78.7205891502692,28.0475244709453));
#9769=CARTESIAN_POINT('Ctrl Pts',(76.4680527139606,-78.7103011116955,28.0370313407611));
#9770=CARTESIAN_POINT('Ctrl Pts',(76.4603112125934,-78.6994098763074,28.0270267919922));
#9771=CARTESIAN_POINT('Ctrl Pts',(76.4353332209078,-78.6587588477941,27.9934588088606));
#9772=CARTESIAN_POINT('Ctrl Pts',(76.4202311252121,-78.6221274439798,27.9703491327145));
#9773=CARTESIAN_POINT('Ctrl Pts',(76.409846540147,-78.5620328510426,27.9461476251035));
#9774=CARTESIAN_POINT('Ctrl Pts',(76.4083632419846,-78.5411446389909,27.9397595838411));
#9775=CARTESIAN_POINT('Ctrl Pts',(76.4098808862339,-78.4991705195895,27.9311864353982));
#9776=CARTESIAN_POINT('Ctrl Pts',(76.4128805373259,-78.4780848368571,27.929));
#9777=CARTESIAN_POINT('Ctrl Pts',(76.4180110451724,-78.4577134830632,27.929));
#9778=CARTESIAN_POINT('',(76.6472211645712,-78.9299833364989,28.2599670823769));
#9779=CARTESIAN_POINT('Ctrl Pts',(76.4764434334771,-78.7205891502692,28.0475244709453));
#9780=CARTESIAN_POINT('Ctrl Pts',(76.5625711934397,-78.8261922174466,28.1552327307671));
#9781=CARTESIAN_POINT('Ctrl Pts',(76.6472211645713,-78.9299833364989,28.2599670823769));
#9782=CARTESIAN_POINT('',(76.5323872327451,-79.5319638884728,28.2599670823768));
#9783=CARTESIAN_POINT('Ctrl Pts',(76.532387232745,-79.5319638884728,28.2599670823768));
#9784=CARTESIAN_POINT('Ctrl Pts',(76.5520923375413,-79.5209510776395,28.2776194441471));
#9785=CARTESIAN_POINT('Ctrl Pts',(76.5710588675065,-79.5081548498014,28.2942288018138));
#9786=CARTESIAN_POINT('Ctrl Pts',(76.6203861759853,-79.4682213469226,28.3362229988429));
#9787=CARTESIAN_POINT('Ctrl Pts',(76.6520713373665,-79.4341355886589,28.3616774906253));
#9788=CARTESIAN_POINT('Ctrl Pts',(76.702464956116,-79.3528007052022,28.3969973397872));
#9789=CARTESIAN_POINT('Ctrl Pts',(76.7210646084605,-79.3054182233691,28.4067104692558));
#9790=CARTESIAN_POINT('Ctrl Pts',(76.7392519303016,-79.2100769434292,28.4067104692558));
#9791=CARTESIAN_POINT('Ctrl Pts',(76.739401065836,-79.1591748372783,28.3969973397872));
#9792=CARTESIAN_POINT('Ctrl Pts',(76.722487631674,-79.0650004467975,28.3616774906254));
#9793=CARTESIAN_POINT('Ctrl Pts',(76.7055753181838,-79.0216442244,28.3362229988429));
#9794=CARTESIAN_POINT('Ctrl Pts',(76.6744124495325,-78.9663563990552,28.2942288018138));
#9795=CARTESIAN_POINT('Ctrl Pts',(76.6614884216009,-78.947476721944,28.2776194441471));
#9796=CARTESIAN_POINT('Ctrl Pts',(76.6472211645712,-78.9299833364989,28.2599670823769));
#9797=CARTESIAN_POINT('',(76.2965189729198,-79.6637862032434,28.0475244709453));
#9798=CARTESIAN_POINT('Ctrl Pts',(76.5323872327451,-79.5319638884728,28.2599670823768));
#9799=CARTESIAN_POINT('Ctrl Pts',(76.4154736207814,-79.5973046976544,28.1552327307664));
#9800=CARTESIAN_POINT('Ctrl Pts',(76.2965189729198,-79.6637862032434,28.0475244709453));
#9801=CARTESIAN_POINT('',(76.1454189248579,-79.8866914205167,27.929));
#9802=CARTESIAN_POINT('Ctrl Pts',(76.1454189248579,-79.8866914205167,27.929));
#9803=CARTESIAN_POINT('Ctrl Pts',(76.1481478948045,-79.8658619488674,27.929));
#9804=CARTESIAN_POINT('Ctrl Pts',(76.1531210472773,-79.8451527316574,27.9311864353981));
#9805=CARTESIAN_POINT('Ctrl Pts',(76.1671616812693,-79.8055675003117,27.939759583841));
#9806=CARTESIAN_POINT('Ctrl Pts',(76.1762302807401,-79.7866921703864,27.9461476251035));
#9807=CARTESIAN_POINT('Ctrl Pts',(76.2080079188931,-79.7346404516762,27.9703491327145));
#9808=CARTESIAN_POINT('Ctrl Pts',(76.235534411502,-79.7061408859872,27.9934588088607));
#9809=CARTESIAN_POINT('Ctrl Pts',(76.2737230025236,-79.6775395275646,28.0270267919922));
#9810=CARTESIAN_POINT('Ctrl Pts',(76.2849301996158,-79.6702629497263,28.0370313407611));
#9811=CARTESIAN_POINT('Ctrl Pts',(76.2965189729197,-79.6637862032433,28.0475244709453));
#9812=CARTESIAN_POINT('',(76.1309770005452,-80.0010110228949,27.929));
#9813=CARTESIAN_POINT('Origin',(88.5395,-81.5105000000001,27.929));
#9814=CARTESIAN_POINT('',(76.2218956894115,-80.2544903167767,28.0475244709453));
#9815=CARTESIAN_POINT('Ctrl Pts',(76.2218956894115,-80.2544903167767,28.0475244709453));
#9816=CARTESIAN_POINT('Ctrl Pts',(76.2122817000832,-80.245335038469,28.0370313407611));
#9817=CARTESIAN_POINT('Ctrl Pts',(76.2032362090178,-80.235499951124,28.0270267919922));
#9818=CARTESIAN_POINT('Ctrl Pts',(76.1733602514059,-80.1983000405783,27.9934588088607));
#9819=CARTESIAN_POINT('Ctrl Pts',(76.1537861079555,-80.1638502808115,27.9703491327145));
#9820=CARTESIAN_POINT('Ctrl Pts',(76.1359515587928,-80.1055310853144,27.9461476251035));
#9821=CARTESIAN_POINT('Ctrl Pts',(76.1318619697197,-80.0849934896088,27.939759583841));
#9822=CARTESIAN_POINT('Ctrl Pts',(76.1281068947802,-80.0431601374148,27.9311864353981));
#9823=CARTESIAN_POINT('Ctrl Pts',(76.1284401559286,-80.0218647656177,27.929));
#9824=CARTESIAN_POINT('Ctrl Pts',(76.1309770005453,-80.0010110228949,27.929));
#9825=CARTESIAN_POINT('',(76.417570837537,-80.4408292420462,28.2599670823769));
#9826=CARTESIAN_POINT('Ctrl Pts',(76.2218956894114,-80.2544903167767,28.0475244709453));
#9827=CARTESIAN_POINT('Ctrl Pts',(76.3205798801448,-80.3484660015712,28.1552327307666));
#9828=CARTESIAN_POINT('Ctrl Pts',(76.4175708375369,-80.4408292420462,28.2599670823769));
#9829=CARTESIAN_POINT('',(76.3790905746841,-81.0524555055636,28.2599670823769));
#9830=CARTESIAN_POINT('Ctrl Pts',(76.3790905746842,-81.0524555055635,28.2599670823769));
#9831=CARTESIAN_POINT('Ctrl Pts',(76.3972600276511,-81.0390598295312,28.2776194441472));
#9832=CARTESIAN_POINT('Ctrl Pts',(76.4144732082501,-81.0239873672417,28.2942288018139));
#9833=CARTESIAN_POINT('Ctrl Pts',(76.4584065611248,-80.978186400886,28.336222998843));
#9834=CARTESIAN_POINT('Ctrl Pts',(76.485569797243,-80.9403982152752,28.3616774906254));
#9835=CARTESIAN_POINT('Ctrl Pts',(76.5253720833117,-80.8533886864792,28.3969973397873));
#9836=CARTESIAN_POINT('Ctrl Pts',(76.5378864721794,-80.8040486750963,28.4067104692559));
#9837=CARTESIAN_POINT('Ctrl Pts',(76.5439809506485,-80.7071797137695,28.4067104692559));
#9838=CARTESIAN_POINT('Ctrl Pts',(76.5377491846455,-80.6566602942907,28.3969973397872));
#9839=CARTESIAN_POINT('Ctrl Pts',(76.5091659370858,-80.5653483124014,28.3616774906254));
#9840=CARTESIAN_POINT('Ctrl Pts',(76.4869530066908,-80.5244536417042,28.3362229988429));
#9841=CARTESIAN_POINT('Ctrl Pts',(76.4491064646395,-80.4735075204712,28.2942288018138));
#9842=CARTESIAN_POINT('Ctrl Pts',(76.4339180955473,-80.4563965254644,28.2776194441472));
#9843=CARTESIAN_POINT('Ctrl Pts',(76.4175708375369,-80.4408292420462,28.2599670823769));
#9844=CARTESIAN_POINT('',(76.161603923504,-81.2128004937079,28.0475244709453));
#9845=CARTESIAN_POINT('Ctrl Pts',(76.3790905746841,-81.0524555055636,28.2599670823769));
#9846=CARTESIAN_POINT('Ctrl Pts',(76.2712882363697,-81.1319342439834,28.1552327307666));
#9847=CARTESIAN_POINT('Ctrl Pts',(76.161603923504,-81.2128004937079,28.0475244709453));
#9848=CARTESIAN_POINT('',(76.0396327761119,-81.4528858943798,27.929));
#9849=CARTESIAN_POINT('Ctrl Pts',(76.0396327761118,-81.4528858943798,27.929));
#9850=CARTESIAN_POINT('Ctrl Pts',(76.0397296022801,-81.4318786387082,27.929));
#9851=CARTESIAN_POINT('Ctrl Pts',(76.0420679868027,-81.410709418581,27.9311864353982));
#9852=CARTESIAN_POINT('Ctrl Pts',(76.051036561156,-81.3696765705485,27.9397595838411));
#9853=CARTESIAN_POINT('Ctrl Pts',(76.0576679458772,-81.3498134813418,27.9461476251035));
#9854=CARTESIAN_POINT('Ctrl Pts',(76.0826711976433,-81.294189411836,27.9703491327145));
#9855=CARTESIAN_POINT('Ctrl Pts',(76.1064086929132,-81.2624645894076,27.9934588088606));
#9856=CARTESIAN_POINT('Ctrl Pts',(76.1407114547528,-81.229302461641,28.0270267919922));
#9857=CARTESIAN_POINT('Ctrl Pts',(76.1509182827187,-81.2206786275416,28.0370313407611));
#9858=CARTESIAN_POINT('Ctrl Pts',(76.161603923504,-81.2128004937079,28.0475244709453));
#9859=CARTESIAN_POINT('',(76.0396327761119,-81.5681141056206,27.929));
#9860=CARTESIAN_POINT('Origin',(88.5395,-81.5105000000001,27.929));
#9861=CARTESIAN_POINT('',(76.1616039235041,-81.8081995062924,28.0475244709453));
#9862=CARTESIAN_POINT('Ctrl Pts',(76.1616039235041,-81.8081995062924,28.0475244709453));
#9863=CARTESIAN_POINT('Ctrl Pts',(76.1509182827187,-81.8003213724588,28.0370313407611));
#9864=CARTESIAN_POINT('Ctrl Pts',(76.1407114547528,-81.7916975383594,28.0270267919922));
#9865=CARTESIAN_POINT('Ctrl Pts',(76.1064086929132,-81.7585354105928,27.9934588088606));
#9866=CARTESIAN_POINT('Ctrl Pts',(76.0826711976433,-81.7268105881643,27.9703491327145));
#9867=CARTESIAN_POINT('Ctrl Pts',(76.0576679458772,-81.6711865186585,27.9461476251035));
#9868=CARTESIAN_POINT('Ctrl Pts',(76.051036561156,-81.6513234294518,27.9397595838411));
#9869=CARTESIAN_POINT('Ctrl Pts',(76.0420679868026,-81.6102905814193,27.9311864353982));
#9870=CARTESIAN_POINT('Ctrl Pts',(76.0397296022801,-81.5891213612922,27.929));
#9871=CARTESIAN_POINT('Ctrl Pts',(76.0396327761118,-81.5681141056206,27.929));
#9872=CARTESIAN_POINT('',(76.3790905746842,-81.9685444944368,28.259967082377));
#9873=CARTESIAN_POINT('Ctrl Pts',(76.1616039235041,-81.8081995062924,28.0475244709453));
#9874=CARTESIAN_POINT('Ctrl Pts',(76.2712882363699,-81.889065756017,28.1552327307668));
#9875=CARTESIAN_POINT('Ctrl Pts',(76.3790905746842,-81.9685444944368,28.259967082377));
#9876=CARTESIAN_POINT('',(76.417570837537,-82.5801707579541,28.259967082377));
#9877=CARTESIAN_POINT('Ctrl Pts',(76.417570837537,-82.5801707579542,28.2599670823769));
#9878=CARTESIAN_POINT('Ctrl Pts',(76.4339180955474,-82.564603474536,28.2776194441472));
#9879=CARTESIAN_POINT('Ctrl Pts',(76.4491064646396,-82.5474924795292,28.2942288018139));
#9880=CARTESIAN_POINT('Ctrl Pts',(76.4869530066909,-82.4965463582961,28.336222998843));
#9881=CARTESIAN_POINT('Ctrl Pts',(76.5091659370858,-82.4556516875989,28.3616774906255));
#9882=CARTESIAN_POINT('Ctrl Pts',(76.5377491846456,-82.3643397057097,28.3969973397873));
#9883=CARTESIAN_POINT('Ctrl Pts',(76.5439809506486,-82.3138202862309,28.4067104692559));
#9884=CARTESIAN_POINT('Ctrl Pts',(76.5378864721795,-82.2169513249041,28.4067104692559));
#9885=CARTESIAN_POINT('Ctrl Pts',(76.5253720833118,-82.1676113135212,28.3969973397873));
#9886=CARTESIAN_POINT('Ctrl Pts',(76.485569797243,-82.0806017847252,28.3616774906255));
#9887=CARTESIAN_POINT('Ctrl Pts',(76.4584065611249,-82.0428135991144,28.3362229988431));
#9888=CARTESIAN_POINT('Ctrl Pts',(76.4144732082502,-81.9970126327587,28.2942288018139));
#9889=CARTESIAN_POINT('Ctrl Pts',(76.3972600276512,-81.9819401704692,28.2776194441472));
#9890=CARTESIAN_POINT('Ctrl Pts',(76.3790905746842,-81.9685444944368,28.259967082377));
#9891=CARTESIAN_POINT('',(76.2218956894114,-82.7665096832237,28.0475244709453));
#9892=CARTESIAN_POINT('Ctrl Pts',(76.417570837537,-82.5801707579541,28.2599670823769));
#9893=CARTESIAN_POINT('Ctrl Pts',(76.3205798801448,-82.6725339984292,28.1552327307666));
#9894=CARTESIAN_POINT('Ctrl Pts',(76.2218956894114,-82.7665096832237,28.0475244709453));
#9895=CARTESIAN_POINT('',(76.1309770005453,-83.0199889771055,27.929));
#9896=CARTESIAN_POINT('Ctrl Pts',(76.1309770005453,-83.0199889771055,27.929));
#9897=CARTESIAN_POINT('Ctrl Pts',(76.1284401559286,-82.9991352343827,27.929));
#9898=CARTESIAN_POINT('Ctrl Pts',(76.1281068947802,-82.9778398625857,27.9311864353981));
#9899=CARTESIAN_POINT('Ctrl Pts',(76.1318619697197,-82.9360065103916,27.939759583841));
#9900=CARTESIAN_POINT('Ctrl Pts',(76.1359515587928,-82.9154689146861,27.9461476251035));
#9901=CARTESIAN_POINT('Ctrl Pts',(76.1537861079555,-82.857149719189,27.9703491327145));
#9902=CARTESIAN_POINT('Ctrl Pts',(76.1733602514059,-82.8226999594222,27.9934588088607));
#9903=CARTESIAN_POINT('Ctrl Pts',(76.2032362090178,-82.7855000488765,28.0270267919922));
#9904=CARTESIAN_POINT('Ctrl Pts',(76.2122817000832,-82.7756649615314,28.0370313407611));
#9905=CARTESIAN_POINT('Ctrl Pts',(76.2218956894115,-82.7665096832237,28.0475244709453));
#9906=CARTESIAN_POINT('',(76.1454189248579,-83.1343085794837,27.929));
#9907=CARTESIAN_POINT('Origin',(88.5395,-81.5105000000001,27.929));
#9908=CARTESIAN_POINT('',(76.2965189729198,-83.357213796757,28.0475244709453));
#9909=CARTESIAN_POINT('Ctrl Pts',(76.2965189729198,-83.3572137967571,28.0475244709453));
#9910=CARTESIAN_POINT('Ctrl Pts',(76.2849301996158,-83.3507370502741,28.0370313407611));
#9911=CARTESIAN_POINT('Ctrl Pts',(76.2737230025235,-83.3434604724358,28.0270267919922));
#9912=CARTESIAN_POINT('Ctrl Pts',(76.2355344115019,-83.3148591140132,27.9934588088606));
#9913=CARTESIAN_POINT('Ctrl Pts',(76.2080079188931,-83.2863595483242,27.9703491327145));
#9914=CARTESIAN_POINT('Ctrl Pts',(76.1762302807401,-83.234307829614,27.9461476251035));
#9915=CARTESIAN_POINT('Ctrl Pts',(76.1671616812693,-83.2154324996887,27.939759583841));
#9916=CARTESIAN_POINT('Ctrl Pts',(76.1531210472773,-83.175847268343,27.9311864353981));
#9917=CARTESIAN_POINT('Ctrl Pts',(76.1481478948045,-83.155138051133,27.929));
#9918=CARTESIAN_POINT('Ctrl Pts',(76.1454189248579,-83.1343085794837,27.929));
#9919=CARTESIAN_POINT('',(76.5323872327451,-83.4890361115276,28.2599670823769));
#9920=CARTESIAN_POINT('Ctrl Pts',(76.2965189729198,-83.3572137967571,28.0475244709453));
#9921=CARTESIAN_POINT('Ctrl Pts',(76.4154736207816,-83.4236953023461,28.1552327307667));
#9922=CARTESIAN_POINT('Ctrl Pts',(76.5323872327451,-83.4890361115276,28.2599670823769));
#9923=CARTESIAN_POINT('',(76.6472211645712,-84.0910166635015,28.2599670823769));
#9924=CARTESIAN_POINT('Ctrl Pts',(76.6472211645712,-84.0910166635015,28.2599670823769));
#9925=CARTESIAN_POINT('Ctrl Pts',(76.6614884216009,-84.0735232780564,28.2776194441471));
#9926=CARTESIAN_POINT('Ctrl Pts',(76.6744124495325,-84.0546436009451,28.2942288018138));
#9927=CARTESIAN_POINT('Ctrl Pts',(76.7055753181838,-83.9993557756004,28.3362229988429));
#9928=CARTESIAN_POINT('Ctrl Pts',(76.722487631674,-83.9559995532029,28.3616774906254));
#9929=CARTESIAN_POINT('Ctrl Pts',(76.739401065836,-83.8618251627221,28.3969973397872));
#9930=CARTESIAN_POINT('Ctrl Pts',(76.7392519303016,-83.8109230565712,28.4067104692558));
#9931=CARTESIAN_POINT('Ctrl Pts',(76.7210646084605,-83.7155817766313,28.4067104692558));
#9932=CARTESIAN_POINT('Ctrl Pts',(76.702464956116,-83.6681992947982,28.3969973397872));
#9933=CARTESIAN_POINT('Ctrl Pts',(76.6520713373665,-83.5868644113415,28.3616774906253));
#9934=CARTESIAN_POINT('Ctrl Pts',(76.6203861759853,-83.5527786530778,28.3362229988429));
#9935=CARTESIAN_POINT('Ctrl Pts',(76.5710588675065,-83.5128451501989,28.2942288018138));
#9936=CARTESIAN_POINT('Ctrl Pts',(76.5520923375413,-83.5000489223609,28.2776194441471));
#9937=CARTESIAN_POINT('Ctrl Pts',(76.5323872327451,-83.4890361115276,28.2599670823769));
#9938=CARTESIAN_POINT('',(76.476443433477,-84.3004108497312,28.0475244709453));
#9939=CARTESIAN_POINT('Ctrl Pts',(76.6472211645712,-84.0910166635014,28.2599670823769));
#9940=CARTESIAN_POINT('Ctrl Pts',(76.5625711934395,-84.1948077825539,28.1552327307669));
#9941=CARTESIAN_POINT('Ctrl Pts',(76.476443433477,-84.3004108497312,28.0475244709453));
#9942=CARTESIAN_POINT('',(76.4180110451724,-84.5632865169372,27.929));
#9943=CARTESIAN_POINT('Ctrl Pts',(76.4180110451724,-84.5632865169371,27.929));
#9944=CARTESIAN_POINT('Ctrl Pts',(76.4128805373259,-84.5429151631433,27.929));
#9945=CARTESIAN_POINT('Ctrl Pts',(76.4098808862339,-84.5218294804108,27.9311864353982));
#9946=CARTESIAN_POINT('Ctrl Pts',(76.4083632419846,-84.4798553610094,27.939759583841));
#9947=CARTESIAN_POINT('Ctrl Pts',(76.409846540147,-84.4589671489578,27.9461476251035));
#9948=CARTESIAN_POINT('Ctrl Pts',(76.4202311252121,-84.3988725560206,27.9703491327145));
#9949=CARTESIAN_POINT('Ctrl Pts',(76.4353332209078,-84.3622411522063,27.9934588088606));
#9950=CARTESIAN_POINT('Ctrl Pts',(76.4603112125934,-84.321590123693,28.0270267919922));
#9951=CARTESIAN_POINT('Ctrl Pts',(76.4680527139606,-84.3106988883048,28.0370313407611));
#9952=CARTESIAN_POINT('Ctrl Pts',(76.476443433477,-84.3004108497312,28.0475244709453));
#9953=CARTESIAN_POINT('',(76.4466671360241,-84.674894622032,27.929));
#9954=CARTESIAN_POINT('Origin',(88.5395,-81.5105000000001,27.929));
#9955=CARTESIAN_POINT('',(76.6245131467348,-84.8771043074733,28.0475244709453));
#9956=CARTESIAN_POINT('Ctrl Pts',(76.6245131467348,-84.8771043074733,28.0475244709453));
#9957=CARTESIAN_POINT('Ctrl Pts',(76.6122040027901,-84.8721310905021,28.0370313407611));
#9958=CARTESIAN_POINT('Ctrl Pts',(76.6001731807646,-84.8663165249042,28.0270267919922));
#9959=CARTESIAN_POINT('Ctrl Pts',(76.5587010174541,-84.8427269963337,27.9934588088606));
#9960=CARTESIAN_POINT('Ctrl Pts',(76.5278196367383,-84.8179021425599,27.9703491327145));
#9961=CARTESIAN_POINT('Ctrl Pts',(76.4897687645351,-84.7702436613436,27.9461476251035));
#9962=CARTESIAN_POINT('Ctrl Pts',(76.4784059675457,-84.752653765928,27.9397595838411));
#9963=CARTESIAN_POINT('Ctrl Pts',(76.4595147031005,-84.7151404340146,27.9311864353982));
#9964=CARTESIAN_POINT('Ctrl Pts',(76.4519852122629,-84.6952178164482,27.929));
#9965=CARTESIAN_POINT('Ctrl Pts',(76.4466671360241,-84.674894622032,27.929));
#9966=CARTESIAN_POINT('',(76.8750432318471,-84.9783250322194,28.2599670823769));
#9967=CARTESIAN_POINT('Ctrl Pts',(76.6245131467347,-84.8771043074733,28.0475244709453));
#9968=CARTESIAN_POINT('Ctrl Pts',(76.750862143736,-84.9281526158698,28.1552327307668));
#9969=CARTESIAN_POINT('Ctrl Pts',(76.8750432318471,-84.9783250322194,28.2599670823769));
#9970=CARTESIAN_POINT('',(77.0644198329433,-85.5611662797394,28.2599670823769));
#9971=CARTESIAN_POINT('Ctrl Pts',(77.0644198329433,-85.5611662797394,28.2599670823769));
#9972=CARTESIAN_POINT('Ctrl Pts',(77.0763820858261,-85.542022673406,28.2776194441471));
#9973=CARTESIAN_POINT('Ctrl Pts',(77.0868379529562,-85.5216720579764,28.2942288018138));
#9974=CARTESIAN_POINT('Ctrl Pts',(77.1108256911531,-85.462914450553,28.336222998843));
#9975=CARTESIAN_POINT('Ctrl Pts',(77.1221706704517,-85.4177804299822,28.3616774906254));
#9976=CARTESIAN_POINT('Ctrl Pts',(77.1271475562556,-85.3222288173046,28.3969973397872));
#9977=CARTESIAN_POINT('Ctrl Pts',(77.1206198711403,-85.2717467811033,28.4067104692558));
#9978=CARTESIAN_POINT('Ctrl Pts',(77.0906265308572,-85.179436771489,28.4067104692558));
#9979=CARTESIAN_POINT('Ctrl Pts',(77.0662349426646,-85.1347590692491,28.3969973397872));
#9980=CARTESIAN_POINT('Ctrl Pts',(77.0060447287055,-85.0603815308309,28.3616774906254));
#9981=CARTESIAN_POINT('Ctrl Pts',(76.970337335984,-85.0305357526839,28.336222998843));
#9982=CARTESIAN_POINT('Ctrl Pts',(76.9163939930226,-84.9970994884775,28.2942288018138));
#9983=CARTESIAN_POINT('Ctrl Pts',(76.8959732271988,-84.9867812992481,28.2776194441472));
#9984=CARTESIAN_POINT('Ctrl Pts',(76.8750432318471,-84.9783250322194,28.2599670823769));
#9985=CARTESIAN_POINT('',(76.9212327857173,-85.7903134555265,28.0475244709453));
#9986=CARTESIAN_POINT('Ctrl Pts',(77.0644198329433,-85.5611662797394,28.2599670823769));
#9987=CARTESIAN_POINT('Ctrl Pts',(76.9934458286837,-85.6747484294202,28.1552327307669));
#9988=CARTESIAN_POINT('Ctrl Pts',(76.9212327857173,-85.7903134555265,28.0475244709453));
#9989=CARTESIAN_POINT('',(76.8962082116437,-86.0584397897505,27.929));
#9990=CARTESIAN_POINT('Ctrl Pts',(76.8962082116437,-86.0584397897505,27.929));
#9991=CARTESIAN_POINT('Ctrl Pts',(76.8885649517409,-86.0388720933042,27.929));
#9992=CARTESIAN_POINT('Ctrl Pts',(76.882946216995,-86.0183286334489,27.9311864353982));
#9993=CARTESIAN_POINT('Ctrl Pts',(76.8761797877133,-85.9768757037772,27.939759583841));
#9994=CARTESIAN_POINT('Ctrl Pts',(76.8750334024668,-85.9559662949616,27.9461476251035));
#9995=CARTESIAN_POINT('Ctrl Pts',(76.8778042523244,-85.8950440322137,27.9703491327145));
#9996=CARTESIAN_POINT('Ctrl Pts',(76.8881961311947,-85.8568086834726,27.9934588088606));
#9997=CARTESIAN_POINT('Ctrl Pts',(76.907882239104,-85.8133476279951,28.0270267919922));
#9998=CARTESIAN_POINT('Ctrl Pts',(76.914197662672,-85.801572005852,28.0370313407611));
#9999=CARTESIAN_POINT('Ctrl Pts',(76.9212327857173,-85.7903134555265,28.0475244709453));
#10000=CARTESIAN_POINT('',(76.9386265453634,-86.1655762710732,27.929));
#10001=CARTESIAN_POINT('Origin',(88.5395,-81.5105000000001,27.929));
#10002=CARTESIAN_POINT('',(77.1404137808939,-86.3439014571488,28.0475244709453));
#10003=CARTESIAN_POINT('Ctrl Pts',(77.140413780894,-86.3439014571488,28.0475244709453));
#10004=CARTESIAN_POINT('Ctrl Pts',(77.1275783888616,-86.3405102002918,28.0370313407611));
#10005=CARTESIAN_POINT('Ctrl Pts',(77.114913675153,-86.3362493461073,28.0270267919922));
#10006=CARTESIAN_POINT('Ctrl Pts',(77.0708119803434,-86.318043668346,27.9934588088606));
#10007=CARTESIAN_POINT('Ctrl Pts',(77.0370627293421,-86.297285029261,27.9703491327145));
#10008=CARTESIAN_POINT('Ctrl Pts',(76.9933387080739,-86.2547713882572,27.9461476251035));
#10009=CARTESIAN_POINT('Ctrl Pts',(76.9798609116622,-86.2387443305099,27.939759583841));
#10010=CARTESIAN_POINT('Ctrl Pts',(76.9564169432892,-86.2038945056823,27.9311864353981));
#10011=CARTESIAN_POINT('Ctrl Pts',(76.9464498586551,-86.1850726793399,27.929));
#10012=CARTESIAN_POINT('Ctrl Pts',(76.9386265453634,-86.1655762710733,27.929));
#10013=CARTESIAN_POINT('',(77.4016546821917,-86.4129242805749,28.2599670823769));
#10014=CARTESIAN_POINT('Ctrl Pts',(77.1404137808939,-86.3439014571488,28.0475244709453));
#10015=CARTESIAN_POINT('Ctrl Pts',(77.2721645278746,-86.3787115060344,28.1552327307668));
#10016=CARTESIAN_POINT('Ctrl Pts',(77.4016546821916,-86.4129242805749,28.2599670823769));
#10017=CARTESIAN_POINT('',(77.6625873704305,-86.9674344689952,28.2599670823768));
#10018=CARTESIAN_POINT('Ctrl Pts',(77.6625873704305,-86.9674344689952,28.2599670823769));
#10019=CARTESIAN_POINT('Ctrl Pts',(77.6720559672925,-86.9469425478811,28.2776194441472));
#10020=CARTESIAN_POINT('Ctrl Pts',(77.6798787783505,-86.9254419354955,28.2942288018139));
#10021=CARTESIAN_POINT('Ctrl Pts',(77.696313085132,-86.8641411885625,28.336222998843));
#10022=CARTESIAN_POINT('Ctrl Pts',(77.7019118131384,-86.8179411602846,28.3616774906254));
#10023=CARTESIAN_POINT('Ctrl Pts',(77.6948736621221,-86.722519231422,28.3969973397873));
#10024=CARTESIAN_POINT('Ctrl Pts',(77.6820703729197,-86.6732533970375,28.4067104692559));
#10025=CARTESIAN_POINT('Ctrl Pts',(77.6407440270879,-86.5854304417437,28.4067104692559));
#10026=CARTESIAN_POINT('Ctrl Pts',(77.6109451729636,-86.5441621131505,28.3969973397873));
#10027=CARTESIAN_POINT('Ctrl Pts',(77.541907599425,-86.4779148979827,28.3616774906254));
#10028=CARTESIAN_POINT('Ctrl Pts',(77.5027411022769,-86.4527797857029,28.336222998843));
#10029=CARTESIAN_POINT('Ctrl Pts',(77.4450324435756,-86.4263680700293,28.2942288018138));
#10030=CARTESIAN_POINT('Ctrl Pts',(77.4234794895691,-86.4186906434164,28.2776194441472));
#10031=CARTESIAN_POINT('Ctrl Pts',(77.4016546821917,-86.4129242805749,28.2599670823769));
#10032=CARTESIAN_POINT('',(77.5492491523433,-87.2127208464916,28.0475244709452));
#10033=CARTESIAN_POINT('Ctrl Pts',(77.6625873704305,-86.9674344689952,28.2599670823768));
#10034=CARTESIAN_POINT('Ctrl Pts',(77.606408635488,-87.0890163909535,28.1552327307666));
#10035=CARTESIAN_POINT('Ctrl Pts',(77.5492491523433,-87.2127208464917,28.0475244709452));
#10036=CARTESIAN_POINT('',(77.5580270449828,-87.481869335272,27.929));
#10037=CARTESIAN_POINT('Ctrl Pts',(77.5580270449828,-87.481869335272,27.929));
#10038=CARTESIAN_POINT('Ctrl Pts',(77.5479915717982,-87.4634138904353,27.929));
#10039=CARTESIAN_POINT('Ctrl Pts',(77.5398423642017,-87.4437366360913,27.9311864353981));
#10040=CARTESIAN_POINT('Ctrl Pts',(77.5279338605195,-87.403458633613,27.939759583841));
#10041=CARTESIAN_POINT('Ctrl Pts',(77.5241758710442,-87.3828577819011,27.9461476251035));
#10042=CARTESIAN_POINT('Ctrl Pts',(77.5192892877368,-87.3220686298191,27.9703491327145));
#10043=CARTESIAN_POINT('Ctrl Pts',(77.5248070636442,-87.2828323304416,27.9934588088606));
#10044=CARTESIAN_POINT('Ctrl Pts',(77.5388908260956,-87.2372466548072,28.0270267919922));
#10045=CARTESIAN_POINT('Ctrl Pts',(77.543680573862,-87.2247723545049,28.0370313407611));
#10046=CARTESIAN_POINT('Ctrl Pts',(77.5492491523433,-87.2127208464917,28.0475244709452));
#10047=CARTESIAN_POINT('',(77.6135386591082,-87.5828445865118,27.929));
#10048=CARTESIAN_POINT('Origin',(88.5395,-81.5105000000001,27.929));
#10049=CARTESIAN_POINT('',(77.8360848142125,-87.734472978511,28.0475244709453));
#10050=CARTESIAN_POINT('Ctrl Pts',(77.8360848142125,-87.734472978511,28.0475244709453));
#10051=CARTESIAN_POINT('Ctrl Pts',(77.8229255958923,-87.7327171639147,28.0370313407611));
#10052=CARTESIAN_POINT('Ctrl Pts',(77.8098267206015,-87.7300772173594,28.0270267919922));
#10053=CARTESIAN_POINT('Ctrl Pts',(77.7637910043649,-87.7175425048211,27.9934588088607));
#10054=CARTESIAN_POINT('Ctrl Pts',(77.7277061289272,-87.701177456564,27.9703491327145));
#10055=CARTESIAN_POINT('Ctrl Pts',(77.6789985125288,-87.6644791212877,27.9461476251035));
#10056=CARTESIAN_POINT('Ctrl Pts',(77.6636182695954,-87.6502676574834,27.939759583841));
#10057=CARTESIAN_POINT('Ctrl Pts',(77.6359913226806,-87.6186309422974,27.9311864353981));
#10058=CARTESIAN_POINT('Ctrl Pts',(77.6237438311288,-87.6012067386239,27.929));
#10059=CARTESIAN_POINT('Ctrl Pts',(77.6135386591082,-87.5828445865118,27.929));
#10060=CARTESIAN_POINT('',(78.1039166066244,-87.7702093694593,28.2599670823769));
#10061=CARTESIAN_POINT('Ctrl Pts',(77.8360848142125,-87.734472978511,28.0475244709453));
#10062=CARTESIAN_POINT('Ctrl Pts',(77.9711595231885,-87.7524957926203,28.1552327307668));
#10063=CARTESIAN_POINT('Ctrl Pts',(78.1039166066243,-87.7702093694593,28.2599670823769));
#10064=CARTESIAN_POINT('',(78.4322903176387,-88.2876435418601,28.2599670823769));
#10065=CARTESIAN_POINT('Ctrl Pts',(78.4322903176387,-88.2876435418601,28.259967082377));
#10066=CARTESIAN_POINT('Ctrl Pts',(78.4391159330511,-88.2661264758026,28.2776194441472));
#10067=CARTESIAN_POINT('Ctrl Pts',(78.4441823176334,-88.2438149439622,28.2942288018139));
#10068=CARTESIAN_POINT('Ctrl Pts',(78.4528040141643,-88.1809378069181,28.336222998843));
#10069=CARTESIAN_POINT('Ctrl Pts',(78.4525681955932,-88.1344003729776,28.3616774906255));
#10070=CARTESIAN_POINT('Ctrl Pts',(78.4336260036025,-88.0406129887504,28.3969973397873));
#10071=CARTESIAN_POINT('Ctrl Pts',(78.414749025832,-87.993340307821,28.4067104692559));
#10072=CARTESIAN_POINT('Ctrl Pts',(78.3627414156125,-87.9113894273156,28.4067104692559));
#10073=CARTESIAN_POINT('Ctrl Pts',(78.3280052412872,-87.8741812985636,28.3969973397873));
#10074=CARTESIAN_POINT('Ctrl Pts',(78.2512090719449,-87.8171091648034,28.3616774906255));
#10075=CARTESIAN_POINT('Ctrl Pts',(78.2092011494272,-87.7970811141264,28.336222998843));
#10076=CARTESIAN_POINT('Ctrl Pts',(78.1486372750071,-87.7781104755194,28.2942288018139));
#10077=CARTESIAN_POINT('Ctrl Pts',(78.1262920357777,-87.7731948891269,28.2776194441472));
#10078=CARTESIAN_POINT('Ctrl Pts',(78.1039166066243,-87.7702093694593,28.259967082377));
#10079=CARTESIAN_POINT('',(78.3505883400943,-88.5452008083658,28.0475244709453));
#10080=CARTESIAN_POINT('Ctrl Pts',(78.4322903176386,-88.2876435418601,28.2599670823769));
#10081=CARTESIAN_POINT('Ctrl Pts',(78.391792824223,-88.4153078165567,28.1552327307669));
#10082=CARTESIAN_POINT('Ctrl Pts',(78.3505883400943,-88.5452008083658,28.0475244709453));
#10083=CARTESIAN_POINT('',(78.3930302668364,-88.8111268192531,27.929));
#10084=CARTESIAN_POINT('Ctrl Pts',(78.3930302668364,-88.811126819253,27.929));
#10085=CARTESIAN_POINT('Ctrl Pts',(78.3807608457771,-88.7940746794158,27.929));
#10086=CARTESIAN_POINT('Ctrl Pts',(78.370209683202,-88.7755739526387,27.9311864353982));
#10087=CARTESIAN_POINT('Ctrl Pts',(78.353346909336,-88.7371060855138,27.9397595838411));
#10088=CARTESIAN_POINT('Ctrl Pts',(78.3470365813711,-88.7171386786435,27.9461476251035));
#10089=CARTESIAN_POINT('Ctrl Pts',(78.3345696292365,-88.6574413184695,27.9703491327145));
#10090=CARTESIAN_POINT('Ctrl Pts',(78.3351262835587,-88.6178228483353,27.9934588088606));
#10091=CARTESIAN_POINT('Ctrl Pts',(78.3433855912051,-88.5708314658803,28.0270267919922));
#10092=CARTESIAN_POINT('Ctrl Pts',(78.3465741259864,-88.5578552145862,28.0370313407611));
#10093=CARTESIAN_POINT('Ctrl Pts',(78.3505883400944,-88.5452008083659,28.0475244709453));
#10094=CARTESIAN_POINT('',(78.4607597100518,-88.9043484003784,27.929));
#10095=CARTESIAN_POINT('Origin',(88.5395,-81.5105000000001,27.929));
#10096=CARTESIAN_POINT('',(78.7005550989212,-89.0268887279809,28.0475244709453));
#10097=CARTESIAN_POINT('Ctrl Pts',(78.7005550989212,-89.0268887279809,28.0475244709453));
#10098=CARTESIAN_POINT('Ctrl Pts',(78.687279583047,-89.0267960458904,28.0370313407611));
#10099=CARTESIAN_POINT('Ctrl Pts',(78.6739531232621,-89.0258186404984,28.0270267919922));
#10100=CARTESIAN_POINT('Ctrl Pts',(78.6267093963441,-89.0191525730878,27.9934588088606));
#10101=CARTESIAN_POINT('Ctrl Pts',(78.5888579765118,-89.0074392022456,27.9703491327145));
#10102=CARTESIAN_POINT('Ctrl Pts',(78.5359349131903,-88.9771349273666,27.9461476251035));
#10103=CARTESIAN_POINT('Ctrl Pts',(78.518894779354,-88.9649631807791,27.939759583841));
#10104=CARTESIAN_POINT('Ctrl Pts',(78.4875205473538,-88.9370385051321,27.9311864353981));
#10105=CARTESIAN_POINT('Ctrl Pts',(78.4731857991424,-88.9212867142282,27.929));
#10106=CARTESIAN_POINT('Ctrl Pts',(78.4607597100519,-88.9043484003784,27.929));
#10107=CARTESIAN_POINT('',(78.9707539150857,-89.0287751022183,28.2599670823768));
#10108=CARTESIAN_POINT('Ctrl Pts',(78.7005550989212,-89.0268887279809,28.0475244709453));
#10109=CARTESIAN_POINT('Ctrl Pts',(78.8368235610422,-89.0278400767691,28.1552327307667));
#10110=CARTESIAN_POINT('Ctrl Pts',(78.9707539150858,-89.0287751022184,28.2599670823768));
#10111=CARTESIAN_POINT('',(79.361389999292,-89.5009730126007,28.2599670823768));
#10112=CARTESIAN_POINT('Ctrl Pts',(79.3613899992919,-89.5009730126007,28.2599670823768));
#10113=CARTESIAN_POINT('Ctrl Pts',(79.3654649892223,-89.4787701385852,28.2776194441471));
#10114=CARTESIAN_POINT('Ctrl Pts',(79.3676950474176,-89.4559995534753,28.2942288018138));
#10115=CARTESIAN_POINT('Ctrl Pts',(79.3683681643932,-89.3925376363322,28.3362229988429));
#10116=CARTESIAN_POINT('Ctrl Pts',(79.3623015182444,-89.3463967198625,28.3616774906253));
#10117=CARTESIAN_POINT('Ctrl Pts',(79.3317540149626,-89.2557229633458,28.3969973397872));
#10118=CARTESIAN_POINT('Ctrl Pts',(79.3071010498399,-89.2111889542892,28.4067104692558));
#10119=CARTESIAN_POINT('Ctrl Pts',(79.2452323663138,-89.1364025629129,28.4067104692558));
#10120=CARTESIAN_POINT('Ctrl Pts',(79.2061066820068,-89.1038414284194,28.3969973397872));
#10121=CARTESIAN_POINT('Ctrl Pts',(79.122763038327,-89.0568444377096,28.3616774906253));
#10122=CARTESIAN_POINT('Ctrl Pts',(79.0785761804723,-89.0422393029587,28.3362229988429));
#10123=CARTESIAN_POINT('Ctrl Pts',(79.0161122188121,-89.0310089197216,28.2942288018138));
#10124=CARTESIAN_POINT('Ctrl Pts',(78.9933270921308,-89.0289326952835,28.2776194441471));
#10125=CARTESIAN_POINT('Ctrl Pts',(78.9707539150857,-89.0287751022183,28.2599670823768));
#10126=CARTESIAN_POINT('',(79.312612751283,-89.7667393361656,28.0475244709453));
#10127=CARTESIAN_POINT('Ctrl Pts',(79.3613899992919,-89.5009730126007,28.2599670823768));
#10128=CARTESIAN_POINT('Ctrl Pts',(79.3372124170662,-89.6327062981614,28.1552327307665));
#10129=CARTESIAN_POINT('Ctrl Pts',(79.312612751283,-89.7667393361656,28.0475244709453));
#10130=CARTESIAN_POINT('',(79.3880493775892,-90.0252490571114,27.929));
#10131=CARTESIAN_POINT('Ctrl Pts',(79.3880493775892,-90.0252490571114,27.929));
#10132=CARTESIAN_POINT('Ctrl Pts',(79.3737395047547,-90.0098691447054,27.929));
#10133=CARTESIAN_POINT('Ctrl Pts',(79.3609527853377,-89.9928367130082,27.9311864353981));
#10134=CARTESIAN_POINT('Ctrl Pts',(79.3394016773053,-89.9567856424809,27.939759583841));
#10135=CARTESIAN_POINT('Ctrl Pts',(79.3306385284922,-89.9377665783864,27.9461476251035));
#10136=CARTESIAN_POINT('Ctrl Pts',(79.3107878188131,-89.8801024731519,27.9703491327145));
#10137=CARTESIAN_POINT('Ctrl Pts',(79.3063745727788,-89.840726639202,27.9934588088606));
#10138=CARTESIAN_POINT('Ctrl Pts',(79.3086791714047,-89.7930706320989,28.0270267919922));
#10139=CARTESIAN_POINT('Ctrl Pts',(79.3102162081026,-89.7797970730476,28.0370313407611));
#10140=CARTESIAN_POINT('Ctrl Pts',(79.3126127512831,-89.7667393361656,28.0475244709453));
#10141=CARTESIAN_POINT('',(79.4669285161156,-90.1092468081,27.929));
#10142=CARTESIAN_POINT('Origin',(88.5395,-81.5105000000001,27.929));
#10143=CARTESIAN_POINT('',(79.7201914222208,-90.2007665371375,28.0475244709454));
#10144=CARTESIAN_POINT('Ctrl Pts',(79.7201914222208,-90.2007665371375,28.0475244709454));
#10145=CARTESIAN_POINT('Ctrl Pts',(79.7070089716084,-90.2023384492047,28.0370313407611));
#10146=CARTESIAN_POINT('Ctrl Pts',(79.693665093561,-90.203038999243,28.0270267919922));
#10147=CARTESIAN_POINT('Ctrl Pts',(79.6459584177569,-90.2023467048253,27.9934588088606));
#10148=CARTESIAN_POINT('Ctrl Pts',(79.6069373930321,-90.1954697382534,27.9703491327145));
#10149=CARTESIAN_POINT('Ctrl Pts',(79.5506335111109,-90.1720374402894,27.9461476251035));
#10150=CARTESIAN_POINT('Ctrl Pts',(79.5322022194616,-90.1620973666333,27.939759583841));
#10151=CARTESIAN_POINT('Ctrl Pts',(79.4975754927566,-90.1383251193417,27.9311864353982));
#10152=CARTESIAN_POINT('Ctrl Pts',(79.481379555428,-90.1244941563595,27.929));
#10153=CARTESIAN_POINT('Ctrl Pts',(79.4669285161156,-90.1092468081,27.929));
#10154=CARTESIAN_POINT('',(79.9884960653983,-90.1687731454155,28.2599670823769));
#10155=CARTESIAN_POINT('Ctrl Pts',(79.7201914222208,-90.2007665371375,28.0475244709454));
#10156=CARTESIAN_POINT('Ctrl Pts',(79.8555046024366,-90.1846314172658,28.1552327307669));
#10157=CARTESIAN_POINT('Ctrl Pts',(79.9884960653982,-90.1687731454155,28.2599670823769));
#10158=CARTESIAN_POINT('',(80.4352339583936,-90.5882879506554,28.2599670823769));
#10159=CARTESIAN_POINT('Ctrl Pts',(80.4352339583937,-90.5882879506554,28.2599670823769));
#10160=CARTESIAN_POINT('Ctrl Pts',(80.4364940578165,-90.5657494212685,28.2776194441471));
#10161=CARTESIAN_POINT('Ctrl Pts',(80.4358526202749,-90.5428788886187,28.2942288018138));
#10162=CARTESIAN_POINT('Ctrl Pts',(80.4285665422383,-90.4798330237204,28.3362229988429));
#10163=CARTESIAN_POINT('Ctrl Pts',(80.4167647431457,-90.4348162945374,28.3616774906253));
#10164=CARTESIAN_POINT('Ctrl Pts',(80.3750936809477,-90.3486861450374,28.3969973397872));
#10165=CARTESIAN_POINT('Ctrl Pts',(80.3450535204598,-90.3075931357796,28.4067104692558));
#10166=CARTESIAN_POINT('Ctrl Pts',(80.2742994697248,-90.2411506595996,28.4067104692558));
#10167=CARTESIAN_POINT('Ctrl Pts',(80.2314013108502,-90.2137500279068,28.3969973397872));
#10168=CARTESIAN_POINT('Ctrl Pts',(80.142824571881,-90.1775693508654,28.3616774906253));
#10169=CARTESIAN_POINT('Ctrl Pts',(80.0971556318335,-90.1686174637403,28.3362229988429));
#10170=CARTESIAN_POINT('Ctrl Pts',(80.0337766769228,-90.1653044457255,28.2942288018138));
#10171=CARTESIAN_POINT('Ctrl Pts',(80.0109109978485,-90.1661003265414,28.2776194441471));
#10172=CARTESIAN_POINT('Ctrl Pts',(79.9884960653983,-90.1687731454155,28.2599670823769));
#10173=CARTESIAN_POINT('',(80.4201506862592,-90.8580720375957,28.0475244709453));
#10174=CARTESIAN_POINT('Ctrl Pts',(80.4352339583936,-90.5882879506554,28.2599670823769));
#10175=CARTESIAN_POINT('Ctrl Pts',(80.4277575822725,-90.7220127344723,28.1552327307668));
#10176=CARTESIAN_POINT('Ctrl Pts',(80.4201506862592,-90.8580720375957,28.0475244709453));
#10177=CARTESIAN_POINT('',(80.5273923314691,-91.1050886158746,27.929));
#10178=CARTESIAN_POINT('Ctrl Pts',(80.5273923314691,-91.1050886158746,27.929));
#10179=CARTESIAN_POINT('Ctrl Pts',(80.5112676821023,-91.0916234813059,27.929));
#10180=CARTESIAN_POINT('Ctrl Pts',(80.496447060047,-91.0763279563112,27.9311864353982));
#10181=CARTESIAN_POINT('Ctrl Pts',(80.4705474916958,-91.0432622292995,27.939759583841));
#10182=CARTESIAN_POINT('Ctrl Pts',(80.4594697221261,-91.0254914499831,27.9461476251035));
#10183=CARTESIAN_POINT('Ctrl Pts',(80.4325483124523,-90.9707699970744,27.9703491327145));
#10184=CARTESIAN_POINT('Ctrl Pts',(80.423234765588,-90.9322577797322,27.9934588088606));
#10185=CARTESIAN_POINT('Ctrl Pts',(80.4195483102964,-90.8846887116814,28.0270267919922));
#10186=CARTESIAN_POINT('Ctrl Pts',(80.4194096089241,-90.8713271768284,28.0370313407611));
#10187=CARTESIAN_POINT('Ctrl Pts',(80.4201506862593,-90.8580720375957,28.0475244709453));
#10188=CARTESIAN_POINT('',(80.6161771941716,-91.1785378420154,27.929));
#10189=CARTESIAN_POINT('Origin',(88.5395,-81.5105000000001,27.929));
#10190=CARTESIAN_POINT('',(80.8789135101913,-91.2375936516898,28.0475244709453));
#10191=CARTESIAN_POINT('Ctrl Pts',(80.8789135101913,-91.2375936516899,28.0475244709453));
#10192=CARTESIAN_POINT('Ctrl Pts',(80.8660320199617,-91.2408053679225,28.0370313407611));
#10193=CARTESIAN_POINT('Ctrl Pts',(80.8528811645799,-91.2431728252984,28.0270267919922));
#10194=CARTESIAN_POINT('Ctrl Pts',(80.805463902666,-91.2484652217701,27.9934588088606));
#10195=CARTESIAN_POINT('Ctrl Pts',(80.7658886579185,-91.2465331133394,27.9703491327145));
#10196=CARTESIAN_POINT('Ctrl Pts',(80.7070919032497,-91.2303423336272,27.9461476251035));
#10197=CARTESIAN_POINT('Ctrl Pts',(80.687560126267,-91.222790693802,27.939759583841));
#10198=CARTESIAN_POINT('Ctrl Pts',(80.6502269890225,-91.2035457774063,27.9311864353981));
#10199=CARTESIAN_POINT('Ctrl Pts',(80.6324252821834,-91.1918537648944,27.929));
#10200=CARTESIAN_POINT('Ctrl Pts',(80.6161771941716,-91.1785378420154,27.929));
#10201=CARTESIAN_POINT('',(81.1410926558816,-91.1722250489078,28.2599670823769));
#10202=CARTESIAN_POINT('Ctrl Pts',(80.8789135101913,-91.2375936516898,28.0475244709453));
#10203=CARTESIAN_POINT('Ctrl Pts',(81.0111374388175,-91.2046265236374,28.1552327307666));
#10204=CARTESIAN_POINT('Ctrl Pts',(81.1410926558816,-91.1722250489078,28.2599670823769));
#10205=CARTESIAN_POINT('',(81.6368870342254,-91.5324407499205,28.2599670823769));
#10206=CARTESIAN_POINT('Ctrl Pts',(81.6368870342253,-91.5324407499205,28.2599670823769));
#10207=CARTESIAN_POINT('Ctrl Pts',(81.63531237062,-91.5099220112345,28.2776194441471));
#10208=CARTESIAN_POINT('Ctrl Pts',(81.6318095531947,-91.487312213007,28.2942288018138));
#10209=CARTESIAN_POINT('Ctrl Pts',(81.6166791859492,-91.4256766713046,28.3362229988429));
#10210=CARTESIAN_POINT('Ctrl Pts',(81.5993283553344,-91.3824940701192,28.3616774906253));
#10211=CARTESIAN_POINT('Ctrl Pts',(81.5471909117641,-91.3022658515451,28.3969973397872));
#10212=CARTESIAN_POINT('Ctrl Pts',(81.5122373071871,-91.26526190339,28.4067104692558));
#10213=CARTESIAN_POINT('Ctrl Pts',(81.4337137228897,-91.2082111799465,28.4067104692558));
#10214=CARTESIAN_POINT('Ctrl Pts',(81.3877196190391,-91.1864031753844,28.3969973397872));
#10215=CARTESIAN_POINT('Ctrl Pts',(81.2953066928671,-91.1616094029018,28.3616774906254));
#10216=CARTESIAN_POINT('Ctrl Pts',(81.2488758970926,-91.1584519400101,28.3362229988429));
#10217=CARTESIAN_POINT('Ctrl Pts',(81.1855814729112,-91.1631085354908,28.2942288018138));
#10218=CARTESIAN_POINT('Ctrl Pts',(81.1629958468621,-91.1667639700447,28.2776194441471));
#10219=CARTESIAN_POINT('Ctrl Pts',(81.1410926558815,-91.1722250489078,28.2599670823769));
#10220=CARTESIAN_POINT('',(81.6557356101773,-91.8019879440241,28.0475244709453));
#10221=CARTESIAN_POINT('Ctrl Pts',(81.6368870342254,-91.5324407499205,28.2599670823769));
#10222=CARTESIAN_POINT('Ctrl Pts',(81.6462297711267,-91.6660481122699,28.1552327307669));
#10223=CARTESIAN_POINT('Ctrl Pts',(81.6557356101773,-91.8019879440241,28.0475244709453));
#10224=CARTESIAN_POINT('',(81.7930910094829,-92.0336157806361,27.929));
#10225=CARTESIAN_POINT('Ctrl Pts',(81.7930910094828,-92.0336157806361,27.929));
#10226=CARTESIAN_POINT('Ctrl Pts',(81.7754058789365,-92.0222777771205,27.929));
#10227=CARTESIAN_POINT('Ctrl Pts',(81.7587850843063,-92.0089603783946,27.9311864353981));
#10228=CARTESIAN_POINT('Ctrl Pts',(81.7289455073008,-91.979401461166,27.939759583841));
#10229=CARTESIAN_POINT('Ctrl Pts',(81.7157278200183,-91.9631592224331,27.9461476251035));
#10230=CARTESIAN_POINT('Ctrl Pts',(81.6821602770624,-91.9122434118517,27.9703491327145));
#10231=CARTESIAN_POINT('Ctrl Pts',(81.6680933095657,-91.8752021717907,27.9934588088606));
#10232=CARTESIAN_POINT('Ctrl Pts',(81.6584739379587,-91.8284702354119,28.0270267919922));
#10233=CARTESIAN_POINT('Ctrl Pts',(81.6566616859196,-91.8152314441435,28.0370313407611));
#10234=CARTESIAN_POINT('Ctrl Pts',(81.6557356101773,-91.8019879440241,28.0475244709453));
#10235=CARTESIAN_POINT('',(81.8903814060391,-92.0953581437564,27.929));
#10236=CARTESIAN_POINT('Origin',(88.5395,-81.5105000000001,27.929));
#10237=CARTESIAN_POINT('',(82.1584476233188,-92.1210186886709,28.0475244709453));
#10238=CARTESIAN_POINT('Ctrl Pts',(82.1584476233188,-92.1210186886709,28.0475244709453));
#10239=CARTESIAN_POINT('Ctrl Pts',(82.1460702422679,-92.1258195583854,28.0370313407611));
#10240=CARTESIAN_POINT('Ctrl Pts',(82.133319806397,-92.1298165868819,28.0270267919922));
#10241=CARTESIAN_POINT('Ctrl Pts',(82.0869397569192,-92.1410102099891,27.9934588088606));
#10242=CARTESIAN_POINT('Ctrl Pts',(82.0474344173999,-92.1440534302038,27.9703491327145));
#10243=CARTESIAN_POINT('Ctrl Pts',(81.9870720499282,-92.1353595070113,27.9461476251035));
#10244=CARTESIAN_POINT('Ctrl Pts',(81.9667478154029,-92.1303153948882,27.939759583841));
#10245=CARTESIAN_POINT('Ctrl Pts',(81.9272970334949,-92.1159013132165,27.9311864353981));
#10246=CARTESIAN_POINT('Ctrl Pts',(81.9081703006962,-92.1065326411965,27.929));
#10247=CARTESIAN_POINT('Ctrl Pts',(81.8903814060391,-92.0953581437564,27.929));
#10248=CARTESIAN_POINT('',(82.4103665497759,-92.023305776744,28.2599670823769));
#10249=CARTESIAN_POINT('Ctrl Pts',(82.1584476233188,-92.121018688671,28.0475244709453));
#10250=CARTESIAN_POINT('Ctrl Pts',(82.2854970500145,-92.0717394637406,28.155232730767));
#10251=CARTESIAN_POINT('Ctrl Pts',(82.4103665497759,-92.023305776744,28.2599670823769));
#10252=CARTESIAN_POINT('',(82.9473984399484,-92.3185415567422,28.2599670823769));
#10253=CARTESIAN_POINT('Ctrl Pts',(82.9473984399484,-92.3185415567422,28.2599670823769));
#10254=CARTESIAN_POINT('Ctrl Pts',(82.9430138467007,-92.2963977427181,28.2776194441471));
#10255=CARTESIAN_POINT('Ctrl Pts',(82.9367048909149,-92.2744052489374,28.2942288018138));
#10256=CARTESIAN_POINT('Ctrl Pts',(82.9139688493902,-92.2151520597429,28.336222998843));
#10257=CARTESIAN_POINT('Ctrl Pts',(82.891342620217,-92.1744846019718,28.3616774906254));
#10258=CARTESIAN_POINT('Ctrl Pts',(82.829561033905,-92.1014235612567,28.3969973397872));
#10259=CARTESIAN_POINT('Ctrl Pts',(82.7902452244633,-92.0690922485716,28.4067104692558));
#10260=CARTESIAN_POINT('Ctrl Pts',(82.7051904704356,-92.0223330018537,28.4067104692558));
#10261=CARTESIAN_POINT('Ctrl Pts',(82.6568257761023,-92.0064615496818,28.3969973397872));
#10262=CARTESIAN_POINT('Ctrl Pts',(82.562034069778,-91.9934456943611,28.3616774906254));
#10263=CARTESIAN_POINT('Ctrl Pts',(82.5155736596623,-91.9961324507787,28.3362229988429));
#10264=CARTESIAN_POINT('Ctrl Pts',(82.4533619570897,-92.0086852224625,28.2942288018138));
#10265=CARTESIAN_POINT('Ctrl Pts',(82.4314125728808,-92.0151425623679,28.2776194441471));
#10266=CARTESIAN_POINT('Ctrl Pts',(82.4103665497759,-92.023305776744,28.2599670823769));
#10267=CARTESIAN_POINT('',(82.9998816106843,-92.5836009377383,28.0475244709453));
#10268=CARTESIAN_POINT('Ctrl Pts',(82.9473984399484,-92.3185415567422,28.2599670823769));
#10269=CARTESIAN_POINT('Ctrl Pts',(82.9734129493299,-92.4499244297068,28.1552327307668));
#10270=CARTESIAN_POINT('Ctrl Pts',(82.9998816106843,-92.5836009377383,28.0475244709453));
#10271=CARTESIAN_POINT('',(83.1651845873864,-92.7961871233322,27.929));
#10272=CARTESIAN_POINT('Ctrl Pts',(83.1651845873864,-92.7961871233322,27.929));
#10273=CARTESIAN_POINT('Ctrl Pts',(83.146217880734,-92.7871550579582,27.929));
#10274=CARTESIAN_POINT('Ctrl Pts',(83.1280590333888,-92.7760258088344,27.9311864353981));
#10275=CARTESIAN_POINT('Ctrl Pts',(83.0947500356837,-92.7504398631713,27.939759583841));
#10276=CARTESIAN_POINT('Ctrl Pts',(83.0796008815127,-92.7359823148296,27.9461476251035));
#10277=CARTESIAN_POINT('Ctrl Pts',(83.0399165854794,-92.6896751193239,27.9703491327145));
#10278=CARTESIAN_POINT('Ctrl Pts',(83.0213180418309,-92.6546890190272,27.9934588088606));
#10279=CARTESIAN_POINT('Ctrl Pts',(83.0059174571452,-92.6095312048732,28.0270267919922));
#10280=CARTESIAN_POINT('Ctrl Pts',(83.0024602347365,-92.5966239408363,28.0370313407611));
#10281=CARTESIAN_POINT('Ctrl Pts',(82.9998816106844,-92.5836009377383,28.0475244709453));
#10282=CARTESIAN_POINT('',(83.2694461901244,-92.8452489094827,27.929));
#10283=CARTESIAN_POINT('Origin',(88.5395,-81.5105000000001,27.929));
#10284=CARTESIAN_POINT('',(83.5386147442826,-92.8371095075151,28.0475244709453));
#10285=CARTESIAN_POINT('Ctrl Pts',(83.5386147442826,-92.8371095075151,28.0475244709453));
#10286=CARTESIAN_POINT('Ctrl Pts',(83.5269366711034,-92.843423818128,28.0370313407611));
#10287=CARTESIAN_POINT('Ctrl Pts',(83.5147877367339,-92.8489873822181,28.0270267919922));
#10288=CARTESIAN_POINT('Ctrl Pts',(83.4701763407785,-92.8659057018376,27.9934588088606));
#10289=CARTESIAN_POINT('Ctrl Pts',(83.431363929291,-92.8738762572969,27.9703491327145));
#10290=CARTESIAN_POINT('Ctrl Pts',(83.3703878996101,-92.8728162989864,27.9461476251035));
#10291=CARTESIAN_POINT('Ctrl Pts',(83.3495917328617,-92.8703592632267,27.9397595838411));
#10292=CARTESIAN_POINT('Ctrl Pts',(83.3086454686876,-92.8610033349575,27.9311864353982));
#10293=CARTESIAN_POINT('Ctrl Pts',(83.2884953499315,-92.8541057529839,27.929));
#10294=CARTESIAN_POINT('Ctrl Pts',(83.2694461901244,-92.8452489094827,27.929));
#10295=CARTESIAN_POINT('',(83.7763005395472,-92.7085932774352,28.2599670823769));
#10296=CARTESIAN_POINT('Ctrl Pts',(83.5386147442826,-92.8371095075151,28.0475244709453));
#10297=CARTESIAN_POINT('Ctrl Pts',(83.658486023693,-92.772295348522,28.1552327307671));
#10298=CARTESIAN_POINT('Ctrl Pts',(83.7763005395472,-92.7085932774352,28.2599670823769));
#10299=CARTESIAN_POINT('',(84.3461006278331,-92.934193091803,28.2599670823769));
#10300=CARTESIAN_POINT('Ctrl Pts',(84.3461006278331,-92.934193091803,28.2599670823769));
#10301=CARTESIAN_POINT('Ctrl Pts',(84.3389752525976,-92.9127734236161,28.2776194441472));
#10302=CARTESIAN_POINT('Ctrl Pts',(84.3299596544529,-92.8917450690467,28.2942288018139));
#10303=CARTESIAN_POINT('Ctrl Pts',(84.2999764996058,-92.8358086905498,28.336222998843));
#10304=CARTESIAN_POINT('Ctrl Pts',(84.2724317010244,-92.7982977262957,28.3616774906254));
#10305=CARTESIAN_POINT('Ctrl Pts',(84.2019803044934,-92.7335560796961,28.3969973397873));
#10306=CARTESIAN_POINT('Ctrl Pts',(84.158922323988,-92.706407286596,28.4067104692559));
#10307=CARTESIAN_POINT('Ctrl Pts',(84.0686777645102,-92.6706769378571,28.4067104692559));
#10308=CARTESIAN_POINT('Ctrl Pts',(84.0187052198155,-92.6609923403573,28.3969973397873));
#10309=CARTESIAN_POINT('Ctrl Pts',(83.9230296551736,-92.6599596700121,28.3616774906254));
#10310=CARTESIAN_POINT('Ctrl Pts',(83.8772723391384,-92.6684482739854,28.336222998843));
#10311=CARTESIAN_POINT('Ctrl Pts',(83.8171244738876,-92.688699257164,28.2942288018139));
#10312=CARTESIAN_POINT('Ctrl Pts',(83.7961574864197,-92.6978566663133,28.2776194441472));
#10313=CARTESIAN_POINT('Ctrl Pts',(83.7763005395472,-92.7085932774352,28.2599670823769));
#10314=CARTESIAN_POINT('',(84.4313907023987,-93.1905845149145,28.0475244709453));
#10315=CARTESIAN_POINT('Ctrl Pts',(84.3461006278331,-92.934193091803,28.2599670823769));
#10316=CARTESIAN_POINT('Ctrl Pts',(84.3883766453416,-93.0612794889916,28.1552327307669));
#10317=CARTESIAN_POINT('Ctrl Pts',(84.4313907023987,-93.1905845149145,28.0475244709453));
#10318=CARTESIAN_POINT('',(84.6220343298074,-93.3807764383508,27.929));
#10319=CARTESIAN_POINT('Ctrl Pts',(84.6220343298074,-93.3807764383508,27.929));
#10320=CARTESIAN_POINT('Ctrl Pts',(84.602085163343,-93.3741927521848,27.929));
#10321=CARTESIAN_POINT('Ctrl Pts',(84.582674639153,-93.3654271675701,27.9311864353981));
#10322=CARTESIAN_POINT('Ctrl Pts',(84.54642152354,-93.3442176991198,27.939759583841));
#10323=CARTESIAN_POINT('Ctrl Pts',(84.5295798136914,-93.331772845343,27.9461476251035));
#10324=CARTESIAN_POINT('Ctrl Pts',(84.4844046096354,-93.2908045570487,27.9703491327145));
#10325=CARTESIAN_POINT('Ctrl Pts',(84.4615677999787,-93.2584253482179,27.9934588088606));
#10326=CARTESIAN_POINT('Ctrl Pts',(84.4406288786345,-93.2155538219939,28.0270267919922));
#10327=CARTESIAN_POINT('Ctrl Pts',(84.435581208319,-93.2031816404527,28.0370313407611));
#10328=CARTESIAN_POINT('Ctrl Pts',(84.4313907023987,-93.1905845149145,28.0475244709453));
#10329=CARTESIAN_POINT('',(84.731622870969,-93.4163839138556,27.929));
#10330=CARTESIAN_POINT('Origin',(88.5395,-81.5105000000001,27.929));
#10331=CARTESIAN_POINT('',(84.997648813113,-93.3745729282373,28.0475244709452));
#10332=CARTESIAN_POINT('Ctrl Pts',(84.9976488131129,-93.3745729282372,28.0475244709453));
#10333=CARTESIAN_POINT('Ctrl Pts',(84.9868542179957,-93.3823010992984,28.0370313407611));
#10334=CARTESIAN_POINT('Ctrl Pts',(84.9754983810799,-93.3893434582527,28.0270267919922));
#10335=CARTESIAN_POINT('Ctrl Pts',(84.9333591870108,-93.4117196623776,27.9934588088606));
#10336=CARTESIAN_POINT('Ctrl Pts',(84.8958517984696,-93.4244918526606,27.9703491327145));
#10337=CARTESIAN_POINT('Ctrl Pts',(84.8352237349929,-93.4310825754078,27.9461476251035));
#10338=CARTESIAN_POINT('Ctrl Pts',(84.8142836039941,-93.4312513649333,27.939759583841));
#10339=CARTESIAN_POINT('Ctrl Pts',(84.7724876046001,-93.4271011386442,27.9311864353981));
#10340=CARTESIAN_POINT('Ctrl Pts',(84.7516318792964,-93.4227834257051,27.929));
#10341=CARTESIAN_POINT('Ctrl Pts',(84.731622870969,-93.4163839138556,27.929));
#10342=CARTESIAN_POINT('',(85.2173530302072,-93.2172801577246,28.2599670823769));
#10343=CARTESIAN_POINT('Ctrl Pts',(84.997648813113,-93.3745729282373,28.0475244709452));
#10344=CARTESIAN_POINT('Ctrl Pts',(85.1084515035538,-93.2952459931871,28.1552327307667));
#10345=CARTESIAN_POINT('Ctrl Pts',(85.2173530302072,-93.2172801577246,28.2599670823769));
#10346=CARTESIAN_POINT('',(85.8109352288322,-93.3696861626226,28.2599670823769));
#10347=CARTESIAN_POINT('Ctrl Pts',(85.8109352288322,-93.3696861626226,28.2599670823769));
#10348=CARTESIAN_POINT('Ctrl Pts',(85.8011814430329,-93.3493284412358,28.2776194441472));
#10349=CARTESIAN_POINT('Ctrl Pts',(85.7896013838977,-93.329595855591,28.2942288018139));
#10350=CARTESIAN_POINT('Ctrl Pts',(85.7528439679913,-93.2778584378954,28.336222998843));
#10351=CARTESIAN_POINT('Ctrl Pts',(85.7208149979299,-93.2440955374724,28.3616774906254));
#10352=CARTESIAN_POINT('Ctrl Pts',(85.6428048517887,-93.18869429943,28.3969973397873));
#10353=CARTESIAN_POINT('Ctrl Pts',(85.5966837502938,-93.1671561786,28.4067104692559));
#10354=CARTESIAN_POINT('Ctrl Pts',(85.5026725959784,-93.143018216784,28.4067104692559));
#10355=CARTESIAN_POINT('Ctrl Pts',(85.4518802978043,-93.1396732058441,28.3969973397873));
#10356=CARTESIAN_POINT('Ctrl Pts',(85.3568297356529,-93.1506400063027,28.3616774906254));
#10357=CARTESIAN_POINT('Ctrl Pts',(85.312497133906,-93.1647965874762,28.336222998843));
#10358=CARTESIAN_POINT('Ctrl Pts',(85.2553616737426,-93.1924264120477,28.2942288018139));
#10359=CARTESIAN_POINT('Ctrl Pts',(85.2357077449332,-93.204139472628,28.2776194441472));
#10360=CARTESIAN_POINT('Ctrl Pts',(85.2173530302072,-93.2172801577246,28.2599670823769));
#10361=CARTESIAN_POINT('',(85.9276871318016,-93.6133661819462,28.0475244709453));
#10362=CARTESIAN_POINT('Ctrl Pts',(85.8109352288322,-93.3696861626226,28.2599670823769));
#10363=CARTESIAN_POINT('Ctrl Pts',(85.8688060364171,-93.4904718556342,28.1552327307667));
#10364=CARTESIAN_POINT('Ctrl Pts',(85.9276871318016,-93.6133661819462,28.0475244709453));
#10365=CARTESIAN_POINT('',(86.1406648460278,-93.7781644029771,27.929));
#10366=CARTESIAN_POINT('Ctrl Pts',(86.1406648460278,-93.7781644029771,27.929));
#10367=CARTESIAN_POINT('Ctrl Pts',(86.1200478300236,-93.7741329246829,27.929));
#10368=CARTESIAN_POINT('Ctrl Pts',(86.0996917445506,-93.7678692430829,27.9311864353981));
#10369=CARTESIAN_POINT('Ctrl Pts',(86.0610662443194,-93.7513707378329,27.939759583841));
#10370=CARTESIAN_POINT('Ctrl Pts',(86.0427975826182,-93.7411348413993,27.9461476251035));
#10371=CARTESIAN_POINT('Ctrl Pts',(85.9928439104939,-93.7061515546961,27.9703491327145));
#10372=CARTESIAN_POINT('Ctrl Pts',(85.9661289849594,-93.6768898767966,27.9934588088606));
#10373=CARTESIAN_POINT('Ctrl Pts',(85.9399819462546,-93.6369807480814,28.0270267919922));
#10374=CARTESIAN_POINT('Ctrl Pts',(85.9334234328084,-93.6253387657298,28.0370313407611));
#10375=CARTESIAN_POINT('Ctrl Pts',(85.9276871318016,-93.6133661819462,28.0475244709453));
#10376=CARTESIAN_POINT('',(86.253852048854,-93.7997560166768,27.929));
#10377=CARTESIAN_POINT('Origin',(88.5395,-81.5105000000001,27.929));
#10378=CARTESIAN_POINT('',(86.5125399909599,-93.7249328316273,28.0475244709453));
#10379=CARTESIAN_POINT('Ctrl Pts',(86.5125399909599,-93.7249328316274,28.0475244709453));
#10380=CARTESIAN_POINT('Ctrl Pts',(86.502799111118,-93.7339529852624,28.0370313407611));
#10381=CARTESIAN_POINT('Ctrl Pts',(86.4924154599878,-93.7423630768735,28.0270267919922));
#10382=CARTESIAN_POINT('Ctrl Pts',(86.4534130280682,-93.7698442793979,27.9934588088607));
#10383=CARTESIAN_POINT('Ctrl Pts',(86.4178021763963,-93.7872166794341,27.9703491327145));
#10384=CARTESIAN_POINT('Ctrl Pts',(86.3584782199023,-93.8013541436041,27.9461476251035));
#10385=CARTESIAN_POINT('Ctrl Pts',(86.337724363028,-93.8041460965031,27.939759583841));
#10386=CARTESIAN_POINT('Ctrl Pts',(86.2957377762923,-93.8052670237421,27.9311864353981));
#10387=CARTESIAN_POINT('Ctrl Pts',(86.2745053516877,-93.8035972727497,27.929));
#10388=CARTESIAN_POINT('Ctrl Pts',(86.253852048854,-93.7997560166768,27.929));
#10389=CARTESIAN_POINT('',(86.7107977631353,-93.5413441216352,28.2599670823769));
#10390=CARTESIAN_POINT('Ctrl Pts',(86.5125399909599,-93.7249328316273,28.0475244709453));
#10391=CARTESIAN_POINT('Ctrl Pts',(86.6125266678129,-93.6323441536732,28.1552327307669));
#10392=CARTESIAN_POINT('Ctrl Pts',(86.7107977631353,-93.5413441216352,28.2599670823769));
#10393=CARTESIAN_POINT('',(87.3188009262382,-93.6181527833233,28.2599670823768));
#10394=CARTESIAN_POINT('Ctrl Pts',(87.3188009262382,-93.6181527833233,28.2599670823769));
#10395=CARTESIAN_POINT('Ctrl Pts',(87.3065725529038,-93.5991780621639,28.2776194441471));
#10396=CARTESIAN_POINT('Ctrl Pts',(87.2926106572283,-93.581052440107,28.2942288018138));
#10397=CARTESIAN_POINT('Ctrl Pts',(87.2496586666691,-93.5343299131961,28.336222998843));
#10398=CARTESIAN_POINT('Ctrl Pts',(87.2136506411186,-93.5048475377131,28.3616774906254));
#10399=CARTESIAN_POINT('Ctrl Pts',(87.129312011973,-93.4596604188469,28.3969973397872));
#10400=CARTESIAN_POINT('Ctrl Pts',(87.0808551468106,-93.4440726393186,28.4067104692558));
#10401=CARTESIAN_POINT('Ctrl Pts',(86.9845600097207,-93.4319077345026,28.4067104692559));
#10402=CARTESIAN_POINT('Ctrl Pts',(86.9337489829512,-93.4349550629435,28.3969973397872));
#10403=CARTESIAN_POINT('Ctrl Pts',(86.8408224274359,-93.4577483812113,28.3616774906254));
#10404=CARTESIAN_POINT('Ctrl Pts',(86.7986136915901,-93.4773496818432,28.336222998843));
#10405=CARTESIAN_POINT('Ctrl Pts',(86.7453916968519,-93.5119226089687,28.2942288018138));
#10406=CARTESIAN_POINT('Ctrl Pts',(86.727360780899,-93.5260065990178,28.2776194441472));
#10407=CARTESIAN_POINT('Ctrl Pts',(86.7107977631353,-93.5413441216352,28.2599670823769));
#10408=CARTESIAN_POINT('',(87.4651734103574,-93.8452784193869,28.0475244709452));
#10409=CARTESIAN_POINT('Ctrl Pts',(87.3188009262381,-93.6181527833233,28.2599670823768));
#10410=CARTESIAN_POINT('Ctrl Pts',(87.3913538666936,-93.7307329096249,28.1552327307666));
#10411=CARTESIAN_POINT('Ctrl Pts',(87.4651734103574,-93.8452784193869,28.0475244709452));
#10412=CARTESIAN_POINT('',(87.697126425621,-93.9820839716209,27.929));
#10413=CARTESIAN_POINT('Ctrl Pts',(87.697126425621,-93.9820839716209,27.929));
#10414=CARTESIAN_POINT('Ctrl Pts',(87.6761667027352,-93.9806682800195,27.929));
#10415=CARTESIAN_POINT('Ctrl Pts',(87.6551860836073,-93.9770052834348,27.9311864353981));
#10416=CARTESIAN_POINT('Ctrl Pts',(87.6147973459704,-93.9654779326686,27.939759583841));
#10417=CARTESIAN_POINT('Ctrl Pts',(87.5953898401249,-93.9576124197796,27.9461476251035));
#10418=CARTESIAN_POINT('Ctrl Pts',(87.5414454991824,-93.9291658419967,27.9703491327145));
#10419=CARTESIAN_POINT('Ctrl Pts',(87.5112737681044,-93.9034831691693,27.9934588088606));
#10420=CARTESIAN_POINT('Ctrl Pts',(87.4803309664591,-93.8671658287633,28.0270267919922));
#10421=CARTESIAN_POINT('Ctrl Pts',(87.4723650415571,-93.8564376466174,28.0370313407611));
#10422=CARTESIAN_POINT('Ctrl Pts',(87.4651734103574,-93.8452784193869,28.0475244709453));
#10423=CARTESIAN_POINT('',(87.8121272603083,-93.9893192108692,27.929));
#10424=CARTESIAN_POINT('Origin',(88.5395,-81.5105000000001,27.929));
#10425=CARTESIAN_POINT('',(88.0593975389966,-93.8826638327143,28.0475244709453));
#10426=CARTESIAN_POINT('Ctrl Pts',(88.0593975389966,-93.8826638327143,28.0475244709453));
#10427=CARTESIAN_POINT('Ctrl Pts',(88.050863993924,-93.8928337157121,28.0370313407611));
#10428=CARTESIAN_POINT('Ctrl Pts',(88.0416162849606,-93.9024789078111,28.0270267919922));
#10429=CARTESIAN_POINT('Ctrl Pts',(88.0063657068408,-93.9346317137548,27.9934588088606));
#10430=CARTESIAN_POINT('Ctrl Pts',(87.9732129964421,-93.9563303504178,27.9703491327145));
#10431=CARTESIAN_POINT('Ctrl Pts',(87.9161287211631,-93.9777915997554,27.9461476251035));
#10432=CARTESIAN_POINT('Ctrl Pts',(87.8958884391339,-93.9831626852629,27.939759583841));
#10433=CARTESIAN_POINT('Ctrl Pts',(87.8543734186108,-93.9895370883377,27.9311864353982));
#10434=CARTESIAN_POINT('Ctrl Pts',(87.8330991427249,-93.9905416322627,27.929));
#10435=CARTESIAN_POINT('Ctrl Pts',(87.8121272603083,-93.9893192108692,27.929));
#10436=CARTESIAN_POINT('',(88.2330822227524,-93.6756744868697,28.2599670823769));
#10437=CARTESIAN_POINT('Ctrl Pts',(88.0593975389966,-93.8826638327143,28.0475244709453));
#10438=CARTESIAN_POINT('Ctrl Pts',(88.1469913526387,-93.7782735906174,28.1552327307668));
#10439=CARTESIAN_POINT('Ctrl Pts',(88.2330822227525,-93.6756744868697,28.2599670823769));
#10440=CARTESIAN_POINT('',(88.8459177772476,-93.6756744868697,28.2599670823769));
#10441=CARTESIAN_POINT('Ctrl Pts',(88.8459177772476,-93.6756744868697,28.2599670823769));
#10442=CARTESIAN_POINT('Ctrl Pts',(88.8314076651306,-93.6583820086253,28.2776194441471));
#10443=CARTESIAN_POINT('Ctrl Pts',(88.8152841203498,-93.6421492020439,28.2942288018138));
#10444=CARTESIAN_POINT('Ctrl Pts',(88.7668149336873,-93.6011784080779,28.3362229988429));
#10445=CARTESIAN_POINT('Ctrl Pts',(88.727395720721,-93.576441512208,28.3616774906254));
#10446=CARTESIAN_POINT('Ctrl Pts',(88.6380586791339,-93.542181140376,28.3969973397872));
#10447=CARTESIAN_POINT('Ctrl Pts',(88.5880302440143,-93.5327895307443,28.4067104692558));
#10448=CARTESIAN_POINT('Ctrl Pts',(88.4909697559857,-93.5327895307443,28.4067104692558));
#10449=CARTESIAN_POINT('Ctrl Pts',(88.4409413208661,-93.542181140376,28.3969973397872));
#10450=CARTESIAN_POINT('Ctrl Pts',(88.351604279279,-93.576441512208,28.3616774906254));
#10451=CARTESIAN_POINT('Ctrl Pts',(88.3121850663127,-93.6011784080779,28.3362229988429));
#10452=CARTESIAN_POINT('Ctrl Pts',(88.2637158796502,-93.6421492020439,28.2942288018138));
#10453=CARTESIAN_POINT('Ctrl Pts',(88.2475923348694,-93.6583820086253,28.2776194441471));
#10454=CARTESIAN_POINT('Ctrl Pts',(88.2330822227524,-93.6756744868697,28.2599670823769));
#10455=CARTESIAN_POINT('',(89.0196024610034,-93.8826638327143,28.0475244709453));
#10456=CARTESIAN_POINT('Ctrl Pts',(88.8459177772476,-93.6756744868697,28.2599670823769));
#10457=CARTESIAN_POINT('Ctrl Pts',(88.9320086473614,-93.7782735906175,28.1552327307668));
#10458=CARTESIAN_POINT('Ctrl Pts',(89.0196024610034,-93.8826638327143,28.0475244709453));
#10459=CARTESIAN_POINT('Ctrl Pts',(89.2668727396917,-93.9893192108692,27.929));
#10460=CARTESIAN_POINT('Ctrl Pts',(89.2459008572752,-93.9905416322627,27.929));
#10461=CARTESIAN_POINT('Ctrl Pts',(89.2246265813892,-93.9895370883377,27.9311864353981));
#10462=CARTESIAN_POINT('Ctrl Pts',(89.1831115608661,-93.9831626852629,27.939759583841));
#10463=CARTESIAN_POINT('Ctrl Pts',(89.1628712788369,-93.9777915997554,27.9461476251035));
#10464=CARTESIAN_POINT('Ctrl Pts',(89.1057870035579,-93.9563303504178,27.9703491327145));
#10465=CARTESIAN_POINT('Ctrl Pts',(89.0726342931593,-93.9346317137548,27.9934588088606));
#10466=CARTESIAN_POINT('Ctrl Pts',(89.0373837150394,-93.9024789078111,28.0270267919922));
#10467=CARTESIAN_POINT('Ctrl Pts',(89.028136006076,-93.8928337157121,28.0370313407611));
#10468=CARTESIAN_POINT('Ctrl Pts',(89.0196024610034,-93.8826638327143,28.0475244709453));
#10469=CARTESIAN_POINT('',(89.760199073762,-93.6181527833233,28.2599670823769));
#10470=CARTESIAN_POINT('Ctrl Pts',(89.6138265896426,-93.8452784193868,28.0475244709453));
#10471=CARTESIAN_POINT('Ctrl Pts',(89.6876461333065,-93.7307329096247,28.1552327307668));
#10472=CARTESIAN_POINT('Ctrl Pts',(89.7601990737619,-93.6181527833233,28.2599670823769));
#10473=CARTESIAN_POINT('',(90.3682022368648,-93.5413441216352,28.2599670823769));
#10474=CARTESIAN_POINT('Ctrl Pts',(90.3682022368648,-93.5413441216352,28.2599670823769));
#10475=CARTESIAN_POINT('Ctrl Pts',(90.3516392191011,-93.5260065990178,28.2776194441471));
#10476=CARTESIAN_POINT('Ctrl Pts',(90.3336083031482,-93.5119226089687,28.2942288018138));
#10477=CARTESIAN_POINT('Ctrl Pts',(90.2803863084101,-93.4773496818432,28.336222998843));
#10478=CARTESIAN_POINT('Ctrl Pts',(90.2381775725642,-93.4577483812113,28.3616774906254));
#10479=CARTESIAN_POINT('Ctrl Pts',(90.1452510170489,-93.4349550629435,28.3969973397872));
#10480=CARTESIAN_POINT('Ctrl Pts',(90.0944399902794,-93.4319077345026,28.4067104692558));
#10481=CARTESIAN_POINT('Ctrl Pts',(89.9981448531896,-93.4440726393186,28.4067104692558));
#10482=CARTESIAN_POINT('Ctrl Pts',(89.9496879880271,-93.4596604188468,28.3969973397872));
#10483=CARTESIAN_POINT('Ctrl Pts',(89.8653493588814,-93.504847537713,28.3616774906254));
#10484=CARTESIAN_POINT('Ctrl Pts',(89.829341333331,-93.5343299131961,28.336222998843));
#10485=CARTESIAN_POINT('Ctrl Pts',(89.7863893427718,-93.581052440107,28.2942288018138));
#10486=CARTESIAN_POINT('Ctrl Pts',(89.7724274470963,-93.5991780621638,28.2776194441471));
#10487=CARTESIAN_POINT('Ctrl Pts',(89.760199073762,-93.6181527833233,28.2599670823769));
#10488=CARTESIAN_POINT('',(90.5664600090402,-93.7249328316274,28.0475244709453));
#10489=CARTESIAN_POINT('Ctrl Pts',(90.3682022368648,-93.5413441216352,28.2599670823769));
#10490=CARTESIAN_POINT('Ctrl Pts',(90.4664733321872,-93.6323441536733,28.1552327307668));
#10491=CARTESIAN_POINT('Ctrl Pts',(90.5664600090403,-93.7249328316274,28.0475244709453));
#10492=CARTESIAN_POINT('',(90.8251479511461,-93.7997560166767,27.929));
#10493=CARTESIAN_POINT('Ctrl Pts',(90.8251479511461,-93.7997560166767,27.929));
#10494=CARTESIAN_POINT('Ctrl Pts',(90.8044946483124,-93.8035972727497,27.929));
#10495=CARTESIAN_POINT('Ctrl Pts',(90.7832622237078,-93.805267023742,27.9311864353982));
#10496=CARTESIAN_POINT('Ctrl Pts',(90.741275636972,-93.8041460965031,27.9397595838411));
#10497=CARTESIAN_POINT('Ctrl Pts',(90.7205217800977,-93.8013541436041,27.9461476251035));
#10498=CARTESIAN_POINT('Ctrl Pts',(90.6611978236037,-93.7872166794341,27.9703491327145));
#10499=CARTESIAN_POINT('Ctrl Pts',(90.6255869719319,-93.7698442793979,27.9934588088606));
#10500=CARTESIAN_POINT('Ctrl Pts',(90.5865845400123,-93.7423630768735,28.0270267919922));
#10501=CARTESIAN_POINT('Ctrl Pts',(90.5762008888821,-93.7339529852624,28.0370313407611));
#10502=CARTESIAN_POINT('Ctrl Pts',(90.5664600090402,-93.7249328316274,28.0475244709453));
#10503=CARTESIAN_POINT('',(90.9383351539722,-93.7781644029771,27.929));
#10504=CARTESIAN_POINT('Origin',(88.5395,-81.5105000000001,27.929));
#10505=CARTESIAN_POINT('',(91.1513128681985,-93.6133661819463,28.0475244709452));
#10506=CARTESIAN_POINT('Ctrl Pts',(91.1513128681984,-93.6133661819462,28.0475244709453));
#10507=CARTESIAN_POINT('Ctrl Pts',(91.1455765671916,-93.6253387657298,28.0370313407611));
#10508=CARTESIAN_POINT('Ctrl Pts',(91.1390180537454,-93.6369807480814,28.0270267919922));
#10509=CARTESIAN_POINT('Ctrl Pts',(91.1128710150407,-93.6768898767966,27.9934588088606));
#10510=CARTESIAN_POINT('Ctrl Pts',(91.0861560895061,-93.7061515546961,27.9703491327145));
#10511=CARTESIAN_POINT('Ctrl Pts',(91.0362024173818,-93.7411348413993,27.9461476251035));
#10512=CARTESIAN_POINT('Ctrl Pts',(91.0179337556806,-93.7513707378329,27.939759583841));
#10513=CARTESIAN_POINT('Ctrl Pts',(90.9793082554495,-93.7678692430829,27.9311864353981));
#10514=CARTESIAN_POINT('Ctrl Pts',(90.9589521699765,-93.7741329246829,27.929));
#10515=CARTESIAN_POINT('Ctrl Pts',(90.9383351539722,-93.7781644029771,27.929));
#10516=CARTESIAN_POINT('',(91.268064771168,-93.3696861626227,28.2599670823768));
#10517=CARTESIAN_POINT('Ctrl Pts',(91.1513128681985,-93.6133661819463,28.0475244709452));
#10518=CARTESIAN_POINT('Ctrl Pts',(91.210193963583,-93.4904718556342,28.1552327307667));
#10519=CARTESIAN_POINT('Ctrl Pts',(91.2680647711679,-93.3696861626227,28.2599670823768));
#10520=CARTESIAN_POINT('',(91.8616469697929,-93.2172801577246,28.2599670823769));
#10521=CARTESIAN_POINT('Ctrl Pts',(91.8616469697928,-93.2172801577246,28.2599670823769));
#10522=CARTESIAN_POINT('Ctrl Pts',(91.8432922550668,-93.204139472628,28.2776194441472));
#10523=CARTESIAN_POINT('Ctrl Pts',(91.8236383262574,-93.1924264120477,28.2942288018138));
#10524=CARTESIAN_POINT('Ctrl Pts',(91.766502866094,-93.1647965874762,28.336222998843));
#10525=CARTESIAN_POINT('Ctrl Pts',(91.7221702643472,-93.1506400063027,28.3616774906254));
#10526=CARTESIAN_POINT('Ctrl Pts',(91.6271197021958,-93.1396732058442,28.3969973397872));
#10527=CARTESIAN_POINT('Ctrl Pts',(91.5763274040217,-93.143018216784,28.4067104692558));
#10528=CARTESIAN_POINT('Ctrl Pts',(91.4823162497063,-93.1671561786,28.4067104692558));
#10529=CARTESIAN_POINT('Ctrl Pts',(91.4361951482114,-93.18869429943,28.3969973397872));
#10530=CARTESIAN_POINT('Ctrl Pts',(91.3581850020702,-93.2440955374724,28.3616774906254));
#10531=CARTESIAN_POINT('Ctrl Pts',(91.3261560320089,-93.2778584378954,28.3362229988429));
#10532=CARTESIAN_POINT('Ctrl Pts',(91.2893986161024,-93.329595855591,28.2942288018138));
#10533=CARTESIAN_POINT('Ctrl Pts',(91.2778185569671,-93.3493284412358,28.2776194441471));
#10534=CARTESIAN_POINT('Ctrl Pts',(91.2680647711679,-93.3696861626227,28.2599670823768));
#10535=CARTESIAN_POINT('',(92.0813511868872,-93.3745729282372,28.0475244709453));
#10536=CARTESIAN_POINT('Ctrl Pts',(91.8616469697929,-93.2172801577246,28.2599670823769));
#10537=CARTESIAN_POINT('Ctrl Pts',(91.9705484964465,-93.2952459931872,28.1552327307666));
#10538=CARTESIAN_POINT('Ctrl Pts',(92.0813511868872,-93.3745729282372,28.0475244709453));
#10539=CARTESIAN_POINT('',(92.347377129031,-93.4163839138556,27.929));
#10540=CARTESIAN_POINT('Ctrl Pts',(92.347377129031,-93.4163839138556,27.929));
#10541=CARTESIAN_POINT('Ctrl Pts',(92.3273681207036,-93.4227834257051,27.929));
#10542=CARTESIAN_POINT('Ctrl Pts',(92.3065123953999,-93.4271011386443,27.9311864353981));
#10543=CARTESIAN_POINT('Ctrl Pts',(92.2647163960059,-93.4312513649333,27.939759583841));
#10544=CARTESIAN_POINT('Ctrl Pts',(92.2437762650071,-93.4310825754078,27.9461476251035));
#10545=CARTESIAN_POINT('Ctrl Pts',(92.1831482015304,-93.4244918526606,27.9703491327145));
#10546=CARTESIAN_POINT('Ctrl Pts',(92.1456408129892,-93.4117196623776,27.9934588088606));
#10547=CARTESIAN_POINT('Ctrl Pts',(92.1035016189202,-93.3893434582527,28.0270267919922));
#10548=CARTESIAN_POINT('Ctrl Pts',(92.0921457820043,-93.3823010992983,28.0370313407611));
#10549=CARTESIAN_POINT('Ctrl Pts',(92.0813511868871,-93.3745729282372,28.0475244709453));
#10550=CARTESIAN_POINT('',(92.4569656701927,-93.3807764383508,27.929));
#10551=CARTESIAN_POINT('Origin',(88.5395,-81.5105000000001,27.929));
#10552=CARTESIAN_POINT('',(92.6476092976014,-93.1905845149145,28.0475244709453));
#10553=CARTESIAN_POINT('Ctrl Pts',(92.6476092976014,-93.1905845149145,28.0475244709453));
#10554=CARTESIAN_POINT('Ctrl Pts',(92.6434187916811,-93.2031816404528,28.0370313407611));
#10555=CARTESIAN_POINT('Ctrl Pts',(92.6383711213656,-93.2155538219939,28.0270267919922));
#10556=CARTESIAN_POINT('Ctrl Pts',(92.6174322000214,-93.2584253482178,27.9934588088606));
#10557=CARTESIAN_POINT('Ctrl Pts',(92.5945953903647,-93.2908045570487,27.9703491327145));
#10558=CARTESIAN_POINT('Ctrl Pts',(92.5494201863087,-93.331772845343,27.9461476251035));
#10559=CARTESIAN_POINT('Ctrl Pts',(92.5325784764601,-93.3442176991198,27.939759583841));
#10560=CARTESIAN_POINT('Ctrl Pts',(92.4963253608471,-93.3654271675701,27.9311864353981));
#10561=CARTESIAN_POINT('Ctrl Pts',(92.4769148366571,-93.3741927521848,27.929));
#10562=CARTESIAN_POINT('Ctrl Pts',(92.4569656701927,-93.3807764383508,27.929));
#10563=CARTESIAN_POINT('',(92.7328993721669,-92.9341930918031,28.2599670823769));
#10564=CARTESIAN_POINT('Ctrl Pts',(92.6476092976014,-93.1905845149145,28.0475244709453));
#10565=CARTESIAN_POINT('Ctrl Pts',(92.6906233546584,-93.0612794889918,28.1552327307668));
#10566=CARTESIAN_POINT('Ctrl Pts',(92.732899372167,-92.9341930918031,28.2599670823769));
#10567=CARTESIAN_POINT('',(93.3026994604529,-92.7085932774352,28.2599670823769));
#10568=CARTESIAN_POINT('Ctrl Pts',(93.3026994604529,-92.7085932774353,28.2599670823768));
#10569=CARTESIAN_POINT('Ctrl Pts',(93.2828425135803,-92.6978566663134,28.2776194441471));
#10570=CARTESIAN_POINT('Ctrl Pts',(93.2618755261125,-92.6886992571641,28.2942288018138));
#10571=CARTESIAN_POINT('Ctrl Pts',(93.2017276608617,-92.6684482739855,28.3362229988429));
#10572=CARTESIAN_POINT('Ctrl Pts',(93.1559703448264,-92.6599596700122,28.3616774906254));
#10573=CARTESIAN_POINT('Ctrl Pts',(93.0602947801845,-92.6609923403574,28.3969973397872));
#10574=CARTESIAN_POINT('Ctrl Pts',(93.0103222354898,-92.6706769378571,28.4067104692558));
#10575=CARTESIAN_POINT('Ctrl Pts',(92.920077676012,-92.706407286596,28.4067104692558));
#10576=CARTESIAN_POINT('Ctrl Pts',(92.8770196955066,-92.7335560796961,28.3969973397872));
#10577=CARTESIAN_POINT('Ctrl Pts',(92.8065682989756,-92.7982977262957,28.3616774906254));
#10578=CARTESIAN_POINT('Ctrl Pts',(92.7790235003943,-92.8358086905499,28.3362229988429));
#10579=CARTESIAN_POINT('Ctrl Pts',(92.7490403455472,-92.8917450690468,28.2942288018138));
#10580=CARTESIAN_POINT('Ctrl Pts',(92.7400247474025,-92.9127734236162,28.2776194441471));
#10581=CARTESIAN_POINT('Ctrl Pts',(92.732899372167,-92.9341930918031,28.2599670823769));
#10582=CARTESIAN_POINT('',(93.5403852557175,-92.8371095075151,28.0475244709453));
#10583=CARTESIAN_POINT('Ctrl Pts',(93.3026994604529,-92.7085932774352,28.2599670823768));
#10584=CARTESIAN_POINT('Ctrl Pts',(93.420513976307,-92.772295348522,28.1552327307671));
#10585=CARTESIAN_POINT('Ctrl Pts',(93.5403852557175,-92.8371095075151,28.0475244709453));
#10586=CARTESIAN_POINT('',(93.8095538098756,-92.8452489094827,27.929));
#10587=CARTESIAN_POINT('Ctrl Pts',(93.8095538098756,-92.8452489094827,27.929));
#10588=CARTESIAN_POINT('Ctrl Pts',(93.7905046500685,-92.8541057529839,27.929));
#10589=CARTESIAN_POINT('Ctrl Pts',(93.7703545313124,-92.8610033349575,27.9311864353982));
#10590=CARTESIAN_POINT('Ctrl Pts',(93.7294082671383,-92.8703592632268,27.9397595838411));
#10591=CARTESIAN_POINT('Ctrl Pts',(93.7086121003899,-92.8728162989864,27.9461476251035));
#10592=CARTESIAN_POINT('Ctrl Pts',(93.647636070709,-92.8738762572969,27.9703491327145));
#10593=CARTESIAN_POINT('Ctrl Pts',(93.6088236592215,-92.8659057018376,27.9934588088606));
#10594=CARTESIAN_POINT('Ctrl Pts',(93.5642122632662,-92.8489873822181,28.0270267919922));
#10595=CARTESIAN_POINT('Ctrl Pts',(93.5520633288966,-92.8434238181281,28.0370313407611));
#10596=CARTESIAN_POINT('Ctrl Pts',(93.5403852557175,-92.8371095075151,28.0475244709453));
#10597=CARTESIAN_POINT('',(93.9138154126137,-92.7961871233322,27.929));
#10598=CARTESIAN_POINT('Origin',(88.5395,-81.5105000000001,27.929));
#10599=CARTESIAN_POINT('',(94.0791183893157,-92.5836009377382,28.0475244709453));
#10600=CARTESIAN_POINT('Ctrl Pts',(94.0791183893157,-92.5836009377382,28.0475244709453));
#10601=CARTESIAN_POINT('Ctrl Pts',(94.0765397652635,-92.5966239408363,28.0370313407611));
#10602=CARTESIAN_POINT('Ctrl Pts',(94.0730825428549,-92.6095312048732,28.0270267919922));
#10603=CARTESIAN_POINT('Ctrl Pts',(94.0576819581691,-92.6546890190272,27.9934588088606));
#10604=CARTESIAN_POINT('Ctrl Pts',(94.0390834145207,-92.6896751193238,27.9703491327145));
#10605=CARTESIAN_POINT('Ctrl Pts',(93.9993991184874,-92.7359823148295,27.9461476251035));
#10606=CARTESIAN_POINT('Ctrl Pts',(93.9842499643164,-92.7504398631713,27.939759583841));
#10607=CARTESIAN_POINT('Ctrl Pts',(93.9509409666113,-92.7760258088344,27.9311864353981));
#10608=CARTESIAN_POINT('Ctrl Pts',(93.9327821192661,-92.7871550579582,27.929));
#10609=CARTESIAN_POINT('Ctrl Pts',(93.9138154126137,-92.7961871233322,27.929));
#10610=CARTESIAN_POINT('',(94.1316015600516,-92.3185415567422,28.2599670823769));
#10611=CARTESIAN_POINT('Ctrl Pts',(94.0791183893157,-92.5836009377382,28.0475244709453));
#10612=CARTESIAN_POINT('Ctrl Pts',(94.1055870506702,-92.4499244297068,28.1552327307668));
#10613=CARTESIAN_POINT('Ctrl Pts',(94.1316015600516,-92.3185415567422,28.2599670823769));
#10614=CARTESIAN_POINT('',(94.6686334502241,-92.023305776744,28.2599670823769));
#10615=CARTESIAN_POINT('Ctrl Pts',(94.6686334502241,-92.023305776744,28.2599670823769));
#10616=CARTESIAN_POINT('Ctrl Pts',(94.6475874271192,-92.0151425623679,28.2776194441471));
#10617=CARTESIAN_POINT('Ctrl Pts',(94.6256380429104,-92.0086852224625,28.2942288018138));
#10618=CARTESIAN_POINT('Ctrl Pts',(94.5634263403377,-91.9961324507788,28.3362229988429));
#10619=CARTESIAN_POINT('Ctrl Pts',(94.5169659302221,-91.9934456943611,28.3616774906253));
#10620=CARTESIAN_POINT('Ctrl Pts',(94.4221742238978,-92.0064615496819,28.3969973397872));
#10621=CARTESIAN_POINT('Ctrl Pts',(94.3738095295645,-92.0223330018538,28.4067104692558));
#10622=CARTESIAN_POINT('Ctrl Pts',(94.2887547755367,-92.0690922485716,28.4067104692558));
#10623=CARTESIAN_POINT('Ctrl Pts',(94.249438966095,-92.1014235612567,28.3969973397872));
#10624=CARTESIAN_POINT('Ctrl Pts',(94.1876573797831,-92.1744846019718,28.3616774906253));
#10625=CARTESIAN_POINT('Ctrl Pts',(94.1650311506098,-92.2151520597429,28.3362229988429));
#10626=CARTESIAN_POINT('Ctrl Pts',(94.1422951090852,-92.2744052489374,28.2942288018138));
#10627=CARTESIAN_POINT('Ctrl Pts',(94.1359861532994,-92.2963977427182,28.2776194441471));
#10628=CARTESIAN_POINT('Ctrl Pts',(94.1316015600516,-92.3185415567422,28.2599670823769));
#10629=CARTESIAN_POINT('',(94.9205523766811,-92.1210186886709,28.0475244709453));
#10630=CARTESIAN_POINT('Ctrl Pts',(94.6686334502241,-92.023305776744,28.2599670823769));
#10631=CARTESIAN_POINT('Ctrl Pts',(94.7935029499855,-92.0717394637406,28.1552327307669));
#10632=CARTESIAN_POINT('Ctrl Pts',(94.9205523766811,-92.1210186886709,28.0475244709453));
#10633=CARTESIAN_POINT('',(95.1886185939608,-92.0953581437565,27.929));
#10634=CARTESIAN_POINT('Ctrl Pts',(95.1886185939608,-92.0953581437565,27.929));
#10635=CARTESIAN_POINT('Ctrl Pts',(95.1708296993037,-92.1065326411965,27.929));
#10636=CARTESIAN_POINT('Ctrl Pts',(95.1517029665051,-92.1159013132165,27.9311864353981));
#10637=CARTESIAN_POINT('Ctrl Pts',(95.1122521845971,-92.1303153948882,27.939759583841));
#10638=CARTESIAN_POINT('Ctrl Pts',(95.0919279500717,-92.1353595070113,27.9461476251035));
#10639=CARTESIAN_POINT('Ctrl Pts',(95.0315655826,-92.1440534302038,27.9703491327145));
#10640=CARTESIAN_POINT('Ctrl Pts',(94.9920602430808,-92.1410102099891,27.9934588088607));
#10641=CARTESIAN_POINT('Ctrl Pts',(94.9456801936029,-92.129816586882,28.0270267919922));
#10642=CARTESIAN_POINT('Ctrl Pts',(94.932929757732,-92.1258195583854,28.0370313407611));
#10643=CARTESIAN_POINT('Ctrl Pts',(94.9205523766811,-92.121018688671,28.0475244709453));
#10644=CARTESIAN_POINT('',(95.2859089905172,-92.0336157806361,27.929));
#10645=CARTESIAN_POINT('Origin',(88.5395,-81.5105000000001,27.929));
#10646=CARTESIAN_POINT('',(95.4232643898226,-91.801987944024,28.0475244709453));
#10647=CARTESIAN_POINT('Ctrl Pts',(95.4232643898227,-91.8019879440241,28.0475244709453));
#10648=CARTESIAN_POINT('Ctrl Pts',(95.4223383140804,-91.8152314441435,28.0370313407611));
#10649=CARTESIAN_POINT('Ctrl Pts',(95.4205260620413,-91.8284702354119,28.0270267919922));
#10650=CARTESIAN_POINT('Ctrl Pts',(95.4109066904343,-91.8752021717907,27.9934588088607));
#10651=CARTESIAN_POINT('Ctrl Pts',(95.3968397229377,-91.9122434118517,27.9703491327145));
#10652=CARTESIAN_POINT('Ctrl Pts',(95.3632721799817,-91.9631592224332,27.9461476251035));
#10653=CARTESIAN_POINT('Ctrl Pts',(95.3500544926993,-91.979401461166,27.9397595838411));
#10654=CARTESIAN_POINT('Ctrl Pts',(95.3202149156938,-92.0089603783946,27.9311864353982));
#10655=CARTESIAN_POINT('Ctrl Pts',(95.3035941210635,-92.0222777771205,27.929));
#10656=CARTESIAN_POINT('Ctrl Pts',(95.2859089905172,-92.0336157806361,27.929));
#10657=CARTESIAN_POINT('',(95.4421129657746,-91.5324407499206,28.2599670823768));
#10658=CARTESIAN_POINT('Ctrl Pts',(95.4232643898226,-91.801987944024,28.0475244709453));
#10659=CARTESIAN_POINT('Ctrl Pts',(95.4327702288734,-91.6660481122699,28.1552327307668));
#10660=CARTESIAN_POINT('Ctrl Pts',(95.4421129657747,-91.5324407499205,28.2599670823768));
#10661=CARTESIAN_POINT('',(95.9379073441185,-91.1722250489079,28.2599670823767));
#10662=CARTESIAN_POINT('Ctrl Pts',(95.9379073441186,-91.1722250489078,28.2599670823768));
#10663=CARTESIAN_POINT('Ctrl Pts',(95.9160041531379,-91.1667639700448,28.277619444147));
#10664=CARTESIAN_POINT('Ctrl Pts',(95.8934185270889,-91.1631085354908,28.2942288018137));
#10665=CARTESIAN_POINT('Ctrl Pts',(95.8301241029074,-91.1584519400101,28.3362229988429));
#10666=CARTESIAN_POINT('Ctrl Pts',(95.783693307133,-91.1616094029018,28.3616774906253));
#10667=CARTESIAN_POINT('Ctrl Pts',(95.6912803809609,-91.1864031753845,28.3969973397871));
#10668=CARTESIAN_POINT('Ctrl Pts',(95.6452862771103,-91.2082111799465,28.4067104692558));
#10669=CARTESIAN_POINT('Ctrl Pts',(95.5667626928129,-91.26526190339,28.4067104692558));
#10670=CARTESIAN_POINT('Ctrl Pts',(95.5318090882359,-91.3022658515452,28.3969973397872));
#10671=CARTESIAN_POINT('Ctrl Pts',(95.4796716446657,-91.3824940701192,28.3616774906253));
#10672=CARTESIAN_POINT('Ctrl Pts',(95.4623208140509,-91.4256766713046,28.3362229988429));
#10673=CARTESIAN_POINT('Ctrl Pts',(95.4471904468053,-91.487312213007,28.2942288018138));
#10674=CARTESIAN_POINT('Ctrl Pts',(95.44368762938,-91.5099220112345,28.2776194441471));
#10675=CARTESIAN_POINT('Ctrl Pts',(95.4421129657747,-91.5324407499206,28.2599670823768));
#10676=CARTESIAN_POINT('',(96.2000864898087,-91.2375936516899,28.0475244709452));
#10677=CARTESIAN_POINT('Ctrl Pts',(95.9379073441185,-91.1722250489078,28.2599670823767));
#10678=CARTESIAN_POINT('Ctrl Pts',(96.0678625611824,-91.2046265236375,28.1552327307667));
#10679=CARTESIAN_POINT('Ctrl Pts',(96.2000864898087,-91.2375936516899,28.0475244709452));
#10680=CARTESIAN_POINT('',(96.4628228058284,-91.1785378420154,27.929));
#10681=CARTESIAN_POINT('Ctrl Pts',(96.4628228058284,-91.1785378420155,27.929));
#10682=CARTESIAN_POINT('Ctrl Pts',(96.4465747178166,-91.1918537648944,27.929));
#10683=CARTESIAN_POINT('Ctrl Pts',(96.4287730109774,-91.2035457774064,27.9311864353981));
#10684=CARTESIAN_POINT('Ctrl Pts',(96.3914398737329,-91.222790693802,27.939759583841));
#10685=CARTESIAN_POINT('Ctrl Pts',(96.3719080967502,-91.2303423336272,27.9461476251035));
#10686=CARTESIAN_POINT('Ctrl Pts',(96.3131113420815,-91.2465331133394,27.9703491327145));
#10687=CARTESIAN_POINT('Ctrl Pts',(96.273536097334,-91.2484652217701,27.9934588088606));
#10688=CARTESIAN_POINT('Ctrl Pts',(96.22611883542,-91.2431728252984,28.0270267919922));
#10689=CARTESIAN_POINT('Ctrl Pts',(96.2129679800383,-91.2408053679225,28.037031340761));
#10690=CARTESIAN_POINT('Ctrl Pts',(96.2000864898087,-91.2375936516899,28.0475244709452));
#10691=CARTESIAN_POINT('',(96.5516076685309,-91.1050886158746,27.929));
#10692=CARTESIAN_POINT('Origin',(88.5395,-81.5105000000001,27.929));
#10693=CARTESIAN_POINT('',(96.6588493137408,-90.8580720375957,28.0475244709453));
#10694=CARTESIAN_POINT('Ctrl Pts',(96.6588493137408,-90.8580720375957,28.0475244709453));
#10695=CARTESIAN_POINT('Ctrl Pts',(96.659590391076,-90.8713271768284,28.0370313407611));
#10696=CARTESIAN_POINT('Ctrl Pts',(96.6594516897036,-90.8846887116814,28.0270267919922));
#10697=CARTESIAN_POINT('Ctrl Pts',(96.655765234412,-90.9322577797322,27.9934588088606));
#10698=CARTESIAN_POINT('Ctrl Pts',(96.6464516875477,-90.9707699970744,27.9703491327145));
#10699=CARTESIAN_POINT('Ctrl Pts',(96.6195302778739,-91.0254914499831,27.9461476251035));
#10700=CARTESIAN_POINT('Ctrl Pts',(96.6084525083043,-91.0432622292996,27.939759583841));
#10701=CARTESIAN_POINT('Ctrl Pts',(96.5825529399531,-91.0763279563112,27.9311864353981));
#10702=CARTESIAN_POINT('Ctrl Pts',(96.5677323178978,-91.0916234813059,27.929));
#10703=CARTESIAN_POINT('Ctrl Pts',(96.5516076685309,-91.1050886158747,27.929));
#10704=CARTESIAN_POINT('',(96.6437660416064,-90.5882879506554,28.2599670823769));
#10705=CARTESIAN_POINT('Ctrl Pts',(96.6588493137408,-90.8580720375957,28.0475244709454));
#10706=CARTESIAN_POINT('Ctrl Pts',(96.6512424177274,-90.7220127344723,28.1552327307669));
#10707=CARTESIAN_POINT('Ctrl Pts',(96.6437660416064,-90.5882879506555,28.2599670823769));
#10708=CARTESIAN_POINT('',(97.0905039346018,-90.1687731454155,28.2599670823769));
#10709=CARTESIAN_POINT('Ctrl Pts',(97.0905039346018,-90.1687731454156,28.2599670823768));
#10710=CARTESIAN_POINT('Ctrl Pts',(97.0680890021516,-90.1661003265414,28.2776194441471));
#10711=CARTESIAN_POINT('Ctrl Pts',(97.0452233230772,-90.1653044457256,28.2942288018138));
#10712=CARTESIAN_POINT('Ctrl Pts',(96.9818443681665,-90.1686174637404,28.3362229988429));
#10713=CARTESIAN_POINT('Ctrl Pts',(96.936175428119,-90.1775693508654,28.3616774906253));
#10714=CARTESIAN_POINT('Ctrl Pts',(96.8475986891498,-90.2137500279068,28.3969973397872));
#10715=CARTESIAN_POINT('Ctrl Pts',(96.8047005302752,-90.2411506595996,28.4067104692558));
#10716=CARTESIAN_POINT('Ctrl Pts',(96.7339464795402,-90.3075931357796,28.4067104692558));
#10717=CARTESIAN_POINT('Ctrl Pts',(96.7039063190523,-90.3486861450374,28.3969973397872));
#10718=CARTESIAN_POINT('Ctrl Pts',(96.6622352568544,-90.4348162945374,28.3616774906253));
#10719=CARTESIAN_POINT('Ctrl Pts',(96.6504334577617,-90.4798330237204,28.3362229988429));
#10720=CARTESIAN_POINT('Ctrl Pts',(96.6431473797251,-90.5428788886187,28.2942288018138));
#10721=CARTESIAN_POINT('Ctrl Pts',(96.6425059421835,-90.5657494212685,28.2776194441471));
#10722=CARTESIAN_POINT('Ctrl Pts',(96.6437660416064,-90.5882879506554,28.2599670823769));
#10723=CARTESIAN_POINT('',(97.3588085777793,-90.2007665371375,28.0475244709454));
#10724=CARTESIAN_POINT('Ctrl Pts',(97.0905039346019,-90.1687731454155,28.2599670823768));
#10725=CARTESIAN_POINT('Ctrl Pts',(97.2234953975634,-90.1846314172658,28.1552327307669));
#10726=CARTESIAN_POINT('Ctrl Pts',(97.3588085777793,-90.2007665371375,28.0475244709454));
#10727=CARTESIAN_POINT('',(97.6120714838845,-90.1092468081,27.929));
#10728=CARTESIAN_POINT('Ctrl Pts',(97.6120714838844,-90.1092468081,27.929));
#10729=CARTESIAN_POINT('Ctrl Pts',(97.597620444572,-90.1244941563595,27.929));
#10730=CARTESIAN_POINT('Ctrl Pts',(97.5814245072434,-90.1383251193417,27.9311864353981));
#10731=CARTESIAN_POINT('Ctrl Pts',(97.5467977805385,-90.1620973666333,27.939759583841));
#10732=CARTESIAN_POINT('Ctrl Pts',(97.5283664888892,-90.1720374402894,27.9461476251035));
#10733=CARTESIAN_POINT('Ctrl Pts',(97.472062606968,-90.1954697382534,27.9703491327145));
#10734=CARTESIAN_POINT('Ctrl Pts',(97.4330415822431,-90.2023467048253,27.9934588088606));
#10735=CARTESIAN_POINT('Ctrl Pts',(97.3853349064391,-90.203038999243,28.0270267919922));
#10736=CARTESIAN_POINT('Ctrl Pts',(97.3719910283916,-90.2023384492047,28.0370313407611));
#10737=CARTESIAN_POINT('Ctrl Pts',(97.3588085777793,-90.2007665371375,28.0475244709453));
#10738=CARTESIAN_POINT('',(97.6909506224108,-90.0252490571114,27.929));
#10739=CARTESIAN_POINT('Origin',(88.5395,-81.5105000000001,27.929));
#10740=CARTESIAN_POINT('',(97.7663872487172,-89.7667393361655,28.0475244709453));
#10741=CARTESIAN_POINT('Ctrl Pts',(97.766387248717,-89.7667393361656,28.0475244709453));
#10742=CARTESIAN_POINT('Ctrl Pts',(97.7687837918974,-89.7797970730475,28.0370313407611));
#10743=CARTESIAN_POINT('Ctrl Pts',(97.7703208285953,-89.7930706320989,28.0270267919922));
#10744=CARTESIAN_POINT('Ctrl Pts',(97.7726254272213,-89.8407266392019,27.9934588088606));
#10745=CARTESIAN_POINT('Ctrl Pts',(97.768212181187,-89.8801024731518,27.9703491327145));
#10746=CARTESIAN_POINT('Ctrl Pts',(97.7483614715079,-89.9377665783863,27.9461476251035));
#10747=CARTESIAN_POINT('Ctrl Pts',(97.7395983226948,-89.9567856424808,27.939759583841));
#10748=CARTESIAN_POINT('Ctrl Pts',(97.7180472146623,-89.9928367130082,27.9311864353982));
#10749=CARTESIAN_POINT('Ctrl Pts',(97.7052604952453,-90.0098691447053,27.929));
#10750=CARTESIAN_POINT('Ctrl Pts',(97.6909506224108,-90.0252490571114,27.929));
#10751=CARTESIAN_POINT('',(97.7176100007082,-89.5009730126008,28.2599670823768));
#10752=CARTESIAN_POINT('Ctrl Pts',(97.7663872487172,-89.7667393361655,28.0475244709453));
#10753=CARTESIAN_POINT('Ctrl Pts',(97.741787582934,-89.632706298161,28.1552327307668));
#10754=CARTESIAN_POINT('Ctrl Pts',(97.7176100007082,-89.5009730126008,28.2599670823768));
#10755=CARTESIAN_POINT('',(98.1082460849144,-89.0287751022184,28.2599670823768));
#10756=CARTESIAN_POINT('Ctrl Pts',(98.1082460849143,-89.0287751022184,28.2599670823768));
#10757=CARTESIAN_POINT('Ctrl Pts',(98.0856729078693,-89.0289326952835,28.277619444147));
#10758=CARTESIAN_POINT('Ctrl Pts',(98.062887781188,-89.0310089197217,28.2942288018137));
#10759=CARTESIAN_POINT('Ctrl Pts',(98.0004238195278,-89.0422393029587,28.3362229988428));
#10760=CARTESIAN_POINT('Ctrl Pts',(97.9562369616731,-89.0568444377096,28.3616774906253));
#10761=CARTESIAN_POINT('Ctrl Pts',(97.8728933179933,-89.1038414284194,28.3969973397871));
#10762=CARTESIAN_POINT('Ctrl Pts',(97.8337676336863,-89.1364025629129,28.4067104692557));
#10763=CARTESIAN_POINT('Ctrl Pts',(97.7718989501601,-89.2111889542892,28.4067104692557));
#10764=CARTESIAN_POINT('Ctrl Pts',(97.7472459850375,-89.2557229633459,28.3969973397871));
#10765=CARTESIAN_POINT('Ctrl Pts',(97.7166984817557,-89.3463967198625,28.3616774906252));
#10766=CARTESIAN_POINT('Ctrl Pts',(97.7106318356069,-89.3925376363323,28.3362229988428));
#10767=CARTESIAN_POINT('Ctrl Pts',(97.7113049525825,-89.4559995534753,28.2942288018137));
#10768=CARTESIAN_POINT('Ctrl Pts',(97.7135350107778,-89.4787701385852,28.277619444147));
#10769=CARTESIAN_POINT('Ctrl Pts',(97.7176100007082,-89.5009730126008,28.2599670823768));
#10770=CARTESIAN_POINT('',(98.3784449010788,-89.0268887279809,28.0475244709453));
#10771=CARTESIAN_POINT('Ctrl Pts',(98.1082460849143,-89.0287751022184,28.2599670823768));
#10772=CARTESIAN_POINT('Ctrl Pts',(98.2421764389578,-89.0278400767691,28.1552327307666));
#10773=CARTESIAN_POINT('Ctrl Pts',(98.3784449010788,-89.0268887279809,28.0475244709453));
#10774=CARTESIAN_POINT('',(98.6182402899482,-88.9043484003784,27.929));
#10775=CARTESIAN_POINT('Ctrl Pts',(98.6182402899482,-88.9043484003784,27.929));
#10776=CARTESIAN_POINT('Ctrl Pts',(98.6058142008577,-88.9212867142281,27.929));
#10777=CARTESIAN_POINT('Ctrl Pts',(98.5914794526462,-88.9370385051321,27.9311864353981));
#10778=CARTESIAN_POINT('Ctrl Pts',(98.560105220646,-88.9649631807791,27.939759583841));
#10779=CARTESIAN_POINT('Ctrl Pts',(98.5430650868097,-88.9771349273666,27.9461476251035));
#10780=CARTESIAN_POINT('Ctrl Pts',(98.4901420234883,-89.0074392022456,27.9703491327145));
#10781=CARTESIAN_POINT('Ctrl Pts',(98.452290603656,-89.0191525730878,27.9934588088606));
#10782=CARTESIAN_POINT('Ctrl Pts',(98.4050468767379,-89.0258186404984,28.0270267919922));
#10783=CARTESIAN_POINT('Ctrl Pts',(98.3917204169529,-89.0267960458904,28.0370313407611));
#10784=CARTESIAN_POINT('Ctrl Pts',(98.3784449010788,-89.0268887279809,28.0475244709453));
#10785=CARTESIAN_POINT('',(98.6859697331636,-88.811126819253,27.929));
#10786=CARTESIAN_POINT('Origin',(88.5395,-81.5105000000001,27.929));
#10787=CARTESIAN_POINT('',(98.7284116599056,-88.5452008083658,28.0475244709453));
#10788=CARTESIAN_POINT('Ctrl Pts',(98.7284116599056,-88.5452008083658,28.0475244709453));
#10789=CARTESIAN_POINT('Ctrl Pts',(98.7324258740137,-88.5578552145861,28.0370313407611));
#10790=CARTESIAN_POINT('Ctrl Pts',(98.735614408795,-88.5708314658802,28.0270267919922));
#10791=CARTESIAN_POINT('Ctrl Pts',(98.7438737164414,-88.6178228483353,27.9934588088606));
#10792=CARTESIAN_POINT('Ctrl Pts',(98.7444303707635,-88.6574413184695,27.9703491327145));
#10793=CARTESIAN_POINT('Ctrl Pts',(98.7319634186289,-88.7171386786434,27.9461476251035));
#10794=CARTESIAN_POINT('Ctrl Pts',(98.725653090664,-88.7371060855138,27.939759583841));
#10795=CARTESIAN_POINT('Ctrl Pts',(98.7087903167981,-88.7755739526387,27.9311864353982));
#10796=CARTESIAN_POINT('Ctrl Pts',(98.6982391542229,-88.7940746794158,27.929));
#10797=CARTESIAN_POINT('Ctrl Pts',(98.6859697331636,-88.811126819253,27.929));
#10798=CARTESIAN_POINT('',(98.6467096823613,-88.2876435418601,28.2599670823769));
#10799=CARTESIAN_POINT('Ctrl Pts',(98.7284116599056,-88.5452008083658,28.0475244709453));
#10800=CARTESIAN_POINT('Ctrl Pts',(98.687207175777,-88.4153078165566,28.155232730767));
#10801=CARTESIAN_POINT('Ctrl Pts',(98.6467096823614,-88.2876435418601,28.2599670823769));
#10802=CARTESIAN_POINT('',(98.9750833933757,-87.7702093694593,28.2599670823769));
#10803=CARTESIAN_POINT('Ctrl Pts',(98.9750833933758,-87.7702093694593,28.2599670823769));
#10804=CARTESIAN_POINT('Ctrl Pts',(98.9527079642225,-87.7731948891269,28.2776194441472));
#10805=CARTESIAN_POINT('Ctrl Pts',(98.930362724993,-87.7781104755194,28.2942288018138));
#10806=CARTESIAN_POINT('Ctrl Pts',(98.8697988505729,-87.7970811141264,28.336222998843));
#10807=CARTESIAN_POINT('Ctrl Pts',(98.8277909280552,-87.8171091648034,28.3616774906254));
#10808=CARTESIAN_POINT('Ctrl Pts',(98.7509947587129,-87.8741812985636,28.3969973397872));
#10809=CARTESIAN_POINT('Ctrl Pts',(98.7162585843875,-87.9113894273156,28.4067104692559));
#10810=CARTESIAN_POINT('Ctrl Pts',(98.6642509741681,-87.993340307821,28.4067104692559));
#10811=CARTESIAN_POINT('Ctrl Pts',(98.6453739963976,-88.0406129887503,28.3969973397872));
#10812=CARTESIAN_POINT('Ctrl Pts',(98.6264318044069,-88.1344003729776,28.3616774906254));
#10813=CARTESIAN_POINT('Ctrl Pts',(98.6261959858358,-88.1809378069181,28.336222998843));
#10814=CARTESIAN_POINT('Ctrl Pts',(98.6348176823666,-88.2438149439621,28.2942288018138));
#10815=CARTESIAN_POINT('Ctrl Pts',(98.639884066949,-88.2661264758026,28.2776194441472));
#10816=CARTESIAN_POINT('Ctrl Pts',(98.6467096823614,-88.2876435418601,28.2599670823769));
#10817=CARTESIAN_POINT('',(99.2429151857876,-87.7344729785111,28.0475244709453));
#10818=CARTESIAN_POINT('Ctrl Pts',(98.9750833933758,-87.7702093694594,28.2599670823769));
#10819=CARTESIAN_POINT('Ctrl Pts',(99.1078404768113,-87.7524957926204,28.155232730767));
#10820=CARTESIAN_POINT('Ctrl Pts',(99.2429151857875,-87.7344729785111,28.0475244709453));
#10821=CARTESIAN_POINT('',(99.4654613408918,-87.5828445865118,27.929));
#10822=CARTESIAN_POINT('Ctrl Pts',(99.4654613408918,-87.5828445865118,27.929));
#10823=CARTESIAN_POINT('Ctrl Pts',(99.4552561688712,-87.6012067386239,27.929));
#10824=CARTESIAN_POINT('Ctrl Pts',(99.4430086773194,-87.6186309422975,27.9311864353982));
#10825=CARTESIAN_POINT('Ctrl Pts',(99.4153817304046,-87.6502676574834,27.9397595838411));
#10826=CARTESIAN_POINT('Ctrl Pts',(99.4000014874712,-87.6644791212877,27.9461476251035));
#10827=CARTESIAN_POINT('Ctrl Pts',(99.3512938710728,-87.7011774565641,27.9703491327145));
#10828=CARTESIAN_POINT('Ctrl Pts',(99.3152089956352,-87.7175425048211,27.9934588088607));
#10829=CARTESIAN_POINT('Ctrl Pts',(99.2691732793985,-87.7300772173594,28.0270267919922));
#10830=CARTESIAN_POINT('Ctrl Pts',(99.2560744041077,-87.7327171639147,28.0370313407611));
#10831=CARTESIAN_POINT('Ctrl Pts',(99.2429151857876,-87.734472978511,28.0475244709453));
#10832=CARTESIAN_POINT('',(99.5209729550173,-87.4818693352719,27.929));
#10833=CARTESIAN_POINT('Origin',(88.5395,-81.5105000000001,27.929));
#10834=CARTESIAN_POINT('',(99.5297508476568,-87.2127208464915,28.0475244709453));
#10835=CARTESIAN_POINT('Ctrl Pts',(99.5297508476568,-87.2127208464915,28.0475244709453));
#10836=CARTESIAN_POINT('Ctrl Pts',(99.5353194261381,-87.2247723545047,28.0370313407611));
#10837=CARTESIAN_POINT('Ctrl Pts',(99.5401091739045,-87.2372466548071,28.0270267919922));
#10838=CARTESIAN_POINT('Ctrl Pts',(99.5541929363559,-87.2828323304415,27.9934588088606));
#10839=CARTESIAN_POINT('Ctrl Pts',(99.5597107122632,-87.322068629819,27.9703491327145));
#10840=CARTESIAN_POINT('Ctrl Pts',(99.5548241289558,-87.382857781901,27.9461476251035));
#10841=CARTESIAN_POINT('Ctrl Pts',(99.5510661394806,-87.4034586336129,27.939759583841));
#10842=CARTESIAN_POINT('Ctrl Pts',(99.5391576357983,-87.4437366360912,27.9311864353981));
#10843=CARTESIAN_POINT('Ctrl Pts',(99.5310084282018,-87.4634138904352,27.929));
#10844=CARTESIAN_POINT('Ctrl Pts',(99.5209729550173,-87.4818693352719,27.929));
#10845=CARTESIAN_POINT('',(99.4164126295697,-86.967434468995,28.2599670823769));
#10846=CARTESIAN_POINT('Ctrl Pts',(99.5297508476568,-87.2127208464915,28.0475244709453));
#10847=CARTESIAN_POINT('Ctrl Pts',(99.4725913645121,-87.0890163909533,28.1552327307668));
#10848=CARTESIAN_POINT('Ctrl Pts',(99.4164126295697,-86.9674344689951,28.2599670823769));
#10849=CARTESIAN_POINT('',(99.6773453178085,-86.4129242805749,28.2599670823769));
#10850=CARTESIAN_POINT('Ctrl Pts',(99.6773453178084,-86.4129242805748,28.2599670823769));
#10851=CARTESIAN_POINT('Ctrl Pts',(99.655520510431,-86.4186906434163,28.2776194441471));
#10852=CARTESIAN_POINT('Ctrl Pts',(99.6339675564245,-86.4263680700292,28.2942288018138));
#10853=CARTESIAN_POINT('Ctrl Pts',(99.5762588977232,-86.4527797857028,28.3362229988429));
#10854=CARTESIAN_POINT('Ctrl Pts',(99.5370924005751,-86.4779148979826,28.3616774906254));
#10855=CARTESIAN_POINT('Ctrl Pts',(99.4680548270365,-86.5441621131505,28.3969973397872));
#10856=CARTESIAN_POINT('Ctrl Pts',(99.4382559729122,-86.5854304417437,28.4067104692558));
#10857=CARTESIAN_POINT('Ctrl Pts',(99.3969296270804,-86.6732533970375,28.4067104692558));
#10858=CARTESIAN_POINT('Ctrl Pts',(99.384126337878,-86.7225192314219,28.3969973397872));
#10859=CARTESIAN_POINT('Ctrl Pts',(99.3770881868617,-86.8179411602846,28.3616774906254));
#10860=CARTESIAN_POINT('Ctrl Pts',(99.382686914868,-86.8641411885624,28.3362229988429));
#10861=CARTESIAN_POINT('Ctrl Pts',(99.3991212216496,-86.9254419354954,28.2942288018138));
#10862=CARTESIAN_POINT('Ctrl Pts',(99.4069440327076,-86.946942547881,28.2776194441471));
#10863=CARTESIAN_POINT('Ctrl Pts',(99.4164126295696,-86.9674344689951,28.2599670823769));
#10864=CARTESIAN_POINT('',(99.938586219106,-86.3439014571488,28.0475244709453));
#10865=CARTESIAN_POINT('Ctrl Pts',(99.6773453178085,-86.4129242805749,28.2599670823769));
#10866=CARTESIAN_POINT('Ctrl Pts',(99.8068354721256,-86.3787115060344,28.1552327307667));
#10867=CARTESIAN_POINT('Ctrl Pts',(99.938586219106,-86.3439014571488,28.0475244709453));
#10868=CARTESIAN_POINT('',(100.140373454637,-86.1655762710732,27.929));
#10869=CARTESIAN_POINT('Ctrl Pts',(100.140373454637,-86.1655762710733,27.929));
#10870=CARTESIAN_POINT('Ctrl Pts',(100.132550141345,-86.1850726793399,27.929));
#10871=CARTESIAN_POINT('Ctrl Pts',(100.122583056711,-86.2038945056823,27.9311864353981));
#10872=CARTESIAN_POINT('Ctrl Pts',(100.099139088338,-86.2387443305099,27.939759583841));
#10873=CARTESIAN_POINT('Ctrl Pts',(100.085661291926,-86.2547713882572,27.9461476251035));
#10874=CARTESIAN_POINT('Ctrl Pts',(100.041937270658,-86.297285029261,27.9703491327145));
#10875=CARTESIAN_POINT('Ctrl Pts',(100.008188019657,-86.318043668346,27.9934588088606));
#10876=CARTESIAN_POINT('Ctrl Pts',(99.9640863248469,-86.3362493461073,28.0270267919922));
#10877=CARTESIAN_POINT('Ctrl Pts',(99.9514216111384,-86.3405102002918,28.0370313407611));
#10878=CARTESIAN_POINT('Ctrl Pts',(99.938586219106,-86.3439014571488,28.0475244709453));
#10879=CARTESIAN_POINT('',(100.182791788356,-86.0584397897505,27.929));
#10880=CARTESIAN_POINT('Origin',(88.5395,-81.5105000000001,27.929));
#10881=CARTESIAN_POINT('',(100.157767214283,-85.7903134555266,28.0475244709452));
#10882=CARTESIAN_POINT('Ctrl Pts',(100.157767214283,-85.7903134555266,28.0475244709453));
#10883=CARTESIAN_POINT('Ctrl Pts',(100.164802337328,-85.8015720058521,28.0370313407611));
#10884=CARTESIAN_POINT('Ctrl Pts',(100.171117760896,-85.8133476279952,28.0270267919922));
#10885=CARTESIAN_POINT('Ctrl Pts',(100.190803868805,-85.8568086834726,27.9934588088606));
#10886=CARTESIAN_POINT('Ctrl Pts',(100.201195747676,-85.8950440322137,27.9703491327145));
#10887=CARTESIAN_POINT('Ctrl Pts',(100.203966597533,-85.9559662949616,27.9461476251035));
#10888=CARTESIAN_POINT('Ctrl Pts',(100.202820212287,-85.9768757037772,27.9397595838411));
#10889=CARTESIAN_POINT('Ctrl Pts',(100.196053783005,-86.0183286334489,27.9311864353982));
#10890=CARTESIAN_POINT('Ctrl Pts',(100.190435048259,-86.0388720933041,27.929));
#10891=CARTESIAN_POINT('Ctrl Pts',(100.182791788356,-86.0584397897505,27.929));
#10892=CARTESIAN_POINT('',(100.014580167057,-85.5611662797394,28.2599670823769));
#10893=CARTESIAN_POINT('Ctrl Pts',(100.157767214283,-85.7903134555266,28.0475244709452));
#10894=CARTESIAN_POINT('Ctrl Pts',(100.085554171316,-85.6747484294203,28.1552327307668));
#10895=CARTESIAN_POINT('Ctrl Pts',(100.014580167057,-85.5611662797394,28.2599670823769));
#10896=CARTESIAN_POINT('',(100.203956768153,-84.9783250322194,28.2599670823769));
#10897=CARTESIAN_POINT('Ctrl Pts',(100.203956768153,-84.9783250322194,28.2599670823769));
#10898=CARTESIAN_POINT('Ctrl Pts',(100.183026772801,-84.9867812992481,28.2776194441472));
#10899=CARTESIAN_POINT('Ctrl Pts',(100.162606006977,-84.9970994884775,28.2942288018139));
#10900=CARTESIAN_POINT('Ctrl Pts',(100.108662664016,-85.0305357526839,28.336222998843));
#10901=CARTESIAN_POINT('Ctrl Pts',(100.072955271295,-85.0603815308309,28.3616774906254));
#10902=CARTESIAN_POINT('Ctrl Pts',(100.012765057335,-85.1347590692491,28.3969973397873));
#10903=CARTESIAN_POINT('Ctrl Pts',(99.9883734691428,-85.179436771489,28.4067104692558));
#10904=CARTESIAN_POINT('Ctrl Pts',(99.9583801288597,-85.2717467811033,28.4067104692558));
#10905=CARTESIAN_POINT('Ctrl Pts',(99.9518524437444,-85.3222288173046,28.3969973397872));
#10906=CARTESIAN_POINT('Ctrl Pts',(99.9568293295484,-85.4177804299822,28.3616774906254));
#10907=CARTESIAN_POINT('Ctrl Pts',(99.9681743088469,-85.462914450553,28.336222998843));
#10908=CARTESIAN_POINT('Ctrl Pts',(99.9921620470438,-85.5216720579764,28.2942288018138));
#10909=CARTESIAN_POINT('Ctrl Pts',(100.002617914174,-85.5420226734059,28.2776194441471));
#10910=CARTESIAN_POINT('Ctrl Pts',(100.014580167057,-85.5611662797394,28.2599670823769));
#10911=CARTESIAN_POINT('',(100.454486853265,-84.8771043074733,28.0475244709453));
#10912=CARTESIAN_POINT('Ctrl Pts',(100.203956768153,-84.9783250322194,28.2599670823769));
#10913=CARTESIAN_POINT('Ctrl Pts',(100.328137856264,-84.9281526158698,28.1552327307669));
#10914=CARTESIAN_POINT('Ctrl Pts',(100.454486853265,-84.8771043074733,28.0475244709453));
#10915=CARTESIAN_POINT('',(100.632332863976,-84.674894622032,27.929));
#10916=CARTESIAN_POINT('Ctrl Pts',(100.632332863976,-84.674894622032,27.929));
#10917=CARTESIAN_POINT('Ctrl Pts',(100.627014787737,-84.6952178164482,27.929));
#10918=CARTESIAN_POINT('Ctrl Pts',(100.6194852969,-84.7151404340145,27.9311864353982));
#10919=CARTESIAN_POINT('Ctrl Pts',(100.600594032454,-84.752653765928,27.939759583841));
#10920=CARTESIAN_POINT('Ctrl Pts',(100.589231235465,-84.7702436613435,27.9461476251035));
#10921=CARTESIAN_POINT('Ctrl Pts',(100.551180363262,-84.8179021425597,27.9703491327145));
#10922=CARTESIAN_POINT('Ctrl Pts',(100.520298982546,-84.8427269963336,27.9934588088607));
#10923=CARTESIAN_POINT('Ctrl Pts',(100.478826819235,-84.8663165249042,28.0270267919922));
#10924=CARTESIAN_POINT('Ctrl Pts',(100.46679599721,-84.872131090502,28.0370313407611));
#10925=CARTESIAN_POINT('Ctrl Pts',(100.454486853265,-84.8771043074733,28.0475244709453));
#10926=CARTESIAN_POINT('',(100.660988954828,-84.5632865169371,27.929));
#10927=CARTESIAN_POINT('Origin',(88.5395,-81.5105000000001,27.929));
#10928=CARTESIAN_POINT('',(100.602556566523,-84.3004108497312,28.0475244709453));
#10929=CARTESIAN_POINT('Ctrl Pts',(100.602556566523,-84.3004108497311,28.0475244709453));
#10930=CARTESIAN_POINT('Ctrl Pts',(100.610947286039,-84.3106988883048,28.0370313407611));
#10931=CARTESIAN_POINT('Ctrl Pts',(100.618688787407,-84.3215901236929,28.0270267919922));
#10932=CARTESIAN_POINT('Ctrl Pts',(100.643666779092,-84.3622411522062,27.9934588088606));
#10933=CARTESIAN_POINT('Ctrl Pts',(100.658768874788,-84.3988725560205,27.9703491327145));
#10934=CARTESIAN_POINT('Ctrl Pts',(100.669153459853,-84.4589671489577,27.9461476251035));
#10935=CARTESIAN_POINT('Ctrl Pts',(100.670636758015,-84.4798553610094,27.939759583841));
#10936=CARTESIAN_POINT('Ctrl Pts',(100.669119113766,-84.5218294804108,27.9311864353982));
#10937=CARTESIAN_POINT('Ctrl Pts',(100.666119462674,-84.5429151631432,27.929));
#10938=CARTESIAN_POINT('Ctrl Pts',(100.660988954828,-84.5632865169371,27.929));
#10939=CARTESIAN_POINT('',(100.431778835429,-84.0910166635015,28.2599670823768));
#10940=CARTESIAN_POINT('Ctrl Pts',(100.602556566523,-84.3004108497312,28.0475244709453));
#10941=CARTESIAN_POINT('Ctrl Pts',(100.51642880656,-84.1948077825538,28.155232730767));
#10942=CARTESIAN_POINT('Ctrl Pts',(100.431778835429,-84.0910166635015,28.2599670823768));
#10943=CARTESIAN_POINT('',(100.546612767255,-83.4890361115276,28.2599670823769));
#10944=CARTESIAN_POINT('Ctrl Pts',(100.546612767255,-83.4890361115276,28.2599670823769));
#10945=CARTESIAN_POINT('Ctrl Pts',(100.526907662459,-83.5000489223609,28.2776194441471));
#10946=CARTESIAN_POINT('Ctrl Pts',(100.507941132494,-83.5128451501989,28.2942288018138));
#10947=CARTESIAN_POINT('Ctrl Pts',(100.458613824015,-83.5527786530778,28.3362229988429));
#10948=CARTESIAN_POINT('Ctrl Pts',(100.426928662634,-83.5868644113415,28.3616774906253));
#10949=CARTESIAN_POINT('Ctrl Pts',(100.376535043884,-83.6681992947982,28.3969973397872));
#10950=CARTESIAN_POINT('Ctrl Pts',(100.35793539154,-83.7155817766313,28.4067104692558));
#10951=CARTESIAN_POINT('Ctrl Pts',(100.339748069698,-83.8109230565712,28.4067104692558));
#10952=CARTESIAN_POINT('Ctrl Pts',(100.339598934164,-83.8618251627221,28.3969973397872));
#10953=CARTESIAN_POINT('Ctrl Pts',(100.356512368326,-83.9559995532029,28.3616774906253));
#10954=CARTESIAN_POINT('Ctrl Pts',(100.373424681816,-83.9993557756004,28.3362229988429));
#10955=CARTESIAN_POINT('Ctrl Pts',(100.404587550468,-84.0546436009451,28.2942288018137));
#10956=CARTESIAN_POINT('Ctrl Pts',(100.417511578399,-84.0735232780564,28.2776194441471));
#10957=CARTESIAN_POINT('Ctrl Pts',(100.431778835429,-84.0910166635015,28.2599670823768));
#10958=CARTESIAN_POINT('',(100.78248102708,-83.3572137967571,28.0475244709453));
#10959=CARTESIAN_POINT('Ctrl Pts',(100.546612767255,-83.4890361115276,28.2599670823769));
#10960=CARTESIAN_POINT('Ctrl Pts',(100.663526379218,-83.4236953023462,28.1552327307668));
#10961=CARTESIAN_POINT('Ctrl Pts',(100.78248102708,-83.3572137967571,28.0475244709453));
#10962=CARTESIAN_POINT('',(100.933581075142,-83.1343085794837,27.929));
#10963=CARTESIAN_POINT('Ctrl Pts',(100.933581075142,-83.1343085794837,27.929));
#10964=CARTESIAN_POINT('Ctrl Pts',(100.930852105195,-83.155138051133,27.929));
#10965=CARTESIAN_POINT('Ctrl Pts',(100.925878952723,-83.175847268343,27.9311864353982));
#10966=CARTESIAN_POINT('Ctrl Pts',(100.911838318731,-83.2154324996887,27.939759583841));
#10967=CARTESIAN_POINT('Ctrl Pts',(100.90276971926,-83.234307829614,27.9461476251035));
#10968=CARTESIAN_POINT('Ctrl Pts',(100.870992081107,-83.2863595483242,27.9703491327145));
#10969=CARTESIAN_POINT('Ctrl Pts',(100.843465588498,-83.3148591140132,27.9934588088606));
#10970=CARTESIAN_POINT('Ctrl Pts',(100.805276997476,-83.3434604724358,28.0270267919922));
#10971=CARTESIAN_POINT('Ctrl Pts',(100.794069800384,-83.3507370502741,28.0370313407611));
#10972=CARTESIAN_POINT('Ctrl Pts',(100.78248102708,-83.3572137967571,28.0475244709453));
#10973=CARTESIAN_POINT('',(100.948022999455,-83.0199889771053,27.929));
#10974=CARTESIAN_POINT('Origin',(88.5395,-81.5105000000001,27.929));
#10975=CARTESIAN_POINT('',(100.857104310589,-82.7665096832236,28.0475244709453));
#10976=CARTESIAN_POINT('Ctrl Pts',(100.857104310589,-82.7665096832236,28.0475244709453));
#10977=CARTESIAN_POINT('Ctrl Pts',(100.866718299917,-82.7756649615312,28.0370313407611));
#10978=CARTESIAN_POINT('Ctrl Pts',(100.875763790982,-82.7855000488763,28.0270267919922));
#10979=CARTESIAN_POINT('Ctrl Pts',(100.905639748594,-82.822699959422,27.9934588088606));
#10980=CARTESIAN_POINT('Ctrl Pts',(100.925213892045,-82.8571497191888,27.9703491327145));
#10981=CARTESIAN_POINT('Ctrl Pts',(100.943048441207,-82.9154689146859,27.9461476251035));
#10982=CARTESIAN_POINT('Ctrl Pts',(100.94713803028,-82.9360065103915,27.939759583841));
#10983=CARTESIAN_POINT('Ctrl Pts',(100.95089310522,-82.9778398625855,27.9311864353981));
#10984=CARTESIAN_POINT('Ctrl Pts',(100.950559844071,-82.9991352343826,27.929));
#10985=CARTESIAN_POINT('Ctrl Pts',(100.948022999455,-83.0199889771054,27.929));
#10986=CARTESIAN_POINT('',(100.661429162463,-82.5801707579541,28.2599670823768));
#10987=CARTESIAN_POINT('Ctrl Pts',(100.857104310589,-82.7665096832236,28.0475244709453));
#10988=CARTESIAN_POINT('Ctrl Pts',(100.758420119855,-82.6725339984292,28.1552327307666));
#10989=CARTESIAN_POINT('Ctrl Pts',(100.661429162463,-82.5801707579542,28.2599670823768));
#10990=CARTESIAN_POINT('',(100.699909425316,-81.9685444944368,28.2599670823768));
#10991=CARTESIAN_POINT('Ctrl Pts',(100.699909425316,-81.9685444944368,28.2599670823768));
#10992=CARTESIAN_POINT('Ctrl Pts',(100.681739972349,-81.9819401704692,28.2776194441471));
#10993=CARTESIAN_POINT('Ctrl Pts',(100.66452679175,-81.9970126327587,28.2942288018138));
#10994=CARTESIAN_POINT('Ctrl Pts',(100.620593438875,-82.0428135991144,28.3362229988429));
#10995=CARTESIAN_POINT('Ctrl Pts',(100.593430202757,-82.0806017847252,28.3616774906253));
#10996=CARTESIAN_POINT('Ctrl Pts',(100.553627916688,-82.1676113135212,28.3969973397871));
#10997=CARTESIAN_POINT('Ctrl Pts',(100.541113527821,-82.216951324904,28.4067104692557));
#10998=CARTESIAN_POINT('Ctrl Pts',(100.535019049352,-82.3138202862309,28.4067104692557));
#10999=CARTESIAN_POINT('Ctrl Pts',(100.541250815355,-82.3643397057097,28.3969973397871));
#11000=CARTESIAN_POINT('Ctrl Pts',(100.569834062914,-82.4556516875989,28.3616774906253));
#11001=CARTESIAN_POINT('Ctrl Pts',(100.592046993309,-82.4965463582961,28.3362229988428));
#11002=CARTESIAN_POINT('Ctrl Pts',(100.629893535361,-82.5474924795292,28.2942288018137));
#11003=CARTESIAN_POINT('Ctrl Pts',(100.645081904453,-82.564603474536,28.277619444147));
#11004=CARTESIAN_POINT('Ctrl Pts',(100.661429162463,-82.5801707579541,28.2599670823768));
#11005=CARTESIAN_POINT('',(100.917396076496,-81.8081995062925,28.0475244709453));
#11006=CARTESIAN_POINT('Ctrl Pts',(100.699909425316,-81.9685444944368,28.2599670823768));
#11007=CARTESIAN_POINT('Ctrl Pts',(100.80771176363,-81.8890657560173,28.155232730767));
#11008=CARTESIAN_POINT('Ctrl Pts',(100.917396076496,-81.8081995062925,28.0475244709453));
#11009=CARTESIAN_POINT('',(101.039367223888,-81.5681141056207,27.929));
#11010=CARTESIAN_POINT('Ctrl Pts',(101.039367223888,-81.5681141056207,27.929));
#11011=CARTESIAN_POINT('Ctrl Pts',(101.03927039772,-81.5891213612923,27.929));
#11012=CARTESIAN_POINT('Ctrl Pts',(101.036932013197,-81.6102905814194,27.9311864353982));
#11013=CARTESIAN_POINT('Ctrl Pts',(101.027963438844,-81.6513234294519,27.9397595838411));
#11014=CARTESIAN_POINT('Ctrl Pts',(101.021332054123,-81.6711865186586,27.9461476251035));
#11015=CARTESIAN_POINT('Ctrl Pts',(100.996328802357,-81.7268105881644,27.9703491327145));
#11016=CARTESIAN_POINT('Ctrl Pts',(100.972591307087,-81.7585354105929,27.9934588088606));
#11017=CARTESIAN_POINT('Ctrl Pts',(100.938288545247,-81.7916975383595,28.0270267919922));
#11018=CARTESIAN_POINT('Ctrl Pts',(100.928081717281,-81.8003213724589,28.0370313407611));
#11019=CARTESIAN_POINT('Ctrl Pts',(100.917396076496,-81.8081995062925,28.0475244709453));
#11020=CARTESIAN_POINT('Origin',(88.5395,-81.5105000000001,27.929));
#11021=CARTESIAN_POINT('Origin',(90.7702924003186,-93.5048138722765,27.929));
#11022=CARTESIAN_POINT('',(90.8251479511461,-93.7997560166767,27.929));
#11023=CARTESIAN_POINT('',(90.5664600090401,-93.7249328316274,27.929));
#11024=CARTESIAN_POINT('Origin',(88.5395,-81.5105000000001,27.929));
#11025=CARTESIAN_POINT('',(90.9383351539722,-93.7781644029771,27.929));
#11026=CARTESIAN_POINT('Origin',(90.8807631102769,-93.4837404573056,27.929));
#11027=CARTESIAN_POINT('',(91.1513128681985,-93.6133661819462,27.929));
#11028=CARTESIAN_POINT('Origin',(92.2559880779343,-93.1306426999231,27.929));
#11029=CARTESIAN_POINT('',(92.347377129031,-93.4163839138556,27.929));
#11030=CARTESIAN_POINT('',(92.0813511868871,-93.3745729282372,27.929));
#11031=CARTESIAN_POINT('Origin',(88.5395,-81.5105000000001,27.929));
#11032=CARTESIAN_POINT('',(92.4569656701927,-93.3807764383508,27.929));
#11033=CARTESIAN_POINT('Origin',(92.3629464941081,-93.0958898038304,27.929));
#11034=CARTESIAN_POINT('',(92.6476092976014,-93.1905845149145,27.929));
#11035=CARTESIAN_POINT('Origin',(93.6830725184386,-92.5732149356551,27.929));
#11036=CARTESIAN_POINT('',(93.8095538098756,-92.8452489094827,27.929));
#11037=CARTESIAN_POINT('',(93.5403852557175,-92.8371095075151,27.929));
#11038=CARTESIAN_POINT('Origin',(88.5395,-81.5105000000001,27.929));
#11039=CARTESIAN_POINT('',(93.9138154126137,-92.7961871233322,27.929));
#11040=CARTESIAN_POINT('Origin',(93.7848318427109,-92.5253306323723,27.929));
#11041=CARTESIAN_POINT('',(94.0791183893157,-92.5836009377383,27.929));
#11042=CARTESIAN_POINT('Origin',(95.0290397477058,-91.8413215483063,27.929));
#11043=CARTESIAN_POINT('',(95.1886185939608,-92.0953581437565,27.929));
#11044=CARTESIAN_POINT('',(94.9205523766811,-92.121018688671,27.929));
#11045=CARTESIAN_POINT('Origin',(88.5395,-81.5105000000001,27.929));
#11046=CARTESIAN_POINT('',(95.2859089905172,-92.0336157806361,27.929));
#11047=CARTESIAN_POINT('Origin',(95.1239951747448,-91.7810610019008,27.929));
#11048=CARTESIAN_POINT('',(95.4232643898227,-91.8019879440241,27.929));
#11049=CARTESIAN_POINT('Origin',(96.2726630584885,-90.9465049338071,27.929));
#11050=CARTESIAN_POINT('',(96.4628228058284,-91.1785378420154,27.929));
#11051=CARTESIAN_POINT('',(96.2000864898086,-91.2375936516899,27.929));
#11052=CARTESIAN_POINT('Origin',(88.5395,-81.5105000000001,27.929));
#11053=CARTESIAN_POINT('',(96.5516076685309,-91.1050886158746,27.929));
#11054=CARTESIAN_POINT('Origin',(96.3593170844862,-90.8748184890937,27.929));
#11055=CARTESIAN_POINT('',(96.6588493137408,-90.8580720375957,27.929));
#11056=CARTESIAN_POINT('Origin',(97.3943297682712,-89.9028768847056,27.929));
#11057=CARTESIAN_POINT('',(97.6120714838845,-90.1092468081,27.929));
#11058=CARTESIAN_POINT('',(97.3588085777793,-90.2007665371375,27.929));
#11059=CARTESIAN_POINT('Origin',(88.5395,-81.5105000000001,27.929));
#11060=CARTESIAN_POINT('',(97.6909506224108,-90.0252490571114,27.929));
#11061=CARTESIAN_POINT('Origin',(97.471315807473,-89.8208950797407,27.929));
#11062=CARTESIAN_POINT('',(97.766387248717,-89.7667393361655,27.929));
#11063=CARTESIAN_POINT('Origin',(98.3763505229894,-88.7268960387693,27.929));
#11064=CARTESIAN_POINT('',(98.6182402899482,-88.9043484003784,27.929));
#11065=CARTESIAN_POINT('',(98.3784449010788,-89.0268887279809,27.929));
#11066=CARTESIAN_POINT('Origin',(88.5395,-81.5105000000001,27.929));
#11067=CARTESIAN_POINT('',(98.6859697331636,-88.811126819253,27.929));
#11068=CARTESIAN_POINT('Origin',(98.4424544595677,-88.6359117755909,27.929));
#11069=CARTESIAN_POINT('',(98.7284116599056,-88.5452008083658,27.929));
#11070=CARTESIAN_POINT('Origin',(99.2032382687104,-87.4371083164355,27.929));
#11071=CARTESIAN_POINT('',(99.4654613408918,-87.5828445865118,27.929));
#11072=CARTESIAN_POINT('',(99.2429151857876,-87.734472978511,27.929));
#11073=CARTESIAN_POINT('Origin',(88.5395,-81.5105000000001,27.929));
#11074=CARTESIAN_POINT('',(99.5209729550173,-87.4818693352719,27.929));
#11075=CARTESIAN_POINT('Origin',(99.2574176040969,-87.3385564712254,27.929));
#11076=CARTESIAN_POINT('',(99.5297508476568,-87.2127208464915,27.929));
#11077=CARTESIAN_POINT('Origin',(99.8619524917254,-86.0538544405675,27.929));
#11078=CARTESIAN_POINT('',(100.140373454637,-86.1655762710732,27.929));
#11079=CARTESIAN_POINT('',(99.9385862191061,-86.3439014571488,27.929));
#11080=CARTESIAN_POINT('Origin',(88.5395,-81.5105000000001,27.929));
#11081=CARTESIAN_POINT('',(100.182791788356,-86.0584397897505,27.929));
#11082=CARTESIAN_POINT('Origin',(99.9033527854358,-85.9492892347965,27.929));
#11083=CARTESIAN_POINT('',(100.157767214283,-85.7903134555266,27.929));
#11084=CARTESIAN_POINT('Origin',(100.34210487524,-84.5989491511032,27.929));
#11085=CARTESIAN_POINT('',(100.632332863976,-84.674894622032,27.929));
#11086=CARTESIAN_POINT('',(100.454486853265,-84.8771043074733,27.929));
#11087=CARTESIAN_POINT('Origin',(88.5395,-81.5105000000001,27.929));
#11088=CARTESIAN_POINT('',(100.660988954828,-84.5632865169371,27.929));
#11089=CARTESIAN_POINT('Origin',(100.370073219912,-84.4900196405306,27.929));
#11090=CARTESIAN_POINT('',(100.602556566523,-84.3004108497312,27.929));
#11091=CARTESIAN_POINT('Origin',(100.636123129339,-83.0953371735761,27.929));
#11092=CARTESIAN_POINT('',(100.933581075142,-83.1343085794837,27.929));
#11093=CARTESIAN_POINT('',(100.78248102708,-83.3572137967571,27.929));
#11094=CARTESIAN_POINT('Origin',(88.5395,-81.5105000000001,27.929));
#11095=CARTESIAN_POINT('',(100.948022999455,-83.0199889771053,27.929));
#11096=CARTESIAN_POINT('Origin',(100.650218447468,-82.9837612416548,27.929));
#11097=CARTESIAN_POINT('',(100.857104310589,-82.7665096832236,27.929));
#11098=CARTESIAN_POINT('Origin',(100.739370410515,-81.5667313670858,27.929));
#11099=CARTESIAN_POINT('',(101.039367223888,-81.5681141056207,27.929));
#11100=CARTESIAN_POINT('',(100.917396076496,-81.8081995062925,27.929));
#11101=CARTESIAN_POINT('Origin',(88.5395,-81.5105000000001,27.929));
#11102=CARTESIAN_POINT('',(101.039367223888,-81.4528858943797,27.929));
#11103=CARTESIAN_POINT('Origin',(100.739370410515,-81.4542686329146,27.929));
#11104=CARTESIAN_POINT('',(100.917396076496,-81.2128004937078,27.929));
#11105=CARTESIAN_POINT('Origin',(100.650218447468,-80.0372387583455,27.929));
#11106=CARTESIAN_POINT('',(100.948022999455,-80.001011022895,27.929));
#11107=CARTESIAN_POINT('',(100.857104310589,-80.2544903167767,27.929));
#11108=CARTESIAN_POINT('Origin',(88.5395,-81.5105000000001,27.929));
#11109=CARTESIAN_POINT('',(100.933581075142,-79.8866914205166,27.929));
#11110=CARTESIAN_POINT('Origin',(100.636123129339,-79.9256628264242,27.929));
#11111=CARTESIAN_POINT('',(100.78248102708,-79.6637862032433,27.929));
#11112=CARTESIAN_POINT('Origin',(100.370073219912,-78.5309803594697,27.929));
#11113=CARTESIAN_POINT('',(100.660988954828,-78.4577134830632,27.929));
#11114=CARTESIAN_POINT('',(100.602556566523,-78.7205891502691,27.929));
#11115=CARTESIAN_POINT('Origin',(88.5395,-81.5105000000001,27.929));
#11116=CARTESIAN_POINT('',(100.632332863976,-78.3461053779684,27.929));
#11117=CARTESIAN_POINT('Origin',(100.342104875241,-78.4220508488971,27.929));
#11118=CARTESIAN_POINT('',(100.454486853265,-78.1438956925271,27.929));
#11119=CARTESIAN_POINT('Origin',(99.9033527854358,-77.0717107652039,27.929));
#11120=CARTESIAN_POINT('',(100.182791788356,-76.9625602102499,27.929));
#11121=CARTESIAN_POINT('',(100.157767214283,-77.2306865444739,27.929));
#11122=CARTESIAN_POINT('Origin',(88.5395,-81.5105000000001,27.929));
#11123=CARTESIAN_POINT('',(100.140373454637,-76.8554237289272,27.929));
#11124=CARTESIAN_POINT('Origin',(99.8619524917254,-76.9671455594329,27.929));
#11125=CARTESIAN_POINT('',(99.9385862191061,-76.6770985428516,27.929));
#11126=CARTESIAN_POINT('Origin',(99.2574176040969,-75.6824435287749,27.929));
#11127=CARTESIAN_POINT('',(99.5209729550173,-75.5391306647284,27.929));
#11128=CARTESIAN_POINT('',(99.5297508476567,-75.8082791535088,27.929));
#11129=CARTESIAN_POINT('Origin',(88.5395,-81.5105000000001,27.929));
#11130=CARTESIAN_POINT('',(99.4654613408919,-75.4381554134885,27.929));
#11131=CARTESIAN_POINT('Origin',(99.2032382687104,-75.5838916835648,27.929));
#11132=CARTESIAN_POINT('',(99.2429151857876,-75.2865270214893,27.929));
#11133=CARTESIAN_POINT('Origin',(98.4424544595677,-74.3850882244094,27.929));
#11134=CARTESIAN_POINT('',(98.6859697331636,-74.2098731807473,27.929));
#11135=CARTESIAN_POINT('',(98.7284116599056,-74.4757991916345,27.929));
#11136=CARTESIAN_POINT('Origin',(88.5395,-81.5105000000001,27.929));
#11137=CARTESIAN_POINT('',(98.6182402899483,-74.1166515996221,27.929));
#11138=CARTESIAN_POINT('Origin',(98.3763505229895,-74.2941039612311,27.929));
#11139=CARTESIAN_POINT('',(98.3784449010789,-73.9941112720195,27.929));
#11140=CARTESIAN_POINT('Origin',(97.471315807473,-73.2001049202596,27.929));
#11141=CARTESIAN_POINT('',(97.6909506224109,-72.995750942889,27.929));
#11142=CARTESIAN_POINT('',(97.766387248717,-73.2542606638348,27.929));
#11143=CARTESIAN_POINT('Origin',(88.5395,-81.5105000000001,27.929));
#11144=CARTESIAN_POINT('',(97.6120714838845,-72.9117531919004,27.929));
#11145=CARTESIAN_POINT('Origin',(97.3943297682713,-73.1181231152948,27.929));
#11146=CARTESIAN_POINT('',(97.3588085777794,-72.8202334628629,27.929));
#11147=CARTESIAN_POINT('Origin',(96.3593170844862,-72.1461815109067,27.929));
#11148=CARTESIAN_POINT('',(96.551607668531,-71.9159113841257,27.929));
#11149=CARTESIAN_POINT('',(96.6588493137408,-72.1629279624047,27.929));
#11150=CARTESIAN_POINT('Origin',(88.5395,-81.5105000000001,27.929));
#11151=CARTESIAN_POINT('',(96.4628228058285,-71.842462157985,27.929));
#11152=CARTESIAN_POINT('Origin',(96.2726630584886,-72.0744950661933,27.929));
#11153=CARTESIAN_POINT('',(96.2000864898087,-71.7834063483105,27.929));
#11154=CARTESIAN_POINT('Origin',(95.1239951747449,-71.2399389980995,27.929));
#11155=CARTESIAN_POINT('',(95.2859089905173,-70.9873842193643,27.929));
#11156=CARTESIAN_POINT('',(95.4232643898228,-71.2190120559763,27.929));
#11157=CARTESIAN_POINT('Origin',(88.5395,-81.5105000000001,27.929));
#11158=CARTESIAN_POINT('',(95.1886185939609,-70.9256418562438,27.929));
#11159=CARTESIAN_POINT('Origin',(95.0290397477058,-71.179678451694,27.929));
#11160=CARTESIAN_POINT('',(94.9205523766811,-70.8999813113294,27.929));
#11161=CARTESIAN_POINT('Origin',(93.7848318427109,-70.495669367628,27.929));
#11162=CARTESIAN_POINT('',(93.9138154126136,-70.2248128766681,27.929));
#11163=CARTESIAN_POINT('',(94.0791183893156,-70.437399062262,27.929));
#11164=CARTESIAN_POINT('Origin',(88.5395,-81.5105000000001,27.929));
#11165=CARTESIAN_POINT('',(93.8095538098757,-70.1757510905176,27.929));
#11166=CARTESIAN_POINT('Origin',(93.6830725184386,-70.4477850643452,27.929));
#11167=CARTESIAN_POINT('',(93.5403852557175,-70.1838904924852,27.929));
#11168=CARTESIAN_POINT('Origin',(92.3629464941081,-69.92511019617,27.929));
#11169=CARTESIAN_POINT('',(92.4569656701928,-69.6402235616495,27.929));
#11170=CARTESIAN_POINT('',(92.6476092976015,-69.8304154850858,27.929));
#11171=CARTESIAN_POINT('Origin',(88.5395,-81.5105000000001,27.929));
#11172=CARTESIAN_POINT('',(92.3473771290311,-69.6046160861447,27.929));
#11173=CARTESIAN_POINT('Origin',(92.2559880779343,-69.8903573000772,27.929));
#11174=CARTESIAN_POINT('',(92.0813511868871,-69.6464270717631,27.929));
#11175=CARTESIAN_POINT('Origin',(90.880763110277,-69.5372595426947,27.929));
#11176=CARTESIAN_POINT('',(90.9383351539723,-69.2428355970233,27.929));
#11177=CARTESIAN_POINT('',(91.1513128681985,-69.4076338180541,27.929));
#11178=CARTESIAN_POINT('Origin',(88.5395,-81.5105000000001,27.929));
#11179=CARTESIAN_POINT('',(90.8251479511462,-69.2212439833236,27.929));
#11180=CARTESIAN_POINT('Origin',(90.7702924003187,-69.5161861277238,27.929));
#11181=CARTESIAN_POINT('',(90.5664600090402,-69.296067168373,27.929));
#11182=CARTESIAN_POINT('Origin',(89.361656608594,-69.3382340436983,27.929));
#11183=CARTESIAN_POINT('',(89.3818735743791,-69.0389160283794,27.929));
#11184=CARTESIAN_POINT('',(89.6138265896427,-69.1757215806135,27.929));
#11185=CARTESIAN_POINT('Origin',(88.5395,-81.5105000000001,27.929));
#11186=CARTESIAN_POINT('',(89.2668727396917,-69.0316807891311,27.929));
#11187=CARTESIAN_POINT('Origin',(89.2494157939391,-69.331172450192,27.929));
#11188=CARTESIAN_POINT('',(89.0196024610034,-69.138336167286,27.929));
#11189=CARTESIAN_POINT('Origin',(87.8295842060609,-69.331172450192,27.929));
#11190=CARTESIAN_POINT('',(87.8121272603083,-69.0316807891311,27.929));
#11191=CARTESIAN_POINT('',(88.0593975389966,-69.138336167286,27.929));
#11192=CARTESIAN_POINT('Origin',(88.5395,-81.5105000000001,27.929));
#11193=CARTESIAN_POINT('',(87.6971264256211,-69.0389160283794,27.929));
#11194=CARTESIAN_POINT('Origin',(87.7173433914062,-69.3382340436983,27.929));
#11195=CARTESIAN_POINT('',(87.4651734103574,-69.1757215806135,27.929));
#11196=CARTESIAN_POINT('Origin',(86.3087075996815,-69.5161861277238,27.929));
#11197=CARTESIAN_POINT('',(86.253852048854,-69.2212439833236,27.929));
#11198=CARTESIAN_POINT('',(86.51253999096,-69.2960671683729,27.929));
#11199=CARTESIAN_POINT('Origin',(88.5395,-81.5105000000001,27.929));
#11200=CARTESIAN_POINT('',(86.1406648460277,-69.2428355970233,27.929));
#11201=CARTESIAN_POINT('Origin',(86.198236889723,-69.5372595426947,27.929));
#11202=CARTESIAN_POINT('',(85.9276871318015,-69.4076338180541,27.929));
#11203=CARTESIAN_POINT('Origin',(84.8230119220657,-69.8903573000772,27.929));
#11204=CARTESIAN_POINT('',(84.731622870969,-69.6046160861447,27.929));
#11205=CARTESIAN_POINT('',(84.9976488131129,-69.6464270717631,27.929));
#11206=CARTESIAN_POINT('Origin',(88.5395,-81.5105000000001,27.929));
#11207=CARTESIAN_POINT('',(84.6220343298074,-69.6402235616495,27.929));
#11208=CARTESIAN_POINT('Origin',(84.716053505892,-69.92511019617,27.929));
#11209=CARTESIAN_POINT('',(84.4313907023987,-69.8304154850858,27.929));
#11210=CARTESIAN_POINT('Origin',(83.3959274815615,-70.4477850643452,27.929));
#11211=CARTESIAN_POINT('',(83.2694461901244,-70.1757510905176,27.929));
#11212=CARTESIAN_POINT('',(83.5386147442825,-70.1838904924852,27.929));
#11213=CARTESIAN_POINT('Origin',(88.5395,-81.5105000000001,27.929));
#11214=CARTESIAN_POINT('',(83.1651845873864,-70.2248128766681,27.929));
#11215=CARTESIAN_POINT('Origin',(83.2941681572891,-70.495669367628,27.929));
#11216=CARTESIAN_POINT('',(82.9998816106844,-70.437399062262,27.929));
#11217=CARTESIAN_POINT('Origin',(82.0499602522942,-71.179678451694,27.929));
#11218=CARTESIAN_POINT('',(81.8903814060391,-70.9256418562439,27.929));
#11219=CARTESIAN_POINT('',(82.1584476233188,-70.8999813113294,27.929));
#11220=CARTESIAN_POINT('Origin',(88.5395,-81.5105000000001,27.929));
#11221=CARTESIAN_POINT('',(81.793091009483,-70.9873842193641,27.929));
#11222=CARTESIAN_POINT('Origin',(81.9550048252554,-71.2399389980994,27.929));
#11223=CARTESIAN_POINT('',(81.6557356101774,-71.2190120559762,27.929));
#11224=CARTESIAN_POINT('Origin',(80.8063369415115,-72.0744950661932,27.929));
#11225=CARTESIAN_POINT('',(80.6161771941716,-71.8424621579849,27.929));
#11226=CARTESIAN_POINT('',(80.8789135101914,-71.7834063483104,27.929));
#11227=CARTESIAN_POINT('Origin',(88.5395,-81.5105000000001,27.929));
#11228=CARTESIAN_POINT('',(80.5273923314692,-71.9159113841256,27.929));
#11229=CARTESIAN_POINT('Origin',(80.719682915514,-72.1461815109066,27.929));
#11230=CARTESIAN_POINT('',(80.4201506862594,-72.1629279624045,27.929));
#11231=CARTESIAN_POINT('Origin',(79.6846702317287,-73.1181231152948,27.929));
#11232=CARTESIAN_POINT('',(79.4669285161155,-72.9117531919004,27.929));
#11233=CARTESIAN_POINT('',(79.7201914222207,-72.8202334628629,27.929));
#11234=CARTESIAN_POINT('Origin',(88.5395,-81.5105000000001,27.929));
#11235=CARTESIAN_POINT('',(79.3880493775893,-72.9957509428888,27.929));
#11236=CARTESIAN_POINT('Origin',(79.6076841925272,-73.2001049202595,27.929));
#11237=CARTESIAN_POINT('',(79.3126127512831,-73.2542606638346,27.929));
#11238=CARTESIAN_POINT('Origin',(78.7026494770106,-74.2941039612311,27.929));
#11239=CARTESIAN_POINT('',(78.4607597100518,-74.116651599622,27.929));
#11240=CARTESIAN_POINT('',(78.7005550989212,-73.9941112720195,27.929));
#11241=CARTESIAN_POINT('Origin',(88.5395,-81.5105000000001,27.929));
#11242=CARTESIAN_POINT('',(78.3930302668364,-74.2098731807472,27.929));
#11243=CARTESIAN_POINT('Origin',(78.6365455404323,-74.3850882244093,27.929));
#11244=CARTESIAN_POINT('',(78.3505883400944,-74.4757991916344,27.929));
#11245=CARTESIAN_POINT('Origin',(77.8757617312896,-75.5838916835648,27.929));
#11246=CARTESIAN_POINT('',(77.6135386591082,-75.4381554134885,27.929));
#11247=CARTESIAN_POINT('',(77.8360848142124,-75.2865270214893,27.929));
#11248=CARTESIAN_POINT('Origin',(88.5395,-81.5105000000001,27.929));
#11249=CARTESIAN_POINT('',(77.5580270449827,-75.5391306647285,27.929));
#11250=CARTESIAN_POINT('Origin',(77.8215823959031,-75.682443528775,27.929));
#11251=CARTESIAN_POINT('',(77.5492491523433,-75.8082791535088,27.929));
#11252=CARTESIAN_POINT('Origin',(77.2170475082746,-76.9671455594329,27.929));
#11253=CARTESIAN_POINT('',(76.9386265453633,-76.8554237289272,27.929));
#11254=CARTESIAN_POINT('',(77.1404137808939,-76.6770985428516,27.929));
#11255=CARTESIAN_POINT('Origin',(88.5395,-81.5105000000001,27.929));
#11256=CARTESIAN_POINT('',(76.8962082116437,-76.9625602102498,27.929));
#11257=CARTESIAN_POINT('Origin',(77.1756472145642,-77.0717107652038,27.929));
#11258=CARTESIAN_POINT('',(76.9212327857173,-77.2306865444738,27.929));
#11259=CARTESIAN_POINT('Origin',(76.7368951247595,-78.4220508488971,27.929));
#11260=CARTESIAN_POINT('',(76.4466671360241,-78.3461053779684,27.929));
#11261=CARTESIAN_POINT('',(76.6245131467347,-78.1438956925271,27.929));
#11262=CARTESIAN_POINT('Origin',(88.5395,-81.5105000000001,27.929));
#11263=CARTESIAN_POINT('',(76.4180110451724,-78.4577134830632,27.929));
#11264=CARTESIAN_POINT('Origin',(76.7089267800883,-78.5309803594697,27.929));
#11265=CARTESIAN_POINT('',(76.476443433477,-78.7205891502691,27.929));
#11266=CARTESIAN_POINT('Origin',(76.4428768706613,-79.9256628264243,27.929));
#11267=CARTESIAN_POINT('',(76.1454189248579,-79.8866914205167,27.929));
#11268=CARTESIAN_POINT('',(76.2965189729197,-79.6637862032433,27.929));
#11269=CARTESIAN_POINT('Origin',(88.5395,-81.5105000000001,27.929));
#11270=CARTESIAN_POINT('',(76.1309770005452,-80.0010110228949,27.929));
#11271=CARTESIAN_POINT('Origin',(76.4287815525322,-80.0372387583455,27.929));
#11272=CARTESIAN_POINT('',(76.2218956894115,-80.2544903167767,27.929));
#11273=CARTESIAN_POINT('Origin',(76.3396295894852,-81.4542686329147,27.929));
#11274=CARTESIAN_POINT('',(76.0396327761119,-81.4528858943798,27.929));
#11275=CARTESIAN_POINT('',(76.1616039235041,-81.2128004937079,27.929));
#11276=CARTESIAN_POINT('Origin',(88.5395,-81.5105000000001,27.929));
#11277=CARTESIAN_POINT('',(76.0396327761119,-81.5681141056206,27.929));
#11278=CARTESIAN_POINT('Origin',(76.3396295894852,-81.5667313670857,27.929));
#11279=CARTESIAN_POINT('',(76.1616039235041,-81.8081995062924,27.929));
#11280=CARTESIAN_POINT('Origin',(76.4287815525322,-82.983761241655,27.929));
#11281=CARTESIAN_POINT('',(76.1309770005453,-83.0199889771055,27.929));
#11282=CARTESIAN_POINT('',(76.2218956894115,-82.7665096832237,27.929));
#11283=CARTESIAN_POINT('Origin',(88.5395,-81.5105000000001,27.929));
#11284=CARTESIAN_POINT('',(76.1454189248579,-83.1343085794837,27.929));
#11285=CARTESIAN_POINT('Origin',(76.4428768706613,-83.0953371735761,27.929));
#11286=CARTESIAN_POINT('',(76.2965189729197,-83.357213796757,27.929));
#11287=CARTESIAN_POINT('Origin',(76.7089267800883,-84.4900196405307,27.929));
#11288=CARTESIAN_POINT('',(76.4180110451724,-84.5632865169372,27.929));
#11289=CARTESIAN_POINT('',(76.476443433477,-84.3004108497312,27.929));
#11290=CARTESIAN_POINT('Origin',(88.5395,-81.5105000000001,27.929));
#11291=CARTESIAN_POINT('',(76.4466671360241,-84.674894622032,27.929));
#11292=CARTESIAN_POINT('Origin',(76.7368951247595,-84.5989491511033,27.929));
#11293=CARTESIAN_POINT('',(76.6245131467348,-84.8771043074733,27.929));
#11294=CARTESIAN_POINT('Origin',(77.1756472145643,-85.9492892347965,27.929));
#11295=CARTESIAN_POINT('',(76.8962082116437,-86.0584397897505,27.929));
#11296=CARTESIAN_POINT('',(76.9212327857174,-85.7903134555266,27.929));
#11297=CARTESIAN_POINT('Origin',(88.5395,-81.5105000000001,27.929));
#11298=CARTESIAN_POINT('',(76.9386265453634,-86.1655762710732,27.929));
#11299=CARTESIAN_POINT('Origin',(77.2170475082747,-86.0538544405675,27.929));
#11300=CARTESIAN_POINT('',(77.1404137808939,-86.3439014571488,27.929));
#11301=CARTESIAN_POINT('Origin',(77.8215823959032,-87.3385564712255,27.929));
#11302=CARTESIAN_POINT('',(77.5580270449828,-87.481869335272,27.929));
#11303=CARTESIAN_POINT('',(77.5492491523433,-87.2127208464916,27.929));
#11304=CARTESIAN_POINT('Origin',(88.5395,-81.5105000000001,27.929));
#11305=CARTESIAN_POINT('',(77.6135386591082,-87.5828445865118,27.929));
#11306=CARTESIAN_POINT('Origin',(77.8757617312896,-87.4371083164355,27.929));
#11307=CARTESIAN_POINT('',(77.8360848142124,-87.734472978511,27.929));
#11308=CARTESIAN_POINT('Origin',(78.6365455404323,-88.635911775591,27.929));
#11309=CARTESIAN_POINT('',(78.3930302668364,-88.8111268192531,27.929));
#11310=CARTESIAN_POINT('',(78.3505883400944,-88.5452008083659,27.929));
#11311=CARTESIAN_POINT('Origin',(88.5395,-81.5105000000001,27.929));
#11312=CARTESIAN_POINT('',(78.4607597100518,-88.9043484003784,27.929));
#11313=CARTESIAN_POINT('Origin',(78.7026494770106,-88.7268960387693,27.929));
#11314=CARTESIAN_POINT('',(78.7005550989212,-89.0268887279809,27.929));
#11315=CARTESIAN_POINT('Origin',(79.6076841925271,-89.8208950797408,27.929));
#11316=CARTESIAN_POINT('',(79.3880493775892,-90.0252490571114,27.929));
#11317=CARTESIAN_POINT('',(79.3126127512831,-89.7667393361656,27.929));
#11318=CARTESIAN_POINT('Origin',(88.5395,-81.5105000000001,27.929));
#11319=CARTESIAN_POINT('',(79.4669285161156,-90.1092468081,27.929));
#11320=CARTESIAN_POINT('Origin',(79.6846702317288,-89.9028768847056,27.929));
#11321=CARTESIAN_POINT('',(79.7201914222207,-90.2007665371375,27.929));
#11322=CARTESIAN_POINT('Origin',(80.7196829155139,-90.8748184890937,27.929));
#11323=CARTESIAN_POINT('',(80.5273923314691,-91.1050886158746,27.929));
#11324=CARTESIAN_POINT('',(80.4201506862593,-90.8580720375957,27.929));
#11325=CARTESIAN_POINT('Origin',(88.5395,-81.5105000000001,27.929));
#11326=CARTESIAN_POINT('',(80.6161771941716,-91.1785378420154,27.929));
#11327=CARTESIAN_POINT('Origin',(80.8063369415115,-90.946504933807,27.929));
#11328=CARTESIAN_POINT('',(80.8789135101914,-91.2375936516898,27.929));
#11329=CARTESIAN_POINT('Origin',(81.9550048252552,-91.7810610019008,27.929));
#11330=CARTESIAN_POINT('',(81.7930910094829,-92.0336157806361,27.929));
#11331=CARTESIAN_POINT('',(81.6557356101773,-91.8019879440241,27.929));
#11332=CARTESIAN_POINT('Origin',(88.5395,-81.5105000000001,27.929));
#11333=CARTESIAN_POINT('',(81.8903814060391,-92.0953581437564,27.929));
#11334=CARTESIAN_POINT('Origin',(82.0499602522942,-91.8413215483063,27.929));
#11335=CARTESIAN_POINT('',(82.1584476233188,-92.121018688671,27.929));
#11336=CARTESIAN_POINT('Origin',(83.2941681572891,-92.5253306323723,27.929));
#11337=CARTESIAN_POINT('',(83.1651845873864,-92.7961871233322,27.929));
#11338=CARTESIAN_POINT('',(82.9998816106844,-92.5836009377383,27.929));
#11339=CARTESIAN_POINT('Origin',(88.5395,-81.5105000000001,27.929));
#11340=CARTESIAN_POINT('',(83.2694461901244,-92.8452489094827,27.929));
#11341=CARTESIAN_POINT('Origin',(83.3959274815615,-92.5732149356551,27.929));
#11342=CARTESIAN_POINT('',(83.5386147442825,-92.8371095075151,27.929));
#11343=CARTESIAN_POINT('Origin',(84.716053505892,-93.0958898038304,27.929));
#11344=CARTESIAN_POINT('',(84.6220343298074,-93.3807764383508,27.929));
#11345=CARTESIAN_POINT('',(84.4313907023987,-93.1905845149145,27.929));
#11346=CARTESIAN_POINT('Origin',(88.5395,-81.5105000000001,27.929));
#11347=CARTESIAN_POINT('',(84.731622870969,-93.4163839138556,27.929));
#11348=CARTESIAN_POINT('Origin',(84.8230119220657,-93.1306426999231,27.929));
#11349=CARTESIAN_POINT('',(84.9976488131129,-93.3745729282372,27.929));
#11350=CARTESIAN_POINT('Origin',(86.1982368897231,-93.4837404573056,27.929));
#11351=CARTESIAN_POINT('',(86.1406648460278,-93.7781644029771,27.929));
#11352=CARTESIAN_POINT('',(85.9276871318016,-93.6133661819462,27.929));
#11353=CARTESIAN_POINT('Origin',(88.5395,-81.5105000000001,27.929));
#11354=CARTESIAN_POINT('',(86.253852048854,-93.7997560166768,27.929));
#11355=CARTESIAN_POINT('Origin',(86.3087075996815,-93.5048138722765,27.929));
#11356=CARTESIAN_POINT('',(86.5125399909599,-93.7249328316274,27.929));
#11357=CARTESIAN_POINT('Origin',(87.7173433914061,-93.682765956302,27.929));
#11358=CARTESIAN_POINT('',(87.697126425621,-93.9820839716209,27.929));
#11359=CARTESIAN_POINT('',(87.4651734103574,-93.8452784193868,27.929));
#11360=CARTESIAN_POINT('Origin',(88.5395,-81.5105000000001,27.929));
#11361=CARTESIAN_POINT('',(87.8121272603083,-93.9893192108692,27.929));
#11362=CARTESIAN_POINT('Origin',(90.0964257151602,-93.8348360674364,28.929));
#11363=CARTESIAN_POINT('',(89.760199073762,-93.6181527833233,28.929));
#11364=CARTESIAN_POINT('',(90.3682022368648,-93.5413441216352,28.929));
#11365=CARTESIAN_POINT('Origin',(89.5328240291972,-93.970969789419,28.929));
#11366=CARTESIAN_POINT('Origin',(91.62879778173,-93.5425204621434,28.929));
#11367=CARTESIAN_POINT('',(91.2680647711679,-93.3696861626226,28.929));
#11368=CARTESIAN_POINT('',(91.8616469697929,-93.2172801577246,28.929));
#11369=CARTESIAN_POINT('Origin',(91.0867023429737,-93.7482187508111,28.929));
#11370=CARTESIAN_POINT('Origin',(93.1124497768248,-93.0604527065819,28.929));
#11371=CARTESIAN_POINT('',(92.732899372167,-92.9341930918031,28.929));
#11372=CARTESIAN_POINT('',(93.3026994604529,-92.7085932774352,28.929));
#11373=CARTESIAN_POINT('Origin',(92.6004097541765,-93.3324715770441,28.929));
#11374=CARTESIAN_POINT('Origin',(94.5239836221913,-92.3962352972302,28.929));
#11375=CARTESIAN_POINT('',(94.1316015600516,-92.3185415567422,28.929));
#11376=CARTESIAN_POINT('',(94.6686334502241,-92.023305776744,28.929));
#11377=CARTESIAN_POINT('Origin',(94.0500741926861,-92.7302848494036,28.929));
#11378=CARTESIAN_POINT('Origin',(95.8411385858787,-91.5603433394182,28.929));
#11379=CARTESIAN_POINT('',(95.4421129657747,-91.5324407499206,28.929));
#11380=CARTESIAN_POINT('',(95.9379073441185,-91.1722250489078,28.929));
#11381=CARTESIAN_POINT('Origin',(95.4128335843196,-91.9511554123134,28.929));
#11382=CARTESIAN_POINT('Origin',(97.0431423472792,-90.5659593486582,28.929));
#11383=CARTESIAN_POINT('',(96.6437660416064,-90.5882879506554,28.929));
#11384=CARTESIAN_POINT('',(97.0905039346018,-90.1687731454155,28.929));
#11385=CARTESIAN_POINT('Origin',(96.6671963993978,-91.0073706024258,28.929));
#11386=CARTESIAN_POINT('Origin',(98.1110385890335,-89.4287653545005,28.929));
#11387=CARTESIAN_POINT('',(97.7176100007082,-89.5009730126008,28.929));
#11388=CARTESIAN_POINT('',(98.1082460849144,-89.0287751022184,28.929));
#11389=CARTESIAN_POINT('Origin',(97.7933805870072,-89.9138144699824,28.929));
#11390=CARTESIAN_POINT('Origin',(99.0279859494786,-88.1666955855599,28.929));
#11391=CARTESIAN_POINT('',(98.6467096823614,-88.2876435418601,28.929));
#11392=CARTESIAN_POINT('',(98.9750833933758,-87.7702093694593,28.929));
#11393=CARTESIAN_POINT('Origin',(98.773625549759,-88.6877330484507,28.929));
#11394=CARTESIAN_POINT('Origin',(99.7795236209828,-86.7996536360166,28.929));
#11395=CARTESIAN_POINT('',(99.4164126295696,-86.9674344689951,28.929));
#11396=CARTESIAN_POINT('',(99.6773453178085,-86.4129242805748,28.929));
#11397=CARTESIAN_POINT('Origin',(99.5924722390209,-87.3484623742737,28.929));
#11398=CARTESIAN_POINT('Origin',(100.353799405519,-85.3491985740461,28.929));
#11399=CARTESIAN_POINT('',(100.014580167057,-85.5611662797394,28.929));
#11400=CARTESIAN_POINT('',(100.203956768153,-84.9783250322194,28.929));
#11401=CARTESIAN_POINT('Origin',(100.237006953348,-85.9171235460248,28.929));
#11402=CARTESIAN_POINT('Origin',(100.741756630911,-83.8382049424355,28.929));
#11403=CARTESIAN_POINT('',(100.431778835429,-84.0910166635015,28.929));
#11404=CARTESIAN_POINT('',(100.546612767255,-83.4890361115276,28.929));
#11405=CARTESIAN_POINT('Origin',(100.697064995269,-84.4162896320657,28.929));
#11406=CARTESIAN_POINT('Origin',(100.937276979957,-82.2905020133792,28.929));
#11407=CARTESIAN_POINT('',(100.661429162463,-82.5801707579541,28.929));
#11408=CARTESIAN_POINT('',(100.699909425316,-81.9685444944368,28.929));
#11409=CARTESIAN_POINT('Origin',(100.965390974637,-82.8696296797743,28.929));
#11410=CARTESIAN_POINT('Origin',(100.937276979957,-80.7304979866212,28.929));
#11411=CARTESIAN_POINT('',(100.699909425316,-81.0524555055636,28.929));
#11412=CARTESIAN_POINT('',(100.661429162463,-80.4408292420462,28.929));
#11413=CARTESIAN_POINT('Origin',(101.037753230467,-81.3015354405282,28.929));
#11414=CARTESIAN_POINT('Origin',(100.74175663091,-79.1827950575648,28.929));
#11415=CARTESIAN_POINT('',(100.546612767255,-79.5319638884727,28.929));
#11416=CARTESIAN_POINT('',(100.431778835429,-78.9299833364989,28.929));
#11417=CARTESIAN_POINT('Origin',(100.913010566759,-79.7367366972144,28.929));
#11418=CARTESIAN_POINT('Origin',(100.353799405519,-77.6718014259543,28.929));
#11419=CARTESIAN_POINT('',(100.203956768153,-78.042674967781,28.929));
#11420=CARTESIAN_POINT('',(100.014580167057,-77.459833720261,28.929));
#11421=CARTESIAN_POINT('Origin',(100.593130249836,-78.1999112607804,28.929));
#11422=CARTESIAN_POINT('Origin',(99.7795236209827,-76.2213463639837,28.929));
#11423=CARTESIAN_POINT('',(99.6773453178084,-76.6080757194255,28.929));
#11424=CARTESIAN_POINT('',(99.4164126295696,-76.0535655310053,28.929));
#11425=CARTESIAN_POINT('Origin',(100.083156983383,-76.7152957864136,28.929));
#11426=CARTESIAN_POINT('Origin',(99.0279859494786,-74.8543044144404,28.929));
#11427=CARTESIAN_POINT('',(98.9750833933758,-75.250790630541,28.929));
#11428=CARTESIAN_POINT('',(98.6467096823615,-74.7333564581402,28.929));
#11429=CARTESIAN_POINT('Origin',(99.3911333504556,-75.3063035470113,28.929));
#11430=CARTESIAN_POINT('Origin',(98.1110385890335,-73.5922346454999,28.929));
#11431=CARTESIAN_POINT('',(98.1082460849144,-73.9922248977821,28.929));
#11432=CARTESIAN_POINT('',(97.7176100007081,-73.5200269873997,28.929));
#11433=CARTESIAN_POINT('Origin',(98.5279729771402,-73.99515519188,28.929));
#11434=CARTESIAN_POINT('Origin',(97.0431423472792,-72.4550406513422,28.929));
#11435=CARTESIAN_POINT('',(97.0905039346019,-72.8522268545849,28.929));
#11436=CARTESIAN_POINT('',(96.6437660416064,-72.432712049345,28.929));
#11437=CARTESIAN_POINT('Origin',(97.5072884181508,-72.802528313822,28.929));
#11438=CARTESIAN_POINT('Origin',(95.8411385858787,-71.4606566605822,28.929));
#11439=CARTESIAN_POINT('',(95.9379073441186,-71.8487749510926,28.929));
#11440=CARTESIAN_POINT('',(95.4421129657748,-71.4885592500798,28.929));
#11441=CARTESIAN_POINT('Origin',(96.34517647871,-71.7472313511452,28.929));
#11442=CARTESIAN_POINT('Origin',(94.5239836221913,-70.6247647027701,28.929));
#11443=CARTESIAN_POINT('',(94.6686334502241,-70.9976942232563,28.929));
#11444=CARTESIAN_POINT('',(94.1316015600516,-70.7024584432581,28.929));
#11445=CARTESIAN_POINT('Origin',(95.0599643583148,-70.8459069673549,28.929));
#11446=CARTESIAN_POINT('Origin',(93.1124497768248,-69.9605472934184,28.929));
#11447=CARTESIAN_POINT('',(93.3026994604529,-70.3124067225651,28.929));
#11448=CARTESIAN_POINT('',(92.732899372167,-70.0868069081973,28.929));
#11449=CARTESIAN_POINT('Origin',(93.6719206198524,-70.1127695864084,28.929));
#11450=CARTESIAN_POINT('Origin',(91.62879778173,-69.4784795378569,28.929));
#11451=CARTESIAN_POINT('',(91.8616469697929,-69.8037198422757,28.929));
#11452=CARTESIAN_POINT('',(91.2680647711679,-69.6513138373777,28.929));
#11453=CARTESIAN_POINT('Origin',(92.2029355422555,-69.5593812227584,28.929));
#11454=CARTESIAN_POINT('Origin',(90.0964257151603,-69.186163932564,28.929));
#11455=CARTESIAN_POINT('',(90.3682022368649,-69.4796558783652,28.929));
#11456=CARTESIAN_POINT('',(89.760199073762,-69.4028472166771,28.929));
#11457=CARTESIAN_POINT('Origin',(90.6761758977269,-69.1944691414779,28.929));
#11458=CARTESIAN_POINT('Origin',(88.5395,-69.088210469256,28.929));
#11459=CARTESIAN_POINT('',(88.8459177772476,-69.3453255131306,28.929));
#11460=CARTESIAN_POINT('',(88.2330822227524,-69.3453255131306,28.929));
#11461=CARTESIAN_POINT('Origin',(89.1157195979028,-69.0237882240764,28.929));
#11462=CARTESIAN_POINT('Origin',(86.98257428484,-69.186163932564,28.929));
#11463=CARTESIAN_POINT('',(87.3188009262382,-69.4028472166771,28.929));
#11464=CARTESIAN_POINT('',(86.7107977631353,-69.4796558783651,28.929));
#11465=CARTESIAN_POINT('Origin',(87.5461759708029,-69.0500302105813,28.929));
#11466=CARTESIAN_POINT('Origin',(85.4502022182701,-69.4784795378569,28.929));
#11467=CARTESIAN_POINT('',(85.8109352288321,-69.6513138373777,28.929));
#11468=CARTESIAN_POINT('',(85.2173530302072,-69.8037198422757,28.929));
#11469=CARTESIAN_POINT('Origin',(85.9922976570263,-69.2727812491892,28.929));
#11470=CARTESIAN_POINT('Origin',(83.9665502231753,-69.9605472934185,28.929));
#11471=CARTESIAN_POINT('',(84.3461006278331,-70.0868069081973,28.929));
#11472=CARTESIAN_POINT('',(83.7763005395472,-70.3124067225651,28.929));
#11473=CARTESIAN_POINT('Origin',(84.4785902458236,-69.6885284229563,28.929));
#11474=CARTESIAN_POINT('Origin',(82.5550163778087,-70.6247647027701,28.929));
#11475=CARTESIAN_POINT('',(82.9473984399484,-70.7024584432581,28.929));
#11476=CARTESIAN_POINT('',(82.4103665497759,-70.9976942232563,28.929));
#11477=CARTESIAN_POINT('Origin',(83.0289258073139,-70.2907151505968,28.929));
#11478=CARTESIAN_POINT('Origin',(81.2378614141215,-71.4606566605821,28.929));
#11479=CARTESIAN_POINT('',(81.6368870342254,-71.4885592500798,28.929));
#11480=CARTESIAN_POINT('',(81.1410926558816,-71.8487749510925,28.929));
#11481=CARTESIAN_POINT('Origin',(81.6661664156806,-71.0698445876869,28.929));
#11482=CARTESIAN_POINT('Origin',(80.0358576527209,-72.4550406513423,28.929));
#11483=CARTESIAN_POINT('',(80.4352339583938,-72.432712049345,28.929));
#11484=CARTESIAN_POINT('',(79.9884960653984,-72.8522268545849,28.929));
#11485=CARTESIAN_POINT('Origin',(80.4118036006023,-72.0136293975746,28.929));
#11486=CARTESIAN_POINT('Origin',(78.9679614109666,-73.5922346454998,28.929));
#11487=CARTESIAN_POINT('',(79.361389999292,-73.5200269873996,28.929));
#11488=CARTESIAN_POINT('',(78.9707539150858,-73.992224897782,28.929));
#11489=CARTESIAN_POINT('Origin',(79.285619412993,-73.1071855300179,28.929));
#11490=CARTESIAN_POINT('Origin',(78.0510140505214,-74.8543044144404,28.929));
#11491=CARTESIAN_POINT('',(78.4322903176386,-74.7333564581402,28.929));
#11492=CARTESIAN_POINT('',(78.1039166066243,-75.250790630541,28.929));
#11493=CARTESIAN_POINT('Origin',(78.3053744502411,-74.3332669515497,28.929));
#11494=CARTESIAN_POINT('Origin',(77.2994763790173,-76.2213463639837,28.929));
#11495=CARTESIAN_POINT('',(77.6625873704304,-76.0535655310053,28.929));
#11496=CARTESIAN_POINT('',(77.4016546821916,-76.6080757194255,28.929));
#11497=CARTESIAN_POINT('Origin',(77.4865277609791,-75.6725376257267,28.929));
#11498=CARTESIAN_POINT('Origin',(76.7252005944808,-77.6718014259543,28.929));
#11499=CARTESIAN_POINT('',(77.0644198329433,-77.459833720261,28.929));
#11500=CARTESIAN_POINT('',(76.8750432318471,-78.042674967781,28.929));
#11501=CARTESIAN_POINT('Origin',(76.8419930466522,-77.1038764539756,28.929));
#11502=CARTESIAN_POINT('Origin',(76.3372433690895,-79.1827950575648,28.929));
#11503=CARTESIAN_POINT('',(76.6472211645712,-78.9299833364989,28.929));
#11504=CARTESIAN_POINT('',(76.5323872327451,-79.5319638884728,28.929));
#11505=CARTESIAN_POINT('Origin',(76.3819350047314,-78.6047103679347,28.929));
#11506=CARTESIAN_POINT('Origin',(76.1417230200427,-80.7304979866212,28.929));
#11507=CARTESIAN_POINT('',(76.4175708375369,-80.4408292420462,28.929));
#11508=CARTESIAN_POINT('',(76.3790905746842,-81.0524555055636,28.929));
#11509=CARTESIAN_POINT('Origin',(76.1136090253634,-80.1513703202261,28.929));
#11510=CARTESIAN_POINT('Origin',(76.1417230200427,-82.2905020133792,28.929));
#11511=CARTESIAN_POINT('',(76.3790905746842,-81.9685444944368,28.929));
#11512=CARTESIAN_POINT('',(76.417570837537,-82.5801707579542,28.929));
#11513=CARTESIAN_POINT('Origin',(76.0412467695329,-81.7194645594721,28.929));
#11514=CARTESIAN_POINT('Origin',(76.3372433690895,-83.8382049424355,28.929));
#11515=CARTESIAN_POINT('',(76.5323872327451,-83.4890361115276,28.929));
#11516=CARTESIAN_POINT('',(76.6472211645712,-84.0910166635015,28.929));
#11517=CARTESIAN_POINT('Origin',(76.1659894332412,-83.284263302786,28.929));
#11518=CARTESIAN_POINT('Origin',(76.7252005944807,-85.3491985740461,28.929));
#11519=CARTESIAN_POINT('',(76.8750432318471,-84.9783250322194,28.929));
#11520=CARTESIAN_POINT('',(77.0644198329433,-85.5611662797394,28.929));
#11521=CARTESIAN_POINT('Origin',(76.4858697501645,-84.82108873922,28.929));
#11522=CARTESIAN_POINT('Origin',(77.2994763790173,-86.7996536360167,28.929));
#11523=CARTESIAN_POINT('',(77.4016546821917,-86.4129242805749,28.929));
#11524=CARTESIAN_POINT('',(77.6625873704305,-86.9674344689951,28.929));
#11525=CARTESIAN_POINT('Origin',(76.9958430166173,-86.3057042135868,28.929));
#11526=CARTESIAN_POINT('Origin',(78.0510140505215,-88.1666955855599,28.929));
#11527=CARTESIAN_POINT('',(78.1039166066243,-87.7702093694593,28.929));
#11528=CARTESIAN_POINT('',(78.4322903176386,-88.2876435418601,28.929));
#11529=CARTESIAN_POINT('Origin',(77.6878666495444,-87.7146964529891,28.929));
#11530=CARTESIAN_POINT('Origin',(78.9679614109666,-89.4287653545005,28.929));
#11531=CARTESIAN_POINT('',(78.9707539150857,-89.0287751022183,28.929));
#11532=CARTESIAN_POINT('',(79.361389999292,-89.5009730126007,28.929));
#11533=CARTESIAN_POINT('Origin',(78.5510270228599,-89.0258448081205,28.929));
#11534=CARTESIAN_POINT('Origin',(80.0358576527208,-90.5659593486581,28.929));
#11535=CARTESIAN_POINT('',(79.9884960653982,-90.1687731454155,28.929));
#11536=CARTESIAN_POINT('',(80.4352339583937,-90.5882879506554,28.929));
#11537=CARTESIAN_POINT('Origin',(79.5717115818493,-90.2184716861784,28.929));
#11538=CARTESIAN_POINT('Origin',(81.2378614141214,-91.5603433394182,28.929));
#11539=CARTESIAN_POINT('',(81.1410926558815,-91.1722250489078,28.929));
#11540=CARTESIAN_POINT('',(81.6368870342253,-91.5324407499205,28.929));
#11541=CARTESIAN_POINT('Origin',(80.7338235212901,-91.2737686488551,28.929));
#11542=CARTESIAN_POINT('Origin',(82.5550163778087,-92.3962352972302,28.929));
#11543=CARTESIAN_POINT('',(82.4103665497759,-92.023305776744,28.929));
#11544=CARTESIAN_POINT('',(82.9473984399484,-92.3185415567422,28.929));
#11545=CARTESIAN_POINT('Origin',(82.0190356416852,-92.1750930326455,28.929));
#11546=CARTESIAN_POINT('Origin',(83.9665502231753,-93.0604527065819,28.929));
#11547=CARTESIAN_POINT('',(83.7763005395472,-92.7085932774352,28.929));
#11548=CARTESIAN_POINT('',(84.3461006278331,-92.934193091803,28.929));
#11549=CARTESIAN_POINT('Origin',(83.4070793801477,-92.9082304135919,28.929));
#11550=CARTESIAN_POINT('Origin',(85.4502022182701,-93.5425204621434,28.929));
#11551=CARTESIAN_POINT('',(85.2173530302072,-93.2172801577246,28.929));
#11552=CARTESIAN_POINT('',(85.8109352288322,-93.3696861626226,28.929));
#11553=CARTESIAN_POINT('Origin',(84.8760644577446,-93.4616187772419,28.929));
#11554=CARTESIAN_POINT('Origin',(86.9825742848399,-93.8348360674364,28.929));
#11555=CARTESIAN_POINT('',(86.7107977631353,-93.5413441216352,28.929));
#11556=CARTESIAN_POINT('',(87.3188009262381,-93.6181527833233,28.929));
#11557=CARTESIAN_POINT('Origin',(86.4028241022732,-93.8265308585225,28.929));
#11558=CARTESIAN_POINT('Origin',(90.0184321560589,-93.217453475511,28.929));
#11559=CARTESIAN_POINT('Origin',(91.4740406685454,-92.939781301318,28.929));
#11560=CARTESIAN_POINT('Origin',(92.8833697216792,-92.4818625334815,28.929));
#11561=CARTESIAN_POINT('Origin',(94.2241933544003,-91.8509188245178,28.929));
#11562=CARTESIAN_POINT('Origin',(95.4753659770512,-91.0569005336246,28.929));
#11563=CARTESIAN_POINT('Origin',(96.6171558499585,-90.1123298035729,28.929));
#11564=CARTESIAN_POINT('Origin',(97.6315562647544,-89.0321030790348,28.929));
#11565=CARTESIAN_POINT('Origin',(98.5025695209238,-87.8332561807523,28.929));
#11566=CARTESIAN_POINT('Origin',(99.2164592190991,-86.534695640468,28.929));
#11567=CARTESIAN_POINT('Origin',(99.7619668922828,-85.1569005336245,28.929));
#11568=CARTESIAN_POINT('Origin',(100.130489558599,-83.7215995121118,28.929));
#11569=CARTESIAN_POINT('Origin',(100.316215395454,-82.2514281304461,28.929));
#11570=CARTESIAN_POINT('Origin',(100.316215395454,-80.7695718695543,28.929));
#11571=CARTESIAN_POINT('Origin',(100.130489558599,-79.2994004878886,28.929));
#11572=CARTESIAN_POINT('Origin',(99.7619668922829,-77.8640994663758,28.929));
#11573=CARTESIAN_POINT('Origin',(99.216459219099,-76.4863043595323,28.929));
#11574=CARTESIAN_POINT('Origin',(98.5025695209238,-75.187743819248,28.929));
#11575=CARTESIAN_POINT('Origin',(97.6315562647544,-73.9888969209657,28.929));
#11576=CARTESIAN_POINT('Origin',(96.6171558499586,-72.9086701964275,28.929));
#11577=CARTESIAN_POINT('Origin',(95.4753659770513,-71.9640994663758,28.929));
#11578=CARTESIAN_POINT('Origin',(94.2241933544003,-71.1700811754826,28.929));
#11579=CARTESIAN_POINT('Origin',(92.8833697216793,-70.5391374665188,28.929));
#11580=CARTESIAN_POINT('Origin',(91.4740406685453,-70.0812186986823,28.929));
#11581=CARTESIAN_POINT('Origin',(90.0184321560589,-69.8035465244894,28.929));
#11582=CARTESIAN_POINT('Origin',(88.5395,-69.7105000000001,28.929));
#11583=CARTESIAN_POINT('Origin',(87.0605678439413,-69.8035465244893,28.929));
#11584=CARTESIAN_POINT('Origin',(85.6049593314547,-70.0812186986823,28.929));
#11585=CARTESIAN_POINT('Origin',(84.1956302783209,-70.5391374665188,28.929));
#11586=CARTESIAN_POINT('Origin',(82.8548066455997,-71.1700811754826,28.929));
#11587=CARTESIAN_POINT('Origin',(81.603634022949,-71.9640994663758,28.929));
#11588=CARTESIAN_POINT('Origin',(80.4618441500416,-72.9086701964276,28.929));
#11589=CARTESIAN_POINT('Origin',(79.4474437352458,-73.9888969209656,28.929));
#11590=CARTESIAN_POINT('Origin',(78.5764304790763,-75.187743819248,28.929));
#11591=CARTESIAN_POINT('Origin',(77.862540780901,-76.4863043595324,28.929));
#11592=CARTESIAN_POINT('Origin',(77.3170331077172,-77.8640994663758,28.929));
#11593=CARTESIAN_POINT('Origin',(76.9485104414015,-79.2994004878886,28.929));
#11594=CARTESIAN_POINT('Origin',(76.7627846045464,-80.7695718695543,28.929));
#11595=CARTESIAN_POINT('Origin',(76.7627846045465,-82.2514281304461,28.929));
#11596=CARTESIAN_POINT('Origin',(76.9485104414015,-83.7215995121117,28.929));
#11597=CARTESIAN_POINT('Origin',(77.3170331077172,-85.1569005336246,28.929));
#11598=CARTESIAN_POINT('Origin',(77.862540780901,-86.534695640468,28.929));
#11599=CARTESIAN_POINT('Origin',(78.5764304790763,-87.8332561807523,28.929));
#11600=CARTESIAN_POINT('Origin',(79.4474437352457,-89.0321030790347,28.929));
#11601=CARTESIAN_POINT('Origin',(80.4618441500415,-90.1123298035729,28.929));
#11602=CARTESIAN_POINT('Origin',(81.6036340229488,-91.0569005336245,28.929));
#11603=CARTESIAN_POINT('Origin',(82.8548066455998,-91.8509188245177,28.929));
#11604=CARTESIAN_POINT('Origin',(84.1956302783209,-92.4818625334815,28.929));
#11605=CARTESIAN_POINT('Origin',(85.6049593314548,-92.939781301318,28.929));
#11606=CARTESIAN_POINT('Origin',(87.0605678439412,-93.217453475511,28.929));
#11607=CARTESIAN_POINT('Origin',(87.8295842060609,-93.6898275498083,27.929));
#11608=CARTESIAN_POINT('',(88.0593975389966,-93.8826638327143,27.929));
#11609=CARTESIAN_POINT('Origin',(89.2494157939391,-93.6898275498083,27.929));
#11610=CARTESIAN_POINT('',(89.0196024610034,-93.8826638327143,27.929));
#11611=CARTESIAN_POINT('Origin',(88.5395,-93.9327895307443,28.929));
#11612=CARTESIAN_POINT('',(88.2330822227524,-93.6756744868697,28.929));
#11613=CARTESIAN_POINT('',(88.8459177772476,-93.6756744868697,28.929));
#11614=CARTESIAN_POINT('Origin',(87.9632804020973,-93.9972117759239,28.929));
#11615=CARTESIAN_POINT('Origin',(88.5395,-93.3105000000002,28.929));
#11616=CARTESIAN_POINT('Origin',(88.5395,-81.5105000000001,28.929));
#11617=CARTESIAN_POINT('Origin',(88.5395,-81.5105000000001,15.529));
#11618=CARTESIAN_POINT('',(84.6735,-81.5105000000001,15.529));
#11619=CARTESIAN_POINT('',(84.6735,-81.5105000000001,15.529));
#11620=CARTESIAN_POINT('Origin',(88.5395,-81.5105000000001,15.529));
#11621=CARTESIAN_POINT('Origin',(88.5395,-81.5105000000001,15.529));
#11622=CARTESIAN_POINT('',(85.8766303073562,-79.8655000000003,15.529));
#11623=CARTESIAN_POINT('Origin',(88.5395,-81.5105000000001,15.529));
#11624=CARTESIAN_POINT('Origin',(88.5395,-81.5105000000001,27.929));
#11625=CARTESIAN_POINT('',(85.8766303073568,-83.1555000000011,27.929));
#11626=CARTESIAN_POINT('',(85.8766303073562,-79.8655000000003,27.929));
#11627=CARTESIAN_POINT('Origin',(88.5395,-81.5105000000001,27.929));
#11628=CARTESIAN_POINT('',(91.2023696926439,-83.1555,27.929));
#11629=CARTESIAN_POINT('Origin',(88.5395,-81.5105000000001,27.929));
#11630=CARTESIAN_POINT('',(86.3169555122564,-83.1555,27.929));
#11631=CARTESIAN_POINT('Origin',(88.5395,-81.5105000000001,27.929));
#11632=CARTESIAN_POINT('',(85.8766303073562,-79.8655000000003,27.929));
#11633=CARTESIAN_POINT('',(85.8766303073568,-83.1555000000011,18.029));
#11634=CARTESIAN_POINT('',(85.8766303073568,-83.1555000000011,27.929));
#11635=CARTESIAN_POINT('',(91.2023696926439,-83.1555,18.029));
#11636=CARTESIAN_POINT('Origin',(88.5395,-81.5105000000001,18.029));
#11637=CARTESIAN_POINT('',(91.2023696926439,-83.1555,27.929));
#11638=CARTESIAN_POINT('Origin',(85.8766303073568,-83.1555,27.929));
#11639=CARTESIAN_POINT('',(86.3169555122564,-83.1555,18.029));
#11640=CARTESIAN_POINT('Origin',(88.5395,-81.5105000000001,18.029));
#11641=UNCERTAINTY_MEASURE_WITH_UNIT(LENGTH_MEASURE(0.01),#11645,
'DISTANCE_ACCURACY_VALUE',
'Maximum model space distance between geometric entities at asserted c
onnectivities');
#11642=UNCERTAINTY_MEASURE_WITH_UNIT(LENGTH_MEASURE(0.01),#11645,
'DISTANCE_ACCURACY_VALUE',
'Maximum model space distance between geometric entities at asserted c
onnectivities');
#11643=(
GEOMETRIC_REPRESENTATION_CONTEXT(3)
GLOBAL_UNCERTAINTY_ASSIGNED_CONTEXT((#11641))
GLOBAL_UNIT_ASSIGNED_CONTEXT((#11645,#11647,#11648))
REPRESENTATION_CONTEXT('','3D')
);
#11644=(
GEOMETRIC_REPRESENTATION_CONTEXT(3)
GLOBAL_UNCERTAINTY_ASSIGNED_CONTEXT((#11642))
GLOBAL_UNIT_ASSIGNED_CONTEXT((#11645,#11647,#11648))
REPRESENTATION_CONTEXT('','3D')
);
#11645=(
LENGTH_UNIT()
NAMED_UNIT(*)
SI_UNIT(.MILLI.,.METRE.)
);
#11646=(
LENGTH_UNIT()
NAMED_UNIT(*)
SI_UNIT($,.METRE.)
);
#11647=(
NAMED_UNIT(*)
PLANE_ANGLE_UNIT()
SI_UNIT($,.RADIAN.)
);
#11648=(
NAMED_UNIT(*)
SI_UNIT($,.STERADIAN.)
SOLID_ANGLE_UNIT()
);
#11649=SHAPE_DEFINITION_REPRESENTATION(#11650,#11651);
#11650=PRODUCT_DEFINITION_SHAPE('',$,#11653);
#11651=SHAPE_REPRESENTATION('',(#5945),#11643);
#11652=PRODUCT_DEFINITION_CONTEXT('part definition',#11657,'design');
#11653=PRODUCT_DEFINITION('2026-08-22-16-51-27-190','MacropadExample',#11654,
#11652);
#11654=PRODUCT_DEFINITION_FORMATION('',$,#11659);
#11655=PRODUCT_RELATED_PRODUCT_CATEGORY('MacropadExample',
'MacropadExample',(#11659));
#11656=APPLICATION_PROTOCOL_DEFINITION('international standard',
'automotive_design',2009,#11657);
#11657=APPLICATION_CONTEXT(
'Core Data for Automotive Mechanical Design Process');
#11658=PRODUCT_CONTEXT('part definition',#11657,'mechanical');
#11659=PRODUCT('2026-08-22-16-51-27-190','MacropadExample',$,(#11658));
#11660=PRESENTATION_STYLE_ASSIGNMENT((#11663));
#11661=PRESENTATION_STYLE_ASSIGNMENT((#11664));
#11662=PRESENTATION_STYLE_ASSIGNMENT((#11665));
#11663=SURFACE_STYLE_USAGE(.BOTH.,#11666);
#11664=SURFACE_STYLE_USAGE(.BOTH.,#11667);
#11665=SURFACE_STYLE_USAGE(.BOTH.,#11668);
#11666=SURFACE_SIDE_STYLE('',(#11669));
#11667=SURFACE_SIDE_STYLE('',(#11670));
#11668=SURFACE_SIDE_STYLE('',(#11671));
#11669=SURFACE_STYLE_FILL_AREA(#11672);
#11670=SURFACE_STYLE_FILL_AREA(#11673);
#11671=SURFACE_STYLE_FILL_AREA(#11674);
#11672=FILL_AREA_STYLE('Steel - Satin',(#11675));
#11673=FILL_AREA_STYLE('Acrylic (Clear)',(#11676));
#11674=FILL_AREA_STYLE('ABS (White)',(#11677));
#11675=FILL_AREA_STYLE_COLOUR('Steel - Satin',#11678);
#11676=FILL_AREA_STYLE_COLOUR('Acrylic (Clear)',#11679);
#11677=FILL_AREA_STYLE_COLOUR('ABS (White)',#11680);
#11678=COLOUR_RGB('Steel - Satin',0.627450980392157,0.627450980392157,0.627450980392157);
#11679=COLOUR_RGB('Acrylic (Clear)',0.905882352941176,0.905882352941176,
0.905882352941176);
#11680=COLOUR_RGB('ABS (White)',0.964705882352941,0.964705882352941,0.952941176470588);
ENDSEC;
END-ISO-10303-21;
